ISO-10303-21;
HEADER;
/* Generated by software containing ST-Developer
 * from STEP Tools, Inc. (www.steptools.com) 
 */

FILE_DESCRIPTION(
/* description */ (''),
/* implementation_level */ '2;1');

FILE_NAME(
/* name */ 'binstack-full.step',
/* time_stamp */ '2026-08-18T16:46:30+03:00',
/* author */ (''),
/* organization */ (''),
/* preprocessor_version */ 'ST-DEVELOPER v20.1',
/* originating_system */ 'Autodesk Translation Framework v15.8.0.0',
/* authorisation */ '');

FILE_SCHEMA (('AUTOMOTIVE_DESIGN { 1 0 10303 214 3 1 1 }'));
ENDSEC;

DATA;
#10=MECHANICAL_DESIGN_GEOMETRIC_PRESENTATION_REPRESENTATION('',(#288,#289,
#290,#291,#292,#293,#294,#295,#296,#297,#298,#299,#300,#301,#302,#303,#304,
#305,#306,#307,#308,#309,#310,#311,#312,#313,#314,#315,#316,#317,#318,#319,
#320,#321),#10989);
#11=SHAPE_REPRESENTATION_RELATIONSHIP('SRR','None',#10996,#12);
#12=ADVANCED_BREP_SHAPE_REPRESENTATION('',(#322,#323,#324,#325,#326,#327,
#328,#329,#330,#331,#332,#333,#334,#335,#336,#337,#338,#339,#340,#341,#342,
#343,#344,#345,#346,#347,#348,#349,#350,#351,#352,#353,#354,#355),#10988);
#13=B_SPLINE_SURFACE_WITH_KNOTS('',3,1,((#8578,#8579),(#8580,#8581),(#8582,
#8583),(#8584,#8585),(#8586,#8587)),.UNSPECIFIED.,.F.,.F.,.F.,(4,1,4),(2,
2),(-0.274510074171919,-0.151175135328896,0.),(-0.4,0.4),.UNSPECIFIED.);
#14=B_SPLINE_SURFACE_WITH_KNOTS('',3,1,((#8595,#8596),(#8597,#8598),(#8599,
#8600),(#8601,#8602),(#8603,#8604)),.UNSPECIFIED.,.F.,.F.,.F.,(4,1,4),(2,
2),(-0.253014791042711,-0.117945138113139,0.),(-0.4,0.4),.UNSPECIFIED.);
#15=B_SPLINE_SURFACE_WITH_KNOTS('',3,1,((#8612,#8613),(#8614,#8615),(#8616,
#8617),(#8618,#8619),(#8620,#8621)),.UNSPECIFIED.,.F.,.F.,.F.,(4,1,4),(2,
2),(-0.298775632122826,-0.162290383131864,0.),(-0.4,0.4),.UNSPECIFIED.);
#16=B_SPLINE_SURFACE_WITH_KNOTS('',3,1,((#8629,#8630),(#8631,#8632),(#8633,
#8634),(#8635,#8636),(#8637,#8638)),.UNSPECIFIED.,.F.,.F.,.F.,(4,1,4),(2,
2),(-0.253839358077489,-0.125001849078077,0.),(-0.4,0.4),.UNSPECIFIED.);
#17=B_SPLINE_SURFACE_WITH_KNOTS('',3,1,((#8646,#8647),(#8648,#8649),(#8650,
#8651),(#8652,#8653),(#8654,#8655)),.UNSPECIFIED.,.F.,.F.,.F.,(4,1,4),(2,
2),(-0.28445125116374,-0.136983866283903,0.),(-0.4,0.4),.UNSPECIFIED.);
#18=B_SPLINE_SURFACE_WITH_KNOTS('',3,1,((#8663,#8664),(#8665,#8666),(#8667,
#8668),(#8669,#8670),(#8671,#8672)),.UNSPECIFIED.,.F.,.F.,.F.,(4,1,4),(2,
2),(-0.295117602365408,-0.153980767820666,0.),(-0.4,0.4),.UNSPECIFIED.);
#19=B_SPLINE_SURFACE_WITH_KNOTS('',3,1,((#8680,#8681),(#8682,#8683),(#8684,
#8685),(#8686,#8687),(#8688,#8689)),.UNSPECIFIED.,.F.,.F.,.F.,(4,1,4),(2,
2),(-0.273407691671299,-0.13515610159171,0.),(-0.4,0.4),.UNSPECIFIED.);
#20=B_SPLINE_SURFACE_WITH_KNOTS('',3,1,((#8697,#8698),(#8699,#8700),(#8701,
#8702),(#8703,#8704),(#8705,#8706)),.UNSPECIFIED.,.F.,.F.,.F.,(4,1,4),(2,
2),(-0.279419027163564,-0.124613303449255,0.),(-0.4,0.4),.UNSPECIFIED.);
#21=B_SPLINE_SURFACE_WITH_KNOTS('',3,1,((#8714,#8715),(#8716,#8717),(#8718,
#8719),(#8720,#8721),(#8722,#8723)),.UNSPECIFIED.,.F.,.F.,.F.,(4,1,4),(2,
2),(-0.250576915739183,-0.145061191963786,0.),(-0.4,0.4),.UNSPECIFIED.);
#22=B_SPLINE_SURFACE_WITH_KNOTS('',3,1,((#8731,#8732),(#8733,#8734),(#8735,
#8736),(#8737,#8738),(#8739,#8740)),.UNSPECIFIED.,.F.,.F.,.F.,(4,1,4),(2,
2),(-0.166570745989447,-0.0843885678161655,0.),(-0.4,0.4),.UNSPECIFIED.);
#23=B_SPLINE_SURFACE_WITH_KNOTS('',3,1,((#8748,#8749),(#8750,#8751),(#8752,
#8753),(#8754,#8755),(#8756,#8757)),.UNSPECIFIED.,.F.,.F.,.F.,(4,1,4),(2,
2),(-0.180608129678371,-0.0858679803027522,0.),(-0.4,0.4),.UNSPECIFIED.);
#24=B_SPLINE_SURFACE_WITH_KNOTS('',3,1,((#8769,#8770),(#8771,#8772),(#8773,
#8774),(#8775,#8776),(#8777,#8778)),.UNSPECIFIED.,.F.,.F.,.F.,(4,1,4),(2,
2),(-0.108306225111418,-0.0557875270887126,0.),(-0.4,0.4),.UNSPECIFIED.);
#25=B_SPLINE_SURFACE_WITH_KNOTS('',3,1,((#8786,#8787),(#8788,#8789),(#8790,
#8791),(#8792,#8793),(#8794,#8795)),.UNSPECIFIED.,.F.,.F.,.F.,(4,1,4),(2,
2),(-0.117490309836872,-0.0548801272432313,0.),(-0.4,0.4),.UNSPECIFIED.);
#26=B_SPLINE_SURFACE_WITH_KNOTS('',3,1,((#8803,#8804),(#8805,#8806),(#8807,
#8808),(#8809,#8810),(#8811,#8812)),.UNSPECIFIED.,.F.,.F.,.F.,(4,1,4),(2,
2),(-0.181328524185481,-0.0930099587819109,0.),(-0.4,0.4),.UNSPECIFIED.);
#27=B_SPLINE_SURFACE_WITH_KNOTS('',3,1,((#8820,#8821),(#8822,#8823),(#8824,
#8825),(#8826,#8827),(#8828,#8829)),.UNSPECIFIED.,.F.,.F.,.F.,(4,1,4),(2,
2),(-0.234881005998498,-0.10177501246987,0.),(-0.4,0.4),.UNSPECIFIED.);
#28=B_SPLINE_SURFACE_WITH_KNOTS('',3,1,((#8837,#8838),(#8839,#8840),(#8841,
#8842),(#8843,#8844),(#8845,#8846)),.UNSPECIFIED.,.F.,.F.,.F.,(4,1,4),(2,
2),(-0.243442489647872,-0.139988707358723,0.),(-0.4,0.4),.UNSPECIFIED.);
#29=B_SPLINE_SURFACE_WITH_KNOTS('',3,1,((#8854,#8855),(#8856,#8857),(#8858,
#8859),(#8860,#8861),(#8862,#8863)),.UNSPECIFIED.,.F.,.F.,.F.,(4,1,4),(2,
2),(-0.18845600502112,-0.0897925789648922,0.),(-0.4,0.4),.UNSPECIFIED.);
#30=B_SPLINE_SURFACE_WITH_KNOTS('',3,1,((#8871,#8872),(#8873,#8874),(#8875,
#8876),(#8877,#8878),(#8879,#8880)),.UNSPECIFIED.,.F.,.F.,.F.,(4,1,4),(2,
2),(-0.100342451521309,-0.0507867903964691,0.),(-0.4,0.4),.UNSPECIFIED.);
#31=B_SPLINE_SURFACE_WITH_KNOTS('',3,1,((#8888,#8889),(#8890,#8891),(#8892,
#8893),(#8894,#8895),(#8896,#8897)),.UNSPECIFIED.,.F.,.F.,.F.,(4,1,4),(2,
2),(-0.119487600491175,-0.054403932622378,0.),(-0.4,0.4),.UNSPECIFIED.);
#32=B_SPLINE_SURFACE_WITH_KNOTS('',3,1,((#9167,#9168),(#9169,#9170),(#9171,
#9172),(#9173,#9174),(#9175,#9176)),.UNSPECIFIED.,.F.,.F.,.F.,(4,1,4),(2,
2),(-0.0830620108315382,-0.0312236360348026,0.),(-0.4,0.4),
 .UNSPECIFIED.);
#33=B_SPLINE_SURFACE_WITH_KNOTS('',3,1,((#9184,#9185),(#9186,#9187),(#9188,
#9189),(#9190,#9191),(#9192,#9193)),.UNSPECIFIED.,.F.,.F.,.F.,(4,1,4),(2,
2),(-0.0601748982492318,-0.0299419790093863,0.),(-0.4,0.4),
 .UNSPECIFIED.);
#34=B_SPLINE_SURFACE_WITH_KNOTS('',3,1,((#9201,#9202),(#9203,#9204),(#9205,
#9206),(#9207,#9208),(#9209,#9210)),.UNSPECIFIED.,.F.,.F.,.F.,(4,1,4),(2,
2),(-0.0620328196922366,-0.0307862596385062,0.),(-0.4,0.4),
 .UNSPECIFIED.);
#35=B_SPLINE_SURFACE_WITH_KNOTS('',3,1,((#9218,#9219),(#9220,#9221),(#9222,
#9223),(#9224,#9225),(#9226,#9227)),.UNSPECIFIED.,.F.,.F.,.F.,(4,1,4),(2,
2),(-0.0825412136599586,-0.0434859847248154,0.),(-0.4,0.4),
 .UNSPECIFIED.);
#36=B_SPLINE_SURFACE_WITH_KNOTS('',3,1,((#9235,#9236),(#9237,#9238),(#9239,
#9240),(#9241,#9242),(#9243,#9244)),.UNSPECIFIED.,.F.,.F.,.F.,(4,1,4),(2,
2),(-0.119663481667312,-0.0482569131877471,0.),(-0.4,0.4),.UNSPECIFIED.);
#37=B_SPLINE_SURFACE_WITH_KNOTS('',3,1,((#9268,#9269),(#9270,#9271),(#9272,
#9273),(#9274,#9275),(#9276,#9277)),.UNSPECIFIED.,.F.,.F.,.F.,(4,1,4),(2,
2),(-0.220925997302613,-0.126513272741005,0.),(-0.4,0.4),.UNSPECIFIED.);
#38=B_SPLINE_SURFACE_WITH_KNOTS('',3,1,((#9285,#9286),(#9287,#9288),(#9289,
#9290),(#9291,#9292),(#9293,#9294)),.UNSPECIFIED.,.F.,.F.,.F.,(4,1,4),(2,
2),(-0.154453123485516,-0.0768399927685644,0.),(-0.4,0.4),.UNSPECIFIED.);
#39=B_SPLINE_SURFACE_WITH_KNOTS('',3,1,((#9302,#9303),(#9304,#9305),(#9306,
#9307),(#9308,#9309),(#9310,#9311)),.UNSPECIFIED.,.F.,.F.,.F.,(4,1,4),(2,
2),(-0.170556909500669,-0.0815479534362847,0.),(-0.4,0.4),.UNSPECIFIED.);
#40=B_SPLINE_SURFACE_WITH_KNOTS('',3,1,((#9319,#9320),(#9321,#9322),(#9323,
#9324),(#9325,#9326),(#9327,#9328)),.UNSPECIFIED.,.F.,.F.,.F.,(4,1,4),(2,
2),(-0.149254127825048,-0.0780130176346956,0.),(-0.4,0.4),.UNSPECIFIED.);
#41=B_SPLINE_SURFACE_WITH_KNOTS('',3,1,((#9336,#9337),(#9338,#9339),(#9340,
#9341),(#9342,#9343),(#9344,#9345)),.UNSPECIFIED.,.F.,.F.,.F.,(4,1,4),(2,
2),(-0.139329823090872,-0.0690178252111487,0.),(-0.4,0.4),.UNSPECIFIED.);
#42=B_SPLINE_SURFACE_WITH_KNOTS('',3,1,((#9353,#9354),(#9355,#9356),(#9357,
#9358),(#9359,#9360),(#9361,#9362)),.UNSPECIFIED.,.F.,.F.,.F.,(4,1,4),(2,
2),(-0.115853250621438,-0.0517515663857698,0.),(-0.4,0.4),.UNSPECIFIED.);
#43=B_SPLINE_SURFACE_WITH_KNOTS('',3,1,((#9370,#9371),(#9372,#9373),(#9374,
#9375),(#9376,#9377),(#9378,#9379)),.UNSPECIFIED.,.F.,.F.,.F.,(4,1,4),(2,
2),(-0.0887091048917776,-0.0511521943449804,0.),(-0.4,0.4),
 .UNSPECIFIED.);
#44=B_SPLINE_SURFACE_WITH_KNOTS('',3,1,((#9387,#9388),(#9389,#9390),(#9391,
#9392),(#9393,#9394),(#9395,#9396)),.UNSPECIFIED.,.F.,.F.,.F.,(4,1,4),(2,
2),(-0.0722712565970304,-0.0284226705192647,0.),(-0.4,0.4),
 .UNSPECIFIED.);
#45=B_SPLINE_SURFACE_WITH_KNOTS('',3,1,((#9404,#9405),(#9406,#9407),(#9408,
#9409),(#9410,#9411),(#9412,#9413)),.UNSPECIFIED.,.F.,.F.,.F.,(4,1,4),(2,
2),(-0.0758077920486021,-0.0447463982307828,0.),(-0.4,0.4),
 .UNSPECIFIED.);
#46=B_SPLINE_SURFACE_WITH_KNOTS('',3,1,((#9433,#9434),(#9435,#9436),(#9437,
#9438),(#9439,#9440),(#9441,#9442)),.UNSPECIFIED.,.F.,.F.,.F.,(4,1,4),(2,
2),(-0.0957243305068829,-0.057235050137263,0.),(-0.4,0.4),.UNSPECIFIED.);
#47=B_SPLINE_SURFACE_WITH_KNOTS('',3,1,((#9450,#9451),(#9452,#9453),(#9454,
#9455),(#9456,#9457),(#9458,#9459)),.UNSPECIFIED.,.F.,.F.,.F.,(4,1,4),(2,
2),(-0.0801514725178637,-0.0396592024676965,0.),(-0.4,0.4),
 .UNSPECIFIED.);
#48=B_SPLINE_SURFACE_WITH_KNOTS('',3,1,((#9889,#9890),(#9891,#9892),(#9893,
#9894),(#9895,#9896),(#9897,#9898)),.UNSPECIFIED.,.F.,.F.,.F.,(4,1,4),(2,
2),(-0.116843227904217,-0.0647404589789868,0.),(-0.4,0.4),.UNSPECIFIED.);
#49=B_SPLINE_SURFACE_WITH_KNOTS('',3,1,((#9906,#9907),(#9908,#9909),(#9910,
#9911),(#9912,#9913),(#9914,#9915)),.UNSPECIFIED.,.F.,.F.,.F.,(4,1,4),(2,
2),(-0.153621668439113,-0.0737221842180214,0.),(-0.4,0.4),.UNSPECIFIED.);
#50=B_SPLINE_SURFACE_WITH_KNOTS('',3,1,((#9923,#9924),(#9925,#9926),(#9927,
#9928),(#9929,#9930),(#9931,#9932)),.UNSPECIFIED.,.F.,.F.,.F.,(4,1,4),(2,
2),(-0.108338211214403,-0.0590893594164352,0.),(-0.4,0.4),.UNSPECIFIED.);
#51=B_SPLINE_SURFACE_WITH_KNOTS('',3,1,((#9940,#9941),(#9942,#9943),(#9944,
#9945),(#9946,#9947),(#9948,#9949)),.UNSPECIFIED.,.F.,.F.,.F.,(4,1,4),(2,
2),(-0.0824285451824035,-0.0429450998974453,0.),(-0.4,0.4),
 .UNSPECIFIED.);
#52=B_SPLINE_SURFACE_WITH_KNOTS('',3,1,((#9957,#9958),(#9959,#9960),(#9961,
#9962),(#9963,#9964),(#9965,#9966)),.UNSPECIFIED.,.F.,.F.,.F.,(4,1,4),(2,
2),(-0.0793585138093899,-0.0378089435624254,0.),(-0.4,0.4),
 .UNSPECIFIED.);
#53=B_SPLINE_SURFACE_WITH_KNOTS('',3,1,((#9974,#9975),(#9976,#9977),(#9978,
#9979),(#9980,#9981),(#9982,#9983)),.UNSPECIFIED.,.F.,.F.,.F.,(4,1,4),(2,
2),(-0.169460586690179,-0.0640004435367013,0.),(-0.4,0.4),.UNSPECIFIED.);
#54=B_SPLINE_SURFACE_WITH_KNOTS('',3,1,((#9991,#9992),(#9993,#9994),(#9995,
#9996),(#9997,#9998),(#9999,#10000)),.UNSPECIFIED.,.F.,.F.,.F.,(4,1,4),
(2,2),(-0.316450957592641,-0.182061244069001,0.),(-0.4,0.4),
 .UNSPECIFIED.);
#55=B_SPLINE_SURFACE_WITH_KNOTS('',3,1,((#10008,#10009),(#10010,#10011),
(#10012,#10013),(#10014,#10015),(#10016,#10017)),.UNSPECIFIED.,.F.,.F.,
 .F.,(4,1,4),(2,2),(-0.217316882042829,-0.108187918445069,0.),(-0.4,0.4),
 .UNSPECIFIED.);
#56=B_SPLINE_SURFACE_WITH_KNOTS('',3,1,((#10025,#10026),(#10027,#10028),
(#10029,#10030),(#10031,#10032),(#10033,#10034)),.UNSPECIFIED.,.F.,.F.,
 .F.,(4,1,4),(2,2),(-0.15400282011923,-0.0757766143223514,0.),(-0.4,0.4),
 .UNSPECIFIED.);
#57=B_SPLINE_SURFACE_WITH_KNOTS('',3,1,((#10042,#10043),(#10044,#10045),
(#10046,#10047),(#10048,#10049),(#10050,#10051)),.UNSPECIFIED.,.F.,.F.,
 .F.,(4,1,4),(2,2),(-0.174145072260377,-0.0829257057655826,0.),(-0.4,0.4),
 .UNSPECIFIED.);
#58=B_SPLINE_SURFACE_WITH_KNOTS('',3,1,((#10059,#10060),(#10061,#10062),
(#10063,#10064),(#10065,#10066),(#10067,#10068)),.UNSPECIFIED.,.F.,.F.,
 .F.,(4,1,4),(2,2),(-0.25024553674456,-0.110321021321814,0.),(-0.4,0.4),
 .UNSPECIFIED.);
#59=B_SPLINE_SURFACE_WITH_KNOTS('',3,1,((#10076,#10077),(#10078,#10079),
(#10080,#10081),(#10082,#10083),(#10084,#10085)),.UNSPECIFIED.,.F.,.F.,
 .F.,(4,1,4),(2,2),(-0.304314217347495,-0.169849448677098,0.),(-0.4,0.4),
 .UNSPECIFIED.);
#60=B_SPLINE_SURFACE_WITH_KNOTS('',3,1,((#10093,#10094),(#10095,#10096),
(#10097,#10098),(#10099,#10100),(#10101,#10102)),.UNSPECIFIED.,.F.,.F.,
 .F.,(4,1,4),(2,2),(-0.262471348656098,-0.122331314031081,0.),(-0.4,0.4),
 .UNSPECIFIED.);
#61=B_SPLINE_SURFACE_WITH_KNOTS('',3,1,((#10114,#10115),(#10116,#10117),
(#10118,#10119),(#10120,#10121),(#10122,#10123)),.UNSPECIFIED.,.F.,.F.,
 .F.,(4,1,4),(2,2),(-0.111430711937704,-0.061033849464739,0.),(-0.4,0.4),
 .UNSPECIFIED.);
#62=B_SPLINE_SURFACE_WITH_KNOTS('',3,1,((#10131,#10132),(#10133,#10134),
(#10135,#10136),(#10137,#10138),(#10139,#10140)),.UNSPECIFIED.,.F.,.F.,
 .F.,(4,1,4),(2,2),(-0.108792418274695,-0.0498832551681632,0.),(-0.4,0.4),
 .UNSPECIFIED.);
#63=B_SPLINE_SURFACE_WITH_KNOTS('',3,1,((#10148,#10149),(#10150,#10151),
(#10152,#10153),(#10154,#10155),(#10156,#10157)),.UNSPECIFIED.,.F.,.F.,
 .F.,(4,1,4),(2,2),(-0.0855996275270735,-0.0475815906566353,0.),(-0.4,0.4),
 .UNSPECIFIED.);
#64=B_SPLINE_SURFACE_WITH_KNOTS('',3,1,((#10165,#10166),(#10167,#10168),
(#10169,#10170),(#10171,#10172),(#10173,#10174)),.UNSPECIFIED.,.F.,.F.,
 .F.,(4,1,4),(2,2),(-0.0635872799290605,-0.0325588184733021,0.),(-0.4,0.4),
 .UNSPECIFIED.);
#65=B_SPLINE_SURFACE_WITH_KNOTS('',3,1,((#10182,#10183),(#10184,#10185),
(#10186,#10187),(#10188,#10189),(#10190,#10191)),.UNSPECIFIED.,.F.,.F.,
 .F.,(4,1,4),(2,2),(-0.0497662567118597,-0.0233684920560067,0.),(-0.4,0.4),
 .UNSPECIFIED.);
#66=B_SPLINE_SURFACE_WITH_KNOTS('',3,1,((#10199,#10200),(#10201,#10202),
(#10203,#10204),(#10205,#10206),(#10207,#10208)),.UNSPECIFIED.,.F.,.F.,
 .F.,(4,1,4),(2,2),(-0.110653468574026,-0.041492242517914,0.),(-0.4,0.4),
 .UNSPECIFIED.);
#67=B_SPLINE_SURFACE_WITH_KNOTS('',3,1,((#10216,#10217),(#10218,#10219),
(#10220,#10221),(#10222,#10223),(#10224,#10225)),.UNSPECIFIED.,.F.,.F.,
 .F.,(4,1,4),(2,2),(-0.303895127263271,-0.179317279215903,0.),(-0.4,0.4),
 .UNSPECIFIED.);
#68=B_SPLINE_SURFACE_WITH_KNOTS('',3,1,((#10233,#10234),(#10235,#10236),
(#10237,#10238),(#10239,#10240),(#10241,#10242)),.UNSPECIFIED.,.F.,.F.,
 .F.,(4,1,4),(2,2),(-0.170660953062433,-0.0907638443561479,0.),(-0.4,0.4),
 .UNSPECIFIED.);
#69=B_SPLINE_SURFACE_WITH_KNOTS('',3,1,((#10250,#10251),(#10252,#10253),
(#10254,#10255),(#10256,#10257),(#10258,#10259)),.UNSPECIFIED.,.F.,.F.,
 .F.,(4,1,4),(2,2),(-0.154780249034693,-0.0762111329918322,0.),(-0.4,0.4),
 .UNSPECIFIED.);
#70=B_SPLINE_SURFACE_WITH_KNOTS('',3,1,((#10267,#10268),(#10269,#10270),
(#10271,#10272),(#10273,#10274),(#10275,#10276)),.UNSPECIFIED.,.F.,.F.,
 .F.,(4,1,4),(2,2),(-0.18721343368668,-0.0933805399521943,0.),(-0.4,0.4),
 .UNSPECIFIED.);
#71=B_SPLINE_SURFACE_WITH_KNOTS('',3,1,((#10284,#10285),(#10286,#10287),
(#10288,#10289),(#10290,#10291),(#10292,#10293)),.UNSPECIFIED.,.F.,.F.,
 .F.,(4,1,4),(2,2),(-0.195167108816901,-0.0957137126706585,0.),(-0.4,0.4),
 .UNSPECIFIED.);
#72=B_SPLINE_SURFACE_WITH_KNOTS('',3,1,((#10301,#10302),(#10303,#10304),
(#10305,#10306),(#10307,#10308),(#10309,#10310)),.UNSPECIFIED.,.F.,.F.,
 .F.,(4,1,4),(2,2),(-0.245696423270239,-0.11243862338748,0.),(-0.4,0.4),
 .UNSPECIFIED.);
#73=B_SPLINE_SURFACE_WITH_KNOTS('',3,1,((#10318,#10319),(#10320,#10321),
(#10322,#10323),(#10324,#10325),(#10326,#10327)),.UNSPECIFIED.,.F.,.F.,
 .F.,(4,1,4),(2,2),(-0.373232587327853,-0.217285695301374,0.),(-0.4,0.4),
 .UNSPECIFIED.);
#74=B_SPLINE_SURFACE_WITH_KNOTS('',3,1,((#10335,#10336),(#10337,#10338),
(#10339,#10340),(#10341,#10342),(#10343,#10344)),.UNSPECIFIED.,.F.,.F.,
 .F.,(4,1,4),(2,2),(-0.277795789389537,-0.135475532389211,0.),(-0.4,0.4),
 .UNSPECIFIED.);
#75=B_SPLINE_SURFACE_WITH_KNOTS('',3,1,((#10524,#10525),(#10526,#10527),
(#10528,#10529),(#10530,#10531),(#10532,#10533)),.UNSPECIFIED.,.F.,.F.,
 .F.,(4,1,4),(2,2),(-0.116843227904217,-0.0647404589789868,0.),(-0.4,0.4),
 .UNSPECIFIED.);
#76=B_SPLINE_SURFACE_WITH_KNOTS('',3,1,((#10541,#10542),(#10543,#10544),
(#10545,#10546),(#10547,#10548),(#10549,#10550)),.UNSPECIFIED.,.F.,.F.,
 .F.,(4,1,4),(2,2),(-0.153621668439113,-0.0737221842180214,0.),(-0.4,0.4),
 .UNSPECIFIED.);
#77=B_SPLINE_SURFACE_WITH_KNOTS('',3,1,((#10558,#10559),(#10560,#10561),
(#10562,#10563),(#10564,#10565),(#10566,#10567)),.UNSPECIFIED.,.F.,.F.,
 .F.,(4,1,4),(2,2),(-0.108338211214403,-0.0590893594164352,0.),(-0.4,0.4),
 .UNSPECIFIED.);
#78=B_SPLINE_SURFACE_WITH_KNOTS('',3,1,((#10575,#10576),(#10577,#10578),
(#10579,#10580),(#10581,#10582),(#10583,#10584)),.UNSPECIFIED.,.F.,.F.,
 .F.,(4,1,4),(2,2),(-0.0824285451824035,-0.0429450998974453,0.),(-0.4,0.4),
 .UNSPECIFIED.);
#79=B_SPLINE_SURFACE_WITH_KNOTS('',3,1,((#10592,#10593),(#10594,#10595),
(#10596,#10597),(#10598,#10599),(#10600,#10601)),.UNSPECIFIED.,.F.,.F.,
 .F.,(4,1,4),(2,2),(-0.0793585138093899,-0.0378089435624254,0.),(-0.4,0.4),
 .UNSPECIFIED.);
#80=B_SPLINE_SURFACE_WITH_KNOTS('',3,1,((#10609,#10610),(#10611,#10612),
(#10613,#10614),(#10615,#10616),(#10617,#10618)),.UNSPECIFIED.,.F.,.F.,
 .F.,(4,1,4),(2,2),(-0.169460586690179,-0.0640004435367013,0.),(-0.4,0.4),
 .UNSPECIFIED.);
#81=B_SPLINE_SURFACE_WITH_KNOTS('',3,1,((#10626,#10627),(#10628,#10629),
(#10630,#10631),(#10632,#10633),(#10634,#10635)),.UNSPECIFIED.,.F.,.F.,
 .F.,(4,1,4),(2,2),(-0.316450957592641,-0.182061244069001,0.),(-0.4,0.4),
 .UNSPECIFIED.);
#82=B_SPLINE_SURFACE_WITH_KNOTS('',3,1,((#10643,#10644),(#10645,#10646),
(#10647,#10648),(#10649,#10650),(#10651,#10652)),.UNSPECIFIED.,.F.,.F.,
 .F.,(4,1,4),(2,2),(-0.217316882042829,-0.108187918445069,0.),(-0.4,0.4),
 .UNSPECIFIED.);
#83=B_SPLINE_SURFACE_WITH_KNOTS('',3,1,((#10660,#10661),(#10662,#10663),
(#10664,#10665),(#10666,#10667),(#10668,#10669)),.UNSPECIFIED.,.F.,.F.,
 .F.,(4,1,4),(2,2),(-0.15400282011923,-0.0757766143223514,0.),(-0.4,0.4),
 .UNSPECIFIED.);
#84=B_SPLINE_SURFACE_WITH_KNOTS('',3,1,((#10677,#10678),(#10679,#10680),
(#10681,#10682),(#10683,#10684),(#10685,#10686)),.UNSPECIFIED.,.F.,.F.,
 .F.,(4,1,4),(2,2),(-0.174145072260377,-0.0829257057655826,0.),(-0.4,0.4),
 .UNSPECIFIED.);
#85=B_SPLINE_SURFACE_WITH_KNOTS('',3,1,((#10694,#10695),(#10696,#10697),
(#10698,#10699),(#10700,#10701),(#10702,#10703)),.UNSPECIFIED.,.F.,.F.,
 .F.,(4,1,4),(2,2),(-0.25024553674456,-0.110321021321814,0.),(-0.4,0.4),
 .UNSPECIFIED.);
#86=B_SPLINE_SURFACE_WITH_KNOTS('',3,1,((#10711,#10712),(#10713,#10714),
(#10715,#10716),(#10717,#10718),(#10719,#10720)),.UNSPECIFIED.,.F.,.F.,
 .F.,(4,1,4),(2,2),(-0.304314217347495,-0.169849448677098,0.),(-0.4,0.4),
 .UNSPECIFIED.);
#87=B_SPLINE_SURFACE_WITH_KNOTS('',3,1,((#10728,#10729),(#10730,#10731),
(#10732,#10733),(#10734,#10735),(#10736,#10737)),.UNSPECIFIED.,.F.,.F.,
 .F.,(4,1,4),(2,2),(-0.262471348656098,-0.122331314031081,0.),(-0.4,0.4),
 .UNSPECIFIED.);
#88=B_SPLINE_SURFACE_WITH_KNOTS('',3,1,((#10749,#10750),(#10751,#10752),
(#10753,#10754),(#10755,#10756),(#10757,#10758)),.UNSPECIFIED.,.F.,.F.,
 .F.,(4,1,4),(2,2),(-0.111430711937704,-0.061033849464739,0.),(-0.4,0.4),
 .UNSPECIFIED.);
#89=B_SPLINE_SURFACE_WITH_KNOTS('',3,1,((#10766,#10767),(#10768,#10769),
(#10770,#10771),(#10772,#10773),(#10774,#10775)),.UNSPECIFIED.,.F.,.F.,
 .F.,(4,1,4),(2,2),(-0.108792418274695,-0.0498832551681632,0.),(-0.4,0.4),
 .UNSPECIFIED.);
#90=B_SPLINE_SURFACE_WITH_KNOTS('',3,1,((#10783,#10784),(#10785,#10786),
(#10787,#10788),(#10789,#10790),(#10791,#10792)),.UNSPECIFIED.,.F.,.F.,
 .F.,(4,1,4),(2,2),(-0.0855996275270735,-0.0475815906566353,0.),(-0.4,0.4),
 .UNSPECIFIED.);
#91=B_SPLINE_SURFACE_WITH_KNOTS('',3,1,((#10800,#10801),(#10802,#10803),
(#10804,#10805),(#10806,#10807),(#10808,#10809)),.UNSPECIFIED.,.F.,.F.,
 .F.,(4,1,4),(2,2),(-0.0635872799290605,-0.0325588184733021,0.),(-0.4,0.4),
 .UNSPECIFIED.);
#92=B_SPLINE_SURFACE_WITH_KNOTS('',3,1,((#10817,#10818),(#10819,#10820),
(#10821,#10822),(#10823,#10824),(#10825,#10826)),.UNSPECIFIED.,.F.,.F.,
 .F.,(4,1,4),(2,2),(-0.0497662567118597,-0.0233684920560067,0.),(-0.4,0.4),
 .UNSPECIFIED.);
#93=B_SPLINE_SURFACE_WITH_KNOTS('',3,1,((#10834,#10835),(#10836,#10837),
(#10838,#10839),(#10840,#10841),(#10842,#10843)),.UNSPECIFIED.,.F.,.F.,
 .F.,(4,1,4),(2,2),(-0.110653468574026,-0.041492242517914,0.),(-0.4,0.4),
 .UNSPECIFIED.);
#94=B_SPLINE_SURFACE_WITH_KNOTS('',3,1,((#10851,#10852),(#10853,#10854),
(#10855,#10856),(#10857,#10858),(#10859,#10860)),.UNSPECIFIED.,.F.,.F.,
 .F.,(4,1,4),(2,2),(-0.303895127263271,-0.179317279215903,0.),(-0.4,0.4),
 .UNSPECIFIED.);
#95=B_SPLINE_SURFACE_WITH_KNOTS('',3,1,((#10868,#10869),(#10870,#10871),
(#10872,#10873),(#10874,#10875),(#10876,#10877)),.UNSPECIFIED.,.F.,.F.,
 .F.,(4,1,4),(2,2),(-0.170660953062433,-0.0907638443561479,0.),(-0.4,0.4),
 .UNSPECIFIED.);
#96=B_SPLINE_SURFACE_WITH_KNOTS('',3,1,((#10885,#10886),(#10887,#10888),
(#10889,#10890),(#10891,#10892),(#10893,#10894)),.UNSPECIFIED.,.F.,.F.,
 .F.,(4,1,4),(2,2),(-0.154780249034693,-0.0762111329918322,0.),(-0.4,0.4),
 .UNSPECIFIED.);
#97=B_SPLINE_SURFACE_WITH_KNOTS('',3,1,((#10902,#10903),(#10904,#10905),
(#10906,#10907),(#10908,#10909),(#10910,#10911)),.UNSPECIFIED.,.F.,.F.,
 .F.,(4,1,4),(2,2),(-0.18721343368668,-0.0933805399521943,0.),(-0.4,0.4),
 .UNSPECIFIED.);
#98=B_SPLINE_SURFACE_WITH_KNOTS('',3,1,((#10919,#10920),(#10921,#10922),
(#10923,#10924),(#10925,#10926),(#10927,#10928)),.UNSPECIFIED.,.F.,.F.,
 .F.,(4,1,4),(2,2),(-0.195167108816901,-0.0957137126706585,0.),(-0.4,0.4),
 .UNSPECIFIED.);
#99=B_SPLINE_SURFACE_WITH_KNOTS('',3,1,((#10936,#10937),(#10938,#10939),
(#10940,#10941),(#10942,#10943),(#10944,#10945)),.UNSPECIFIED.,.F.,.F.,
 .F.,(4,1,4),(2,2),(-0.245696423270239,-0.11243862338748,0.),(-0.4,0.4),
 .UNSPECIFIED.);
#100=B_SPLINE_SURFACE_WITH_KNOTS('',3,1,((#10953,#10954),(#10955,#10956),
(#10957,#10958),(#10959,#10960),(#10961,#10962)),.UNSPECIFIED.,.F.,.F.,
 .F.,(4,1,4),(2,2),(-0.373232587327853,-0.217285695301374,0.),(-0.4,0.4),
 .UNSPECIFIED.);
#101=B_SPLINE_SURFACE_WITH_KNOTS('',3,1,((#10970,#10971),(#10972,#10973),
(#10974,#10975),(#10976,#10977),(#10978,#10979)),.UNSPECIFIED.,.F.,.F.,
 .F.,(4,1,4),(2,2),(-0.277795789389537,-0.135475532389211,0.),(-0.4,0.4),
 .UNSPECIFIED.);
#102=B_SPLINE_CURVE_WITH_KNOTS('',3,(#8448,#8449,#8450,#8451,#8452),
 .UNSPECIFIED.,.F.,.F.,(4,1,4),(0.,0.151175135328896,0.274510074171919),
 .UNSPECIFIED.);
#103=B_SPLINE_CURVE_WITH_KNOTS('',3,(#8454,#8455,#8456,#8457,#8458),
 .UNSPECIFIED.,.F.,.F.,(4,1,4),(0.,0.117945138113139,0.253014791042711),
 .UNSPECIFIED.);
#104=B_SPLINE_CURVE_WITH_KNOTS('',3,(#8460,#8461,#8462,#8463,#8464),
 .UNSPECIFIED.,.F.,.F.,(4,1,4),(0.,0.162290383131864,0.298775632122826),
 .UNSPECIFIED.);
#105=B_SPLINE_CURVE_WITH_KNOTS('',3,(#8466,#8467,#8468,#8469,#8470),
 .UNSPECIFIED.,.F.,.F.,(4,1,4),(0.,0.125001849078077,0.253839358077489),
 .UNSPECIFIED.);
#106=B_SPLINE_CURVE_WITH_KNOTS('',3,(#8472,#8473,#8474,#8475,#8476),
 .UNSPECIFIED.,.F.,.F.,(4,1,4),(0.,0.136983866283903,0.28445125116374),
 .UNSPECIFIED.);
#107=B_SPLINE_CURVE_WITH_KNOTS('',3,(#8478,#8479,#8480,#8481,#8482),
 .UNSPECIFIED.,.F.,.F.,(4,1,4),(0.,0.153980767820666,0.295117602365408),
 .UNSPECIFIED.);
#108=B_SPLINE_CURVE_WITH_KNOTS('',3,(#8484,#8485,#8486,#8487,#8488),
 .UNSPECIFIED.,.F.,.F.,(4,1,4),(0.,0.13515610159171,0.273407691671299),
 .UNSPECIFIED.);
#109=B_SPLINE_CURVE_WITH_KNOTS('',3,(#8490,#8491,#8492,#8493,#8494),
 .UNSPECIFIED.,.F.,.F.,(4,1,4),(0.,0.124613303449255,0.279419027163564),
 .UNSPECIFIED.);
#110=B_SPLINE_CURVE_WITH_KNOTS('',3,(#8496,#8497,#8498,#8499,#8500),
 .UNSPECIFIED.,.F.,.F.,(4,1,4),(0.,0.145061191963786,0.250576915739183),
 .UNSPECIFIED.);
#111=B_SPLINE_CURVE_WITH_KNOTS('',3,(#8502,#8503,#8504,#8505,#8506),
 .UNSPECIFIED.,.F.,.F.,(4,1,4),(0.,0.0843885678161655,0.166570745989447),
 .UNSPECIFIED.);
#112=B_SPLINE_CURVE_WITH_KNOTS('',3,(#8508,#8509,#8510,#8511,#8512),
 .UNSPECIFIED.,.F.,.F.,(4,1,4),(0.,0.0858679803027522,0.180608129678371),
 .UNSPECIFIED.);
#113=B_SPLINE_CURVE_WITH_KNOTS('',3,(#8516,#8517,#8518,#8519,#8520),
 .UNSPECIFIED.,.F.,.F.,(4,1,4),(0.,0.0557875270887126,0.108306225111418),
 .UNSPECIFIED.);
#114=B_SPLINE_CURVE_WITH_KNOTS('',3,(#8522,#8523,#8524,#8525,#8526),
 .UNSPECIFIED.,.F.,.F.,(4,1,4),(0.,0.0548801272432313,0.117490309836872),
 .UNSPECIFIED.);
#115=B_SPLINE_CURVE_WITH_KNOTS('',3,(#8528,#8529,#8530,#8531,#8532),
 .UNSPECIFIED.,.F.,.F.,(4,1,4),(0.,0.0930099587819109,0.181328524185481),
 .UNSPECIFIED.);
#116=B_SPLINE_CURVE_WITH_KNOTS('',3,(#8534,#8535,#8536,#8537,#8538),
 .UNSPECIFIED.,.F.,.F.,(4,1,4),(0.,0.10177501246987,0.234881005998498),
 .UNSPECIFIED.);
#117=B_SPLINE_CURVE_WITH_KNOTS('',3,(#8540,#8541,#8542,#8543,#8544),
 .UNSPECIFIED.,.F.,.F.,(4,1,4),(0.,0.139988707358723,0.243442489647872),
 .UNSPECIFIED.);
#118=B_SPLINE_CURVE_WITH_KNOTS('',3,(#8546,#8547,#8548,#8549,#8550),
 .UNSPECIFIED.,.F.,.F.,(4,1,4),(0.,0.0897925789648922,0.18845600502112),
 .UNSPECIFIED.);
#119=B_SPLINE_CURVE_WITH_KNOTS('',3,(#8552,#8553,#8554,#8555,#8556),
 .UNSPECIFIED.,.F.,.F.,(4,1,4),(0.,0.0507867903964691,0.100342451521309),
 .UNSPECIFIED.);
#120=B_SPLINE_CURVE_WITH_KNOTS('',3,(#8558,#8559,#8560,#8561,#8562),
 .UNSPECIFIED.,.F.,.F.,(4,1,4),(0.,0.054403932622378,0.119487600491175),
 .UNSPECIFIED.);
#121=B_SPLINE_CURVE_WITH_KNOTS('',3,(#8589,#8590,#8591,#8592,#8593),
 .UNSPECIFIED.,.F.,.F.,(4,1,4),(-0.274510074171919,-0.151175135328896,0.),
 .UNSPECIFIED.);
#122=B_SPLINE_CURVE_WITH_KNOTS('',3,(#8606,#8607,#8608,#8609,#8610),
 .UNSPECIFIED.,.F.,.F.,(4,1,4),(-0.253014791042711,-0.117945138113139,0.),
 .UNSPECIFIED.);
#123=B_SPLINE_CURVE_WITH_KNOTS('',3,(#8623,#8624,#8625,#8626,#8627),
 .UNSPECIFIED.,.F.,.F.,(4,1,4),(-0.298775632122826,-0.162290383131864,0.),
 .UNSPECIFIED.);
#124=B_SPLINE_CURVE_WITH_KNOTS('',3,(#8640,#8641,#8642,#8643,#8644),
 .UNSPECIFIED.,.F.,.F.,(4,1,4),(-0.253839358077489,-0.125001849078077,0.),
 .UNSPECIFIED.);
#125=B_SPLINE_CURVE_WITH_KNOTS('',3,(#8657,#8658,#8659,#8660,#8661),
 .UNSPECIFIED.,.F.,.F.,(4,1,4),(-0.28445125116374,-0.136983866283903,0.),
 .UNSPECIFIED.);
#126=B_SPLINE_CURVE_WITH_KNOTS('',3,(#8674,#8675,#8676,#8677,#8678),
 .UNSPECIFIED.,.F.,.F.,(4,1,4),(-0.295117602365408,-0.153980767820666,0.),
 .UNSPECIFIED.);
#127=B_SPLINE_CURVE_WITH_KNOTS('',3,(#8691,#8692,#8693,#8694,#8695),
 .UNSPECIFIED.,.F.,.F.,(4,1,4),(-0.273407691671299,-0.13515610159171,0.),
 .UNSPECIFIED.);
#128=B_SPLINE_CURVE_WITH_KNOTS('',3,(#8708,#8709,#8710,#8711,#8712),
 .UNSPECIFIED.,.F.,.F.,(4,1,4),(-0.279419027163564,-0.124613303449255,0.),
 .UNSPECIFIED.);
#129=B_SPLINE_CURVE_WITH_KNOTS('',3,(#8725,#8726,#8727,#8728,#8729),
 .UNSPECIFIED.,.F.,.F.,(4,1,4),(-0.250576915739183,-0.145061191963786,0.),
 .UNSPECIFIED.);
#130=B_SPLINE_CURVE_WITH_KNOTS('',3,(#8742,#8743,#8744,#8745,#8746),
 .UNSPECIFIED.,.F.,.F.,(4,1,4),(-0.166570745989447,-0.0843885678161655,
0.),.UNSPECIFIED.);
#131=B_SPLINE_CURVE_WITH_KNOTS('',3,(#8759,#8760,#8761,#8762,#8763),
 .UNSPECIFIED.,.F.,.F.,(4,1,4),(-0.180608129678371,-0.0858679803027522,
0.),.UNSPECIFIED.);
#132=B_SPLINE_CURVE_WITH_KNOTS('',3,(#8780,#8781,#8782,#8783,#8784),
 .UNSPECIFIED.,.F.,.F.,(4,1,4),(-0.108306225111418,-0.0557875270887126,
0.),.UNSPECIFIED.);
#133=B_SPLINE_CURVE_WITH_KNOTS('',3,(#8797,#8798,#8799,#8800,#8801),
 .UNSPECIFIED.,.F.,.F.,(4,1,4),(-0.117490309836872,-0.0548801272432313,
0.),.UNSPECIFIED.);
#134=B_SPLINE_CURVE_WITH_KNOTS('',3,(#8814,#8815,#8816,#8817,#8818),
 .UNSPECIFIED.,.F.,.F.,(4,1,4),(-0.181328524185481,-0.0930099587819109,
0.),.UNSPECIFIED.);
#135=B_SPLINE_CURVE_WITH_KNOTS('',3,(#8831,#8832,#8833,#8834,#8835),
 .UNSPECIFIED.,.F.,.F.,(4,1,4),(-0.234881005998498,-0.10177501246987,0.),
 .UNSPECIFIED.);
#136=B_SPLINE_CURVE_WITH_KNOTS('',3,(#8848,#8849,#8850,#8851,#8852),
 .UNSPECIFIED.,.F.,.F.,(4,1,4),(-0.243442489647872,-0.139988707358723,0.),
 .UNSPECIFIED.);
#137=B_SPLINE_CURVE_WITH_KNOTS('',3,(#8865,#8866,#8867,#8868,#8869),
 .UNSPECIFIED.,.F.,.F.,(4,1,4),(-0.18845600502112,-0.0897925789648922,0.),
 .UNSPECIFIED.);
#138=B_SPLINE_CURVE_WITH_KNOTS('',3,(#8882,#8883,#8884,#8885,#8886),
 .UNSPECIFIED.,.F.,.F.,(4,1,4),(-0.100342451521309,-0.0507867903964691,
0.),.UNSPECIFIED.);
#139=B_SPLINE_CURVE_WITH_KNOTS('',3,(#8899,#8900,#8901,#8902,#8903),
 .UNSPECIFIED.,.F.,.F.,(4,1,4),(-0.119487600491175,-0.054403932622378,0.),
 .UNSPECIFIED.);
#140=B_SPLINE_CURVE_WITH_KNOTS('',3,(#9051,#9052,#9053,#9054,#9055),
 .UNSPECIFIED.,.F.,.F.,(4,1,4),(0.,0.126513272741005,0.220925997302613),
 .UNSPECIFIED.);
#141=B_SPLINE_CURVE_WITH_KNOTS('',3,(#9057,#9058,#9059,#9060,#9061),
 .UNSPECIFIED.,.F.,.F.,(4,1,4),(0.,0.0768399927685644,0.154453123485516),
 .UNSPECIFIED.);
#142=B_SPLINE_CURVE_WITH_KNOTS('',3,(#9063,#9064,#9065,#9066,#9067),
 .UNSPECIFIED.,.F.,.F.,(4,1,4),(0.,0.0815479534362847,0.170556909500669),
 .UNSPECIFIED.);
#143=B_SPLINE_CURVE_WITH_KNOTS('',3,(#9069,#9070,#9071,#9072,#9073),
 .UNSPECIFIED.,.F.,.F.,(4,1,4),(0.,0.0780130176346956,0.149254127825048),
 .UNSPECIFIED.);
#144=B_SPLINE_CURVE_WITH_KNOTS('',3,(#9075,#9076,#9077,#9078,#9079),
 .UNSPECIFIED.,.F.,.F.,(4,1,4),(0.,0.0690178252111487,0.139329823090872),
 .UNSPECIFIED.);
#145=B_SPLINE_CURVE_WITH_KNOTS('',3,(#9081,#9082,#9083,#9084,#9085),
 .UNSPECIFIED.,.F.,.F.,(4,1,4),(0.,0.0517515663857698,0.115853250621438),
 .UNSPECIFIED.);
#146=B_SPLINE_CURVE_WITH_KNOTS('',3,(#9087,#9088,#9089,#9090,#9091),
 .UNSPECIFIED.,.F.,.F.,(4,1,4),(0.,0.0511521943449804,0.0887091048917776),
 .UNSPECIFIED.);
#147=B_SPLINE_CURVE_WITH_KNOTS('',3,(#9093,#9094,#9095,#9096,#9097),
 .UNSPECIFIED.,.F.,.F.,(4,1,4),(0.,0.0284226705192647,0.0722712565970304),
 .UNSPECIFIED.);
#148=B_SPLINE_CURVE_WITH_KNOTS('',3,(#9099,#9100,#9101,#9102,#9103),
 .UNSPECIFIED.,.F.,.F.,(4,1,4),(0.,0.0447463982307828,0.0758077920486021),
 .UNSPECIFIED.);
#149=B_SPLINE_CURVE_WITH_KNOTS('',3,(#9111,#9112,#9113,#9114,#9115),
 .UNSPECIFIED.,.F.,.F.,(4,1,4),(0.,0.057235050137263,0.0957243305068829),
 .UNSPECIFIED.);
#150=B_SPLINE_CURVE_WITH_KNOTS('',3,(#9117,#9118,#9119,#9120,#9121),
 .UNSPECIFIED.,.F.,.F.,(4,1,4),(0.,0.0396592024676965,0.0801514725178637),
 .UNSPECIFIED.);
#151=B_SPLINE_CURVE_WITH_KNOTS('',3,(#9131,#9132,#9133,#9134,#9135),
 .UNSPECIFIED.,.F.,.F.,(4,1,4),(0.,0.0312236360348026,0.0830620108315382),
 .UNSPECIFIED.);
#152=B_SPLINE_CURVE_WITH_KNOTS('',3,(#9137,#9138,#9139,#9140,#9141),
 .UNSPECIFIED.,.F.,.F.,(4,1,4),(0.,0.0299419790093863,0.0601748982492318),
 .UNSPECIFIED.);
#153=B_SPLINE_CURVE_WITH_KNOTS('',3,(#9143,#9144,#9145,#9146,#9147),
 .UNSPECIFIED.,.F.,.F.,(4,1,4),(0.,0.0307862596385062,0.0620328196922366),
 .UNSPECIFIED.);
#154=B_SPLINE_CURVE_WITH_KNOTS('',3,(#9149,#9150,#9151,#9152,#9153),
 .UNSPECIFIED.,.F.,.F.,(4,1,4),(0.,0.0434859847248154,0.0825412136599586),
 .UNSPECIFIED.);
#155=B_SPLINE_CURVE_WITH_KNOTS('',3,(#9155,#9156,#9157,#9158,#9159),
 .UNSPECIFIED.,.F.,.F.,(4,1,4),(0.,0.0482569131877471,0.119663481667312),
 .UNSPECIFIED.);
#156=B_SPLINE_CURVE_WITH_KNOTS('',3,(#9178,#9179,#9180,#9181,#9182),
 .UNSPECIFIED.,.F.,.F.,(4,1,4),(-0.0830620108315382,-0.0312236360348026,
0.),.UNSPECIFIED.);
#157=B_SPLINE_CURVE_WITH_KNOTS('',3,(#9195,#9196,#9197,#9198,#9199),
 .UNSPECIFIED.,.F.,.F.,(4,1,4),(-0.0601748982492318,-0.0299419790093863,
0.),.UNSPECIFIED.);
#158=B_SPLINE_CURVE_WITH_KNOTS('',3,(#9212,#9213,#9214,#9215,#9216),
 .UNSPECIFIED.,.F.,.F.,(4,1,4),(-0.0620328196922366,-0.0307862596385062,
0.),.UNSPECIFIED.);
#159=B_SPLINE_CURVE_WITH_KNOTS('',3,(#9229,#9230,#9231,#9232,#9233),
 .UNSPECIFIED.,.F.,.F.,(4,1,4),(-0.0825412136599586,-0.0434859847248154,
0.),.UNSPECIFIED.);
#160=B_SPLINE_CURVE_WITH_KNOTS('',3,(#9246,#9247,#9248,#9249,#9250),
 .UNSPECIFIED.,.F.,.F.,(4,1,4),(-0.119663481667312,-0.0482569131877471,
0.),.UNSPECIFIED.);
#161=B_SPLINE_CURVE_WITH_KNOTS('',3,(#9279,#9280,#9281,#9282,#9283),
 .UNSPECIFIED.,.F.,.F.,(4,1,4),(-0.220925997302613,-0.126513272741005,0.),
 .UNSPECIFIED.);
#162=B_SPLINE_CURVE_WITH_KNOTS('',3,(#9296,#9297,#9298,#9299,#9300),
 .UNSPECIFIED.,.F.,.F.,(4,1,4),(-0.154453123485516,-0.0768399927685644,
0.),.UNSPECIFIED.);
#163=B_SPLINE_CURVE_WITH_KNOTS('',3,(#9313,#9314,#9315,#9316,#9317),
 .UNSPECIFIED.,.F.,.F.,(4,1,4),(-0.170556909500669,-0.0815479534362847,
0.),.UNSPECIFIED.);
#164=B_SPLINE_CURVE_WITH_KNOTS('',3,(#9330,#9331,#9332,#9333,#9334),
 .UNSPECIFIED.,.F.,.F.,(4,1,4),(-0.149254127825048,-0.0780130176346956,
0.),.UNSPECIFIED.);
#165=B_SPLINE_CURVE_WITH_KNOTS('',3,(#9347,#9348,#9349,#9350,#9351),
 .UNSPECIFIED.,.F.,.F.,(4,1,4),(-0.139329823090872,-0.0690178252111487,
0.),.UNSPECIFIED.);
#166=B_SPLINE_CURVE_WITH_KNOTS('',3,(#9364,#9365,#9366,#9367,#9368),
 .UNSPECIFIED.,.F.,.F.,(4,1,4),(-0.115853250621438,-0.0517515663857698,
0.),.UNSPECIFIED.);
#167=B_SPLINE_CURVE_WITH_KNOTS('',3,(#9381,#9382,#9383,#9384,#9385),
 .UNSPECIFIED.,.F.,.F.,(4,1,4),(-0.0887091048917776,-0.0511521943449804,
0.),.UNSPECIFIED.);
#168=B_SPLINE_CURVE_WITH_KNOTS('',3,(#9398,#9399,#9400,#9401,#9402),
 .UNSPECIFIED.,.F.,.F.,(4,1,4),(-0.0722712565970304,-0.0284226705192647,
0.),.UNSPECIFIED.);
#169=B_SPLINE_CURVE_WITH_KNOTS('',3,(#9415,#9416,#9417,#9418,#9419),
 .UNSPECIFIED.,.F.,.F.,(4,1,4),(-0.0758077920486021,-0.0447463982307828,
0.),.UNSPECIFIED.);
#170=B_SPLINE_CURVE_WITH_KNOTS('',3,(#9444,#9445,#9446,#9447,#9448),
 .UNSPECIFIED.,.F.,.F.,(4,1,4),(-0.0957243305068829,-0.057235050137263,
0.),.UNSPECIFIED.);
#171=B_SPLINE_CURVE_WITH_KNOTS('',3,(#9461,#9462,#9463,#9464,#9465),
 .UNSPECIFIED.,.F.,.F.,(4,1,4),(-0.0801514725178637,-0.0396592024676965,
0.),.UNSPECIFIED.);
#172=B_SPLINE_CURVE_WITH_KNOTS('',3,(#9719,#9720,#9721,#9722,#9723),
 .UNSPECIFIED.,.F.,.F.,(4,1,4),(0.,0.135475532389211,0.277795789389537),
 .UNSPECIFIED.);
#173=B_SPLINE_CURVE_WITH_KNOTS('',3,(#9727,#9728,#9729,#9730,#9731),
 .UNSPECIFIED.,.F.,.F.,(4,1,4),(0.,0.0647404589789868,0.116843227904217),
 .UNSPECIFIED.);
#174=B_SPLINE_CURVE_WITH_KNOTS('',3,(#9733,#9734,#9735,#9736,#9737),
 .UNSPECIFIED.,.F.,.F.,(4,1,4),(0.,0.0737221842180214,0.153621668439113),
 .UNSPECIFIED.);
#175=B_SPLINE_CURVE_WITH_KNOTS('',3,(#9739,#9740,#9741,#9742,#9743),
 .UNSPECIFIED.,.F.,.F.,(4,1,4),(0.,0.0590893594164352,0.108338211214403),
 .UNSPECIFIED.);
#176=B_SPLINE_CURVE_WITH_KNOTS('',3,(#9745,#9746,#9747,#9748,#9749),
 .UNSPECIFIED.,.F.,.F.,(4,1,4),(0.,0.0429450998974453,0.0824285451824035),
 .UNSPECIFIED.);
#177=B_SPLINE_CURVE_WITH_KNOTS('',3,(#9751,#9752,#9753,#9754,#9755),
 .UNSPECIFIED.,.F.,.F.,(4,1,4),(0.,0.0378089435624254,0.0793585138093899),
 .UNSPECIFIED.);
#178=B_SPLINE_CURVE_WITH_KNOTS('',3,(#9757,#9758,#9759,#9760,#9761),
 .UNSPECIFIED.,.F.,.F.,(4,1,4),(0.,0.0640004435367013,0.169460586690179),
 .UNSPECIFIED.);
#179=B_SPLINE_CURVE_WITH_KNOTS('',3,(#9763,#9764,#9765,#9766,#9767),
 .UNSPECIFIED.,.F.,.F.,(4,1,4),(0.,0.182061244069001,0.316450957592641),
 .UNSPECIFIED.);
#180=B_SPLINE_CURVE_WITH_KNOTS('',3,(#9769,#9770,#9771,#9772,#9773),
 .UNSPECIFIED.,.F.,.F.,(4,1,4),(0.,0.108187918445069,0.217316882042829),
 .UNSPECIFIED.);
#181=B_SPLINE_CURVE_WITH_KNOTS('',3,(#9775,#9776,#9777,#9778,#9779),
 .UNSPECIFIED.,.F.,.F.,(4,1,4),(0.,0.0757766143223514,0.15400282011923),
 .UNSPECIFIED.);
#182=B_SPLINE_CURVE_WITH_KNOTS('',3,(#9781,#9782,#9783,#9784,#9785),
 .UNSPECIFIED.,.F.,.F.,(4,1,4),(0.,0.0829257057655826,0.174145072260377),
 .UNSPECIFIED.);
#183=B_SPLINE_CURVE_WITH_KNOTS('',3,(#9787,#9788,#9789,#9790,#9791),
 .UNSPECIFIED.,.F.,.F.,(4,1,4),(0.,0.110321021321814,0.25024553674456),
 .UNSPECIFIED.);
#184=B_SPLINE_CURVE_WITH_KNOTS('',3,(#9793,#9794,#9795,#9796,#9797),
 .UNSPECIFIED.,.F.,.F.,(4,1,4),(0.,0.169849448677098,0.304314217347495),
 .UNSPECIFIED.);
#185=B_SPLINE_CURVE_WITH_KNOTS('',3,(#9799,#9800,#9801,#9802,#9803),
 .UNSPECIFIED.,.F.,.F.,(4,1,4),(0.,0.122331314031081,0.262471348656098),
 .UNSPECIFIED.);
#186=B_SPLINE_CURVE_WITH_KNOTS('',3,(#9807,#9808,#9809,#9810,#9811),
 .UNSPECIFIED.,.F.,.F.,(4,1,4),(0.,0.061033849464739,0.111430711937704),
 .UNSPECIFIED.);
#187=B_SPLINE_CURVE_WITH_KNOTS('',3,(#9813,#9814,#9815,#9816,#9817),
 .UNSPECIFIED.,.F.,.F.,(4,1,4),(0.,0.0498832551681632,0.108792418274695),
 .UNSPECIFIED.);
#188=B_SPLINE_CURVE_WITH_KNOTS('',3,(#9819,#9820,#9821,#9822,#9823),
 .UNSPECIFIED.,.F.,.F.,(4,1,4),(0.,0.0475815906566353,0.0855996275270735),
 .UNSPECIFIED.);
#189=B_SPLINE_CURVE_WITH_KNOTS('',3,(#9825,#9826,#9827,#9828,#9829),
 .UNSPECIFIED.,.F.,.F.,(4,1,4),(0.,0.0325588184733021,0.0635872799290605),
 .UNSPECIFIED.);
#190=B_SPLINE_CURVE_WITH_KNOTS('',3,(#9831,#9832,#9833,#9834,#9835),
 .UNSPECIFIED.,.F.,.F.,(4,1,4),(0.,0.0233684920560067,0.0497662567118597),
 .UNSPECIFIED.);
#191=B_SPLINE_CURVE_WITH_KNOTS('',3,(#9837,#9838,#9839,#9840,#9841),
 .UNSPECIFIED.,.F.,.F.,(4,1,4),(0.,0.041492242517914,0.110653468574026),
 .UNSPECIFIED.);
#192=B_SPLINE_CURVE_WITH_KNOTS('',3,(#9843,#9844,#9845,#9846,#9847),
 .UNSPECIFIED.,.F.,.F.,(4,1,4),(0.,0.179317279215903,0.303895127263271),
 .UNSPECIFIED.);
#193=B_SPLINE_CURVE_WITH_KNOTS('',3,(#9849,#9850,#9851,#9852,#9853),
 .UNSPECIFIED.,.F.,.F.,(4,1,4),(0.,0.0907638443561479,0.170660953062433),
 .UNSPECIFIED.);
#194=B_SPLINE_CURVE_WITH_KNOTS('',3,(#9855,#9856,#9857,#9858,#9859),
 .UNSPECIFIED.,.F.,.F.,(4,1,4),(0.,0.0762111329918322,0.154780249034693),
 .UNSPECIFIED.);
#195=B_SPLINE_CURVE_WITH_KNOTS('',3,(#9861,#9862,#9863,#9864,#9865),
 .UNSPECIFIED.,.F.,.F.,(4,1,4),(0.,0.0933805399521943,0.18721343368668),
 .UNSPECIFIED.);
#196=B_SPLINE_CURVE_WITH_KNOTS('',3,(#9867,#9868,#9869,#9870,#9871),
 .UNSPECIFIED.,.F.,.F.,(4,1,4),(0.,0.0957137126706585,0.195167108816901),
 .UNSPECIFIED.);
#197=B_SPLINE_CURVE_WITH_KNOTS('',3,(#9873,#9874,#9875,#9876,#9877),
 .UNSPECIFIED.,.F.,.F.,(4,1,4),(0.,0.11243862338748,0.245696423270239),
 .UNSPECIFIED.);
#198=B_SPLINE_CURVE_WITH_KNOTS('',3,(#9878,#9879,#9880,#9881,#9882),
 .UNSPECIFIED.,.F.,.F.,(4,1,4),(0.,0.217285695301374,0.373232587327853),
 .UNSPECIFIED.);
#199=B_SPLINE_CURVE_WITH_KNOTS('',3,(#9900,#9901,#9902,#9903,#9904),
 .UNSPECIFIED.,.F.,.F.,(4,1,4),(-0.116843227904217,-0.0647404589789868,
0.),.UNSPECIFIED.);
#200=B_SPLINE_CURVE_WITH_KNOTS('',3,(#9917,#9918,#9919,#9920,#9921),
 .UNSPECIFIED.,.F.,.F.,(4,1,4),(-0.153621668439113,-0.0737221842180214,
0.),.UNSPECIFIED.);
#201=B_SPLINE_CURVE_WITH_KNOTS('',3,(#9934,#9935,#9936,#9937,#9938),
 .UNSPECIFIED.,.F.,.F.,(4,1,4),(-0.108338211214403,-0.0590893594164352,
0.),.UNSPECIFIED.);
#202=B_SPLINE_CURVE_WITH_KNOTS('',3,(#9951,#9952,#9953,#9954,#9955),
 .UNSPECIFIED.,.F.,.F.,(4,1,4),(-0.0824285451824035,-0.0429450998974453,
0.),.UNSPECIFIED.);
#203=B_SPLINE_CURVE_WITH_KNOTS('',3,(#9968,#9969,#9970,#9971,#9972),
 .UNSPECIFIED.,.F.,.F.,(4,1,4),(-0.0793585138093899,-0.0378089435624254,
0.),.UNSPECIFIED.);
#204=B_SPLINE_CURVE_WITH_KNOTS('',3,(#9985,#9986,#9987,#9988,#9989),
 .UNSPECIFIED.,.F.,.F.,(4,1,4),(-0.169460586690179,-0.0640004435367013,
0.),.UNSPECIFIED.);
#205=B_SPLINE_CURVE_WITH_KNOTS('',3,(#10002,#10003,#10004,#10005,#10006),
 .UNSPECIFIED.,.F.,.F.,(4,1,4),(-0.316450957592641,-0.182061244069001,0.),
 .UNSPECIFIED.);
#206=B_SPLINE_CURVE_WITH_KNOTS('',3,(#10019,#10020,#10021,#10022,#10023),
 .UNSPECIFIED.,.F.,.F.,(4,1,4),(-0.217316882042829,-0.108187918445069,0.),
 .UNSPECIFIED.);
#207=B_SPLINE_CURVE_WITH_KNOTS('',3,(#10036,#10037,#10038,#10039,#10040),
 .UNSPECIFIED.,.F.,.F.,(4,1,4),(-0.15400282011923,-0.0757766143223514,0.),
 .UNSPECIFIED.);
#208=B_SPLINE_CURVE_WITH_KNOTS('',3,(#10053,#10054,#10055,#10056,#10057),
 .UNSPECIFIED.,.F.,.F.,(4,1,4),(-0.174145072260377,-0.0829257057655826,
0.),.UNSPECIFIED.);
#209=B_SPLINE_CURVE_WITH_KNOTS('',3,(#10070,#10071,#10072,#10073,#10074),
 .UNSPECIFIED.,.F.,.F.,(4,1,4),(-0.25024553674456,-0.110321021321814,0.),
 .UNSPECIFIED.);
#210=B_SPLINE_CURVE_WITH_KNOTS('',3,(#10087,#10088,#10089,#10090,#10091),
 .UNSPECIFIED.,.F.,.F.,(4,1,4),(-0.304314217347495,-0.169849448677098,0.),
 .UNSPECIFIED.);
#211=B_SPLINE_CURVE_WITH_KNOTS('',3,(#10104,#10105,#10106,#10107,#10108),
 .UNSPECIFIED.,.F.,.F.,(4,1,4),(-0.262471348656098,-0.122331314031081,0.),
 .UNSPECIFIED.);
#212=B_SPLINE_CURVE_WITH_KNOTS('',3,(#10125,#10126,#10127,#10128,#10129),
 .UNSPECIFIED.,.F.,.F.,(4,1,4),(-0.111430711937704,-0.061033849464739,0.),
 .UNSPECIFIED.);
#213=B_SPLINE_CURVE_WITH_KNOTS('',3,(#10142,#10143,#10144,#10145,#10146),
 .UNSPECIFIED.,.F.,.F.,(4,1,4),(-0.108792418274695,-0.0498832551681632,
0.),.UNSPECIFIED.);
#214=B_SPLINE_CURVE_WITH_KNOTS('',3,(#10159,#10160,#10161,#10162,#10163),
 .UNSPECIFIED.,.F.,.F.,(4,1,4),(-0.0855996275270735,-0.0475815906566353,
0.),.UNSPECIFIED.);
#215=B_SPLINE_CURVE_WITH_KNOTS('',3,(#10176,#10177,#10178,#10179,#10180),
 .UNSPECIFIED.,.F.,.F.,(4,1,4),(-0.0635872799290605,-0.0325588184733021,
0.),.UNSPECIFIED.);
#216=B_SPLINE_CURVE_WITH_KNOTS('',3,(#10193,#10194,#10195,#10196,#10197),
 .UNSPECIFIED.,.F.,.F.,(4,1,4),(-0.0497662567118597,-0.0233684920560067,
0.),.UNSPECIFIED.);
#217=B_SPLINE_CURVE_WITH_KNOTS('',3,(#10210,#10211,#10212,#10213,#10214),
 .UNSPECIFIED.,.F.,.F.,(4,1,4),(-0.110653468574026,-0.041492242517914,0.),
 .UNSPECIFIED.);
#218=B_SPLINE_CURVE_WITH_KNOTS('',3,(#10227,#10228,#10229,#10230,#10231),
 .UNSPECIFIED.,.F.,.F.,(4,1,4),(-0.303895127263271,-0.179317279215903,0.),
 .UNSPECIFIED.);
#219=B_SPLINE_CURVE_WITH_KNOTS('',3,(#10244,#10245,#10246,#10247,#10248),
 .UNSPECIFIED.,.F.,.F.,(4,1,4),(-0.170660953062433,-0.0907638443561479,
0.),.UNSPECIFIED.);
#220=B_SPLINE_CURVE_WITH_KNOTS('',3,(#10261,#10262,#10263,#10264,#10265),
 .UNSPECIFIED.,.F.,.F.,(4,1,4),(-0.154780249034693,-0.0762111329918322,
0.),.UNSPECIFIED.);
#221=B_SPLINE_CURVE_WITH_KNOTS('',3,(#10278,#10279,#10280,#10281,#10282),
 .UNSPECIFIED.,.F.,.F.,(4,1,4),(-0.18721343368668,-0.0933805399521943,0.),
 .UNSPECIFIED.);
#222=B_SPLINE_CURVE_WITH_KNOTS('',3,(#10295,#10296,#10297,#10298,#10299),
 .UNSPECIFIED.,.F.,.F.,(4,1,4),(-0.195167108816901,-0.0957137126706585,
0.),.UNSPECIFIED.);
#223=B_SPLINE_CURVE_WITH_KNOTS('',3,(#10312,#10313,#10314,#10315,#10316),
 .UNSPECIFIED.,.F.,.F.,(4,1,4),(-0.245696423270239,-0.11243862338748,0.),
 .UNSPECIFIED.);
#224=B_SPLINE_CURVE_WITH_KNOTS('',3,(#10329,#10330,#10331,#10332,#10333),
 .UNSPECIFIED.,.F.,.F.,(4,1,4),(-0.373232587327853,-0.217285695301374,0.),
 .UNSPECIFIED.);
#225=B_SPLINE_CURVE_WITH_KNOTS('',3,(#10345,#10346,#10347,#10348,#10349),
 .UNSPECIFIED.,.F.,.F.,(4,1,4),(-0.277795789389537,-0.135475532389211,0.),
 .UNSPECIFIED.);
#226=B_SPLINE_CURVE_WITH_KNOTS('',3,(#10354,#10355,#10356,#10357,#10358),
 .UNSPECIFIED.,.F.,.F.,(4,1,4),(0.,0.135475532389211,0.277795789389537),
 .UNSPECIFIED.);
#227=B_SPLINE_CURVE_WITH_KNOTS('',3,(#10362,#10363,#10364,#10365,#10366),
 .UNSPECIFIED.,.F.,.F.,(4,1,4),(0.,0.0647404589789868,0.116843227904217),
 .UNSPECIFIED.);
#228=B_SPLINE_CURVE_WITH_KNOTS('',3,(#10368,#10369,#10370,#10371,#10372),
 .UNSPECIFIED.,.F.,.F.,(4,1,4),(0.,0.0737221842180214,0.153621668439113),
 .UNSPECIFIED.);
#229=B_SPLINE_CURVE_WITH_KNOTS('',3,(#10374,#10375,#10376,#10377,#10378),
 .UNSPECIFIED.,.F.,.F.,(4,1,4),(0.,0.0590893594164352,0.108338211214403),
 .UNSPECIFIED.);
#230=B_SPLINE_CURVE_WITH_KNOTS('',3,(#10380,#10381,#10382,#10383,#10384),
 .UNSPECIFIED.,.F.,.F.,(4,1,4),(0.,0.0429450998974453,0.0824285451824035),
 .UNSPECIFIED.);
#231=B_SPLINE_CURVE_WITH_KNOTS('',3,(#10386,#10387,#10388,#10389,#10390),
 .UNSPECIFIED.,.F.,.F.,(4,1,4),(0.,0.0378089435624254,0.0793585138093899),
 .UNSPECIFIED.);
#232=B_SPLINE_CURVE_WITH_KNOTS('',3,(#10392,#10393,#10394,#10395,#10396),
 .UNSPECIFIED.,.F.,.F.,(4,1,4),(0.,0.0640004435367013,0.169460586690179),
 .UNSPECIFIED.);
#233=B_SPLINE_CURVE_WITH_KNOTS('',3,(#10398,#10399,#10400,#10401,#10402),
 .UNSPECIFIED.,.F.,.F.,(4,1,4),(0.,0.182061244069001,0.316450957592641),
 .UNSPECIFIED.);
#234=B_SPLINE_CURVE_WITH_KNOTS('',3,(#10404,#10405,#10406,#10407,#10408),
 .UNSPECIFIED.,.F.,.F.,(4,1,4),(0.,0.108187918445069,0.217316882042829),
 .UNSPECIFIED.);
#235=B_SPLINE_CURVE_WITH_KNOTS('',3,(#10410,#10411,#10412,#10413,#10414),
 .UNSPECIFIED.,.F.,.F.,(4,1,4),(0.,0.0757766143223514,0.15400282011923),
 .UNSPECIFIED.);
#236=B_SPLINE_CURVE_WITH_KNOTS('',3,(#10416,#10417,#10418,#10419,#10420),
 .UNSPECIFIED.,.F.,.F.,(4,1,4),(0.,0.0829257057655826,0.174145072260377),
 .UNSPECIFIED.);
#237=B_SPLINE_CURVE_WITH_KNOTS('',3,(#10422,#10423,#10424,#10425,#10426),
 .UNSPECIFIED.,.F.,.F.,(4,1,4),(0.,0.110321021321814,0.25024553674456),
 .UNSPECIFIED.);
#238=B_SPLINE_CURVE_WITH_KNOTS('',3,(#10428,#10429,#10430,#10431,#10432),
 .UNSPECIFIED.,.F.,.F.,(4,1,4),(0.,0.169849448677098,0.304314217347495),
 .UNSPECIFIED.);
#239=B_SPLINE_CURVE_WITH_KNOTS('',3,(#10434,#10435,#10436,#10437,#10438),
 .UNSPECIFIED.,.F.,.F.,(4,1,4),(0.,0.122331314031081,0.262471348656098),
 .UNSPECIFIED.);
#240=B_SPLINE_CURVE_WITH_KNOTS('',3,(#10442,#10443,#10444,#10445,#10446),
 .UNSPECIFIED.,.F.,.F.,(4,1,4),(0.,0.061033849464739,0.111430711937704),
 .UNSPECIFIED.);
#241=B_SPLINE_CURVE_WITH_KNOTS('',3,(#10448,#10449,#10450,#10451,#10452),
 .UNSPECIFIED.,.F.,.F.,(4,1,4),(0.,0.0498832551681632,0.108792418274695),
 .UNSPECIFIED.);
#242=B_SPLINE_CURVE_WITH_KNOTS('',3,(#10454,#10455,#10456,#10457,#10458),
 .UNSPECIFIED.,.F.,.F.,(4,1,4),(0.,0.0475815906566353,0.0855996275270735),
 .UNSPECIFIED.);
#243=B_SPLINE_CURVE_WITH_KNOTS('',3,(#10460,#10461,#10462,#10463,#10464),
 .UNSPECIFIED.,.F.,.F.,(4,1,4),(0.,0.0325588184733021,0.0635872799290605),
 .UNSPECIFIED.);
#244=B_SPLINE_CURVE_WITH_KNOTS('',3,(#10466,#10467,#10468,#10469,#10470),
 .UNSPECIFIED.,.F.,.F.,(4,1,4),(0.,0.0233684920560067,0.0497662567118597),
 .UNSPECIFIED.);
#245=B_SPLINE_CURVE_WITH_KNOTS('',3,(#10472,#10473,#10474,#10475,#10476),
 .UNSPECIFIED.,.F.,.F.,(4,1,4),(0.,0.041492242517914,0.110653468574026),
 .UNSPECIFIED.);
#246=B_SPLINE_CURVE_WITH_KNOTS('',3,(#10478,#10479,#10480,#10481,#10482),
 .UNSPECIFIED.,.F.,.F.,(4,1,4),(0.,0.179317279215903,0.303895127263271),
 .UNSPECIFIED.);
#247=B_SPLINE_CURVE_WITH_KNOTS('',3,(#10484,#10485,#10486,#10487,#10488),
 .UNSPECIFIED.,.F.,.F.,(4,1,4),(0.,0.0907638443561479,0.170660953062433),
 .UNSPECIFIED.);
#248=B_SPLINE_CURVE_WITH_KNOTS('',3,(#10490,#10491,#10492,#10493,#10494),
 .UNSPECIFIED.,.F.,.F.,(4,1,4),(0.,0.0762111329918322,0.154780249034693),
 .UNSPECIFIED.);
#249=B_SPLINE_CURVE_WITH_KNOTS('',3,(#10496,#10497,#10498,#10499,#10500),
 .UNSPECIFIED.,.F.,.F.,(4,1,4),(0.,0.0933805399521943,0.18721343368668),
 .UNSPECIFIED.);
#250=B_SPLINE_CURVE_WITH_KNOTS('',3,(#10502,#10503,#10504,#10505,#10506),
 .UNSPECIFIED.,.F.,.F.,(4,1,4),(0.,0.0957137126706585,0.195167108816901),
 .UNSPECIFIED.);
#251=B_SPLINE_CURVE_WITH_KNOTS('',3,(#10508,#10509,#10510,#10511,#10512),
 .UNSPECIFIED.,.F.,.F.,(4,1,4),(0.,0.11243862338748,0.245696423270239),
 .UNSPECIFIED.);
#252=B_SPLINE_CURVE_WITH_KNOTS('',3,(#10513,#10514,#10515,#10516,#10517),
 .UNSPECIFIED.,.F.,.F.,(4,1,4),(0.,0.217285695301374,0.373232587327853),
 .UNSPECIFIED.);
#253=B_SPLINE_CURVE_WITH_KNOTS('',3,(#10535,#10536,#10537,#10538,#10539),
 .UNSPECIFIED.,.F.,.F.,(4,1,4),(-0.116843227904217,-0.0647404589789868,
0.),.UNSPECIFIED.);
#254=B_SPLINE_CURVE_WITH_KNOTS('',3,(#10552,#10553,#10554,#10555,#10556),
 .UNSPECIFIED.,.F.,.F.,(4,1,4),(-0.153621668439113,-0.0737221842180214,
0.),.UNSPECIFIED.);
#255=B_SPLINE_CURVE_WITH_KNOTS('',3,(#10569,#10570,#10571,#10572,#10573),
 .UNSPECIFIED.,.F.,.F.,(4,1,4),(-0.108338211214403,-0.0590893594164352,
0.),.UNSPECIFIED.);
#256=B_SPLINE_CURVE_WITH_KNOTS('',3,(#10586,#10587,#10588,#10589,#10590),
 .UNSPECIFIED.,.F.,.F.,(4,1,4),(-0.0824285451824035,-0.0429450998974453,
0.),.UNSPECIFIED.);
#257=B_SPLINE_CURVE_WITH_KNOTS('',3,(#10603,#10604,#10605,#10606,#10607),
 .UNSPECIFIED.,.F.,.F.,(4,1,4),(-0.0793585138093899,-0.0378089435624254,
0.),.UNSPECIFIED.);
#258=B_SPLINE_CURVE_WITH_KNOTS('',3,(#10620,#10621,#10622,#10623,#10624),
 .UNSPECIFIED.,.F.,.F.,(4,1,4),(-0.169460586690179,-0.0640004435367013,
0.),.UNSPECIFIED.);
#259=B_SPLINE_CURVE_WITH_KNOTS('',3,(#10637,#10638,#10639,#10640,#10641),
 .UNSPECIFIED.,.F.,.F.,(4,1,4),(-0.316450957592641,-0.182061244069001,0.),
 .UNSPECIFIED.);
#260=B_SPLINE_CURVE_WITH_KNOTS('',3,(#10654,#10655,#10656,#10657,#10658),
 .UNSPECIFIED.,.F.,.F.,(4,1,4),(-0.217316882042829,-0.108187918445069,0.),
 .UNSPECIFIED.);
#261=B_SPLINE_CURVE_WITH_KNOTS('',3,(#10671,#10672,#10673,#10674,#10675),
 .UNSPECIFIED.,.F.,.F.,(4,1,4),(-0.15400282011923,-0.0757766143223514,0.),
 .UNSPECIFIED.);
#262=B_SPLINE_CURVE_WITH_KNOTS('',3,(#10688,#10689,#10690,#10691,#10692),
 .UNSPECIFIED.,.F.,.F.,(4,1,4),(-0.174145072260377,-0.0829257057655826,
0.),.UNSPECIFIED.);
#263=B_SPLINE_CURVE_WITH_KNOTS('',3,(#10705,#10706,#10707,#10708,#10709),
 .UNSPECIFIED.,.F.,.F.,(4,1,4),(-0.25024553674456,-0.110321021321814,0.),
 .UNSPECIFIED.);
#264=B_SPLINE_CURVE_WITH_KNOTS('',3,(#10722,#10723,#10724,#10725,#10726),
 .UNSPECIFIED.,.F.,.F.,(4,1,4),(-0.304314217347495,-0.169849448677098,0.),
 .UNSPECIFIED.);
#265=B_SPLINE_CURVE_WITH_KNOTS('',3,(#10739,#10740,#10741,#10742,#10743),
 .UNSPECIFIED.,.F.,.F.,(4,1,4),(-0.262471348656098,-0.122331314031081,0.),
 .UNSPECIFIED.);
#266=B_SPLINE_CURVE_WITH_KNOTS('',3,(#10760,#10761,#10762,#10763,#10764),
 .UNSPECIFIED.,.F.,.F.,(4,1,4),(-0.111430711937704,-0.061033849464739,0.),
 .UNSPECIFIED.);
#267=B_SPLINE_CURVE_WITH_KNOTS('',3,(#10777,#10778,#10779,#10780,#10781),
 .UNSPECIFIED.,.F.,.F.,(4,1,4),(-0.108792418274695,-0.0498832551681632,
0.),.UNSPECIFIED.);
#268=B_SPLINE_CURVE_WITH_KNOTS('',3,(#10794,#10795,#10796,#10797,#10798),
 .UNSPECIFIED.,.F.,.F.,(4,1,4),(-0.0855996275270735,-0.0475815906566353,
0.),.UNSPECIFIED.);
#269=B_SPLINE_CURVE_WITH_KNOTS('',3,(#10811,#10812,#10813,#10814,#10815),
 .UNSPECIFIED.,.F.,.F.,(4,1,4),(-0.0635872799290605,-0.0325588184733021,
0.),.UNSPECIFIED.);
#270=B_SPLINE_CURVE_WITH_KNOTS('',3,(#10828,#10829,#10830,#10831,#10832),
 .UNSPECIFIED.,.F.,.F.,(4,1,4),(-0.0497662567118597,-0.0233684920560067,
0.),.UNSPECIFIED.);
#271=B_SPLINE_CURVE_WITH_KNOTS('',3,(#10845,#10846,#10847,#10848,#10849),
 .UNSPECIFIED.,.F.,.F.,(4,1,4),(-0.110653468574026,-0.041492242517914,0.),
 .UNSPECIFIED.);
#272=B_SPLINE_CURVE_WITH_KNOTS('',3,(#10862,#10863,#10864,#10865,#10866),
 .UNSPECIFIED.,.F.,.F.,(4,1,4),(-0.303895127263271,-0.179317279215903,0.),
 .UNSPECIFIED.);
#273=B_SPLINE_CURVE_WITH_KNOTS('',3,(#10879,#10880,#10881,#10882,#10883),
 .UNSPECIFIED.,.F.,.F.,(4,1,4),(-0.170660953062433,-0.0907638443561479,
0.),.UNSPECIFIED.);
#274=B_SPLINE_CURVE_WITH_KNOTS('',3,(#10896,#10897,#10898,#10899,#10900),
 .UNSPECIFIED.,.F.,.F.,(4,1,4),(-0.154780249034693,-0.0762111329918322,
0.),.UNSPECIFIED.);
#275=B_SPLINE_CURVE_WITH_KNOTS('',3,(#10913,#10914,#10915,#10916,#10917),
 .UNSPECIFIED.,.F.,.F.,(4,1,4),(-0.18721343368668,-0.0933805399521943,0.),
 .UNSPECIFIED.);
#276=B_SPLINE_CURVE_WITH_KNOTS('',3,(#10930,#10931,#10932,#10933,#10934),
 .UNSPECIFIED.,.F.,.F.,(4,1,4),(-0.195167108816901,-0.0957137126706585,
0.),.UNSPECIFIED.);
#277=B_SPLINE_CURVE_WITH_KNOTS('',3,(#10947,#10948,#10949,#10950,#10951),
 .UNSPECIFIED.,.F.,.F.,(4,1,4),(-0.245696423270239,-0.11243862338748,0.),
 .UNSPECIFIED.);
#278=B_SPLINE_CURVE_WITH_KNOTS('',3,(#10964,#10965,#10966,#10967,#10968),
 .UNSPECIFIED.,.F.,.F.,(4,1,4),(-0.373232587327853,-0.217285695301374,0.),
 .UNSPECIFIED.);
#279=B_SPLINE_CURVE_WITH_KNOTS('',3,(#10980,#10981,#10982,#10983,#10984),
 .UNSPECIFIED.,.F.,.F.,(4,1,4),(-0.277795789389537,-0.135475532389211,0.),
 .UNSPECIFIED.);
#280=FACE_BOUND('',#859,.T.);
#281=FACE_BOUND('',#872,.T.);
#282=FACE_BOUND('',#913,.T.);
#283=FACE_BOUND('',#926,.T.);
#284=FACE_BOUND('',#928,.T.);
#285=FACE_BOUND('',#957,.T.);
#286=FACE_BOUND('',#969,.T.);
#287=FACE_BOUND('',#982,.T.);
#288=STYLED_ITEM('',(#11006),#322);
#289=STYLED_ITEM('',(#11006),#323);
#290=STYLED_ITEM('',(#11006),#324);
#291=STYLED_ITEM('',(#11007),#325);
#292=STYLED_ITEM('',(#11006),#326);
#293=STYLED_ITEM('',(#11006),#327);
#294=STYLED_ITEM('',(#11006),#328);
#295=STYLED_ITEM('',(#11006),#329);
#296=STYLED_ITEM('',(#11006),#330);
#297=STYLED_ITEM('',(#11006),#331);
#298=STYLED_ITEM('',(#11006),#332);
#299=STYLED_ITEM('',(#11008),#333);
#300=STYLED_ITEM('',(#11008),#334);
#301=STYLED_ITEM('',(#11008),#335);
#302=STYLED_ITEM('',(#11008),#336);
#303=STYLED_ITEM('',(#11008),#337);
#304=STYLED_ITEM('',(#11008),#338);
#305=STYLED_ITEM('',(#11009),#339);
#306=STYLED_ITEM('',(#11009),#340);
#307=STYLED_ITEM('',(#11009),#341);
#308=STYLED_ITEM('',(#11009),#342);
#309=STYLED_ITEM('',(#11009),#343);
#310=STYLED_ITEM('',(#11009),#344);
#311=STYLED_ITEM('',(#11009),#345);
#312=STYLED_ITEM('',(#11009),#346);
#313=STYLED_ITEM('',(#11009),#347);
#314=STYLED_ITEM('',(#11009),#348);
#315=STYLED_ITEM('',(#11009),#349);
#316=STYLED_ITEM('',(#11009),#350);
#317=STYLED_ITEM('',(#11009),#351);
#318=STYLED_ITEM('',(#11009),#352);
#319=STYLED_ITEM('',(#11009),#353);
#320=STYLED_ITEM('',(#11009),#354);
#321=STYLED_ITEM('',(#11009),#355);
#322=MANIFOLD_SOLID_BREP('\X2\0411043E043A\X0\ \X2\043B04350432044B0439\X0\',
#6176);
#323=MANIFOLD_SOLID_BREP('\X2\0411043E043A\X0\ \X2\043F044004300432044B0439\X0\',
#6177);
#324=MANIFOLD_SOLID_BREP('\X2\0414043D043E\X0\',#6178);
#325=MANIFOLD_SOLID_BREP('\X2\041704300434043D0438043A\X0\',#6179);
#326=MANIFOLD_SOLID_BREP('\X2\041F043E043B043A0430\X0\ \X2\0432043504400445043D044F044F\X0\',
#6180);
#327=MANIFOLD_SOLID_BREP('\X2\041B043E0442043E043A\X0\ 1 \X2\2014\X0\ 
\X2\0434043D043E\X0\',#6181);
#328=MANIFOLD_SOLID_BREP('\X2\041B043E0442043E043A\X0\ 1 \X2\2014\X0\ 
\X2\0431043E044004420438043A\X0\',#6182);
#329=MANIFOLD_SOLID_BREP('\X2\041B043E0442043E043A\X0\ 2 \X2\2014\X0\ 
\X2\0434043D043E\X0\',#6183);
#330=MANIFOLD_SOLID_BREP('\X2\041B043E0442043E043A\X0\ 2 \X2\2014\X0\ 
\X2\0431043E044004420438043A\X0\',#6184);
#331=MANIFOLD_SOLID_BREP('\X2\041B043E0442043E043A\X0\ 3 \X2\2014\X0\ 
\X2\0434043D043E\X0\',#6185);
#332=MANIFOLD_SOLID_BREP('\X2\041B043E0442043E043A\X0\ 3 \X2\2014\X0\ 
\X2\0431043E044004420438043A\X0\',#6186);
#333=MANIFOLD_SOLID_BREP('\X2\041F0435044004350433043E0440043E0434043A0430\X0\ 
1.1',#6187);
#334=MANIFOLD_SOLID_BREP('\X2\041F0435044004350433043E0440043E0434043A0430\X0\ 
1.2',#6188);
#335=MANIFOLD_SOLID_BREP('\X2\041F0435044004350433043E0440043E0434043A0430\X0\ 
2.1',#6189);
#336=MANIFOLD_SOLID_BREP('\X2\041F0435044004350433043E0440043E0434043A0430\X0\ 
2.2',#6190);
#337=MANIFOLD_SOLID_BREP('\X2\041F0435044004350433043E0440043E0434043A0430\X0\ 
3.1',#6191);
#338=MANIFOLD_SOLID_BREP('\X2\041F0435044004350433043E0440043E0434043A0430\X0\ 
3.2',#6192);
#339=MANIFOLD_SOLID_BREP('\X2\041F043B0430043D043A0430\X0\ 1',#6193);
#340=MANIFOLD_SOLID_BREP('\X2\041F043B0430043D043A0430\X0\ 2',#6194);
#341=MANIFOLD_SOLID_BREP('\X2\041F043B0430043D043A0430\X0\ 3',#6195);
#342=MANIFOLD_SOLID_BREP('\X2\041B043E0433043E04420438043F\X0\',#6196);
#343=MANIFOLD_SOLID_BREP('\X2\041B043E0433043E04420438043F\X0\ (1)',#6197);
#344=MANIFOLD_SOLID_BREP('\X2\041B043E0433043E04420438043F\X0\ (2)',#6198);
#345=MANIFOLD_SOLID_BREP('\X2\041B043E0433043E04420438043F\X0\ (3)',#6199);
#346=MANIFOLD_SOLID_BREP('\X2\041B043E0433043E04420438043F\X0\ (4)',#6200);
#347=MANIFOLD_SOLID_BREP('\X2\041B043E0433043E04420438043F\X0\ (5)',#6201);
#348=MANIFOLD_SOLID_BREP('\X2\041B043E0433043E04420438043F\X0\ (6)',#6202);
#349=MANIFOLD_SOLID_BREP('\X2\041B043E0433043E04420438043F\X0\ (7)',#6203);
#350=MANIFOLD_SOLID_BREP('\X2\041B043E0433043E04420438043F\X0\ (8)',#6204);
#351=MANIFOLD_SOLID_BREP('\X2\041B043E0433043E04420438043F\X0\ (9)',#6205);
#352=MANIFOLD_SOLID_BREP('\X2\041B043E0433043E04420438043F\X0\ (10)',#6206);
#353=MANIFOLD_SOLID_BREP('\X2\041B043E0433043E04420438043F\X0\ (11)',#6207);
#354=MANIFOLD_SOLID_BREP('\X2\041B043E0433043E04420438043F\X0\ (12)',#6208);
#355=MANIFOLD_SOLID_BREP('\X2\041B043E0433043E04420438043F\X0\ (13)',#6209);
#356=FACE_OUTER_BOUND('',#709,.T.);
#357=FACE_OUTER_BOUND('',#710,.T.);
#358=FACE_OUTER_BOUND('',#711,.T.);
#359=FACE_OUTER_BOUND('',#712,.T.);
#360=FACE_OUTER_BOUND('',#713,.T.);
#361=FACE_OUTER_BOUND('',#714,.T.);
#362=FACE_OUTER_BOUND('',#715,.T.);
#363=FACE_OUTER_BOUND('',#716,.T.);
#364=FACE_OUTER_BOUND('',#717,.T.);
#365=FACE_OUTER_BOUND('',#718,.T.);
#366=FACE_OUTER_BOUND('',#719,.T.);
#367=FACE_OUTER_BOUND('',#720,.T.);
#368=FACE_OUTER_BOUND('',#721,.T.);
#369=FACE_OUTER_BOUND('',#722,.T.);
#370=FACE_OUTER_BOUND('',#723,.T.);
#371=FACE_OUTER_BOUND('',#724,.T.);
#372=FACE_OUTER_BOUND('',#725,.T.);
#373=FACE_OUTER_BOUND('',#726,.T.);
#374=FACE_OUTER_BOUND('',#727,.T.);
#375=FACE_OUTER_BOUND('',#728,.T.);
#376=FACE_OUTER_BOUND('',#729,.T.);
#377=FACE_OUTER_BOUND('',#730,.T.);
#378=FACE_OUTER_BOUND('',#731,.T.);
#379=FACE_OUTER_BOUND('',#732,.T.);
#380=FACE_OUTER_BOUND('',#733,.T.);
#381=FACE_OUTER_BOUND('',#734,.T.);
#382=FACE_OUTER_BOUND('',#735,.T.);
#383=FACE_OUTER_BOUND('',#736,.T.);
#384=FACE_OUTER_BOUND('',#737,.T.);
#385=FACE_OUTER_BOUND('',#738,.T.);
#386=FACE_OUTER_BOUND('',#739,.T.);
#387=FACE_OUTER_BOUND('',#740,.T.);
#388=FACE_OUTER_BOUND('',#741,.T.);
#389=FACE_OUTER_BOUND('',#742,.T.);
#390=FACE_OUTER_BOUND('',#743,.T.);
#391=FACE_OUTER_BOUND('',#744,.T.);
#392=FACE_OUTER_BOUND('',#745,.T.);
#393=FACE_OUTER_BOUND('',#746,.T.);
#394=FACE_OUTER_BOUND('',#747,.T.);
#395=FACE_OUTER_BOUND('',#748,.T.);
#396=FACE_OUTER_BOUND('',#749,.T.);
#397=FACE_OUTER_BOUND('',#750,.T.);
#398=FACE_OUTER_BOUND('',#751,.T.);
#399=FACE_OUTER_BOUND('',#752,.T.);
#400=FACE_OUTER_BOUND('',#753,.T.);
#401=FACE_OUTER_BOUND('',#754,.T.);
#402=FACE_OUTER_BOUND('',#755,.T.);
#403=FACE_OUTER_BOUND('',#756,.T.);
#404=FACE_OUTER_BOUND('',#757,.T.);
#405=FACE_OUTER_BOUND('',#758,.T.);
#406=FACE_OUTER_BOUND('',#759,.T.);
#407=FACE_OUTER_BOUND('',#760,.T.);
#408=FACE_OUTER_BOUND('',#761,.T.);
#409=FACE_OUTER_BOUND('',#762,.T.);
#410=FACE_OUTER_BOUND('',#763,.T.);
#411=FACE_OUTER_BOUND('',#764,.T.);
#412=FACE_OUTER_BOUND('',#765,.T.);
#413=FACE_OUTER_BOUND('',#766,.T.);
#414=FACE_OUTER_BOUND('',#767,.T.);
#415=FACE_OUTER_BOUND('',#768,.T.);
#416=FACE_OUTER_BOUND('',#769,.T.);
#417=FACE_OUTER_BOUND('',#770,.T.);
#418=FACE_OUTER_BOUND('',#771,.T.);
#419=FACE_OUTER_BOUND('',#772,.T.);
#420=FACE_OUTER_BOUND('',#773,.T.);
#421=FACE_OUTER_BOUND('',#774,.T.);
#422=FACE_OUTER_BOUND('',#775,.T.);
#423=FACE_OUTER_BOUND('',#776,.T.);
#424=FACE_OUTER_BOUND('',#777,.T.);
#425=FACE_OUTER_BOUND('',#778,.T.);
#426=FACE_OUTER_BOUND('',#779,.T.);
#427=FACE_OUTER_BOUND('',#780,.T.);
#428=FACE_OUTER_BOUND('',#781,.T.);
#429=FACE_OUTER_BOUND('',#782,.T.);
#430=FACE_OUTER_BOUND('',#783,.T.);
#431=FACE_OUTER_BOUND('',#784,.T.);
#432=FACE_OUTER_BOUND('',#785,.T.);
#433=FACE_OUTER_BOUND('',#786,.T.);
#434=FACE_OUTER_BOUND('',#787,.T.);
#435=FACE_OUTER_BOUND('',#788,.T.);
#436=FACE_OUTER_BOUND('',#789,.T.);
#437=FACE_OUTER_BOUND('',#790,.T.);
#438=FACE_OUTER_BOUND('',#791,.T.);
#439=FACE_OUTER_BOUND('',#792,.T.);
#440=FACE_OUTER_BOUND('',#793,.T.);
#441=FACE_OUTER_BOUND('',#794,.T.);
#442=FACE_OUTER_BOUND('',#795,.T.);
#443=FACE_OUTER_BOUND('',#796,.T.);
#444=FACE_OUTER_BOUND('',#797,.T.);
#445=FACE_OUTER_BOUND('',#798,.T.);
#446=FACE_OUTER_BOUND('',#799,.T.);
#447=FACE_OUTER_BOUND('',#800,.T.);
#448=FACE_OUTER_BOUND('',#801,.T.);
#449=FACE_OUTER_BOUND('',#802,.T.);
#450=FACE_OUTER_BOUND('',#803,.T.);
#451=FACE_OUTER_BOUND('',#804,.T.);
#452=FACE_OUTER_BOUND('',#805,.T.);
#453=FACE_OUTER_BOUND('',#806,.T.);
#454=FACE_OUTER_BOUND('',#807,.T.);
#455=FACE_OUTER_BOUND('',#808,.T.);
#456=FACE_OUTER_BOUND('',#809,.T.);
#457=FACE_OUTER_BOUND('',#810,.T.);
#458=FACE_OUTER_BOUND('',#811,.T.);
#459=FACE_OUTER_BOUND('',#812,.T.);
#460=FACE_OUTER_BOUND('',#813,.T.);
#461=FACE_OUTER_BOUND('',#814,.T.);
#462=FACE_OUTER_BOUND('',#815,.T.);
#463=FACE_OUTER_BOUND('',#816,.T.);
#464=FACE_OUTER_BOUND('',#817,.T.);
#465=FACE_OUTER_BOUND('',#818,.T.);
#466=FACE_OUTER_BOUND('',#819,.T.);
#467=FACE_OUTER_BOUND('',#820,.T.);
#468=FACE_OUTER_BOUND('',#821,.T.);
#469=FACE_OUTER_BOUND('',#822,.T.);
#470=FACE_OUTER_BOUND('',#823,.T.);
#471=FACE_OUTER_BOUND('',#824,.T.);
#472=FACE_OUTER_BOUND('',#825,.T.);
#473=FACE_OUTER_BOUND('',#826,.T.);
#474=FACE_OUTER_BOUND('',#827,.T.);
#475=FACE_OUTER_BOUND('',#828,.T.);
#476=FACE_OUTER_BOUND('',#829,.T.);
#477=FACE_OUTER_BOUND('',#830,.T.);
#478=FACE_OUTER_BOUND('',#831,.T.);
#479=FACE_OUTER_BOUND('',#832,.T.);
#480=FACE_OUTER_BOUND('',#833,.T.);
#481=FACE_OUTER_BOUND('',#834,.T.);
#482=FACE_OUTER_BOUND('',#835,.T.);
#483=FACE_OUTER_BOUND('',#836,.T.);
#484=FACE_OUTER_BOUND('',#837,.T.);
#485=FACE_OUTER_BOUND('',#838,.T.);
#486=FACE_OUTER_BOUND('',#839,.T.);
#487=FACE_OUTER_BOUND('',#840,.T.);
#488=FACE_OUTER_BOUND('',#841,.T.);
#489=FACE_OUTER_BOUND('',#842,.T.);
#490=FACE_OUTER_BOUND('',#843,.T.);
#491=FACE_OUTER_BOUND('',#844,.T.);
#492=FACE_OUTER_BOUND('',#845,.T.);
#493=FACE_OUTER_BOUND('',#846,.T.);
#494=FACE_OUTER_BOUND('',#847,.T.);
#495=FACE_OUTER_BOUND('',#848,.T.);
#496=FACE_OUTER_BOUND('',#849,.T.);
#497=FACE_OUTER_BOUND('',#850,.T.);
#498=FACE_OUTER_BOUND('',#851,.T.);
#499=FACE_OUTER_BOUND('',#852,.T.);
#500=FACE_OUTER_BOUND('',#853,.T.);
#501=FACE_OUTER_BOUND('',#854,.T.);
#502=FACE_OUTER_BOUND('',#855,.T.);
#503=FACE_OUTER_BOUND('',#856,.T.);
#504=FACE_OUTER_BOUND('',#857,.T.);
#505=FACE_OUTER_BOUND('',#858,.T.);
#506=FACE_OUTER_BOUND('',#860,.T.);
#507=FACE_OUTER_BOUND('',#861,.T.);
#508=FACE_OUTER_BOUND('',#862,.T.);
#509=FACE_OUTER_BOUND('',#863,.T.);
#510=FACE_OUTER_BOUND('',#864,.T.);
#511=FACE_OUTER_BOUND('',#865,.T.);
#512=FACE_OUTER_BOUND('',#866,.T.);
#513=FACE_OUTER_BOUND('',#867,.T.);
#514=FACE_OUTER_BOUND('',#868,.T.);
#515=FACE_OUTER_BOUND('',#869,.T.);
#516=FACE_OUTER_BOUND('',#870,.T.);
#517=FACE_OUTER_BOUND('',#871,.T.);
#518=FACE_OUTER_BOUND('',#873,.T.);
#519=FACE_OUTER_BOUND('',#874,.T.);
#520=FACE_OUTER_BOUND('',#875,.T.);
#521=FACE_OUTER_BOUND('',#876,.T.);
#522=FACE_OUTER_BOUND('',#877,.T.);
#523=FACE_OUTER_BOUND('',#878,.T.);
#524=FACE_OUTER_BOUND('',#879,.T.);
#525=FACE_OUTER_BOUND('',#880,.T.);
#526=FACE_OUTER_BOUND('',#881,.T.);
#527=FACE_OUTER_BOUND('',#882,.T.);
#528=FACE_OUTER_BOUND('',#883,.T.);
#529=FACE_OUTER_BOUND('',#884,.T.);
#530=FACE_OUTER_BOUND('',#885,.T.);
#531=FACE_OUTER_BOUND('',#886,.T.);
#532=FACE_OUTER_BOUND('',#887,.T.);
#533=FACE_OUTER_BOUND('',#888,.T.);
#534=FACE_OUTER_BOUND('',#889,.T.);
#535=FACE_OUTER_BOUND('',#890,.T.);
#536=FACE_OUTER_BOUND('',#891,.T.);
#537=FACE_OUTER_BOUND('',#892,.T.);
#538=FACE_OUTER_BOUND('',#893,.T.);
#539=FACE_OUTER_BOUND('',#894,.T.);
#540=FACE_OUTER_BOUND('',#895,.T.);
#541=FACE_OUTER_BOUND('',#896,.T.);
#542=FACE_OUTER_BOUND('',#897,.T.);
#543=FACE_OUTER_BOUND('',#898,.T.);
#544=FACE_OUTER_BOUND('',#899,.T.);
#545=FACE_OUTER_BOUND('',#900,.T.);
#546=FACE_OUTER_BOUND('',#901,.T.);
#547=FACE_OUTER_BOUND('',#902,.T.);
#548=FACE_OUTER_BOUND('',#903,.T.);
#549=FACE_OUTER_BOUND('',#904,.T.);
#550=FACE_OUTER_BOUND('',#905,.T.);
#551=FACE_OUTER_BOUND('',#906,.T.);
#552=FACE_OUTER_BOUND('',#907,.T.);
#553=FACE_OUTER_BOUND('',#908,.T.);
#554=FACE_OUTER_BOUND('',#909,.T.);
#555=FACE_OUTER_BOUND('',#910,.T.);
#556=FACE_OUTER_BOUND('',#911,.T.);
#557=FACE_OUTER_BOUND('',#912,.T.);
#558=FACE_OUTER_BOUND('',#914,.T.);
#559=FACE_OUTER_BOUND('',#915,.T.);
#560=FACE_OUTER_BOUND('',#916,.T.);
#561=FACE_OUTER_BOUND('',#917,.T.);
#562=FACE_OUTER_BOUND('',#918,.T.);
#563=FACE_OUTER_BOUND('',#919,.T.);
#564=FACE_OUTER_BOUND('',#920,.T.);
#565=FACE_OUTER_BOUND('',#921,.T.);
#566=FACE_OUTER_BOUND('',#922,.T.);
#567=FACE_OUTER_BOUND('',#923,.T.);
#568=FACE_OUTER_BOUND('',#924,.T.);
#569=FACE_OUTER_BOUND('',#925,.T.);
#570=FACE_OUTER_BOUND('',#927,.T.);
#571=FACE_OUTER_BOUND('',#929,.T.);
#572=FACE_OUTER_BOUND('',#930,.T.);
#573=FACE_OUTER_BOUND('',#931,.T.);
#574=FACE_OUTER_BOUND('',#932,.T.);
#575=FACE_OUTER_BOUND('',#933,.T.);
#576=FACE_OUTER_BOUND('',#934,.T.);
#577=FACE_OUTER_BOUND('',#935,.T.);
#578=FACE_OUTER_BOUND('',#936,.T.);
#579=FACE_OUTER_BOUND('',#937,.T.);
#580=FACE_OUTER_BOUND('',#938,.T.);
#581=FACE_OUTER_BOUND('',#939,.T.);
#582=FACE_OUTER_BOUND('',#940,.T.);
#583=FACE_OUTER_BOUND('',#941,.T.);
#584=FACE_OUTER_BOUND('',#942,.T.);
#585=FACE_OUTER_BOUND('',#943,.T.);
#586=FACE_OUTER_BOUND('',#944,.T.);
#587=FACE_OUTER_BOUND('',#945,.T.);
#588=FACE_OUTER_BOUND('',#946,.T.);
#589=FACE_OUTER_BOUND('',#947,.T.);
#590=FACE_OUTER_BOUND('',#948,.T.);
#591=FACE_OUTER_BOUND('',#949,.T.);
#592=FACE_OUTER_BOUND('',#950,.T.);
#593=FACE_OUTER_BOUND('',#951,.T.);
#594=FACE_OUTER_BOUND('',#952,.T.);
#595=FACE_OUTER_BOUND('',#953,.T.);
#596=FACE_OUTER_BOUND('',#954,.T.);
#597=FACE_OUTER_BOUND('',#955,.T.);
#598=FACE_OUTER_BOUND('',#956,.T.);
#599=FACE_OUTER_BOUND('',#958,.T.);
#600=FACE_OUTER_BOUND('',#959,.T.);
#601=FACE_OUTER_BOUND('',#960,.T.);
#602=FACE_OUTER_BOUND('',#961,.T.);
#603=FACE_OUTER_BOUND('',#962,.T.);
#604=FACE_OUTER_BOUND('',#963,.T.);
#605=FACE_OUTER_BOUND('',#964,.T.);
#606=FACE_OUTER_BOUND('',#965,.T.);
#607=FACE_OUTER_BOUND('',#966,.T.);
#608=FACE_OUTER_BOUND('',#967,.T.);
#609=FACE_OUTER_BOUND('',#968,.T.);
#610=FACE_OUTER_BOUND('',#970,.T.);
#611=FACE_OUTER_BOUND('',#971,.T.);
#612=FACE_OUTER_BOUND('',#972,.T.);
#613=FACE_OUTER_BOUND('',#973,.T.);
#614=FACE_OUTER_BOUND('',#974,.T.);
#615=FACE_OUTER_BOUND('',#975,.T.);
#616=FACE_OUTER_BOUND('',#976,.T.);
#617=FACE_OUTER_BOUND('',#977,.T.);
#618=FACE_OUTER_BOUND('',#978,.T.);
#619=FACE_OUTER_BOUND('',#979,.T.);
#620=FACE_OUTER_BOUND('',#980,.T.);
#621=FACE_OUTER_BOUND('',#981,.T.);
#622=FACE_OUTER_BOUND('',#983,.T.);
#623=FACE_OUTER_BOUND('',#984,.T.);
#624=FACE_OUTER_BOUND('',#985,.T.);
#625=FACE_OUTER_BOUND('',#986,.T.);
#626=FACE_OUTER_BOUND('',#987,.T.);
#627=FACE_OUTER_BOUND('',#988,.T.);
#628=FACE_OUTER_BOUND('',#989,.T.);
#629=FACE_OUTER_BOUND('',#990,.T.);
#630=FACE_OUTER_BOUND('',#991,.T.);
#631=FACE_OUTER_BOUND('',#992,.T.);
#632=FACE_OUTER_BOUND('',#993,.T.);
#633=FACE_OUTER_BOUND('',#994,.T.);
#634=FACE_OUTER_BOUND('',#995,.T.);
#635=FACE_OUTER_BOUND('',#996,.T.);
#636=FACE_OUTER_BOUND('',#997,.T.);
#637=FACE_OUTER_BOUND('',#998,.T.);
#638=FACE_OUTER_BOUND('',#999,.T.);
#639=FACE_OUTER_BOUND('',#1000,.T.);
#640=FACE_OUTER_BOUND('',#1001,.T.);
#641=FACE_OUTER_BOUND('',#1002,.T.);
#642=FACE_OUTER_BOUND('',#1003,.T.);
#643=FACE_OUTER_BOUND('',#1004,.T.);
#644=FACE_OUTER_BOUND('',#1005,.T.);
#645=FACE_OUTER_BOUND('',#1006,.T.);
#646=FACE_OUTER_BOUND('',#1007,.T.);
#647=FACE_OUTER_BOUND('',#1008,.T.);
#648=FACE_OUTER_BOUND('',#1009,.T.);
#649=FACE_OUTER_BOUND('',#1010,.T.);
#650=FACE_OUTER_BOUND('',#1011,.T.);
#651=FACE_OUTER_BOUND('',#1012,.T.);
#652=FACE_OUTER_BOUND('',#1013,.T.);
#653=FACE_OUTER_BOUND('',#1014,.T.);
#654=FACE_OUTER_BOUND('',#1015,.T.);
#655=FACE_OUTER_BOUND('',#1016,.T.);
#656=FACE_OUTER_BOUND('',#1017,.T.);
#657=FACE_OUTER_BOUND('',#1018,.T.);
#658=FACE_OUTER_BOUND('',#1019,.T.);
#659=FACE_OUTER_BOUND('',#1020,.T.);
#660=FACE_OUTER_BOUND('',#1021,.T.);
#661=FACE_OUTER_BOUND('',#1022,.T.);
#662=FACE_OUTER_BOUND('',#1023,.T.);
#663=FACE_OUTER_BOUND('',#1024,.T.);
#664=FACE_OUTER_BOUND('',#1025,.T.);
#665=FACE_OUTER_BOUND('',#1026,.T.);
#666=FACE_OUTER_BOUND('',#1027,.T.);
#667=FACE_OUTER_BOUND('',#1028,.T.);
#668=FACE_OUTER_BOUND('',#1029,.T.);
#669=FACE_OUTER_BOUND('',#1030,.T.);
#670=FACE_OUTER_BOUND('',#1031,.T.);
#671=FACE_OUTER_BOUND('',#1032,.T.);
#672=FACE_OUTER_BOUND('',#1033,.T.);
#673=FACE_OUTER_BOUND('',#1034,.T.);
#674=FACE_OUTER_BOUND('',#1035,.T.);
#675=FACE_OUTER_BOUND('',#1036,.T.);
#676=FACE_OUTER_BOUND('',#1037,.T.);
#677=FACE_OUTER_BOUND('',#1038,.T.);
#678=FACE_OUTER_BOUND('',#1039,.T.);
#679=FACE_OUTER_BOUND('',#1040,.T.);
#680=FACE_OUTER_BOUND('',#1041,.T.);
#681=FACE_OUTER_BOUND('',#1042,.T.);
#682=FACE_OUTER_BOUND('',#1043,.T.);
#683=FACE_OUTER_BOUND('',#1044,.T.);
#684=FACE_OUTER_BOUND('',#1045,.T.);
#685=FACE_OUTER_BOUND('',#1046,.T.);
#686=FACE_OUTER_BOUND('',#1047,.T.);
#687=FACE_OUTER_BOUND('',#1048,.T.);
#688=FACE_OUTER_BOUND('',#1049,.T.);
#689=FACE_OUTER_BOUND('',#1050,.T.);
#690=FACE_OUTER_BOUND('',#1051,.T.);
#691=FACE_OUTER_BOUND('',#1052,.T.);
#692=FACE_OUTER_BOUND('',#1053,.T.);
#693=FACE_OUTER_BOUND('',#1054,.T.);
#694=FACE_OUTER_BOUND('',#1055,.T.);
#695=FACE_OUTER_BOUND('',#1056,.T.);
#696=FACE_OUTER_BOUND('',#1057,.T.);
#697=FACE_OUTER_BOUND('',#1058,.T.);
#698=FACE_OUTER_BOUND('',#1059,.T.);
#699=FACE_OUTER_BOUND('',#1060,.T.);
#700=FACE_OUTER_BOUND('',#1061,.T.);
#701=FACE_OUTER_BOUND('',#1062,.T.);
#702=FACE_OUTER_BOUND('',#1063,.T.);
#703=FACE_OUTER_BOUND('',#1064,.T.);
#704=FACE_OUTER_BOUND('',#1065,.T.);
#705=FACE_OUTER_BOUND('',#1066,.T.);
#706=FACE_OUTER_BOUND('',#1067,.T.);
#707=FACE_OUTER_BOUND('',#1068,.T.);
#708=FACE_OUTER_BOUND('',#1069,.T.);
#709=EDGE_LOOP('',(#3849,#3850,#3851,#3852));
#710=EDGE_LOOP('',(#3853,#3854,#3855,#3856));
#711=EDGE_LOOP('',(#3857,#3858,#3859,#3860));
#712=EDGE_LOOP('',(#3861,#3862,#3863,#3864));
#713=EDGE_LOOP('',(#3865,#3866,#3867,#3868));
#714=EDGE_LOOP('',(#3869,#3870,#3871,#3872));
#715=EDGE_LOOP('',(#3873,#3874,#3875,#3876));
#716=EDGE_LOOP('',(#3877,#3878,#3879,#3880));
#717=EDGE_LOOP('',(#3881,#3882,#3883,#3884));
#718=EDGE_LOOP('',(#3885,#3886,#3887,#3888));
#719=EDGE_LOOP('',(#3889,#3890,#3891,#3892));
#720=EDGE_LOOP('',(#3893,#3894,#3895,#3896));
#721=EDGE_LOOP('',(#3897,#3898,#3899,#3900));
#722=EDGE_LOOP('',(#3901,#3902,#3903,#3904));
#723=EDGE_LOOP('',(#3905,#3906,#3907,#3908));
#724=EDGE_LOOP('',(#3909,#3910,#3911,#3912));
#725=EDGE_LOOP('',(#3913,#3914,#3915,#3916));
#726=EDGE_LOOP('',(#3917,#3918,#3919,#3920));
#727=EDGE_LOOP('',(#3921,#3922,#3923,#3924));
#728=EDGE_LOOP('',(#3925,#3926,#3927,#3928));
#729=EDGE_LOOP('',(#3929,#3930,#3931,#3932));
#730=EDGE_LOOP('',(#3933,#3934,#3935,#3936));
#731=EDGE_LOOP('',(#3937,#3938,#3939,#3940));
#732=EDGE_LOOP('',(#3941,#3942,#3943,#3944));
#733=EDGE_LOOP('',(#3945,#3946,#3947,#3948));
#734=EDGE_LOOP('',(#3949,#3950,#3951,#3952));
#735=EDGE_LOOP('',(#3953,#3954,#3955,#3956));
#736=EDGE_LOOP('',(#3957,#3958,#3959,#3960));
#737=EDGE_LOOP('',(#3961,#3962,#3963,#3964));
#738=EDGE_LOOP('',(#3965,#3966,#3967,#3968));
#739=EDGE_LOOP('',(#3969,#3970,#3971,#3972));
#740=EDGE_LOOP('',(#3973,#3974,#3975,#3976));
#741=EDGE_LOOP('',(#3977,#3978,#3979,#3980));
#742=EDGE_LOOP('',(#3981,#3982,#3983,#3984));
#743=EDGE_LOOP('',(#3985,#3986,#3987,#3988));
#744=EDGE_LOOP('',(#3989,#3990,#3991,#3992));
#745=EDGE_LOOP('',(#3993,#3994,#3995,#3996));
#746=EDGE_LOOP('',(#3997,#3998,#3999,#4000));
#747=EDGE_LOOP('',(#4001,#4002,#4003,#4004));
#748=EDGE_LOOP('',(#4005,#4006,#4007,#4008));
#749=EDGE_LOOP('',(#4009,#4010,#4011,#4012));
#750=EDGE_LOOP('',(#4013,#4014,#4015,#4016));
#751=EDGE_LOOP('',(#4017,#4018,#4019,#4020));
#752=EDGE_LOOP('',(#4021,#4022,#4023,#4024));
#753=EDGE_LOOP('',(#4025,#4026,#4027,#4028));
#754=EDGE_LOOP('',(#4029,#4030,#4031,#4032));
#755=EDGE_LOOP('',(#4033,#4034,#4035,#4036));
#756=EDGE_LOOP('',(#4037,#4038,#4039,#4040));
#757=EDGE_LOOP('',(#4041,#4042,#4043,#4044));
#758=EDGE_LOOP('',(#4045,#4046,#4047,#4048));
#759=EDGE_LOOP('',(#4049,#4050,#4051,#4052));
#760=EDGE_LOOP('',(#4053,#4054,#4055,#4056));
#761=EDGE_LOOP('',(#4057,#4058,#4059,#4060));
#762=EDGE_LOOP('',(#4061,#4062,#4063,#4064));
#763=EDGE_LOOP('',(#4065,#4066,#4067,#4068));
#764=EDGE_LOOP('',(#4069,#4070,#4071,#4072));
#765=EDGE_LOOP('',(#4073,#4074,#4075,#4076));
#766=EDGE_LOOP('',(#4077,#4078,#4079,#4080));
#767=EDGE_LOOP('',(#4081,#4082,#4083,#4084));
#768=EDGE_LOOP('',(#4085,#4086,#4087,#4088));
#769=EDGE_LOOP('',(#4089,#4090,#4091,#4092));
#770=EDGE_LOOP('',(#4093,#4094,#4095,#4096));
#771=EDGE_LOOP('',(#4097,#4098,#4099,#4100));
#772=EDGE_LOOP('',(#4101,#4102,#4103,#4104));
#773=EDGE_LOOP('',(#4105,#4106,#4107,#4108));
#774=EDGE_LOOP('',(#4109,#4110,#4111,#4112));
#775=EDGE_LOOP('',(#4113,#4114,#4115,#4116));
#776=EDGE_LOOP('',(#4117,#4118,#4119,#4120));
#777=EDGE_LOOP('',(#4121,#4122,#4123,#4124));
#778=EDGE_LOOP('',(#4125,#4126,#4127,#4128));
#779=EDGE_LOOP('',(#4129,#4130,#4131,#4132));
#780=EDGE_LOOP('',(#4133,#4134,#4135,#4136));
#781=EDGE_LOOP('',(#4137,#4138,#4139,#4140));
#782=EDGE_LOOP('',(#4141,#4142,#4143,#4144));
#783=EDGE_LOOP('',(#4145,#4146,#4147,#4148));
#784=EDGE_LOOP('',(#4149,#4150,#4151,#4152));
#785=EDGE_LOOP('',(#4153,#4154,#4155,#4156));
#786=EDGE_LOOP('',(#4157,#4158,#4159,#4160));
#787=EDGE_LOOP('',(#4161,#4162,#4163,#4164));
#788=EDGE_LOOP('',(#4165,#4166,#4167,#4168));
#789=EDGE_LOOP('',(#4169,#4170,#4171,#4172));
#790=EDGE_LOOP('',(#4173,#4174,#4175,#4176));
#791=EDGE_LOOP('',(#4177,#4178,#4179,#4180));
#792=EDGE_LOOP('',(#4181,#4182,#4183,#4184));
#793=EDGE_LOOP('',(#4185,#4186,#4187,#4188));
#794=EDGE_LOOP('',(#4189,#4190,#4191,#4192));
#795=EDGE_LOOP('',(#4193,#4194,#4195,#4196));
#796=EDGE_LOOP('',(#4197,#4198,#4199,#4200));
#797=EDGE_LOOP('',(#4201,#4202,#4203,#4204));
#798=EDGE_LOOP('',(#4205,#4206,#4207,#4208));
#799=EDGE_LOOP('',(#4209,#4210,#4211,#4212));
#800=EDGE_LOOP('',(#4213,#4214,#4215,#4216));
#801=EDGE_LOOP('',(#4217,#4218,#4219,#4220));
#802=EDGE_LOOP('',(#4221,#4222,#4223,#4224));
#803=EDGE_LOOP('',(#4225,#4226,#4227,#4228));
#804=EDGE_LOOP('',(#4229,#4230,#4231,#4232));
#805=EDGE_LOOP('',(#4233,#4234,#4235,#4236));
#806=EDGE_LOOP('',(#4237,#4238,#4239,#4240));
#807=EDGE_LOOP('',(#4241,#4242,#4243,#4244));
#808=EDGE_LOOP('',(#4245,#4246,#4247,#4248));
#809=EDGE_LOOP('',(#4249,#4250,#4251,#4252));
#810=EDGE_LOOP('',(#4253,#4254,#4255,#4256));
#811=EDGE_LOOP('',(#4257,#4258,#4259,#4260));
#812=EDGE_LOOP('',(#4261,#4262,#4263,#4264));
#813=EDGE_LOOP('',(#4265,#4266,#4267,#4268));
#814=EDGE_LOOP('',(#4269,#4270,#4271,#4272));
#815=EDGE_LOOP('',(#4273,#4274,#4275,#4276));
#816=EDGE_LOOP('',(#4277,#4278,#4279,#4280));
#817=EDGE_LOOP('',(#4281,#4282,#4283,#4284));
#818=EDGE_LOOP('',(#4285,#4286,#4287,#4288));
#819=EDGE_LOOP('',(#4289,#4290,#4291,#4292));
#820=EDGE_LOOP('',(#4293,#4294,#4295,#4296));
#821=EDGE_LOOP('',(#4297,#4298,#4299,#4300));
#822=EDGE_LOOP('',(#4301,#4302,#4303,#4304));
#823=EDGE_LOOP('',(#4305,#4306,#4307,#4308));
#824=EDGE_LOOP('',(#4309,#4310,#4311,#4312));
#825=EDGE_LOOP('',(#4313,#4314,#4315,#4316));
#826=EDGE_LOOP('',(#4317,#4318,#4319,#4320));
#827=EDGE_LOOP('',(#4321,#4322,#4323,#4324));
#828=EDGE_LOOP('',(#4325,#4326,#4327,#4328));
#829=EDGE_LOOP('',(#4329,#4330,#4331,#4332,#4333,#4334,#4335,#4336,#4337,
#4338,#4339,#4340));
#830=EDGE_LOOP('',(#4341,#4342,#4343,#4344));
#831=EDGE_LOOP('',(#4345,#4346,#4347,#4348));
#832=EDGE_LOOP('',(#4349,#4350,#4351,#4352));
#833=EDGE_LOOP('',(#4353,#4354,#4355,#4356));
#834=EDGE_LOOP('',(#4357,#4358,#4359,#4360));
#835=EDGE_LOOP('',(#4361,#4362,#4363,#4364));
#836=EDGE_LOOP('',(#4365,#4366,#4367,#4368));
#837=EDGE_LOOP('',(#4369,#4370,#4371,#4372));
#838=EDGE_LOOP('',(#4373,#4374,#4375,#4376));
#839=EDGE_LOOP('',(#4377,#4378,#4379,#4380));
#840=EDGE_LOOP('',(#4381,#4382,#4383,#4384));
#841=EDGE_LOOP('',(#4385,#4386,#4387,#4388));
#842=EDGE_LOOP('',(#4389,#4390,#4391,#4392,#4393,#4394,#4395,#4396,#4397,
#4398,#4399,#4400));
#843=EDGE_LOOP('',(#4401,#4402,#4403,#4404,#4405,#4406,#4407,#4408,#4409,
#4410,#4411,#4412,#4413));
#844=EDGE_LOOP('',(#4414,#4415,#4416,#4417));
#845=EDGE_LOOP('',(#4418,#4419,#4420,#4421));
#846=EDGE_LOOP('',(#4422,#4423,#4424,#4425));
#847=EDGE_LOOP('',(#4426,#4427,#4428,#4429));
#848=EDGE_LOOP('',(#4430,#4431,#4432,#4433));
#849=EDGE_LOOP('',(#4434,#4435,#4436,#4437));
#850=EDGE_LOOP('',(#4438,#4439,#4440,#4441));
#851=EDGE_LOOP('',(#4442,#4443,#4444,#4445));
#852=EDGE_LOOP('',(#4446,#4447,#4448,#4449));
#853=EDGE_LOOP('',(#4450,#4451,#4452,#4453));
#854=EDGE_LOOP('',(#4454,#4455,#4456,#4457));
#855=EDGE_LOOP('',(#4458,#4459,#4460,#4461));
#856=EDGE_LOOP('',(#4462,#4463,#4464,#4465));
#857=EDGE_LOOP('',(#4466,#4467,#4468,#4469,#4470,#4471,#4472,#4473,#4474,
#4475,#4476,#4477,#4478));
#858=EDGE_LOOP('',(#4479,#4480,#4481,#4482,#4483,#4484,#4485,#4486));
#859=EDGE_LOOP('',(#4487,#4488,#4489));
#860=EDGE_LOOP('',(#4490,#4491,#4492,#4493));
#861=EDGE_LOOP('',(#4494,#4495,#4496,#4497));
#862=EDGE_LOOP('',(#4498,#4499,#4500,#4501));
#863=EDGE_LOOP('',(#4502,#4503,#4504,#4505));
#864=EDGE_LOOP('',(#4506,#4507,#4508,#4509));
#865=EDGE_LOOP('',(#4510,#4511,#4512,#4513));
#866=EDGE_LOOP('',(#4514,#4515,#4516,#4517));
#867=EDGE_LOOP('',(#4518,#4519,#4520,#4521));
#868=EDGE_LOOP('',(#4522,#4523,#4524,#4525));
#869=EDGE_LOOP('',(#4526,#4527,#4528,#4529));
#870=EDGE_LOOP('',(#4530,#4531,#4532,#4533));
#871=EDGE_LOOP('',(#4534,#4535,#4536,#4537,#4538,#4539,#4540,#4541));
#872=EDGE_LOOP('',(#4542,#4543,#4544));
#873=EDGE_LOOP('',(#4545,#4546,#4547,#4548,#4549,#4550,#4551,#4552,#4553,
#4554,#4555,#4556,#4557,#4558,#4559,#4560,#4561,#4562,#4563,#4564,#4565,
#4566,#4567,#4568,#4569));
#874=EDGE_LOOP('',(#4570,#4571,#4572,#4573));
#875=EDGE_LOOP('',(#4574,#4575,#4576,#4577));
#876=EDGE_LOOP('',(#4578,#4579,#4580,#4581));
#877=EDGE_LOOP('',(#4582,#4583,#4584,#4585));
#878=EDGE_LOOP('',(#4586,#4587,#4588,#4589));
#879=EDGE_LOOP('',(#4590,#4591,#4592,#4593));
#880=EDGE_LOOP('',(#4594,#4595,#4596,#4597));
#881=EDGE_LOOP('',(#4598,#4599,#4600,#4601));
#882=EDGE_LOOP('',(#4602,#4603,#4604,#4605));
#883=EDGE_LOOP('',(#4606,#4607,#4608,#4609));
#884=EDGE_LOOP('',(#4610,#4611,#4612,#4613));
#885=EDGE_LOOP('',(#4614,#4615,#4616,#4617));
#886=EDGE_LOOP('',(#4618,#4619,#4620,#4621));
#887=EDGE_LOOP('',(#4622,#4623,#4624,#4625));
#888=EDGE_LOOP('',(#4626,#4627,#4628,#4629));
#889=EDGE_LOOP('',(#4630,#4631,#4632,#4633));
#890=EDGE_LOOP('',(#4634,#4635,#4636,#4637));
#891=EDGE_LOOP('',(#4638,#4639,#4640,#4641));
#892=EDGE_LOOP('',(#4642,#4643,#4644,#4645));
#893=EDGE_LOOP('',(#4646,#4647,#4648,#4649));
#894=EDGE_LOOP('',(#4650,#4651,#4652,#4653));
#895=EDGE_LOOP('',(#4654,#4655,#4656,#4657));
#896=EDGE_LOOP('',(#4658,#4659,#4660,#4661));
#897=EDGE_LOOP('',(#4662,#4663,#4664,#4665));
#898=EDGE_LOOP('',(#4666,#4667,#4668,#4669));
#899=EDGE_LOOP('',(#4670,#4671,#4672,#4673,#4674,#4675,#4676,#4677,#4678,
#4679,#4680,#4681,#4682,#4683,#4684,#4685,#4686,#4687,#4688,#4689,#4690,
#4691,#4692,#4693,#4694));
#900=EDGE_LOOP('',(#4695,#4696,#4697,#4698,#4699,#4700,#4701,#4702,#4703,
#4704));
#901=EDGE_LOOP('',(#4705,#4706,#4707,#4708));
#902=EDGE_LOOP('',(#4709,#4710,#4711,#4712));
#903=EDGE_LOOP('',(#4713,#4714,#4715,#4716));
#904=EDGE_LOOP('',(#4717,#4718,#4719,#4720));
#905=EDGE_LOOP('',(#4721,#4722,#4723,#4724));
#906=EDGE_LOOP('',(#4725,#4726,#4727,#4728));
#907=EDGE_LOOP('',(#4729,#4730,#4731,#4732));
#908=EDGE_LOOP('',(#4733,#4734,#4735,#4736));
#909=EDGE_LOOP('',(#4737,#4738,#4739,#4740));
#910=EDGE_LOOP('',(#4741,#4742,#4743,#4744));
#911=EDGE_LOOP('',(#4745,#4746,#4747,#4748,#4749,#4750,#4751,#4752,#4753,
#4754));
#912=EDGE_LOOP('',(#4755,#4756,#4757,#4758,#4759,#4760,#4761,#4762));
#913=EDGE_LOOP('',(#4763,#4764,#4765));
#914=EDGE_LOOP('',(#4766,#4767,#4768,#4769));
#915=EDGE_LOOP('',(#4770,#4771,#4772,#4773));
#916=EDGE_LOOP('',(#4774,#4775,#4776,#4777));
#917=EDGE_LOOP('',(#4778,#4779,#4780,#4781));
#918=EDGE_LOOP('',(#4782,#4783,#4784,#4785));
#919=EDGE_LOOP('',(#4786,#4787,#4788,#4789));
#920=EDGE_LOOP('',(#4790,#4791,#4792,#4793));
#921=EDGE_LOOP('',(#4794,#4795,#4796,#4797));
#922=EDGE_LOOP('',(#4798,#4799,#4800,#4801));
#923=EDGE_LOOP('',(#4802,#4803,#4804,#4805));
#924=EDGE_LOOP('',(#4806,#4807,#4808,#4809));
#925=EDGE_LOOP('',(#4810,#4811,#4812,#4813,#4814,#4815,#4816,#4817));
#926=EDGE_LOOP('',(#4818,#4819,#4820));
#927=EDGE_LOOP('',(#4821,#4822,#4823,#4824,#4825,#4826,#4827,#4828,#4829,
#4830,#4831,#4832,#4833,#4834,#4835,#4836,#4837,#4838,#4839));
#928=EDGE_LOOP('',(#4840,#4841,#4842,#4843,#4844,#4845,#4846,#4847));
#929=EDGE_LOOP('',(#4848,#4849,#4850,#4851));
#930=EDGE_LOOP('',(#4852,#4853,#4854,#4855));
#931=EDGE_LOOP('',(#4856,#4857,#4858,#4859));
#932=EDGE_LOOP('',(#4860,#4861,#4862,#4863));
#933=EDGE_LOOP('',(#4864,#4865,#4866,#4867));
#934=EDGE_LOOP('',(#4868,#4869,#4870,#4871));
#935=EDGE_LOOP('',(#4872,#4873,#4874,#4875));
#936=EDGE_LOOP('',(#4876,#4877,#4878,#4879));
#937=EDGE_LOOP('',(#4880,#4881,#4882,#4883));
#938=EDGE_LOOP('',(#4884,#4885,#4886,#4887));
#939=EDGE_LOOP('',(#4888,#4889,#4890,#4891));
#940=EDGE_LOOP('',(#4892,#4893,#4894,#4895));
#941=EDGE_LOOP('',(#4896,#4897,#4898,#4899));
#942=EDGE_LOOP('',(#4900,#4901,#4902,#4903));
#943=EDGE_LOOP('',(#4904,#4905,#4906,#4907));
#944=EDGE_LOOP('',(#4908,#4909,#4910,#4911));
#945=EDGE_LOOP('',(#4912,#4913,#4914,#4915));
#946=EDGE_LOOP('',(#4916,#4917,#4918,#4919));
#947=EDGE_LOOP('',(#4920,#4921,#4922,#4923));
#948=EDGE_LOOP('',(#4924,#4925,#4926,#4927));
#949=EDGE_LOOP('',(#4928,#4929,#4930,#4931));
#950=EDGE_LOOP('',(#4932,#4933,#4934,#4935));
#951=EDGE_LOOP('',(#4936,#4937,#4938,#4939));
#952=EDGE_LOOP('',(#4940,#4941,#4942,#4943));
#953=EDGE_LOOP('',(#4944,#4945,#4946,#4947));
#954=EDGE_LOOP('',(#4948,#4949,#4950,#4951));
#955=EDGE_LOOP('',(#4952,#4953,#4954,#4955));
#956=EDGE_LOOP('',(#4956,#4957,#4958,#4959,#4960,#4961,#4962,#4963,#4964,
#4965,#4966,#4967,#4968,#4969,#4970,#4971,#4972,#4973,#4974));
#957=EDGE_LOOP('',(#4975,#4976,#4977,#4978,#4979,#4980,#4981,#4982));
#958=EDGE_LOOP('',(#4983,#4984,#4985,#4986,#4987,#4988,#4989,#4990));
#959=EDGE_LOOP('',(#4991,#4992,#4993,#4994));
#960=EDGE_LOOP('',(#4995,#4996,#4997,#4998));
#961=EDGE_LOOP('',(#4999,#5000,#5001,#5002));
#962=EDGE_LOOP('',(#5003,#5004,#5005,#5006));
#963=EDGE_LOOP('',(#5007,#5008,#5009,#5010));
#964=EDGE_LOOP('',(#5011,#5012,#5013,#5014));
#965=EDGE_LOOP('',(#5015,#5016,#5017,#5018));
#966=EDGE_LOOP('',(#5019,#5020,#5021,#5022));
#967=EDGE_LOOP('',(#5023,#5024,#5025,#5026,#5027,#5028,#5029,#5030));
#968=EDGE_LOOP('',(#5031,#5032,#5033,#5034,#5035,#5036,#5037,#5038));
#969=EDGE_LOOP('',(#5039,#5040,#5041));
#970=EDGE_LOOP('',(#5042,#5043,#5044,#5045));
#971=EDGE_LOOP('',(#5046,#5047,#5048,#5049));
#972=EDGE_LOOP('',(#5050,#5051,#5052,#5053));
#973=EDGE_LOOP('',(#5054,#5055,#5056,#5057));
#974=EDGE_LOOP('',(#5058,#5059,#5060,#5061));
#975=EDGE_LOOP('',(#5062,#5063,#5064,#5065));
#976=EDGE_LOOP('',(#5066,#5067,#5068,#5069));
#977=EDGE_LOOP('',(#5070,#5071,#5072,#5073));
#978=EDGE_LOOP('',(#5074,#5075,#5076,#5077));
#979=EDGE_LOOP('',(#5078,#5079,#5080,#5081));
#980=EDGE_LOOP('',(#5082,#5083,#5084,#5085));
#981=EDGE_LOOP('',(#5086,#5087,#5088,#5089,#5090,#5091,#5092,#5093));
#982=EDGE_LOOP('',(#5094,#5095,#5096));
#983=EDGE_LOOP('',(#5097,#5098,#5099,#5100,#5101,#5102,#5103));
#984=EDGE_LOOP('',(#5104,#5105,#5106,#5107));
#985=EDGE_LOOP('',(#5108,#5109,#5110,#5111));
#986=EDGE_LOOP('',(#5112,#5113,#5114,#5115));
#987=EDGE_LOOP('',(#5116,#5117,#5118,#5119));
#988=EDGE_LOOP('',(#5120,#5121,#5122,#5123));
#989=EDGE_LOOP('',(#5124,#5125,#5126,#5127));
#990=EDGE_LOOP('',(#5128,#5129,#5130,#5131));
#991=EDGE_LOOP('',(#5132,#5133,#5134,#5135,#5136,#5137,#5138));
#992=EDGE_LOOP('',(#5139,#5140,#5141,#5142));
#993=EDGE_LOOP('',(#5143,#5144,#5145,#5146));
#994=EDGE_LOOP('',(#5147,#5148,#5149,#5150));
#995=EDGE_LOOP('',(#5151,#5152,#5153,#5154));
#996=EDGE_LOOP('',(#5155,#5156,#5157,#5158));
#997=EDGE_LOOP('',(#5159,#5160,#5161,#5162));
#998=EDGE_LOOP('',(#5163,#5164,#5165,#5166,#5167,#5168,#5169,#5170));
#999=EDGE_LOOP('',(#5171,#5172,#5173,#5174));
#1000=EDGE_LOOP('',(#5175,#5176,#5177,#5178));
#1001=EDGE_LOOP('',(#5179,#5180,#5181,#5182));
#1002=EDGE_LOOP('',(#5183,#5184,#5185,#5186));
#1003=EDGE_LOOP('',(#5187,#5188,#5189,#5190));
#1004=EDGE_LOOP('',(#5191,#5192,#5193,#5194));
#1005=EDGE_LOOP('',(#5195,#5196,#5197,#5198));
#1006=EDGE_LOOP('',(#5199,#5200,#5201,#5202));
#1007=EDGE_LOOP('',(#5203,#5204,#5205,#5206,#5207,#5208,#5209,#5210));
#1008=EDGE_LOOP('',(#5211,#5212,#5213,#5214,#5215,#5216,#5217,#5218,#5219,
#5220,#5221,#5222,#5223,#5224,#5225,#5226,#5227,#5228,#5229,#5230,#5231,
#5232,#5233,#5234,#5235,#5236,#5237,#5238,#5239));
#1009=EDGE_LOOP('',(#5240,#5241,#5242,#5243));
#1010=EDGE_LOOP('',(#5244,#5245,#5246,#5247));
#1011=EDGE_LOOP('',(#5248,#5249,#5250,#5251));
#1012=EDGE_LOOP('',(#5252,#5253,#5254,#5255));
#1013=EDGE_LOOP('',(#5256,#5257,#5258,#5259));
#1014=EDGE_LOOP('',(#5260,#5261,#5262,#5263));
#1015=EDGE_LOOP('',(#5264,#5265,#5266,#5267));
#1016=EDGE_LOOP('',(#5268,#5269,#5270,#5271));
#1017=EDGE_LOOP('',(#5272,#5273,#5274,#5275));
#1018=EDGE_LOOP('',(#5276,#5277,#5278,#5279));
#1019=EDGE_LOOP('',(#5280,#5281,#5282,#5283));
#1020=EDGE_LOOP('',(#5284,#5285,#5286,#5287));
#1021=EDGE_LOOP('',(#5288,#5289,#5290,#5291));
#1022=EDGE_LOOP('',(#5292,#5293,#5294,#5295));
#1023=EDGE_LOOP('',(#5296,#5297,#5298,#5299));
#1024=EDGE_LOOP('',(#5300,#5301,#5302,#5303));
#1025=EDGE_LOOP('',(#5304,#5305,#5306,#5307));
#1026=EDGE_LOOP('',(#5308,#5309,#5310,#5311));
#1027=EDGE_LOOP('',(#5312,#5313,#5314,#5315));
#1028=EDGE_LOOP('',(#5316,#5317,#5318,#5319));
#1029=EDGE_LOOP('',(#5320,#5321,#5322,#5323));
#1030=EDGE_LOOP('',(#5324,#5325,#5326,#5327));
#1031=EDGE_LOOP('',(#5328,#5329,#5330,#5331));
#1032=EDGE_LOOP('',(#5332,#5333,#5334,#5335));
#1033=EDGE_LOOP('',(#5336,#5337,#5338,#5339));
#1034=EDGE_LOOP('',(#5340,#5341,#5342,#5343));
#1035=EDGE_LOOP('',(#5344,#5345,#5346,#5347));
#1036=EDGE_LOOP('',(#5348,#5349,#5350,#5351));
#1037=EDGE_LOOP('',(#5352,#5353,#5354,#5355));
#1038=EDGE_LOOP('',(#5356,#5357,#5358,#5359,#5360,#5361,#5362,#5363,#5364,
#5365,#5366,#5367,#5368,#5369,#5370,#5371,#5372,#5373,#5374,#5375,#5376,
#5377,#5378,#5379,#5380,#5381,#5382,#5383,#5384));
#1039=EDGE_LOOP('',(#5385,#5386,#5387,#5388,#5389,#5390,#5391,#5392,#5393,
#5394,#5395,#5396,#5397,#5398,#5399,#5400,#5401,#5402,#5403,#5404,#5405,
#5406,#5407,#5408,#5409,#5410,#5411,#5412,#5413));
#1040=EDGE_LOOP('',(#5414,#5415,#5416,#5417));
#1041=EDGE_LOOP('',(#5418,#5419,#5420,#5421));
#1042=EDGE_LOOP('',(#5422,#5423,#5424,#5425));
#1043=EDGE_LOOP('',(#5426,#5427,#5428,#5429));
#1044=EDGE_LOOP('',(#5430,#5431,#5432,#5433));
#1045=EDGE_LOOP('',(#5434,#5435,#5436,#5437));
#1046=EDGE_LOOP('',(#5438,#5439,#5440,#5441));
#1047=EDGE_LOOP('',(#5442,#5443,#5444,#5445));
#1048=EDGE_LOOP('',(#5446,#5447,#5448,#5449));
#1049=EDGE_LOOP('',(#5450,#5451,#5452,#5453));
#1050=EDGE_LOOP('',(#5454,#5455,#5456,#5457));
#1051=EDGE_LOOP('',(#5458,#5459,#5460,#5461));
#1052=EDGE_LOOP('',(#5462,#5463,#5464,#5465));
#1053=EDGE_LOOP('',(#5466,#5467,#5468,#5469));
#1054=EDGE_LOOP('',(#5470,#5471,#5472,#5473));
#1055=EDGE_LOOP('',(#5474,#5475,#5476,#5477));
#1056=EDGE_LOOP('',(#5478,#5479,#5480,#5481));
#1057=EDGE_LOOP('',(#5482,#5483,#5484,#5485));
#1058=EDGE_LOOP('',(#5486,#5487,#5488,#5489));
#1059=EDGE_LOOP('',(#5490,#5491,#5492,#5493));
#1060=EDGE_LOOP('',(#5494,#5495,#5496,#5497));
#1061=EDGE_LOOP('',(#5498,#5499,#5500,#5501));
#1062=EDGE_LOOP('',(#5502,#5503,#5504,#5505));
#1063=EDGE_LOOP('',(#5506,#5507,#5508,#5509));
#1064=EDGE_LOOP('',(#5510,#5511,#5512,#5513));
#1065=EDGE_LOOP('',(#5514,#5515,#5516,#5517));
#1066=EDGE_LOOP('',(#5518,#5519,#5520,#5521));
#1067=EDGE_LOOP('',(#5522,#5523,#5524,#5525));
#1068=EDGE_LOOP('',(#5526,#5527,#5528,#5529));
#1069=EDGE_LOOP('',(#5530,#5531,#5532,#5533,#5534,#5535,#5536,#5537,#5538,
#5539,#5540,#5541,#5542,#5543,#5544,#5545,#5546,#5547,#5548,#5549,#5550,
#5551,#5552,#5553,#5554,#5555,#5556,#5557,#5558));
#1070=LINE('',#7698,#1747);
#1071=LINE('',#7700,#1748);
#1072=LINE('',#7702,#1749);
#1073=LINE('',#7703,#1750);
#1074=LINE('',#7706,#1751);
#1075=LINE('',#7708,#1752);
#1076=LINE('',#7709,#1753);
#1077=LINE('',#7712,#1754);
#1078=LINE('',#7714,#1755);
#1079=LINE('',#7715,#1756);
#1080=LINE('',#7717,#1757);
#1081=LINE('',#7718,#1758);
#1082=LINE('',#7724,#1759);
#1083=LINE('',#7726,#1760);
#1084=LINE('',#7728,#1761);
#1085=LINE('',#7729,#1762);
#1086=LINE('',#7732,#1763);
#1087=LINE('',#7734,#1764);
#1088=LINE('',#7735,#1765);
#1089=LINE('',#7738,#1766);
#1090=LINE('',#7740,#1767);
#1091=LINE('',#7741,#1768);
#1092=LINE('',#7743,#1769);
#1093=LINE('',#7744,#1770);
#1094=LINE('',#7750,#1771);
#1095=LINE('',#7752,#1772);
#1096=LINE('',#7754,#1773);
#1097=LINE('',#7755,#1774);
#1098=LINE('',#7758,#1775);
#1099=LINE('',#7760,#1776);
#1100=LINE('',#7761,#1777);
#1101=LINE('',#7764,#1778);
#1102=LINE('',#7766,#1779);
#1103=LINE('',#7767,#1780);
#1104=LINE('',#7769,#1781);
#1105=LINE('',#7770,#1782);
#1106=LINE('',#7776,#1783);
#1107=LINE('',#7778,#1784);
#1108=LINE('',#7780,#1785);
#1109=LINE('',#7781,#1786);
#1110=LINE('',#7784,#1787);
#1111=LINE('',#7786,#1788);
#1112=LINE('',#7787,#1789);
#1113=LINE('',#7790,#1790);
#1114=LINE('',#7792,#1791);
#1115=LINE('',#7793,#1792);
#1116=LINE('',#7795,#1793);
#1117=LINE('',#7796,#1794);
#1118=LINE('',#7802,#1795);
#1119=LINE('',#7804,#1796);
#1120=LINE('',#7806,#1797);
#1121=LINE('',#7807,#1798);
#1122=LINE('',#7810,#1799);
#1123=LINE('',#7812,#1800);
#1124=LINE('',#7813,#1801);
#1125=LINE('',#7816,#1802);
#1126=LINE('',#7818,#1803);
#1127=LINE('',#7819,#1804);
#1128=LINE('',#7821,#1805);
#1129=LINE('',#7822,#1806);
#1130=LINE('',#7828,#1807);
#1131=LINE('',#7830,#1808);
#1132=LINE('',#7832,#1809);
#1133=LINE('',#7833,#1810);
#1134=LINE('',#7836,#1811);
#1135=LINE('',#7838,#1812);
#1136=LINE('',#7839,#1813);
#1137=LINE('',#7842,#1814);
#1138=LINE('',#7844,#1815);
#1139=LINE('',#7845,#1816);
#1140=LINE('',#7847,#1817);
#1141=LINE('',#7848,#1818);
#1142=LINE('',#7854,#1819);
#1143=LINE('',#7856,#1820);
#1144=LINE('',#7858,#1821);
#1145=LINE('',#7859,#1822);
#1146=LINE('',#7862,#1823);
#1147=LINE('',#7864,#1824);
#1148=LINE('',#7865,#1825);
#1149=LINE('',#7868,#1826);
#1150=LINE('',#7870,#1827);
#1151=LINE('',#7871,#1828);
#1152=LINE('',#7873,#1829);
#1153=LINE('',#7874,#1830);
#1154=LINE('',#7880,#1831);
#1155=LINE('',#7882,#1832);
#1156=LINE('',#7884,#1833);
#1157=LINE('',#7885,#1834);
#1158=LINE('',#7888,#1835);
#1159=LINE('',#7890,#1836);
#1160=LINE('',#7891,#1837);
#1161=LINE('',#7894,#1838);
#1162=LINE('',#7896,#1839);
#1163=LINE('',#7897,#1840);
#1164=LINE('',#7899,#1841);
#1165=LINE('',#7900,#1842);
#1166=LINE('',#7906,#1843);
#1167=LINE('',#7908,#1844);
#1168=LINE('',#7910,#1845);
#1169=LINE('',#7911,#1846);
#1170=LINE('',#7914,#1847);
#1171=LINE('',#7916,#1848);
#1172=LINE('',#7917,#1849);
#1173=LINE('',#7920,#1850);
#1174=LINE('',#7922,#1851);
#1175=LINE('',#7923,#1852);
#1176=LINE('',#7925,#1853);
#1177=LINE('',#7926,#1854);
#1178=LINE('',#7932,#1855);
#1179=LINE('',#7934,#1856);
#1180=LINE('',#7936,#1857);
#1181=LINE('',#7937,#1858);
#1182=LINE('',#7940,#1859);
#1183=LINE('',#7942,#1860);
#1184=LINE('',#7943,#1861);
#1185=LINE('',#7946,#1862);
#1186=LINE('',#7948,#1863);
#1187=LINE('',#7949,#1864);
#1188=LINE('',#7951,#1865);
#1189=LINE('',#7952,#1866);
#1190=LINE('',#7958,#1867);
#1191=LINE('',#7960,#1868);
#1192=LINE('',#7962,#1869);
#1193=LINE('',#7963,#1870);
#1194=LINE('',#7966,#1871);
#1195=LINE('',#7968,#1872);
#1196=LINE('',#7969,#1873);
#1197=LINE('',#7972,#1874);
#1198=LINE('',#7974,#1875);
#1199=LINE('',#7975,#1876);
#1200=LINE('',#7977,#1877);
#1201=LINE('',#7978,#1878);
#1202=LINE('',#7984,#1879);
#1203=LINE('',#7986,#1880);
#1204=LINE('',#7988,#1881);
#1205=LINE('',#7989,#1882);
#1206=LINE('',#7992,#1883);
#1207=LINE('',#7994,#1884);
#1208=LINE('',#7995,#1885);
#1209=LINE('',#7998,#1886);
#1210=LINE('',#8000,#1887);
#1211=LINE('',#8001,#1888);
#1212=LINE('',#8003,#1889);
#1213=LINE('',#8004,#1890);
#1214=LINE('',#8010,#1891);
#1215=LINE('',#8012,#1892);
#1216=LINE('',#8014,#1893);
#1217=LINE('',#8015,#1894);
#1218=LINE('',#8018,#1895);
#1219=LINE('',#8020,#1896);
#1220=LINE('',#8021,#1897);
#1221=LINE('',#8024,#1898);
#1222=LINE('',#8026,#1899);
#1223=LINE('',#8027,#1900);
#1224=LINE('',#8029,#1901);
#1225=LINE('',#8030,#1902);
#1226=LINE('',#8036,#1903);
#1227=LINE('',#8038,#1904);
#1228=LINE('',#8040,#1905);
#1229=LINE('',#8041,#1906);
#1230=LINE('',#8044,#1907);
#1231=LINE('',#8046,#1908);
#1232=LINE('',#8047,#1909);
#1233=LINE('',#8050,#1910);
#1234=LINE('',#8052,#1911);
#1235=LINE('',#8053,#1912);
#1236=LINE('',#8055,#1913);
#1237=LINE('',#8056,#1914);
#1238=LINE('',#8062,#1915);
#1239=LINE('',#8064,#1916);
#1240=LINE('',#8066,#1917);
#1241=LINE('',#8067,#1918);
#1242=LINE('',#8070,#1919);
#1243=LINE('',#8072,#1920);
#1244=LINE('',#8073,#1921);
#1245=LINE('',#8076,#1922);
#1246=LINE('',#8078,#1923);
#1247=LINE('',#8079,#1924);
#1248=LINE('',#8081,#1925);
#1249=LINE('',#8082,#1926);
#1250=LINE('',#8088,#1927);
#1251=LINE('',#8090,#1928);
#1252=LINE('',#8092,#1929);
#1253=LINE('',#8093,#1930);
#1254=LINE('',#8096,#1931);
#1255=LINE('',#8098,#1932);
#1256=LINE('',#8099,#1933);
#1257=LINE('',#8102,#1934);
#1258=LINE('',#8104,#1935);
#1259=LINE('',#8105,#1936);
#1260=LINE('',#8107,#1937);
#1261=LINE('',#8108,#1938);
#1262=LINE('',#8114,#1939);
#1263=LINE('',#8116,#1940);
#1264=LINE('',#8118,#1941);
#1265=LINE('',#8119,#1942);
#1266=LINE('',#8122,#1943);
#1267=LINE('',#8124,#1944);
#1268=LINE('',#8125,#1945);
#1269=LINE('',#8128,#1946);
#1270=LINE('',#8130,#1947);
#1271=LINE('',#8131,#1948);
#1272=LINE('',#8133,#1949);
#1273=LINE('',#8134,#1950);
#1274=LINE('',#8140,#1951);
#1275=LINE('',#8142,#1952);
#1276=LINE('',#8144,#1953);
#1277=LINE('',#8145,#1954);
#1278=LINE('',#8148,#1955);
#1279=LINE('',#8150,#1956);
#1280=LINE('',#8151,#1957);
#1281=LINE('',#8154,#1958);
#1282=LINE('',#8156,#1959);
#1283=LINE('',#8157,#1960);
#1284=LINE('',#8159,#1961);
#1285=LINE('',#8160,#1962);
#1286=LINE('',#8166,#1963);
#1287=LINE('',#8168,#1964);
#1288=LINE('',#8170,#1965);
#1289=LINE('',#8171,#1966);
#1290=LINE('',#8174,#1967);
#1291=LINE('',#8176,#1968);
#1292=LINE('',#8177,#1969);
#1293=LINE('',#8180,#1970);
#1294=LINE('',#8182,#1971);
#1295=LINE('',#8183,#1972);
#1296=LINE('',#8185,#1973);
#1297=LINE('',#8186,#1974);
#1298=LINE('',#8192,#1975);
#1299=LINE('',#8194,#1976);
#1300=LINE('',#8196,#1977);
#1301=LINE('',#8197,#1978);
#1302=LINE('',#8200,#1979);
#1303=LINE('',#8202,#1980);
#1304=LINE('',#8203,#1981);
#1305=LINE('',#8206,#1982);
#1306=LINE('',#8208,#1983);
#1307=LINE('',#8209,#1984);
#1308=LINE('',#8211,#1985);
#1309=LINE('',#8212,#1986);
#1310=LINE('',#8218,#1987);
#1311=LINE('',#8220,#1988);
#1312=LINE('',#8222,#1989);
#1313=LINE('',#8224,#1990);
#1314=LINE('',#8226,#1991);
#1315=LINE('',#8228,#1992);
#1316=LINE('',#8230,#1993);
#1317=LINE('',#8232,#1994);
#1318=LINE('',#8234,#1995);
#1319=LINE('',#8236,#1996);
#1320=LINE('',#8238,#1997);
#1321=LINE('',#8239,#1998);
#1322=LINE('',#8242,#1999);
#1323=LINE('',#8244,#2000);
#1324=LINE('',#8245,#2001);
#1325=LINE('',#8248,#2002);
#1326=LINE('',#8249,#2003);
#1327=LINE('',#8252,#2004);
#1328=LINE('',#8253,#2005);
#1329=LINE('',#8256,#2006);
#1330=LINE('',#8257,#2007);
#1331=LINE('',#8260,#2008);
#1332=LINE('',#8261,#2009);
#1333=LINE('',#8264,#2010);
#1334=LINE('',#8265,#2011);
#1335=LINE('',#8268,#2012);
#1336=LINE('',#8269,#2013);
#1337=LINE('',#8272,#2014);
#1338=LINE('',#8273,#2015);
#1339=LINE('',#8276,#2016);
#1340=LINE('',#8277,#2017);
#1341=LINE('',#8280,#2018);
#1342=LINE('',#8281,#2019);
#1343=LINE('',#8284,#2020);
#1344=LINE('',#8285,#2021);
#1345=LINE('',#8287,#2022);
#1346=LINE('',#8292,#2023);
#1347=LINE('',#8294,#2024);
#1348=LINE('',#8296,#2025);
#1349=LINE('',#8298,#2026);
#1350=LINE('',#8300,#2027);
#1351=LINE('',#8302,#2028);
#1352=LINE('',#8304,#2029);
#1353=LINE('',#8306,#2030);
#1354=LINE('',#8308,#2031);
#1355=LINE('',#8310,#2032);
#1356=LINE('',#8312,#2033);
#1357=LINE('',#8314,#2034);
#1358=LINE('',#8315,#2035);
#1359=LINE('',#8318,#2036);
#1360=LINE('',#8320,#2037);
#1361=LINE('',#8321,#2038);
#1362=LINE('',#8324,#2039);
#1363=LINE('',#8325,#2040);
#1364=LINE('',#8328,#2041);
#1365=LINE('',#8329,#2042);
#1366=LINE('',#8332,#2043);
#1367=LINE('',#8333,#2044);
#1368=LINE('',#8336,#2045);
#1369=LINE('',#8337,#2046);
#1370=LINE('',#8340,#2047);
#1371=LINE('',#8341,#2048);
#1372=LINE('',#8344,#2049);
#1373=LINE('',#8345,#2050);
#1374=LINE('',#8348,#2051);
#1375=LINE('',#8349,#2052);
#1376=LINE('',#8352,#2053);
#1377=LINE('',#8353,#2054);
#1378=LINE('',#8356,#2055);
#1379=LINE('',#8357,#2056);
#1380=LINE('',#8360,#2057);
#1381=LINE('',#8361,#2058);
#1382=LINE('',#8364,#2059);
#1383=LINE('',#8365,#2060);
#1384=LINE('',#8367,#2061);
#1385=LINE('',#8372,#2062);
#1386=LINE('',#8374,#2063);
#1387=LINE('',#8376,#2064);
#1388=LINE('',#8378,#2065);
#1389=LINE('',#8380,#2066);
#1390=LINE('',#8382,#2067);
#1391=LINE('',#8384,#2068);
#1392=LINE('',#8385,#2069);
#1393=LINE('',#8388,#2070);
#1394=LINE('',#8390,#2071);
#1395=LINE('',#8391,#2072);
#1396=LINE('',#8394,#2073);
#1397=LINE('',#8396,#2074);
#1398=LINE('',#8397,#2075);
#1399=LINE('',#8400,#2076);
#1400=LINE('',#8401,#2077);
#1401=LINE('',#8403,#2078);
#1402=LINE('',#8406,#2079);
#1403=LINE('',#8408,#2080);
#1404=LINE('',#8409,#2081);
#1405=LINE('',#8412,#2082);
#1406=LINE('',#8413,#2083);
#1407=LINE('',#8416,#2084);
#1408=LINE('',#8417,#2085);
#1409=LINE('',#8420,#2086);
#1410=LINE('',#8421,#2087);
#1411=LINE('',#8424,#2088);
#1412=LINE('',#8425,#2089);
#1413=LINE('',#8428,#2090);
#1414=LINE('',#8429,#2091);
#1415=LINE('',#8432,#2092);
#1416=LINE('',#8433,#2093);
#1417=LINE('',#8435,#2094);
#1418=LINE('',#8440,#2095);
#1419=LINE('',#8442,#2096);
#1420=LINE('',#8444,#2097);
#1421=LINE('',#8446,#2098);
#1422=LINE('',#8514,#2099);
#1423=LINE('',#8563,#2100);
#1424=LINE('',#8566,#2101);
#1425=LINE('',#8568,#2102);
#1426=LINE('',#8569,#2103);
#1427=LINE('',#8572,#2104);
#1428=LINE('',#8573,#2105);
#1429=LINE('',#8576,#2106);
#1430=LINE('',#8577,#2107);
#1431=LINE('',#8594,#2108);
#1432=LINE('',#8611,#2109);
#1433=LINE('',#8628,#2110);
#1434=LINE('',#8645,#2111);
#1435=LINE('',#8662,#2112);
#1436=LINE('',#8679,#2113);
#1437=LINE('',#8696,#2114);
#1438=LINE('',#8713,#2115);
#1439=LINE('',#8730,#2116);
#1440=LINE('',#8747,#2117);
#1441=LINE('',#8764,#2118);
#1442=LINE('',#8767,#2119);
#1443=LINE('',#8768,#2120);
#1444=LINE('',#8785,#2121);
#1445=LINE('',#8802,#2122);
#1446=LINE('',#8819,#2123);
#1447=LINE('',#8836,#2124);
#1448=LINE('',#8853,#2125);
#1449=LINE('',#8870,#2126);
#1450=LINE('',#8887,#2127);
#1451=LINE('',#8904,#2128);
#1452=LINE('',#8907,#2129);
#1453=LINE('',#8908,#2130);
#1454=LINE('',#8910,#2131);
#1455=LINE('',#8915,#2132);
#1456=LINE('',#8917,#2133);
#1457=LINE('',#8919,#2134);
#1458=LINE('',#8921,#2135);
#1459=LINE('',#8923,#2136);
#1460=LINE('',#8925,#2137);
#1461=LINE('',#8927,#2138);
#1462=LINE('',#8929,#2139);
#1463=LINE('',#8931,#2140);
#1464=LINE('',#8932,#2141);
#1465=LINE('',#8935,#2142);
#1466=LINE('',#8937,#2143);
#1467=LINE('',#8938,#2144);
#1468=LINE('',#8941,#2145);
#1469=LINE('',#8942,#2146);
#1470=LINE('',#8945,#2147);
#1471=LINE('',#8946,#2148);
#1472=LINE('',#8949,#2149);
#1473=LINE('',#8950,#2150);
#1474=LINE('',#8953,#2151);
#1475=LINE('',#8954,#2152);
#1476=LINE('',#8957,#2153);
#1477=LINE('',#8958,#2154);
#1478=LINE('',#8961,#2155);
#1479=LINE('',#8962,#2156);
#1480=LINE('',#8965,#2157);
#1481=LINE('',#8966,#2158);
#1482=LINE('',#8969,#2159);
#1483=LINE('',#8970,#2160);
#1484=LINE('',#8972,#2161);
#1485=LINE('',#8977,#2162);
#1486=LINE('',#8979,#2163);
#1487=LINE('',#8981,#2164);
#1488=LINE('',#8983,#2165);
#1489=LINE('',#8985,#2166);
#1490=LINE('',#8987,#2167);
#1491=LINE('',#8989,#2168);
#1492=LINE('',#8990,#2169);
#1493=LINE('',#8993,#2170);
#1494=LINE('',#8995,#2171);
#1495=LINE('',#8996,#2172);
#1496=LINE('',#8999,#2173);
#1497=LINE('',#9001,#2174);
#1498=LINE('',#9002,#2175);
#1499=LINE('',#9005,#2176);
#1500=LINE('',#9006,#2177);
#1501=LINE('',#9008,#2178);
#1502=LINE('',#9011,#2179);
#1503=LINE('',#9013,#2180);
#1504=LINE('',#9014,#2181);
#1505=LINE('',#9017,#2182);
#1506=LINE('',#9018,#2183);
#1507=LINE('',#9021,#2184);
#1508=LINE('',#9022,#2185);
#1509=LINE('',#9025,#2186);
#1510=LINE('',#9026,#2187);
#1511=LINE('',#9029,#2188);
#1512=LINE('',#9030,#2189);
#1513=LINE('',#9033,#2190);
#1514=LINE('',#9034,#2191);
#1515=LINE('',#9037,#2192);
#1516=LINE('',#9038,#2193);
#1517=LINE('',#9040,#2194);
#1518=LINE('',#9045,#2195);
#1519=LINE('',#9047,#2196);
#1520=LINE('',#9049,#2197);
#1521=LINE('',#9105,#2198);
#1522=LINE('',#9107,#2199);
#1523=LINE('',#9109,#2200);
#1524=LINE('',#9123,#2201);
#1525=LINE('',#9124,#2202);
#1526=LINE('',#9127,#2203);
#1527=LINE('',#9129,#2204);
#1528=LINE('',#9160,#2205);
#1529=LINE('',#9163,#2206);
#1530=LINE('',#9165,#2207);
#1531=LINE('',#9166,#2208);
#1532=LINE('',#9183,#2209);
#1533=LINE('',#9200,#2210);
#1534=LINE('',#9217,#2211);
#1535=LINE('',#9234,#2212);
#1536=LINE('',#9251,#2213);
#1537=LINE('',#9254,#2214);
#1538=LINE('',#9255,#2215);
#1539=LINE('',#9257,#2216);
#1540=LINE('',#9260,#2217);
#1541=LINE('',#9262,#2218);
#1542=LINE('',#9263,#2219);
#1543=LINE('',#9266,#2220);
#1544=LINE('',#9267,#2221);
#1545=LINE('',#9284,#2222);
#1546=LINE('',#9301,#2223);
#1547=LINE('',#9318,#2224);
#1548=LINE('',#9335,#2225);
#1549=LINE('',#9352,#2226);
#1550=LINE('',#9369,#2227);
#1551=LINE('',#9386,#2228);
#1552=LINE('',#9403,#2229);
#1553=LINE('',#9420,#2230);
#1554=LINE('',#9423,#2231);
#1555=LINE('',#9424,#2232);
#1556=LINE('',#9427,#2233);
#1557=LINE('',#9428,#2234);
#1558=LINE('',#9431,#2235);
#1559=LINE('',#9432,#2236);
#1560=LINE('',#9449,#2237);
#1561=LINE('',#9466,#2238);
#1562=LINE('',#9469,#2239);
#1563=LINE('',#9470,#2240);
#1564=LINE('',#9473,#2241);
#1565=LINE('',#9474,#2242);
#1566=LINE('',#9476,#2243);
#1567=LINE('',#9481,#2244);
#1568=LINE('',#9483,#2245);
#1569=LINE('',#9485,#2246);
#1570=LINE('',#9487,#2247);
#1571=LINE('',#9489,#2248);
#1572=LINE('',#9491,#2249);
#1573=LINE('',#9493,#2250);
#1574=LINE('',#9494,#2251);
#1575=LINE('',#9497,#2252);
#1576=LINE('',#9499,#2253);
#1577=LINE('',#9500,#2254);
#1578=LINE('',#9503,#2255);
#1579=LINE('',#9504,#2256);
#1580=LINE('',#9507,#2257);
#1581=LINE('',#9508,#2258);
#1582=LINE('',#9511,#2259);
#1583=LINE('',#9512,#2260);
#1584=LINE('',#9515,#2261);
#1585=LINE('',#9516,#2262);
#1586=LINE('',#9519,#2263);
#1587=LINE('',#9520,#2264);
#1588=LINE('',#9523,#2265);
#1589=LINE('',#9524,#2266);
#1590=LINE('',#9526,#2267);
#1591=LINE('',#9531,#2268);
#1592=LINE('',#9533,#2269);
#1593=LINE('',#9535,#2270);
#1594=LINE('',#9537,#2271);
#1595=LINE('',#9539,#2272);
#1596=LINE('',#9541,#2273);
#1597=LINE('',#9543,#2274);
#1598=LINE('',#9544,#2275);
#1599=LINE('',#9547,#2276);
#1600=LINE('',#9549,#2277);
#1601=LINE('',#9550,#2278);
#1602=LINE('',#9553,#2279);
#1603=LINE('',#9555,#2280);
#1604=LINE('',#9556,#2281);
#1605=LINE('',#9559,#2282);
#1606=LINE('',#9560,#2283);
#1607=LINE('',#9562,#2284);
#1608=LINE('',#9565,#2285);
#1609=LINE('',#9567,#2286);
#1610=LINE('',#9568,#2287);
#1611=LINE('',#9571,#2288);
#1612=LINE('',#9572,#2289);
#1613=LINE('',#9575,#2290);
#1614=LINE('',#9576,#2291);
#1615=LINE('',#9579,#2292);
#1616=LINE('',#9580,#2293);
#1617=LINE('',#9583,#2294);
#1618=LINE('',#9584,#2295);
#1619=LINE('',#9587,#2296);
#1620=LINE('',#9588,#2297);
#1621=LINE('',#9591,#2298);
#1622=LINE('',#9592,#2299);
#1623=LINE('',#9594,#2300);
#1624=LINE('',#9599,#2301);
#1625=LINE('',#9601,#2302);
#1626=LINE('',#9603,#2303);
#1627=LINE('',#9605,#2304);
#1628=LINE('',#9607,#2305);
#1629=LINE('',#9609,#2306);
#1630=LINE('',#9610,#2307);
#1631=LINE('',#9613,#2308);
#1632=LINE('',#9615,#2309);
#1633=LINE('',#9616,#2310);
#1634=LINE('',#9619,#2311);
#1635=LINE('',#9620,#2312);
#1636=LINE('',#9623,#2313);
#1637=LINE('',#9624,#2314);
#1638=LINE('',#9627,#2315);
#1639=LINE('',#9628,#2316);
#1640=LINE('',#9631,#2317);
#1641=LINE('',#9632,#2318);
#1642=LINE('',#9635,#2319);
#1643=LINE('',#9636,#2320);
#1644=LINE('',#9638,#2321);
#1645=LINE('',#9643,#2322);
#1646=LINE('',#9645,#2323);
#1647=LINE('',#9647,#2324);
#1648=LINE('',#9648,#2325);
#1649=LINE('',#9651,#2326);
#1650=LINE('',#9653,#2327);
#1651=LINE('',#9654,#2328);
#1652=LINE('',#9657,#2329);
#1653=LINE('',#9658,#2330);
#1654=LINE('',#9661,#2331);
#1655=LINE('',#9662,#2332);
#1656=LINE('',#9664,#2333);
#1657=LINE('',#9669,#2334);
#1658=LINE('',#9671,#2335);
#1659=LINE('',#9673,#2336);
#1660=LINE('',#9675,#2337);
#1661=LINE('',#9677,#2338);
#1662=LINE('',#9679,#2339);
#1663=LINE('',#9681,#2340);
#1664=LINE('',#9682,#2341);
#1665=LINE('',#9685,#2342);
#1666=LINE('',#9687,#2343);
#1667=LINE('',#9688,#2344);
#1668=LINE('',#9691,#2345);
#1669=LINE('',#9692,#2346);
#1670=LINE('',#9695,#2347);
#1671=LINE('',#9696,#2348);
#1672=LINE('',#9699,#2349);
#1673=LINE('',#9700,#2350);
#1674=LINE('',#9703,#2351);
#1675=LINE('',#9704,#2352);
#1676=LINE('',#9707,#2353);
#1677=LINE('',#9708,#2354);
#1678=LINE('',#9711,#2355);
#1679=LINE('',#9712,#2356);
#1680=LINE('',#9714,#2357);
#1681=LINE('',#9725,#2358);
#1682=LINE('',#9805,#2359);
#1683=LINE('',#9885,#2360);
#1684=LINE('',#9887,#2361);
#1685=LINE('',#9888,#2362);
#1686=LINE('',#9905,#2363);
#1687=LINE('',#9922,#2364);
#1688=LINE('',#9939,#2365);
#1689=LINE('',#9956,#2366);
#1690=LINE('',#9973,#2367);
#1691=LINE('',#9990,#2368);
#1692=LINE('',#10007,#2369);
#1693=LINE('',#10024,#2370);
#1694=LINE('',#10041,#2371);
#1695=LINE('',#10058,#2372);
#1696=LINE('',#10075,#2373);
#1697=LINE('',#10092,#2374);
#1698=LINE('',#10109,#2375);
#1699=LINE('',#10112,#2376);
#1700=LINE('',#10113,#2377);
#1701=LINE('',#10130,#2378);
#1702=LINE('',#10147,#2379);
#1703=LINE('',#10164,#2380);
#1704=LINE('',#10181,#2381);
#1705=LINE('',#10198,#2382);
#1706=LINE('',#10215,#2383);
#1707=LINE('',#10232,#2384);
#1708=LINE('',#10249,#2385);
#1709=LINE('',#10266,#2386);
#1710=LINE('',#10283,#2387);
#1711=LINE('',#10300,#2388);
#1712=LINE('',#10317,#2389);
#1713=LINE('',#10334,#2390);
#1714=LINE('',#10360,#2391);
#1715=LINE('',#10440,#2392);
#1716=LINE('',#10520,#2393);
#1717=LINE('',#10522,#2394);
#1718=LINE('',#10523,#2395);
#1719=LINE('',#10540,#2396);
#1720=LINE('',#10557,#2397);
#1721=LINE('',#10574,#2398);
#1722=LINE('',#10591,#2399);
#1723=LINE('',#10608,#2400);
#1724=LINE('',#10625,#2401);
#1725=LINE('',#10642,#2402);
#1726=LINE('',#10659,#2403);
#1727=LINE('',#10676,#2404);
#1728=LINE('',#10693,#2405);
#1729=LINE('',#10710,#2406);
#1730=LINE('',#10727,#2407);
#1731=LINE('',#10744,#2408);
#1732=LINE('',#10747,#2409);
#1733=LINE('',#10748,#2410);
#1734=LINE('',#10765,#2411);
#1735=LINE('',#10782,#2412);
#1736=LINE('',#10799,#2413);
#1737=LINE('',#10816,#2414);
#1738=LINE('',#10833,#2415);
#1739=LINE('',#10850,#2416);
#1740=LINE('',#10867,#2417);
#1741=LINE('',#10884,#2418);
#1742=LINE('',#10901,#2419);
#1743=LINE('',#10918,#2420);
#1744=LINE('',#10935,#2421);
#1745=LINE('',#10952,#2422);
#1746=LINE('',#10969,#2423);
#1747=VECTOR('',#6491,10.);
#1748=VECTOR('',#6492,10.);
#1749=VECTOR('',#6493,10.);
#1750=VECTOR('',#6494,10.);
#1751=VECTOR('',#6497,10.);
#1752=VECTOR('',#6498,10.);
#1753=VECTOR('',#6499,10.);
#1754=VECTOR('',#6502,10.);
#1755=VECTOR('',#6503,10.);
#1756=VECTOR('',#6504,10.);
#1757=VECTOR('',#6507,10.);
#1758=VECTOR('',#6508,10.);
#1759=VECTOR('',#6515,10.);
#1760=VECTOR('',#6516,10.);
#1761=VECTOR('',#6517,10.);
#1762=VECTOR('',#6518,10.);
#1763=VECTOR('',#6521,10.);
#1764=VECTOR('',#6522,10.);
#1765=VECTOR('',#6523,10.);
#1766=VECTOR('',#6526,10.);
#1767=VECTOR('',#6527,10.);
#1768=VECTOR('',#6528,10.);
#1769=VECTOR('',#6531,10.);
#1770=VECTOR('',#6532,10.);
#1771=VECTOR('',#6539,10.);
#1772=VECTOR('',#6540,10.);
#1773=VECTOR('',#6541,10.);
#1774=VECTOR('',#6542,10.);
#1775=VECTOR('',#6545,10.);
#1776=VECTOR('',#6546,10.);
#1777=VECTOR('',#6547,10.);
#1778=VECTOR('',#6550,10.);
#1779=VECTOR('',#6551,10.);
#1780=VECTOR('',#6552,10.);
#1781=VECTOR('',#6555,10.);
#1782=VECTOR('',#6556,10.);
#1783=VECTOR('',#6563,10.);
#1784=VECTOR('',#6564,10.);
#1785=VECTOR('',#6565,10.);
#1786=VECTOR('',#6566,10.);
#1787=VECTOR('',#6569,10.);
#1788=VECTOR('',#6570,10.);
#1789=VECTOR('',#6571,10.);
#1790=VECTOR('',#6574,10.);
#1791=VECTOR('',#6575,10.);
#1792=VECTOR('',#6576,10.);
#1793=VECTOR('',#6579,10.);
#1794=VECTOR('',#6580,10.);
#1795=VECTOR('',#6587,10.);
#1796=VECTOR('',#6588,10.);
#1797=VECTOR('',#6589,10.);
#1798=VECTOR('',#6590,10.);
#1799=VECTOR('',#6593,10.);
#1800=VECTOR('',#6594,10.);
#1801=VECTOR('',#6595,10.);
#1802=VECTOR('',#6598,10.);
#1803=VECTOR('',#6599,10.);
#1804=VECTOR('',#6600,10.);
#1805=VECTOR('',#6603,10.);
#1806=VECTOR('',#6604,10.);
#1807=VECTOR('',#6611,10.);
#1808=VECTOR('',#6612,10.);
#1809=VECTOR('',#6613,10.);
#1810=VECTOR('',#6614,10.);
#1811=VECTOR('',#6617,10.);
#1812=VECTOR('',#6618,10.);
#1813=VECTOR('',#6619,10.);
#1814=VECTOR('',#6622,10.);
#1815=VECTOR('',#6623,10.);
#1816=VECTOR('',#6624,10.);
#1817=VECTOR('',#6627,10.);
#1818=VECTOR('',#6628,10.);
#1819=VECTOR('',#6635,10.);
#1820=VECTOR('',#6636,10.);
#1821=VECTOR('',#6637,10.);
#1822=VECTOR('',#6638,10.);
#1823=VECTOR('',#6641,10.);
#1824=VECTOR('',#6642,10.);
#1825=VECTOR('',#6643,10.);
#1826=VECTOR('',#6646,10.);
#1827=VECTOR('',#6647,10.);
#1828=VECTOR('',#6648,10.);
#1829=VECTOR('',#6651,10.);
#1830=VECTOR('',#6652,10.);
#1831=VECTOR('',#6659,10.);
#1832=VECTOR('',#6660,10.);
#1833=VECTOR('',#6661,10.);
#1834=VECTOR('',#6662,10.);
#1835=VECTOR('',#6665,10.);
#1836=VECTOR('',#6666,10.);
#1837=VECTOR('',#6667,10.);
#1838=VECTOR('',#6670,10.);
#1839=VECTOR('',#6671,10.);
#1840=VECTOR('',#6672,10.);
#1841=VECTOR('',#6675,10.);
#1842=VECTOR('',#6676,10.);
#1843=VECTOR('',#6683,10.);
#1844=VECTOR('',#6684,10.);
#1845=VECTOR('',#6685,10.);
#1846=VECTOR('',#6686,10.);
#1847=VECTOR('',#6689,10.);
#1848=VECTOR('',#6690,10.);
#1849=VECTOR('',#6691,10.);
#1850=VECTOR('',#6694,10.);
#1851=VECTOR('',#6695,10.);
#1852=VECTOR('',#6696,10.);
#1853=VECTOR('',#6699,10.);
#1854=VECTOR('',#6700,10.);
#1855=VECTOR('',#6707,10.);
#1856=VECTOR('',#6708,10.);
#1857=VECTOR('',#6709,10.);
#1858=VECTOR('',#6710,10.);
#1859=VECTOR('',#6713,10.);
#1860=VECTOR('',#6714,10.);
#1861=VECTOR('',#6715,10.);
#1862=VECTOR('',#6718,10.);
#1863=VECTOR('',#6719,10.);
#1864=VECTOR('',#6720,10.);
#1865=VECTOR('',#6723,10.);
#1866=VECTOR('',#6724,10.);
#1867=VECTOR('',#6731,10.);
#1868=VECTOR('',#6732,10.);
#1869=VECTOR('',#6733,10.);
#1870=VECTOR('',#6734,10.);
#1871=VECTOR('',#6737,10.);
#1872=VECTOR('',#6738,10.);
#1873=VECTOR('',#6739,10.);
#1874=VECTOR('',#6742,10.);
#1875=VECTOR('',#6743,10.);
#1876=VECTOR('',#6744,10.);
#1877=VECTOR('',#6747,10.);
#1878=VECTOR('',#6748,10.);
#1879=VECTOR('',#6755,10.);
#1880=VECTOR('',#6756,10.);
#1881=VECTOR('',#6757,10.);
#1882=VECTOR('',#6758,10.);
#1883=VECTOR('',#6761,10.);
#1884=VECTOR('',#6762,10.);
#1885=VECTOR('',#6763,10.);
#1886=VECTOR('',#6766,10.);
#1887=VECTOR('',#6767,10.);
#1888=VECTOR('',#6768,10.);
#1889=VECTOR('',#6771,10.);
#1890=VECTOR('',#6772,10.);
#1891=VECTOR('',#6779,10.);
#1892=VECTOR('',#6780,10.);
#1893=VECTOR('',#6781,10.);
#1894=VECTOR('',#6782,10.);
#1895=VECTOR('',#6785,10.);
#1896=VECTOR('',#6786,10.);
#1897=VECTOR('',#6787,10.);
#1898=VECTOR('',#6790,10.);
#1899=VECTOR('',#6791,10.);
#1900=VECTOR('',#6792,10.);
#1901=VECTOR('',#6795,10.);
#1902=VECTOR('',#6796,10.);
#1903=VECTOR('',#6803,10.);
#1904=VECTOR('',#6804,10.);
#1905=VECTOR('',#6805,10.);
#1906=VECTOR('',#6806,10.);
#1907=VECTOR('',#6809,10.);
#1908=VECTOR('',#6810,10.);
#1909=VECTOR('',#6811,10.);
#1910=VECTOR('',#6814,10.);
#1911=VECTOR('',#6815,10.);
#1912=VECTOR('',#6816,10.);
#1913=VECTOR('',#6819,10.);
#1914=VECTOR('',#6820,10.);
#1915=VECTOR('',#6827,10.);
#1916=VECTOR('',#6828,10.);
#1917=VECTOR('',#6829,10.);
#1918=VECTOR('',#6830,10.);
#1919=VECTOR('',#6833,10.);
#1920=VECTOR('',#6834,10.);
#1921=VECTOR('',#6835,10.);
#1922=VECTOR('',#6838,10.);
#1923=VECTOR('',#6839,10.);
#1924=VECTOR('',#6840,10.);
#1925=VECTOR('',#6843,10.);
#1926=VECTOR('',#6844,10.);
#1927=VECTOR('',#6851,10.);
#1928=VECTOR('',#6852,10.);
#1929=VECTOR('',#6853,10.);
#1930=VECTOR('',#6854,10.);
#1931=VECTOR('',#6857,10.);
#1932=VECTOR('',#6858,10.);
#1933=VECTOR('',#6859,10.);
#1934=VECTOR('',#6862,10.);
#1935=VECTOR('',#6863,10.);
#1936=VECTOR('',#6864,10.);
#1937=VECTOR('',#6867,10.);
#1938=VECTOR('',#6868,10.);
#1939=VECTOR('',#6875,10.);
#1940=VECTOR('',#6876,10.);
#1941=VECTOR('',#6877,10.);
#1942=VECTOR('',#6878,10.);
#1943=VECTOR('',#6881,10.);
#1944=VECTOR('',#6882,10.);
#1945=VECTOR('',#6883,10.);
#1946=VECTOR('',#6886,10.);
#1947=VECTOR('',#6887,10.);
#1948=VECTOR('',#6888,10.);
#1949=VECTOR('',#6891,10.);
#1950=VECTOR('',#6892,10.);
#1951=VECTOR('',#6899,10.);
#1952=VECTOR('',#6900,10.);
#1953=VECTOR('',#6901,10.);
#1954=VECTOR('',#6902,10.);
#1955=VECTOR('',#6905,10.);
#1956=VECTOR('',#6906,10.);
#1957=VECTOR('',#6907,10.);
#1958=VECTOR('',#6910,10.);
#1959=VECTOR('',#6911,10.);
#1960=VECTOR('',#6912,10.);
#1961=VECTOR('',#6915,10.);
#1962=VECTOR('',#6916,10.);
#1963=VECTOR('',#6923,10.);
#1964=VECTOR('',#6924,10.);
#1965=VECTOR('',#6925,10.);
#1966=VECTOR('',#6926,10.);
#1967=VECTOR('',#6929,10.);
#1968=VECTOR('',#6930,10.);
#1969=VECTOR('',#6931,10.);
#1970=VECTOR('',#6934,10.);
#1971=VECTOR('',#6935,10.);
#1972=VECTOR('',#6936,10.);
#1973=VECTOR('',#6939,10.);
#1974=VECTOR('',#6940,10.);
#1975=VECTOR('',#6947,10.);
#1976=VECTOR('',#6948,10.);
#1977=VECTOR('',#6949,10.);
#1978=VECTOR('',#6950,10.);
#1979=VECTOR('',#6953,10.);
#1980=VECTOR('',#6954,10.);
#1981=VECTOR('',#6955,10.);
#1982=VECTOR('',#6958,10.);
#1983=VECTOR('',#6959,10.);
#1984=VECTOR('',#6960,10.);
#1985=VECTOR('',#6963,10.);
#1986=VECTOR('',#6964,10.);
#1987=VECTOR('',#6971,10.);
#1988=VECTOR('',#6972,10.);
#1989=VECTOR('',#6973,10.);
#1990=VECTOR('',#6974,10.);
#1991=VECTOR('',#6975,10.);
#1992=VECTOR('',#6976,10.);
#1993=VECTOR('',#6977,10.);
#1994=VECTOR('',#6978,10.);
#1995=VECTOR('',#6979,10.);
#1996=VECTOR('',#6980,10.);
#1997=VECTOR('',#6981,10.);
#1998=VECTOR('',#6982,10.);
#1999=VECTOR('',#6985,10.);
#2000=VECTOR('',#6986,10.);
#2001=VECTOR('',#6987,10.);
#2002=VECTOR('',#6990,10.);
#2003=VECTOR('',#6991,10.);
#2004=VECTOR('',#6994,10.);
#2005=VECTOR('',#6995,10.);
#2006=VECTOR('',#6998,10.);
#2007=VECTOR('',#6999,10.);
#2008=VECTOR('',#7002,10.);
#2009=VECTOR('',#7003,10.);
#2010=VECTOR('',#7006,10.);
#2011=VECTOR('',#7007,10.);
#2012=VECTOR('',#7010,10.);
#2013=VECTOR('',#7011,10.);
#2014=VECTOR('',#7014,10.);
#2015=VECTOR('',#7015,10.);
#2016=VECTOR('',#7018,10.);
#2017=VECTOR('',#7019,10.);
#2018=VECTOR('',#7022,10.);
#2019=VECTOR('',#7023,10.);
#2020=VECTOR('',#7026,10.);
#2021=VECTOR('',#7027,10.);
#2022=VECTOR('',#7030,10.);
#2023=VECTOR('',#7035,10.);
#2024=VECTOR('',#7036,10.);
#2025=VECTOR('',#7037,10.);
#2026=VECTOR('',#7038,10.);
#2027=VECTOR('',#7039,10.);
#2028=VECTOR('',#7040,10.);
#2029=VECTOR('',#7041,10.);
#2030=VECTOR('',#7042,10.);
#2031=VECTOR('',#7043,10.);
#2032=VECTOR('',#7044,10.);
#2033=VECTOR('',#7045,10.);
#2034=VECTOR('',#7046,10.);
#2035=VECTOR('',#7047,10.);
#2036=VECTOR('',#7050,10.);
#2037=VECTOR('',#7051,10.);
#2038=VECTOR('',#7052,10.);
#2039=VECTOR('',#7055,10.);
#2040=VECTOR('',#7056,10.);
#2041=VECTOR('',#7059,10.);
#2042=VECTOR('',#7060,10.);
#2043=VECTOR('',#7063,10.);
#2044=VECTOR('',#7064,10.);
#2045=VECTOR('',#7067,10.);
#2046=VECTOR('',#7068,10.);
#2047=VECTOR('',#7071,10.);
#2048=VECTOR('',#7072,10.);
#2049=VECTOR('',#7075,10.);
#2050=VECTOR('',#7076,10.);
#2051=VECTOR('',#7079,10.);
#2052=VECTOR('',#7080,10.);
#2053=VECTOR('',#7083,10.);
#2054=VECTOR('',#7084,10.);
#2055=VECTOR('',#7087,10.);
#2056=VECTOR('',#7088,10.);
#2057=VECTOR('',#7091,10.);
#2058=VECTOR('',#7092,10.);
#2059=VECTOR('',#7095,10.);
#2060=VECTOR('',#7096,10.);
#2061=VECTOR('',#7099,10.);
#2062=VECTOR('',#7104,10.);
#2063=VECTOR('',#7105,10.);
#2064=VECTOR('',#7106,10.);
#2065=VECTOR('',#7107,10.);
#2066=VECTOR('',#7108,10.);
#2067=VECTOR('',#7109,10.);
#2068=VECTOR('',#7110,10.);
#2069=VECTOR('',#7111,10.);
#2070=VECTOR('',#7112,10.);
#2071=VECTOR('',#7113,10.);
#2072=VECTOR('',#7114,10.);
#2073=VECTOR('',#7117,10.);
#2074=VECTOR('',#7118,10.);
#2075=VECTOR('',#7119,10.);
#2076=VECTOR('',#7122,10.);
#2077=VECTOR('',#7123,10.);
#2078=VECTOR('',#7126,10.);
#2079=VECTOR('',#7129,10.);
#2080=VECTOR('',#7130,10.);
#2081=VECTOR('',#7131,10.);
#2082=VECTOR('',#7134,10.);
#2083=VECTOR('',#7135,10.);
#2084=VECTOR('',#7138,10.);
#2085=VECTOR('',#7139,10.);
#2086=VECTOR('',#7142,10.);
#2087=VECTOR('',#7143,10.);
#2088=VECTOR('',#7146,10.);
#2089=VECTOR('',#7147,10.);
#2090=VECTOR('',#7150,10.);
#2091=VECTOR('',#7151,10.);
#2092=VECTOR('',#7154,10.);
#2093=VECTOR('',#7155,10.);
#2094=VECTOR('',#7158,10.);
#2095=VECTOR('',#7163,10.);
#2096=VECTOR('',#7164,10.);
#2097=VECTOR('',#7165,10.);
#2098=VECTOR('',#7166,10.);
#2099=VECTOR('',#7167,10.);
#2100=VECTOR('',#7168,10.);
#2101=VECTOR('',#7171,10.);
#2102=VECTOR('',#7172,10.);
#2103=VECTOR('',#7173,10.);
#2104=VECTOR('',#7176,10.);
#2105=VECTOR('',#7177,10.);
#2106=VECTOR('',#7180,10.);
#2107=VECTOR('',#7181,10.);
#2108=VECTOR('',#7182,10.);
#2109=VECTOR('',#7183,10.);
#2110=VECTOR('',#7184,10.);
#2111=VECTOR('',#7185,10.);
#2112=VECTOR('',#7186,10.);
#2113=VECTOR('',#7187,10.);
#2114=VECTOR('',#7188,10.);
#2115=VECTOR('',#7189,10.);
#2116=VECTOR('',#7190,10.);
#2117=VECTOR('',#7191,10.);
#2118=VECTOR('',#7192,10.);
#2119=VECTOR('',#7195,10.);
#2120=VECTOR('',#7196,10.);
#2121=VECTOR('',#7197,10.);
#2122=VECTOR('',#7198,10.);
#2123=VECTOR('',#7199,10.);
#2124=VECTOR('',#7200,10.);
#2125=VECTOR('',#7201,10.);
#2126=VECTOR('',#7202,10.);
#2127=VECTOR('',#7203,10.);
#2128=VECTOR('',#7204,10.);
#2129=VECTOR('',#7207,10.);
#2130=VECTOR('',#7208,10.);
#2131=VECTOR('',#7211,10.);
#2132=VECTOR('',#7216,10.);
#2133=VECTOR('',#7217,10.);
#2134=VECTOR('',#7218,10.);
#2135=VECTOR('',#7219,10.);
#2136=VECTOR('',#7220,10.);
#2137=VECTOR('',#7221,10.);
#2138=VECTOR('',#7222,10.);
#2139=VECTOR('',#7223,10.);
#2140=VECTOR('',#7224,10.);
#2141=VECTOR('',#7225,10.);
#2142=VECTOR('',#7228,10.);
#2143=VECTOR('',#7229,10.);
#2144=VECTOR('',#7230,10.);
#2145=VECTOR('',#7233,10.);
#2146=VECTOR('',#7234,10.);
#2147=VECTOR('',#7237,10.);
#2148=VECTOR('',#7238,10.);
#2149=VECTOR('',#7241,10.);
#2150=VECTOR('',#7242,10.);
#2151=VECTOR('',#7245,10.);
#2152=VECTOR('',#7246,10.);
#2153=VECTOR('',#7249,10.);
#2154=VECTOR('',#7250,10.);
#2155=VECTOR('',#7253,10.);
#2156=VECTOR('',#7254,10.);
#2157=VECTOR('',#7257,10.);
#2158=VECTOR('',#7258,10.);
#2159=VECTOR('',#7261,10.);
#2160=VECTOR('',#7262,10.);
#2161=VECTOR('',#7265,10.);
#2162=VECTOR('',#7270,10.);
#2163=VECTOR('',#7271,10.);
#2164=VECTOR('',#7272,10.);
#2165=VECTOR('',#7273,10.);
#2166=VECTOR('',#7274,10.);
#2167=VECTOR('',#7275,10.);
#2168=VECTOR('',#7276,10.);
#2169=VECTOR('',#7277,10.);
#2170=VECTOR('',#7278,10.);
#2171=VECTOR('',#7279,10.);
#2172=VECTOR('',#7280,10.);
#2173=VECTOR('',#7283,10.);
#2174=VECTOR('',#7284,10.);
#2175=VECTOR('',#7285,10.);
#2176=VECTOR('',#7288,10.);
#2177=VECTOR('',#7289,10.);
#2178=VECTOR('',#7292,10.);
#2179=VECTOR('',#7295,10.);
#2180=VECTOR('',#7296,10.);
#2181=VECTOR('',#7297,10.);
#2182=VECTOR('',#7300,10.);
#2183=VECTOR('',#7301,10.);
#2184=VECTOR('',#7304,10.);
#2185=VECTOR('',#7305,10.);
#2186=VECTOR('',#7308,10.);
#2187=VECTOR('',#7309,10.);
#2188=VECTOR('',#7312,10.);
#2189=VECTOR('',#7313,10.);
#2190=VECTOR('',#7316,10.);
#2191=VECTOR('',#7317,10.);
#2192=VECTOR('',#7320,10.);
#2193=VECTOR('',#7321,10.);
#2194=VECTOR('',#7324,10.);
#2195=VECTOR('',#7329,10.);
#2196=VECTOR('',#7330,10.);
#2197=VECTOR('',#7331,10.);
#2198=VECTOR('',#7332,10.);
#2199=VECTOR('',#7333,10.);
#2200=VECTOR('',#7334,10.);
#2201=VECTOR('',#7335,10.);
#2202=VECTOR('',#7336,10.);
#2203=VECTOR('',#7337,10.);
#2204=VECTOR('',#7338,10.);
#2205=VECTOR('',#7339,10.);
#2206=VECTOR('',#7342,10.);
#2207=VECTOR('',#7343,10.);
#2208=VECTOR('',#7344,10.);
#2209=VECTOR('',#7345,10.);
#2210=VECTOR('',#7346,10.);
#2211=VECTOR('',#7347,10.);
#2212=VECTOR('',#7348,10.);
#2213=VECTOR('',#7349,10.);
#2214=VECTOR('',#7352,10.);
#2215=VECTOR('',#7353,10.);
#2216=VECTOR('',#7356,10.);
#2217=VECTOR('',#7359,10.);
#2218=VECTOR('',#7360,10.);
#2219=VECTOR('',#7361,10.);
#2220=VECTOR('',#7364,10.);
#2221=VECTOR('',#7365,10.);
#2222=VECTOR('',#7366,10.);
#2223=VECTOR('',#7367,10.);
#2224=VECTOR('',#7368,10.);
#2225=VECTOR('',#7369,10.);
#2226=VECTOR('',#7370,10.);
#2227=VECTOR('',#7371,10.);
#2228=VECTOR('',#7372,10.);
#2229=VECTOR('',#7373,10.);
#2230=VECTOR('',#7374,10.);
#2231=VECTOR('',#7377,10.);
#2232=VECTOR('',#7378,10.);
#2233=VECTOR('',#7381,10.);
#2234=VECTOR('',#7382,10.);
#2235=VECTOR('',#7385,10.);
#2236=VECTOR('',#7386,10.);
#2237=VECTOR('',#7387,10.);
#2238=VECTOR('',#7388,10.);
#2239=VECTOR('',#7391,10.);
#2240=VECTOR('',#7392,10.);
#2241=VECTOR('',#7395,10.);
#2242=VECTOR('',#7396,10.);
#2243=VECTOR('',#7399,10.);
#2244=VECTOR('',#7404,10.);
#2245=VECTOR('',#7405,10.);
#2246=VECTOR('',#7406,10.);
#2247=VECTOR('',#7407,10.);
#2248=VECTOR('',#7408,10.);
#2249=VECTOR('',#7409,10.);
#2250=VECTOR('',#7410,10.);
#2251=VECTOR('',#7411,10.);
#2252=VECTOR('',#7414,10.);
#2253=VECTOR('',#7415,10.);
#2254=VECTOR('',#7416,10.);
#2255=VECTOR('',#7419,10.);
#2256=VECTOR('',#7420,10.);
#2257=VECTOR('',#7423,10.);
#2258=VECTOR('',#7424,10.);
#2259=VECTOR('',#7427,10.);
#2260=VECTOR('',#7428,10.);
#2261=VECTOR('',#7431,10.);
#2262=VECTOR('',#7432,10.);
#2263=VECTOR('',#7435,10.);
#2264=VECTOR('',#7436,10.);
#2265=VECTOR('',#7439,10.);
#2266=VECTOR('',#7440,10.);
#2267=VECTOR('',#7443,10.);
#2268=VECTOR('',#7448,10.);
#2269=VECTOR('',#7449,10.);
#2270=VECTOR('',#7450,10.);
#2271=VECTOR('',#7451,10.);
#2272=VECTOR('',#7452,10.);
#2273=VECTOR('',#7453,10.);
#2274=VECTOR('',#7454,10.);
#2275=VECTOR('',#7455,10.);
#2276=VECTOR('',#7456,10.);
#2277=VECTOR('',#7457,10.);
#2278=VECTOR('',#7458,10.);
#2279=VECTOR('',#7461,10.);
#2280=VECTOR('',#7462,10.);
#2281=VECTOR('',#7463,10.);
#2282=VECTOR('',#7466,10.);
#2283=VECTOR('',#7467,10.);
#2284=VECTOR('',#7470,10.);
#2285=VECTOR('',#7473,10.);
#2286=VECTOR('',#7474,10.);
#2287=VECTOR('',#7475,10.);
#2288=VECTOR('',#7478,10.);
#2289=VECTOR('',#7479,10.);
#2290=VECTOR('',#7482,10.);
#2291=VECTOR('',#7483,10.);
#2292=VECTOR('',#7486,10.);
#2293=VECTOR('',#7487,10.);
#2294=VECTOR('',#7490,10.);
#2295=VECTOR('',#7491,10.);
#2296=VECTOR('',#7494,10.);
#2297=VECTOR('',#7495,10.);
#2298=VECTOR('',#7498,10.);
#2299=VECTOR('',#7499,10.);
#2300=VECTOR('',#7502,10.);
#2301=VECTOR('',#7507,10.);
#2302=VECTOR('',#7508,10.);
#2303=VECTOR('',#7509,10.);
#2304=VECTOR('',#7510,10.);
#2305=VECTOR('',#7511,10.);
#2306=VECTOR('',#7512,10.);
#2307=VECTOR('',#7513,10.);
#2308=VECTOR('',#7516,10.);
#2309=VECTOR('',#7517,10.);
#2310=VECTOR('',#7518,10.);
#2311=VECTOR('',#7521,10.);
#2312=VECTOR('',#7522,10.);
#2313=VECTOR('',#7525,10.);
#2314=VECTOR('',#7526,10.);
#2315=VECTOR('',#7529,10.);
#2316=VECTOR('',#7530,10.);
#2317=VECTOR('',#7533,10.);
#2318=VECTOR('',#7534,10.);
#2319=VECTOR('',#7537,10.);
#2320=VECTOR('',#7538,10.);
#2321=VECTOR('',#7541,10.);
#2322=VECTOR('',#7546,10.);
#2323=VECTOR('',#7547,10.);
#2324=VECTOR('',#7548,10.);
#2325=VECTOR('',#7549,10.);
#2326=VECTOR('',#7552,10.);
#2327=VECTOR('',#7553,10.);
#2328=VECTOR('',#7554,10.);
#2329=VECTOR('',#7557,10.);
#2330=VECTOR('',#7558,10.);
#2331=VECTOR('',#7561,10.);
#2332=VECTOR('',#7562,10.);
#2333=VECTOR('',#7565,10.);
#2334=VECTOR('',#7570,10.);
#2335=VECTOR('',#7571,10.);
#2336=VECTOR('',#7572,10.);
#2337=VECTOR('',#7573,10.);
#2338=VECTOR('',#7574,10.);
#2339=VECTOR('',#7575,10.);
#2340=VECTOR('',#7576,10.);
#2341=VECTOR('',#7577,10.);
#2342=VECTOR('',#7580,10.);
#2343=VECTOR('',#7581,10.);
#2344=VECTOR('',#7582,10.);
#2345=VECTOR('',#7585,10.);
#2346=VECTOR('',#7586,10.);
#2347=VECTOR('',#7589,10.);
#2348=VECTOR('',#7590,10.);
#2349=VECTOR('',#7593,10.);
#2350=VECTOR('',#7594,10.);
#2351=VECTOR('',#7597,10.);
#2352=VECTOR('',#7598,10.);
#2353=VECTOR('',#7601,10.);
#2354=VECTOR('',#7602,10.);
#2355=VECTOR('',#7605,10.);
#2356=VECTOR('',#7606,10.);
#2357=VECTOR('',#7609,10.);
#2358=VECTOR('',#7614,10.);
#2359=VECTOR('',#7615,10.);
#2360=VECTOR('',#7618,10.);
#2361=VECTOR('',#7619,10.);
#2362=VECTOR('',#7620,10.);
#2363=VECTOR('',#7621,10.);
#2364=VECTOR('',#7622,10.);
#2365=VECTOR('',#7623,10.);
#2366=VECTOR('',#7624,10.);
#2367=VECTOR('',#7625,10.);
#2368=VECTOR('',#7626,10.);
#2369=VECTOR('',#7627,10.);
#2370=VECTOR('',#7628,10.);
#2371=VECTOR('',#7629,10.);
#2372=VECTOR('',#7630,10.);
#2373=VECTOR('',#7631,10.);
#2374=VECTOR('',#7632,10.);
#2375=VECTOR('',#7633,10.);
#2376=VECTOR('',#7636,10.);
#2377=VECTOR('',#7637,10.);
#2378=VECTOR('',#7638,10.);
#2379=VECTOR('',#7639,10.);
#2380=VECTOR('',#7640,10.);
#2381=VECTOR('',#7641,10.);
#2382=VECTOR('',#7642,10.);
#2383=VECTOR('',#7643,10.);
#2384=VECTOR('',#7644,10.);
#2385=VECTOR('',#7645,10.);
#2386=VECTOR('',#7646,10.);
#2387=VECTOR('',#7647,10.);
#2388=VECTOR('',#7648,10.);
#2389=VECTOR('',#7649,10.);
#2390=VECTOR('',#7650,10.);
#2391=VECTOR('',#7655,10.);
#2392=VECTOR('',#7656,10.);
#2393=VECTOR('',#7659,10.);
#2394=VECTOR('',#7660,10.);
#2395=VECTOR('',#7661,10.);
#2396=VECTOR('',#7662,10.);
#2397=VECTOR('',#7663,10.);
#2398=VECTOR('',#7664,10.);
#2399=VECTOR('',#7665,10.);
#2400=VECTOR('',#7666,10.);
#2401=VECTOR('',#7667,10.);
#2402=VECTOR('',#7668,10.);
#2403=VECTOR('',#7669,10.);
#2404=VECTOR('',#7670,10.);
#2405=VECTOR('',#7671,10.);
#2406=VECTOR('',#7672,10.);
#2407=VECTOR('',#7673,10.);
#2408=VECTOR('',#7674,10.);
#2409=VECTOR('',#7677,10.);
#2410=VECTOR('',#7678,10.);
#2411=VECTOR('',#7679,10.);
#2412=VECTOR('',#7680,10.);
#2413=VECTOR('',#7681,10.);
#2414=VECTOR('',#7682,10.);
#2415=VECTOR('',#7683,10.);
#2416=VECTOR('',#7684,10.);
#2417=VECTOR('',#7685,10.);
#2418=VECTOR('',#7686,10.);
#2419=VECTOR('',#7687,10.);
#2420=VECTOR('',#7688,10.);
#2421=VECTOR('',#7689,10.);
#2422=VECTOR('',#7690,10.);
#2423=VECTOR('',#7691,10.);
#2424=VERTEX_POINT('',#7696);
#2425=VERTEX_POINT('',#7697);
#2426=VERTEX_POINT('',#7699);
#2427=VERTEX_POINT('',#7701);
#2428=VERTEX_POINT('',#7705);
#2429=VERTEX_POINT('',#7707);
#2430=VERTEX_POINT('',#7711);
#2431=VERTEX_POINT('',#7713);
#2432=VERTEX_POINT('',#7722);
#2433=VERTEX_POINT('',#7723);
#2434=VERTEX_POINT('',#7725);
#2435=VERTEX_POINT('',#7727);
#2436=VERTEX_POINT('',#7731);
#2437=VERTEX_POINT('',#7733);
#2438=VERTEX_POINT('',#7737);
#2439=VERTEX_POINT('',#7739);
#2440=VERTEX_POINT('',#7748);
#2441=VERTEX_POINT('',#7749);
#2442=VERTEX_POINT('',#7751);
#2443=VERTEX_POINT('',#7753);
#2444=VERTEX_POINT('',#7757);
#2445=VERTEX_POINT('',#7759);
#2446=VERTEX_POINT('',#7763);
#2447=VERTEX_POINT('',#7765);
#2448=VERTEX_POINT('',#7774);
#2449=VERTEX_POINT('',#7775);
#2450=VERTEX_POINT('',#7777);
#2451=VERTEX_POINT('',#7779);
#2452=VERTEX_POINT('',#7783);
#2453=VERTEX_POINT('',#7785);
#2454=VERTEX_POINT('',#7789);
#2455=VERTEX_POINT('',#7791);
#2456=VERTEX_POINT('',#7800);
#2457=VERTEX_POINT('',#7801);
#2458=VERTEX_POINT('',#7803);
#2459=VERTEX_POINT('',#7805);
#2460=VERTEX_POINT('',#7809);
#2461=VERTEX_POINT('',#7811);
#2462=VERTEX_POINT('',#7815);
#2463=VERTEX_POINT('',#7817);
#2464=VERTEX_POINT('',#7826);
#2465=VERTEX_POINT('',#7827);
#2466=VERTEX_POINT('',#7829);
#2467=VERTEX_POINT('',#7831);
#2468=VERTEX_POINT('',#7835);
#2469=VERTEX_POINT('',#7837);
#2470=VERTEX_POINT('',#7841);
#2471=VERTEX_POINT('',#7843);
#2472=VERTEX_POINT('',#7852);
#2473=VERTEX_POINT('',#7853);
#2474=VERTEX_POINT('',#7855);
#2475=VERTEX_POINT('',#7857);
#2476=VERTEX_POINT('',#7861);
#2477=VERTEX_POINT('',#7863);
#2478=VERTEX_POINT('',#7867);
#2479=VERTEX_POINT('',#7869);
#2480=VERTEX_POINT('',#7878);
#2481=VERTEX_POINT('',#7879);
#2482=VERTEX_POINT('',#7881);
#2483=VERTEX_POINT('',#7883);
#2484=VERTEX_POINT('',#7887);
#2485=VERTEX_POINT('',#7889);
#2486=VERTEX_POINT('',#7893);
#2487=VERTEX_POINT('',#7895);
#2488=VERTEX_POINT('',#7904);
#2489=VERTEX_POINT('',#7905);
#2490=VERTEX_POINT('',#7907);
#2491=VERTEX_POINT('',#7909);
#2492=VERTEX_POINT('',#7913);
#2493=VERTEX_POINT('',#7915);
#2494=VERTEX_POINT('',#7919);
#2495=VERTEX_POINT('',#7921);
#2496=VERTEX_POINT('',#7930);
#2497=VERTEX_POINT('',#7931);
#2498=VERTEX_POINT('',#7933);
#2499=VERTEX_POINT('',#7935);
#2500=VERTEX_POINT('',#7939);
#2501=VERTEX_POINT('',#7941);
#2502=VERTEX_POINT('',#7945);
#2503=VERTEX_POINT('',#7947);
#2504=VERTEX_POINT('',#7956);
#2505=VERTEX_POINT('',#7957);
#2506=VERTEX_POINT('',#7959);
#2507=VERTEX_POINT('',#7961);
#2508=VERTEX_POINT('',#7965);
#2509=VERTEX_POINT('',#7967);
#2510=VERTEX_POINT('',#7971);
#2511=VERTEX_POINT('',#7973);
#2512=VERTEX_POINT('',#7982);
#2513=VERTEX_POINT('',#7983);
#2514=VERTEX_POINT('',#7985);
#2515=VERTEX_POINT('',#7987);
#2516=VERTEX_POINT('',#7991);
#2517=VERTEX_POINT('',#7993);
#2518=VERTEX_POINT('',#7997);
#2519=VERTEX_POINT('',#7999);
#2520=VERTEX_POINT('',#8008);
#2521=VERTEX_POINT('',#8009);
#2522=VERTEX_POINT('',#8011);
#2523=VERTEX_POINT('',#8013);
#2524=VERTEX_POINT('',#8017);
#2525=VERTEX_POINT('',#8019);
#2526=VERTEX_POINT('',#8023);
#2527=VERTEX_POINT('',#8025);
#2528=VERTEX_POINT('',#8034);
#2529=VERTEX_POINT('',#8035);
#2530=VERTEX_POINT('',#8037);
#2531=VERTEX_POINT('',#8039);
#2532=VERTEX_POINT('',#8043);
#2533=VERTEX_POINT('',#8045);
#2534=VERTEX_POINT('',#8049);
#2535=VERTEX_POINT('',#8051);
#2536=VERTEX_POINT('',#8060);
#2537=VERTEX_POINT('',#8061);
#2538=VERTEX_POINT('',#8063);
#2539=VERTEX_POINT('',#8065);
#2540=VERTEX_POINT('',#8069);
#2541=VERTEX_POINT('',#8071);
#2542=VERTEX_POINT('',#8075);
#2543=VERTEX_POINT('',#8077);
#2544=VERTEX_POINT('',#8086);
#2545=VERTEX_POINT('',#8087);
#2546=VERTEX_POINT('',#8089);
#2547=VERTEX_POINT('',#8091);
#2548=VERTEX_POINT('',#8095);
#2549=VERTEX_POINT('',#8097);
#2550=VERTEX_POINT('',#8101);
#2551=VERTEX_POINT('',#8103);
#2552=VERTEX_POINT('',#8112);
#2553=VERTEX_POINT('',#8113);
#2554=VERTEX_POINT('',#8115);
#2555=VERTEX_POINT('',#8117);
#2556=VERTEX_POINT('',#8121);
#2557=VERTEX_POINT('',#8123);
#2558=VERTEX_POINT('',#8127);
#2559=VERTEX_POINT('',#8129);
#2560=VERTEX_POINT('',#8138);
#2561=VERTEX_POINT('',#8139);
#2562=VERTEX_POINT('',#8141);
#2563=VERTEX_POINT('',#8143);
#2564=VERTEX_POINT('',#8147);
#2565=VERTEX_POINT('',#8149);
#2566=VERTEX_POINT('',#8153);
#2567=VERTEX_POINT('',#8155);
#2568=VERTEX_POINT('',#8164);
#2569=VERTEX_POINT('',#8165);
#2570=VERTEX_POINT('',#8167);
#2571=VERTEX_POINT('',#8169);
#2572=VERTEX_POINT('',#8173);
#2573=VERTEX_POINT('',#8175);
#2574=VERTEX_POINT('',#8179);
#2575=VERTEX_POINT('',#8181);
#2576=VERTEX_POINT('',#8190);
#2577=VERTEX_POINT('',#8191);
#2578=VERTEX_POINT('',#8193);
#2579=VERTEX_POINT('',#8195);
#2580=VERTEX_POINT('',#8199);
#2581=VERTEX_POINT('',#8201);
#2582=VERTEX_POINT('',#8205);
#2583=VERTEX_POINT('',#8207);
#2584=VERTEX_POINT('',#8216);
#2585=VERTEX_POINT('',#8217);
#2586=VERTEX_POINT('',#8219);
#2587=VERTEX_POINT('',#8221);
#2588=VERTEX_POINT('',#8223);
#2589=VERTEX_POINT('',#8225);
#2590=VERTEX_POINT('',#8227);
#2591=VERTEX_POINT('',#8229);
#2592=VERTEX_POINT('',#8231);
#2593=VERTEX_POINT('',#8233);
#2594=VERTEX_POINT('',#8235);
#2595=VERTEX_POINT('',#8237);
#2596=VERTEX_POINT('',#8241);
#2597=VERTEX_POINT('',#8243);
#2598=VERTEX_POINT('',#8247);
#2599=VERTEX_POINT('',#8251);
#2600=VERTEX_POINT('',#8255);
#2601=VERTEX_POINT('',#8259);
#2602=VERTEX_POINT('',#8263);
#2603=VERTEX_POINT('',#8267);
#2604=VERTEX_POINT('',#8271);
#2605=VERTEX_POINT('',#8275);
#2606=VERTEX_POINT('',#8279);
#2607=VERTEX_POINT('',#8283);
#2608=VERTEX_POINT('',#8290);
#2609=VERTEX_POINT('',#8291);
#2610=VERTEX_POINT('',#8293);
#2611=VERTEX_POINT('',#8295);
#2612=VERTEX_POINT('',#8297);
#2613=VERTEX_POINT('',#8299);
#2614=VERTEX_POINT('',#8301);
#2615=VERTEX_POINT('',#8303);
#2616=VERTEX_POINT('',#8305);
#2617=VERTEX_POINT('',#8307);
#2618=VERTEX_POINT('',#8309);
#2619=VERTEX_POINT('',#8311);
#2620=VERTEX_POINT('',#8313);
#2621=VERTEX_POINT('',#8317);
#2622=VERTEX_POINT('',#8319);
#2623=VERTEX_POINT('',#8323);
#2624=VERTEX_POINT('',#8327);
#2625=VERTEX_POINT('',#8331);
#2626=VERTEX_POINT('',#8335);
#2627=VERTEX_POINT('',#8339);
#2628=VERTEX_POINT('',#8343);
#2629=VERTEX_POINT('',#8347);
#2630=VERTEX_POINT('',#8351);
#2631=VERTEX_POINT('',#8355);
#2632=VERTEX_POINT('',#8359);
#2633=VERTEX_POINT('',#8363);
#2634=VERTEX_POINT('',#8370);
#2635=VERTEX_POINT('',#8371);
#2636=VERTEX_POINT('',#8373);
#2637=VERTEX_POINT('',#8375);
#2638=VERTEX_POINT('',#8377);
#2639=VERTEX_POINT('',#8379);
#2640=VERTEX_POINT('',#8381);
#2641=VERTEX_POINT('',#8383);
#2642=VERTEX_POINT('',#8386);
#2643=VERTEX_POINT('',#8387);
#2644=VERTEX_POINT('',#8389);
#2645=VERTEX_POINT('',#8393);
#2646=VERTEX_POINT('',#8395);
#2647=VERTEX_POINT('',#8399);
#2648=VERTEX_POINT('',#8405);
#2649=VERTEX_POINT('',#8407);
#2650=VERTEX_POINT('',#8411);
#2651=VERTEX_POINT('',#8415);
#2652=VERTEX_POINT('',#8419);
#2653=VERTEX_POINT('',#8423);
#2654=VERTEX_POINT('',#8427);
#2655=VERTEX_POINT('',#8431);
#2656=VERTEX_POINT('',#8438);
#2657=VERTEX_POINT('',#8439);
#2658=VERTEX_POINT('',#8441);
#2659=VERTEX_POINT('',#8443);
#2660=VERTEX_POINT('',#8445);
#2661=VERTEX_POINT('',#8447);
#2662=VERTEX_POINT('',#8453);
#2663=VERTEX_POINT('',#8459);
#2664=VERTEX_POINT('',#8465);
#2665=VERTEX_POINT('',#8471);
#2666=VERTEX_POINT('',#8477);
#2667=VERTEX_POINT('',#8483);
#2668=VERTEX_POINT('',#8489);
#2669=VERTEX_POINT('',#8495);
#2670=VERTEX_POINT('',#8501);
#2671=VERTEX_POINT('',#8507);
#2672=VERTEX_POINT('',#8513);
#2673=VERTEX_POINT('',#8515);
#2674=VERTEX_POINT('',#8521);
#2675=VERTEX_POINT('',#8527);
#2676=VERTEX_POINT('',#8533);
#2677=VERTEX_POINT('',#8539);
#2678=VERTEX_POINT('',#8545);
#2679=VERTEX_POINT('',#8551);
#2680=VERTEX_POINT('',#8557);
#2681=VERTEX_POINT('',#8565);
#2682=VERTEX_POINT('',#8567);
#2683=VERTEX_POINT('',#8571);
#2684=VERTEX_POINT('',#8575);
#2685=VERTEX_POINT('',#8588);
#2686=VERTEX_POINT('',#8605);
#2687=VERTEX_POINT('',#8622);
#2688=VERTEX_POINT('',#8639);
#2689=VERTEX_POINT('',#8656);
#2690=VERTEX_POINT('',#8673);
#2691=VERTEX_POINT('',#8690);
#2692=VERTEX_POINT('',#8707);
#2693=VERTEX_POINT('',#8724);
#2694=VERTEX_POINT('',#8741);
#2695=VERTEX_POINT('',#8758);
#2696=VERTEX_POINT('',#8766);
#2697=VERTEX_POINT('',#8779);
#2698=VERTEX_POINT('',#8796);
#2699=VERTEX_POINT('',#8813);
#2700=VERTEX_POINT('',#8830);
#2701=VERTEX_POINT('',#8847);
#2702=VERTEX_POINT('',#8864);
#2703=VERTEX_POINT('',#8881);
#2704=VERTEX_POINT('',#8898);
#2705=VERTEX_POINT('',#8906);
#2706=VERTEX_POINT('',#8913);
#2707=VERTEX_POINT('',#8914);
#2708=VERTEX_POINT('',#8916);
#2709=VERTEX_POINT('',#8918);
#2710=VERTEX_POINT('',#8920);
#2711=VERTEX_POINT('',#8922);
#2712=VERTEX_POINT('',#8924);
#2713=VERTEX_POINT('',#8926);
#2714=VERTEX_POINT('',#8928);
#2715=VERTEX_POINT('',#8930);
#2716=VERTEX_POINT('',#8934);
#2717=VERTEX_POINT('',#8936);
#2718=VERTEX_POINT('',#8940);
#2719=VERTEX_POINT('',#8944);
#2720=VERTEX_POINT('',#8948);
#2721=VERTEX_POINT('',#8952);
#2722=VERTEX_POINT('',#8956);
#2723=VERTEX_POINT('',#8960);
#2724=VERTEX_POINT('',#8964);
#2725=VERTEX_POINT('',#8968);
#2726=VERTEX_POINT('',#8975);
#2727=VERTEX_POINT('',#8976);
#2728=VERTEX_POINT('',#8978);
#2729=VERTEX_POINT('',#8980);
#2730=VERTEX_POINT('',#8982);
#2731=VERTEX_POINT('',#8984);
#2732=VERTEX_POINT('',#8986);
#2733=VERTEX_POINT('',#8988);
#2734=VERTEX_POINT('',#8991);
#2735=VERTEX_POINT('',#8992);
#2736=VERTEX_POINT('',#8994);
#2737=VERTEX_POINT('',#8998);
#2738=VERTEX_POINT('',#9000);
#2739=VERTEX_POINT('',#9004);
#2740=VERTEX_POINT('',#9010);
#2741=VERTEX_POINT('',#9012);
#2742=VERTEX_POINT('',#9016);
#2743=VERTEX_POINT('',#9020);
#2744=VERTEX_POINT('',#9024);
#2745=VERTEX_POINT('',#9028);
#2746=VERTEX_POINT('',#9032);
#2747=VERTEX_POINT('',#9036);
#2748=VERTEX_POINT('',#9043);
#2749=VERTEX_POINT('',#9044);
#2750=VERTEX_POINT('',#9046);
#2751=VERTEX_POINT('',#9048);
#2752=VERTEX_POINT('',#9050);
#2753=VERTEX_POINT('',#9056);
#2754=VERTEX_POINT('',#9062);
#2755=VERTEX_POINT('',#9068);
#2756=VERTEX_POINT('',#9074);
#2757=VERTEX_POINT('',#9080);
#2758=VERTEX_POINT('',#9086);
#2759=VERTEX_POINT('',#9092);
#2760=VERTEX_POINT('',#9098);
#2761=VERTEX_POINT('',#9104);
#2762=VERTEX_POINT('',#9106);
#2763=VERTEX_POINT('',#9108);
#2764=VERTEX_POINT('',#9110);
#2765=VERTEX_POINT('',#9116);
#2766=VERTEX_POINT('',#9122);
#2767=VERTEX_POINT('',#9125);
#2768=VERTEX_POINT('',#9126);
#2769=VERTEX_POINT('',#9128);
#2770=VERTEX_POINT('',#9130);
#2771=VERTEX_POINT('',#9136);
#2772=VERTEX_POINT('',#9142);
#2773=VERTEX_POINT('',#9148);
#2774=VERTEX_POINT('',#9154);
#2775=VERTEX_POINT('',#9162);
#2776=VERTEX_POINT('',#9164);
#2777=VERTEX_POINT('',#9177);
#2778=VERTEX_POINT('',#9194);
#2779=VERTEX_POINT('',#9211);
#2780=VERTEX_POINT('',#9228);
#2781=VERTEX_POINT('',#9245);
#2782=VERTEX_POINT('',#9253);
#2783=VERTEX_POINT('',#9259);
#2784=VERTEX_POINT('',#9261);
#2785=VERTEX_POINT('',#9265);
#2786=VERTEX_POINT('',#9278);
#2787=VERTEX_POINT('',#9295);
#2788=VERTEX_POINT('',#9312);
#2789=VERTEX_POINT('',#9329);
#2790=VERTEX_POINT('',#9346);
#2791=VERTEX_POINT('',#9363);
#2792=VERTEX_POINT('',#9380);
#2793=VERTEX_POINT('',#9397);
#2794=VERTEX_POINT('',#9414);
#2795=VERTEX_POINT('',#9422);
#2796=VERTEX_POINT('',#9426);
#2797=VERTEX_POINT('',#9430);
#2798=VERTEX_POINT('',#9443);
#2799=VERTEX_POINT('',#9460);
#2800=VERTEX_POINT('',#9468);
#2801=VERTEX_POINT('',#9472);
#2802=VERTEX_POINT('',#9479);
#2803=VERTEX_POINT('',#9480);
#2804=VERTEX_POINT('',#9482);
#2805=VERTEX_POINT('',#9484);
#2806=VERTEX_POINT('',#9486);
#2807=VERTEX_POINT('',#9488);
#2808=VERTEX_POINT('',#9490);
#2809=VERTEX_POINT('',#9492);
#2810=VERTEX_POINT('',#9496);
#2811=VERTEX_POINT('',#9498);
#2812=VERTEX_POINT('',#9502);
#2813=VERTEX_POINT('',#9506);
#2814=VERTEX_POINT('',#9510);
#2815=VERTEX_POINT('',#9514);
#2816=VERTEX_POINT('',#9518);
#2817=VERTEX_POINT('',#9522);
#2818=VERTEX_POINT('',#9529);
#2819=VERTEX_POINT('',#9530);
#2820=VERTEX_POINT('',#9532);
#2821=VERTEX_POINT('',#9534);
#2822=VERTEX_POINT('',#9536);
#2823=VERTEX_POINT('',#9538);
#2824=VERTEX_POINT('',#9540);
#2825=VERTEX_POINT('',#9542);
#2826=VERTEX_POINT('',#9545);
#2827=VERTEX_POINT('',#9546);
#2828=VERTEX_POINT('',#9548);
#2829=VERTEX_POINT('',#9552);
#2830=VERTEX_POINT('',#9554);
#2831=VERTEX_POINT('',#9558);
#2832=VERTEX_POINT('',#9564);
#2833=VERTEX_POINT('',#9566);
#2834=VERTEX_POINT('',#9570);
#2835=VERTEX_POINT('',#9574);
#2836=VERTEX_POINT('',#9578);
#2837=VERTEX_POINT('',#9582);
#2838=VERTEX_POINT('',#9586);
#2839=VERTEX_POINT('',#9590);
#2840=VERTEX_POINT('',#9597);
#2841=VERTEX_POINT('',#9598);
#2842=VERTEX_POINT('',#9600);
#2843=VERTEX_POINT('',#9602);
#2844=VERTEX_POINT('',#9604);
#2845=VERTEX_POINT('',#9606);
#2846=VERTEX_POINT('',#9608);
#2847=VERTEX_POINT('',#9612);
#2848=VERTEX_POINT('',#9614);
#2849=VERTEX_POINT('',#9618);
#2850=VERTEX_POINT('',#9622);
#2851=VERTEX_POINT('',#9626);
#2852=VERTEX_POINT('',#9630);
#2853=VERTEX_POINT('',#9634);
#2854=VERTEX_POINT('',#9641);
#2855=VERTEX_POINT('',#9642);
#2856=VERTEX_POINT('',#9644);
#2857=VERTEX_POINT('',#9646);
#2858=VERTEX_POINT('',#9650);
#2859=VERTEX_POINT('',#9652);
#2860=VERTEX_POINT('',#9656);
#2861=VERTEX_POINT('',#9660);
#2862=VERTEX_POINT('',#9667);
#2863=VERTEX_POINT('',#9668);
#2864=VERTEX_POINT('',#9670);
#2865=VERTEX_POINT('',#9672);
#2866=VERTEX_POINT('',#9674);
#2867=VERTEX_POINT('',#9676);
#2868=VERTEX_POINT('',#9678);
#2869=VERTEX_POINT('',#9680);
#2870=VERTEX_POINT('',#9684);
#2871=VERTEX_POINT('',#9686);
#2872=VERTEX_POINT('',#9690);
#2873=VERTEX_POINT('',#9694);
#2874=VERTEX_POINT('',#9698);
#2875=VERTEX_POINT('',#9702);
#2876=VERTEX_POINT('',#9706);
#2877=VERTEX_POINT('',#9710);
#2878=VERTEX_POINT('',#9717);
#2879=VERTEX_POINT('',#9718);
#2880=VERTEX_POINT('',#9724);
#2881=VERTEX_POINT('',#9726);
#2882=VERTEX_POINT('',#9732);
#2883=VERTEX_POINT('',#9738);
#2884=VERTEX_POINT('',#9744);
#2885=VERTEX_POINT('',#9750);
#2886=VERTEX_POINT('',#9756);
#2887=VERTEX_POINT('',#9762);
#2888=VERTEX_POINT('',#9768);
#2889=VERTEX_POINT('',#9774);
#2890=VERTEX_POINT('',#9780);
#2891=VERTEX_POINT('',#9786);
#2892=VERTEX_POINT('',#9792);
#2893=VERTEX_POINT('',#9798);
#2894=VERTEX_POINT('',#9804);
#2895=VERTEX_POINT('',#9806);
#2896=VERTEX_POINT('',#9812);
#2897=VERTEX_POINT('',#9818);
#2898=VERTEX_POINT('',#9824);
#2899=VERTEX_POINT('',#9830);
#2900=VERTEX_POINT('',#9836);
#2901=VERTEX_POINT('',#9842);
#2902=VERTEX_POINT('',#9848);
#2903=VERTEX_POINT('',#9854);
#2904=VERTEX_POINT('',#9860);
#2905=VERTEX_POINT('',#9866);
#2906=VERTEX_POINT('',#9872);
#2907=VERTEX_POINT('',#9884);
#2908=VERTEX_POINT('',#9886);
#2909=VERTEX_POINT('',#9899);
#2910=VERTEX_POINT('',#9916);
#2911=VERTEX_POINT('',#9933);
#2912=VERTEX_POINT('',#9950);
#2913=VERTEX_POINT('',#9967);
#2914=VERTEX_POINT('',#9984);
#2915=VERTEX_POINT('',#10001);
#2916=VERTEX_POINT('',#10018);
#2917=VERTEX_POINT('',#10035);
#2918=VERTEX_POINT('',#10052);
#2919=VERTEX_POINT('',#10069);
#2920=VERTEX_POINT('',#10086);
#2921=VERTEX_POINT('',#10103);
#2922=VERTEX_POINT('',#10111);
#2923=VERTEX_POINT('',#10124);
#2924=VERTEX_POINT('',#10141);
#2925=VERTEX_POINT('',#10158);
#2926=VERTEX_POINT('',#10175);
#2927=VERTEX_POINT('',#10192);
#2928=VERTEX_POINT('',#10209);
#2929=VERTEX_POINT('',#10226);
#2930=VERTEX_POINT('',#10243);
#2931=VERTEX_POINT('',#10260);
#2932=VERTEX_POINT('',#10277);
#2933=VERTEX_POINT('',#10294);
#2934=VERTEX_POINT('',#10311);
#2935=VERTEX_POINT('',#10328);
#2936=VERTEX_POINT('',#10352);
#2937=VERTEX_POINT('',#10353);
#2938=VERTEX_POINT('',#10359);
#2939=VERTEX_POINT('',#10361);
#2940=VERTEX_POINT('',#10367);
#2941=VERTEX_POINT('',#10373);
#2942=VERTEX_POINT('',#10379);
#2943=VERTEX_POINT('',#10385);
#2944=VERTEX_POINT('',#10391);
#2945=VERTEX_POINT('',#10397);
#2946=VERTEX_POINT('',#10403);
#2947=VERTEX_POINT('',#10409);
#2948=VERTEX_POINT('',#10415);
#2949=VERTEX_POINT('',#10421);
#2950=VERTEX_POINT('',#10427);
#2951=VERTEX_POINT('',#10433);
#2952=VERTEX_POINT('',#10439);
#2953=VERTEX_POINT('',#10441);
#2954=VERTEX_POINT('',#10447);
#2955=VERTEX_POINT('',#10453);
#2956=VERTEX_POINT('',#10459);
#2957=VERTEX_POINT('',#10465);
#2958=VERTEX_POINT('',#10471);
#2959=VERTEX_POINT('',#10477);
#2960=VERTEX_POINT('',#10483);
#2961=VERTEX_POINT('',#10489);
#2962=VERTEX_POINT('',#10495);
#2963=VERTEX_POINT('',#10501);
#2964=VERTEX_POINT('',#10507);
#2965=VERTEX_POINT('',#10519);
#2966=VERTEX_POINT('',#10521);
#2967=VERTEX_POINT('',#10534);
#2968=VERTEX_POINT('',#10551);
#2969=VERTEX_POINT('',#10568);
#2970=VERTEX_POINT('',#10585);
#2971=VERTEX_POINT('',#10602);
#2972=VERTEX_POINT('',#10619);
#2973=VERTEX_POINT('',#10636);
#2974=VERTEX_POINT('',#10653);
#2975=VERTEX_POINT('',#10670);
#2976=VERTEX_POINT('',#10687);
#2977=VERTEX_POINT('',#10704);
#2978=VERTEX_POINT('',#10721);
#2979=VERTEX_POINT('',#10738);
#2980=VERTEX_POINT('',#10746);
#2981=VERTEX_POINT('',#10759);
#2982=VERTEX_POINT('',#10776);
#2983=VERTEX_POINT('',#10793);
#2984=VERTEX_POINT('',#10810);
#2985=VERTEX_POINT('',#10827);
#2986=VERTEX_POINT('',#10844);
#2987=VERTEX_POINT('',#10861);
#2988=VERTEX_POINT('',#10878);
#2989=VERTEX_POINT('',#10895);
#2990=VERTEX_POINT('',#10912);
#2991=VERTEX_POINT('',#10929);
#2992=VERTEX_POINT('',#10946);
#2993=VERTEX_POINT('',#10963);
#2994=EDGE_CURVE('',#2424,#2425,#1070,.T.);
#2995=EDGE_CURVE('',#2425,#2426,#1071,.T.);
#2996=EDGE_CURVE('',#2427,#2426,#1072,.T.);
#2997=EDGE_CURVE('',#2424,#2427,#1073,.T.);
#2998=EDGE_CURVE('',#2428,#2424,#1074,.T.);
#2999=EDGE_CURVE('',#2429,#2427,#1075,.T.);
#3000=EDGE_CURVE('',#2428,#2429,#1076,.T.);
#3001=EDGE_CURVE('',#2430,#2428,#1077,.T.);
#3002=EDGE_CURVE('',#2431,#2429,#1078,.T.);
#3003=EDGE_CURVE('',#2430,#2431,#1079,.T.);
#3004=EDGE_CURVE('',#2425,#2430,#1080,.T.);
#3005=EDGE_CURVE('',#2426,#2431,#1081,.T.);
#3006=EDGE_CURVE('',#2432,#2433,#1082,.T.);
#3007=EDGE_CURVE('',#2433,#2434,#1083,.T.);
#3008=EDGE_CURVE('',#2435,#2434,#1084,.T.);
#3009=EDGE_CURVE('',#2432,#2435,#1085,.T.);
#3010=EDGE_CURVE('',#2436,#2432,#1086,.T.);
#3011=EDGE_CURVE('',#2437,#2435,#1087,.T.);
#3012=EDGE_CURVE('',#2436,#2437,#1088,.T.);
#3013=EDGE_CURVE('',#2438,#2436,#1089,.T.);
#3014=EDGE_CURVE('',#2439,#2437,#1090,.T.);
#3015=EDGE_CURVE('',#2438,#2439,#1091,.T.);
#3016=EDGE_CURVE('',#2433,#2438,#1092,.T.);
#3017=EDGE_CURVE('',#2434,#2439,#1093,.T.);
#3018=EDGE_CURVE('',#2440,#2441,#1094,.T.);
#3019=EDGE_CURVE('',#2441,#2442,#1095,.T.);
#3020=EDGE_CURVE('',#2443,#2442,#1096,.T.);
#3021=EDGE_CURVE('',#2440,#2443,#1097,.T.);
#3022=EDGE_CURVE('',#2444,#2440,#1098,.T.);
#3023=EDGE_CURVE('',#2445,#2443,#1099,.T.);
#3024=EDGE_CURVE('',#2444,#2445,#1100,.T.);
#3025=EDGE_CURVE('',#2446,#2444,#1101,.T.);
#3026=EDGE_CURVE('',#2447,#2445,#1102,.T.);
#3027=EDGE_CURVE('',#2446,#2447,#1103,.T.);
#3028=EDGE_CURVE('',#2441,#2446,#1104,.T.);
#3029=EDGE_CURVE('',#2442,#2447,#1105,.T.);
#3030=EDGE_CURVE('',#2448,#2449,#1106,.T.);
#3031=EDGE_CURVE('',#2449,#2450,#1107,.T.);
#3032=EDGE_CURVE('',#2451,#2450,#1108,.T.);
#3033=EDGE_CURVE('',#2448,#2451,#1109,.T.);
#3034=EDGE_CURVE('',#2452,#2448,#1110,.T.);
#3035=EDGE_CURVE('',#2453,#2451,#1111,.T.);
#3036=EDGE_CURVE('',#2452,#2453,#1112,.T.);
#3037=EDGE_CURVE('',#2454,#2452,#1113,.T.);
#3038=EDGE_CURVE('',#2455,#2453,#1114,.T.);
#3039=EDGE_CURVE('',#2454,#2455,#1115,.T.);
#3040=EDGE_CURVE('',#2449,#2454,#1116,.T.);
#3041=EDGE_CURVE('',#2450,#2455,#1117,.T.);
#3042=EDGE_CURVE('',#2456,#2457,#1118,.T.);
#3043=EDGE_CURVE('',#2457,#2458,#1119,.T.);
#3044=EDGE_CURVE('',#2459,#2458,#1120,.T.);
#3045=EDGE_CURVE('',#2456,#2459,#1121,.T.);
#3046=EDGE_CURVE('',#2460,#2456,#1122,.T.);
#3047=EDGE_CURVE('',#2461,#2459,#1123,.T.);
#3048=EDGE_CURVE('',#2460,#2461,#1124,.T.);
#3049=EDGE_CURVE('',#2462,#2460,#1125,.T.);
#3050=EDGE_CURVE('',#2463,#2461,#1126,.T.);
#3051=EDGE_CURVE('',#2462,#2463,#1127,.T.);
#3052=EDGE_CURVE('',#2457,#2462,#1128,.T.);
#3053=EDGE_CURVE('',#2458,#2463,#1129,.T.);
#3054=EDGE_CURVE('',#2464,#2465,#1130,.T.);
#3055=EDGE_CURVE('',#2464,#2466,#1131,.T.);
#3056=EDGE_CURVE('',#2467,#2466,#1132,.T.);
#3057=EDGE_CURVE('',#2465,#2467,#1133,.T.);
#3058=EDGE_CURVE('',#2465,#2468,#1134,.T.);
#3059=EDGE_CURVE('',#2469,#2467,#1135,.T.);
#3060=EDGE_CURVE('',#2468,#2469,#1136,.T.);
#3061=EDGE_CURVE('',#2468,#2470,#1137,.T.);
#3062=EDGE_CURVE('',#2471,#2469,#1138,.T.);
#3063=EDGE_CURVE('',#2470,#2471,#1139,.T.);
#3064=EDGE_CURVE('',#2470,#2464,#1140,.T.);
#3065=EDGE_CURVE('',#2466,#2471,#1141,.T.);
#3066=EDGE_CURVE('',#2472,#2473,#1142,.T.);
#3067=EDGE_CURVE('',#2473,#2474,#1143,.T.);
#3068=EDGE_CURVE('',#2475,#2474,#1144,.T.);
#3069=EDGE_CURVE('',#2472,#2475,#1145,.T.);
#3070=EDGE_CURVE('',#2476,#2472,#1146,.T.);
#3071=EDGE_CURVE('',#2477,#2475,#1147,.T.);
#3072=EDGE_CURVE('',#2476,#2477,#1148,.T.);
#3073=EDGE_CURVE('',#2478,#2476,#1149,.T.);
#3074=EDGE_CURVE('',#2479,#2477,#1150,.T.);
#3075=EDGE_CURVE('',#2478,#2479,#1151,.T.);
#3076=EDGE_CURVE('',#2473,#2478,#1152,.T.);
#3077=EDGE_CURVE('',#2474,#2479,#1153,.T.);
#3078=EDGE_CURVE('',#2480,#2481,#1154,.T.);
#3079=EDGE_CURVE('',#2480,#2482,#1155,.T.);
#3080=EDGE_CURVE('',#2483,#2482,#1156,.T.);
#3081=EDGE_CURVE('',#2481,#2483,#1157,.T.);
#3082=EDGE_CURVE('',#2481,#2484,#1158,.T.);
#3083=EDGE_CURVE('',#2485,#2483,#1159,.T.);
#3084=EDGE_CURVE('',#2484,#2485,#1160,.T.);
#3085=EDGE_CURVE('',#2484,#2486,#1161,.T.);
#3086=EDGE_CURVE('',#2487,#2485,#1162,.T.);
#3087=EDGE_CURVE('',#2486,#2487,#1163,.T.);
#3088=EDGE_CURVE('',#2486,#2480,#1164,.T.);
#3089=EDGE_CURVE('',#2482,#2487,#1165,.T.);
#3090=EDGE_CURVE('',#2488,#2489,#1166,.T.);
#3091=EDGE_CURVE('',#2489,#2490,#1167,.T.);
#3092=EDGE_CURVE('',#2491,#2490,#1168,.T.);
#3093=EDGE_CURVE('',#2488,#2491,#1169,.T.);
#3094=EDGE_CURVE('',#2492,#2488,#1170,.T.);
#3095=EDGE_CURVE('',#2493,#2491,#1171,.T.);
#3096=EDGE_CURVE('',#2492,#2493,#1172,.T.);
#3097=EDGE_CURVE('',#2494,#2492,#1173,.T.);
#3098=EDGE_CURVE('',#2495,#2493,#1174,.T.);
#3099=EDGE_CURVE('',#2494,#2495,#1175,.T.);
#3100=EDGE_CURVE('',#2489,#2494,#1176,.T.);
#3101=EDGE_CURVE('',#2490,#2495,#1177,.T.);
#3102=EDGE_CURVE('',#2496,#2497,#1178,.T.);
#3103=EDGE_CURVE('',#2496,#2498,#1179,.T.);
#3104=EDGE_CURVE('',#2499,#2498,#1180,.T.);
#3105=EDGE_CURVE('',#2497,#2499,#1181,.T.);
#3106=EDGE_CURVE('',#2497,#2500,#1182,.T.);
#3107=EDGE_CURVE('',#2501,#2499,#1183,.T.);
#3108=EDGE_CURVE('',#2500,#2501,#1184,.T.);
#3109=EDGE_CURVE('',#2500,#2502,#1185,.T.);
#3110=EDGE_CURVE('',#2503,#2501,#1186,.T.);
#3111=EDGE_CURVE('',#2502,#2503,#1187,.T.);
#3112=EDGE_CURVE('',#2502,#2496,#1188,.T.);
#3113=EDGE_CURVE('',#2498,#2503,#1189,.T.);
#3114=EDGE_CURVE('',#2504,#2505,#1190,.T.);
#3115=EDGE_CURVE('',#2505,#2506,#1191,.T.);
#3116=EDGE_CURVE('',#2507,#2506,#1192,.T.);
#3117=EDGE_CURVE('',#2504,#2507,#1193,.T.);
#3118=EDGE_CURVE('',#2508,#2504,#1194,.T.);
#3119=EDGE_CURVE('',#2509,#2507,#1195,.T.);
#3120=EDGE_CURVE('',#2508,#2509,#1196,.T.);
#3121=EDGE_CURVE('',#2510,#2508,#1197,.T.);
#3122=EDGE_CURVE('',#2511,#2509,#1198,.T.);
#3123=EDGE_CURVE('',#2510,#2511,#1199,.T.);
#3124=EDGE_CURVE('',#2505,#2510,#1200,.T.);
#3125=EDGE_CURVE('',#2506,#2511,#1201,.T.);
#3126=EDGE_CURVE('',#2512,#2513,#1202,.T.);
#3127=EDGE_CURVE('',#2513,#2514,#1203,.T.);
#3128=EDGE_CURVE('',#2515,#2514,#1204,.T.);
#3129=EDGE_CURVE('',#2512,#2515,#1205,.T.);
#3130=EDGE_CURVE('',#2516,#2512,#1206,.T.);
#3131=EDGE_CURVE('',#2517,#2515,#1207,.T.);
#3132=EDGE_CURVE('',#2516,#2517,#1208,.T.);
#3133=EDGE_CURVE('',#2518,#2516,#1209,.T.);
#3134=EDGE_CURVE('',#2519,#2517,#1210,.T.);
#3135=EDGE_CURVE('',#2518,#2519,#1211,.T.);
#3136=EDGE_CURVE('',#2513,#2518,#1212,.T.);
#3137=EDGE_CURVE('',#2514,#2519,#1213,.T.);
#3138=EDGE_CURVE('',#2520,#2521,#1214,.T.);
#3139=EDGE_CURVE('',#2521,#2522,#1215,.T.);
#3140=EDGE_CURVE('',#2523,#2522,#1216,.T.);
#3141=EDGE_CURVE('',#2520,#2523,#1217,.T.);
#3142=EDGE_CURVE('',#2524,#2520,#1218,.T.);
#3143=EDGE_CURVE('',#2525,#2523,#1219,.T.);
#3144=EDGE_CURVE('',#2524,#2525,#1220,.T.);
#3145=EDGE_CURVE('',#2526,#2524,#1221,.T.);
#3146=EDGE_CURVE('',#2527,#2525,#1222,.T.);
#3147=EDGE_CURVE('',#2526,#2527,#1223,.T.);
#3148=EDGE_CURVE('',#2521,#2526,#1224,.T.);
#3149=EDGE_CURVE('',#2522,#2527,#1225,.T.);
#3150=EDGE_CURVE('',#2528,#2529,#1226,.T.);
#3151=EDGE_CURVE('',#2529,#2530,#1227,.T.);
#3152=EDGE_CURVE('',#2531,#2530,#1228,.T.);
#3153=EDGE_CURVE('',#2528,#2531,#1229,.T.);
#3154=EDGE_CURVE('',#2532,#2528,#1230,.T.);
#3155=EDGE_CURVE('',#2533,#2531,#1231,.T.);
#3156=EDGE_CURVE('',#2532,#2533,#1232,.T.);
#3157=EDGE_CURVE('',#2534,#2532,#1233,.T.);
#3158=EDGE_CURVE('',#2535,#2533,#1234,.T.);
#3159=EDGE_CURVE('',#2534,#2535,#1235,.T.);
#3160=EDGE_CURVE('',#2529,#2534,#1236,.T.);
#3161=EDGE_CURVE('',#2530,#2535,#1237,.T.);
#3162=EDGE_CURVE('',#2536,#2537,#1238,.T.);
#3163=EDGE_CURVE('',#2537,#2538,#1239,.T.);
#3164=EDGE_CURVE('',#2539,#2538,#1240,.T.);
#3165=EDGE_CURVE('',#2536,#2539,#1241,.T.);
#3166=EDGE_CURVE('',#2540,#2536,#1242,.T.);
#3167=EDGE_CURVE('',#2541,#2539,#1243,.T.);
#3168=EDGE_CURVE('',#2540,#2541,#1244,.T.);
#3169=EDGE_CURVE('',#2542,#2540,#1245,.T.);
#3170=EDGE_CURVE('',#2543,#2541,#1246,.T.);
#3171=EDGE_CURVE('',#2542,#2543,#1247,.T.);
#3172=EDGE_CURVE('',#2537,#2542,#1248,.T.);
#3173=EDGE_CURVE('',#2538,#2543,#1249,.T.);
#3174=EDGE_CURVE('',#2544,#2545,#1250,.T.);
#3175=EDGE_CURVE('',#2545,#2546,#1251,.T.);
#3176=EDGE_CURVE('',#2547,#2546,#1252,.T.);
#3177=EDGE_CURVE('',#2544,#2547,#1253,.T.);
#3178=EDGE_CURVE('',#2548,#2544,#1254,.T.);
#3179=EDGE_CURVE('',#2549,#2547,#1255,.T.);
#3180=EDGE_CURVE('',#2548,#2549,#1256,.T.);
#3181=EDGE_CURVE('',#2550,#2548,#1257,.T.);
#3182=EDGE_CURVE('',#2551,#2549,#1258,.T.);
#3183=EDGE_CURVE('',#2550,#2551,#1259,.T.);
#3184=EDGE_CURVE('',#2545,#2550,#1260,.T.);
#3185=EDGE_CURVE('',#2546,#2551,#1261,.T.);
#3186=EDGE_CURVE('',#2552,#2553,#1262,.T.);
#3187=EDGE_CURVE('',#2553,#2554,#1263,.T.);
#3188=EDGE_CURVE('',#2555,#2554,#1264,.T.);
#3189=EDGE_CURVE('',#2552,#2555,#1265,.T.);
#3190=EDGE_CURVE('',#2556,#2552,#1266,.T.);
#3191=EDGE_CURVE('',#2557,#2555,#1267,.T.);
#3192=EDGE_CURVE('',#2556,#2557,#1268,.T.);
#3193=EDGE_CURVE('',#2558,#2556,#1269,.T.);
#3194=EDGE_CURVE('',#2559,#2557,#1270,.T.);
#3195=EDGE_CURVE('',#2558,#2559,#1271,.T.);
#3196=EDGE_CURVE('',#2553,#2558,#1272,.T.);
#3197=EDGE_CURVE('',#2554,#2559,#1273,.T.);
#3198=EDGE_CURVE('',#2560,#2561,#1274,.T.);
#3199=EDGE_CURVE('',#2561,#2562,#1275,.T.);
#3200=EDGE_CURVE('',#2563,#2562,#1276,.T.);
#3201=EDGE_CURVE('',#2560,#2563,#1277,.T.);
#3202=EDGE_CURVE('',#2564,#2560,#1278,.T.);
#3203=EDGE_CURVE('',#2565,#2563,#1279,.T.);
#3204=EDGE_CURVE('',#2564,#2565,#1280,.T.);
#3205=EDGE_CURVE('',#2566,#2564,#1281,.T.);
#3206=EDGE_CURVE('',#2567,#2565,#1282,.T.);
#3207=EDGE_CURVE('',#2566,#2567,#1283,.T.);
#3208=EDGE_CURVE('',#2561,#2566,#1284,.T.);
#3209=EDGE_CURVE('',#2562,#2567,#1285,.T.);
#3210=EDGE_CURVE('',#2568,#2569,#1286,.T.);
#3211=EDGE_CURVE('',#2569,#2570,#1287,.T.);
#3212=EDGE_CURVE('',#2571,#2570,#1288,.T.);
#3213=EDGE_CURVE('',#2568,#2571,#1289,.T.);
#3214=EDGE_CURVE('',#2572,#2568,#1290,.T.);
#3215=EDGE_CURVE('',#2573,#2571,#1291,.T.);
#3216=EDGE_CURVE('',#2572,#2573,#1292,.T.);
#3217=EDGE_CURVE('',#2574,#2572,#1293,.T.);
#3218=EDGE_CURVE('',#2575,#2573,#1294,.T.);
#3219=EDGE_CURVE('',#2574,#2575,#1295,.T.);
#3220=EDGE_CURVE('',#2569,#2574,#1296,.T.);
#3221=EDGE_CURVE('',#2570,#2575,#1297,.T.);
#3222=EDGE_CURVE('',#2576,#2577,#1298,.T.);
#3223=EDGE_CURVE('',#2577,#2578,#1299,.T.);
#3224=EDGE_CURVE('',#2579,#2578,#1300,.T.);
#3225=EDGE_CURVE('',#2576,#2579,#1301,.T.);
#3226=EDGE_CURVE('',#2580,#2576,#1302,.T.);
#3227=EDGE_CURVE('',#2581,#2579,#1303,.T.);
#3228=EDGE_CURVE('',#2580,#2581,#1304,.T.);
#3229=EDGE_CURVE('',#2582,#2580,#1305,.T.);
#3230=EDGE_CURVE('',#2583,#2581,#1306,.T.);
#3231=EDGE_CURVE('',#2582,#2583,#1307,.T.);
#3232=EDGE_CURVE('',#2577,#2582,#1308,.T.);
#3233=EDGE_CURVE('',#2578,#2583,#1309,.T.);
#3234=EDGE_CURVE('',#2584,#2585,#1310,.T.);
#3235=EDGE_CURVE('',#2585,#2586,#1311,.T.);
#3236=EDGE_CURVE('',#2586,#2587,#1312,.T.);
#3237=EDGE_CURVE('',#2587,#2588,#1313,.T.);
#3238=EDGE_CURVE('',#2588,#2589,#1314,.T.);
#3239=EDGE_CURVE('',#2589,#2590,#1315,.T.);
#3240=EDGE_CURVE('',#2590,#2591,#1316,.T.);
#3241=EDGE_CURVE('',#2591,#2592,#1317,.T.);
#3242=EDGE_CURVE('',#2592,#2593,#1318,.T.);
#3243=EDGE_CURVE('',#2593,#2594,#1319,.T.);
#3244=EDGE_CURVE('',#2594,#2595,#1320,.T.);
#3245=EDGE_CURVE('',#2595,#2584,#1321,.T.);
#3246=EDGE_CURVE('',#2596,#2585,#1322,.T.);
#3247=EDGE_CURVE('',#2597,#2596,#1323,.T.);
#3248=EDGE_CURVE('',#2586,#2597,#1324,.T.);
#3249=EDGE_CURVE('',#2598,#2597,#1325,.T.);
#3250=EDGE_CURVE('',#2587,#2598,#1326,.T.);
#3251=EDGE_CURVE('',#2599,#2598,#1327,.T.);
#3252=EDGE_CURVE('',#2588,#2599,#1328,.T.);
#3253=EDGE_CURVE('',#2600,#2599,#1329,.T.);
#3254=EDGE_CURVE('',#2589,#2600,#1330,.T.);
#3255=EDGE_CURVE('',#2601,#2600,#1331,.T.);
#3256=EDGE_CURVE('',#2590,#2601,#1332,.T.);
#3257=EDGE_CURVE('',#2602,#2601,#1333,.T.);
#3258=EDGE_CURVE('',#2591,#2602,#1334,.T.);
#3259=EDGE_CURVE('',#2603,#2602,#1335,.T.);
#3260=EDGE_CURVE('',#2592,#2603,#1336,.T.);
#3261=EDGE_CURVE('',#2604,#2603,#1337,.T.);
#3262=EDGE_CURVE('',#2593,#2604,#1338,.T.);
#3263=EDGE_CURVE('',#2605,#2604,#1339,.T.);
#3264=EDGE_CURVE('',#2594,#2605,#1340,.T.);
#3265=EDGE_CURVE('',#2606,#2605,#1341,.T.);
#3266=EDGE_CURVE('',#2595,#2606,#1342,.T.);
#3267=EDGE_CURVE('',#2607,#2606,#1343,.T.);
#3268=EDGE_CURVE('',#2584,#2607,#1344,.T.);
#3269=EDGE_CURVE('',#2596,#2607,#1345,.T.);
#3270=EDGE_CURVE('',#2608,#2609,#1346,.T.);
#3271=EDGE_CURVE('',#2609,#2610,#1347,.T.);
#3272=EDGE_CURVE('',#2610,#2611,#1348,.T.);
#3273=EDGE_CURVE('',#2611,#2612,#1349,.T.);
#3274=EDGE_CURVE('',#2612,#2613,#1350,.T.);
#3275=EDGE_CURVE('',#2613,#2614,#1351,.T.);
#3276=EDGE_CURVE('',#2614,#2615,#1352,.T.);
#3277=EDGE_CURVE('',#2615,#2616,#1353,.T.);
#3278=EDGE_CURVE('',#2616,#2617,#1354,.T.);
#3279=EDGE_CURVE('',#2617,#2618,#1355,.T.);
#3280=EDGE_CURVE('',#2618,#2619,#1356,.T.);
#3281=EDGE_CURVE('',#2619,#2620,#1357,.T.);
#3282=EDGE_CURVE('',#2620,#2608,#1358,.T.);
#3283=EDGE_CURVE('',#2621,#2609,#1359,.T.);
#3284=EDGE_CURVE('',#2622,#2621,#1360,.T.);
#3285=EDGE_CURVE('',#2610,#2622,#1361,.T.);
#3286=EDGE_CURVE('',#2623,#2622,#1362,.T.);
#3287=EDGE_CURVE('',#2611,#2623,#1363,.T.);
#3288=EDGE_CURVE('',#2624,#2623,#1364,.T.);
#3289=EDGE_CURVE('',#2612,#2624,#1365,.T.);
#3290=EDGE_CURVE('',#2625,#2624,#1366,.T.);
#3291=EDGE_CURVE('',#2613,#2625,#1367,.T.);
#3292=EDGE_CURVE('',#2626,#2625,#1368,.T.);
#3293=EDGE_CURVE('',#2614,#2626,#1369,.T.);
#3294=EDGE_CURVE('',#2627,#2626,#1370,.T.);
#3295=EDGE_CURVE('',#2615,#2627,#1371,.T.);
#3296=EDGE_CURVE('',#2628,#2627,#1372,.T.);
#3297=EDGE_CURVE('',#2616,#2628,#1373,.T.);
#3298=EDGE_CURVE('',#2629,#2628,#1374,.T.);
#3299=EDGE_CURVE('',#2617,#2629,#1375,.T.);
#3300=EDGE_CURVE('',#2630,#2629,#1376,.T.);
#3301=EDGE_CURVE('',#2618,#2630,#1377,.T.);
#3302=EDGE_CURVE('',#2631,#2630,#1378,.T.);
#3303=EDGE_CURVE('',#2619,#2631,#1379,.T.);
#3304=EDGE_CURVE('',#2632,#2631,#1380,.T.);
#3305=EDGE_CURVE('',#2620,#2632,#1381,.T.);
#3306=EDGE_CURVE('',#2633,#2632,#1382,.T.);
#3307=EDGE_CURVE('',#2608,#2633,#1383,.T.);
#3308=EDGE_CURVE('',#2621,#2633,#1384,.T.);
#3309=EDGE_CURVE('',#2634,#2635,#1385,.T.);
#3310=EDGE_CURVE('',#2635,#2636,#1386,.T.);
#3311=EDGE_CURVE('',#2636,#2637,#1387,.T.);
#3312=EDGE_CURVE('',#2637,#2638,#1388,.T.);
#3313=EDGE_CURVE('',#2638,#2639,#1389,.T.);
#3314=EDGE_CURVE('',#2639,#2640,#1390,.T.);
#3315=EDGE_CURVE('',#2640,#2641,#1391,.T.);
#3316=EDGE_CURVE('',#2641,#2634,#1392,.T.);
#3317=EDGE_CURVE('',#2642,#2643,#1393,.T.);
#3318=EDGE_CURVE('',#2643,#2644,#1394,.T.);
#3319=EDGE_CURVE('',#2644,#2642,#1395,.T.);
#3320=EDGE_CURVE('',#2645,#2643,#1396,.T.);
#3321=EDGE_CURVE('',#2646,#2645,#1397,.T.);
#3322=EDGE_CURVE('',#2644,#2646,#1398,.T.);
#3323=EDGE_CURVE('',#2647,#2646,#1399,.T.);
#3324=EDGE_CURVE('',#2642,#2647,#1400,.T.);
#3325=EDGE_CURVE('',#2645,#2647,#1401,.T.);
#3326=EDGE_CURVE('',#2648,#2635,#1402,.T.);
#3327=EDGE_CURVE('',#2649,#2648,#1403,.T.);
#3328=EDGE_CURVE('',#2636,#2649,#1404,.T.);
#3329=EDGE_CURVE('',#2650,#2649,#1405,.T.);
#3330=EDGE_CURVE('',#2637,#2650,#1406,.T.);
#3331=EDGE_CURVE('',#2651,#2650,#1407,.T.);
#3332=EDGE_CURVE('',#2638,#2651,#1408,.T.);
#3333=EDGE_CURVE('',#2652,#2651,#1409,.T.);
#3334=EDGE_CURVE('',#2639,#2652,#1410,.T.);
#3335=EDGE_CURVE('',#2653,#2652,#1411,.T.);
#3336=EDGE_CURVE('',#2640,#2653,#1412,.T.);
#3337=EDGE_CURVE('',#2654,#2653,#1413,.T.);
#3338=EDGE_CURVE('',#2641,#2654,#1414,.T.);
#3339=EDGE_CURVE('',#2655,#2654,#1415,.T.);
#3340=EDGE_CURVE('',#2634,#2655,#1416,.T.);
#3341=EDGE_CURVE('',#2648,#2655,#1417,.T.);
#3342=EDGE_CURVE('',#2656,#2657,#1418,.T.);
#3343=EDGE_CURVE('',#2657,#2658,#1419,.T.);
#3344=EDGE_CURVE('',#2658,#2659,#1420,.T.);
#3345=EDGE_CURVE('',#2659,#2660,#1421,.T.);
#3346=EDGE_CURVE('',#2660,#2661,#102,.T.);
#3347=EDGE_CURVE('',#2661,#2662,#103,.T.);
#3348=EDGE_CURVE('',#2662,#2663,#104,.T.);
#3349=EDGE_CURVE('',#2663,#2664,#105,.T.);
#3350=EDGE_CURVE('',#2664,#2665,#106,.T.);
#3351=EDGE_CURVE('',#2665,#2666,#107,.T.);
#3352=EDGE_CURVE('',#2666,#2667,#108,.T.);
#3353=EDGE_CURVE('',#2667,#2668,#109,.T.);
#3354=EDGE_CURVE('',#2668,#2669,#110,.T.);
#3355=EDGE_CURVE('',#2669,#2670,#111,.T.);
#3356=EDGE_CURVE('',#2670,#2671,#112,.T.);
#3357=EDGE_CURVE('',#2671,#2672,#1422,.T.);
#3358=EDGE_CURVE('',#2672,#2673,#113,.T.);
#3359=EDGE_CURVE('',#2673,#2674,#114,.T.);
#3360=EDGE_CURVE('',#2674,#2675,#115,.T.);
#3361=EDGE_CURVE('',#2675,#2676,#116,.T.);
#3362=EDGE_CURVE('',#2676,#2677,#117,.T.);
#3363=EDGE_CURVE('',#2677,#2678,#118,.T.);
#3364=EDGE_CURVE('',#2678,#2679,#119,.T.);
#3365=EDGE_CURVE('',#2679,#2680,#120,.T.);
#3366=EDGE_CURVE('',#2680,#2656,#1423,.T.);
#3367=EDGE_CURVE('',#2681,#2657,#1424,.T.);
#3368=EDGE_CURVE('',#2682,#2681,#1425,.T.);
#3369=EDGE_CURVE('',#2658,#2682,#1426,.T.);
#3370=EDGE_CURVE('',#2683,#2682,#1427,.T.);
#3371=EDGE_CURVE('',#2659,#2683,#1428,.T.);
#3372=EDGE_CURVE('',#2684,#2683,#1429,.T.);
#3373=EDGE_CURVE('',#2660,#2684,#1430,.T.);
#3374=EDGE_CURVE('',#2685,#2684,#121,.T.);
#3375=EDGE_CURVE('',#2661,#2685,#1431,.T.);
#3376=EDGE_CURVE('',#2686,#2685,#122,.T.);
#3377=EDGE_CURVE('',#2662,#2686,#1432,.T.);
#3378=EDGE_CURVE('',#2687,#2686,#123,.T.);
#3379=EDGE_CURVE('',#2663,#2687,#1433,.T.);
#3380=EDGE_CURVE('',#2688,#2687,#124,.T.);
#3381=EDGE_CURVE('',#2664,#2688,#1434,.T.);
#3382=EDGE_CURVE('',#2689,#2688,#125,.T.);
#3383=EDGE_CURVE('',#2665,#2689,#1435,.T.);
#3384=EDGE_CURVE('',#2690,#2689,#126,.T.);
#3385=EDGE_CURVE('',#2666,#2690,#1436,.T.);
#3386=EDGE_CURVE('',#2691,#2690,#127,.T.);
#3387=EDGE_CURVE('',#2667,#2691,#1437,.T.);
#3388=EDGE_CURVE('',#2692,#2691,#128,.T.);
#3389=EDGE_CURVE('',#2668,#2692,#1438,.T.);
#3390=EDGE_CURVE('',#2693,#2692,#129,.T.);
#3391=EDGE_CURVE('',#2669,#2693,#1439,.T.);
#3392=EDGE_CURVE('',#2694,#2693,#130,.T.);
#3393=EDGE_CURVE('',#2670,#2694,#1440,.T.);
#3394=EDGE_CURVE('',#2695,#2694,#131,.T.);
#3395=EDGE_CURVE('',#2671,#2695,#1441,.T.);
#3396=EDGE_CURVE('',#2696,#2695,#1442,.T.);
#3397=EDGE_CURVE('',#2672,#2696,#1443,.T.);
#3398=EDGE_CURVE('',#2697,#2696,#132,.T.);
#3399=EDGE_CURVE('',#2673,#2697,#1444,.T.);
#3400=EDGE_CURVE('',#2698,#2697,#133,.T.);
#3401=EDGE_CURVE('',#2674,#2698,#1445,.T.);
#3402=EDGE_CURVE('',#2699,#2698,#134,.T.);
#3403=EDGE_CURVE('',#2675,#2699,#1446,.T.);
#3404=EDGE_CURVE('',#2700,#2699,#135,.T.);
#3405=EDGE_CURVE('',#2676,#2700,#1447,.T.);
#3406=EDGE_CURVE('',#2701,#2700,#136,.T.);
#3407=EDGE_CURVE('',#2677,#2701,#1448,.T.);
#3408=EDGE_CURVE('',#2702,#2701,#137,.T.);
#3409=EDGE_CURVE('',#2678,#2702,#1449,.T.);
#3410=EDGE_CURVE('',#2703,#2702,#138,.T.);
#3411=EDGE_CURVE('',#2679,#2703,#1450,.T.);
#3412=EDGE_CURVE('',#2704,#2703,#139,.T.);
#3413=EDGE_CURVE('',#2680,#2704,#1451,.T.);
#3414=EDGE_CURVE('',#2705,#2704,#1452,.T.);
#3415=EDGE_CURVE('',#2656,#2705,#1453,.T.);
#3416=EDGE_CURVE('',#2681,#2705,#1454,.T.);
#3417=EDGE_CURVE('',#2706,#2707,#1455,.T.);
#3418=EDGE_CURVE('',#2707,#2708,#1456,.T.);
#3419=EDGE_CURVE('',#2708,#2709,#1457,.T.);
#3420=EDGE_CURVE('',#2709,#2710,#1458,.T.);
#3421=EDGE_CURVE('',#2710,#2711,#1459,.T.);
#3422=EDGE_CURVE('',#2711,#2712,#1460,.T.);
#3423=EDGE_CURVE('',#2712,#2713,#1461,.T.);
#3424=EDGE_CURVE('',#2713,#2714,#1462,.T.);
#3425=EDGE_CURVE('',#2714,#2715,#1463,.T.);
#3426=EDGE_CURVE('',#2715,#2706,#1464,.T.);
#3427=EDGE_CURVE('',#2716,#2707,#1465,.T.);
#3428=EDGE_CURVE('',#2717,#2716,#1466,.T.);
#3429=EDGE_CURVE('',#2708,#2717,#1467,.T.);
#3430=EDGE_CURVE('',#2718,#2717,#1468,.T.);
#3431=EDGE_CURVE('',#2709,#2718,#1469,.T.);
#3432=EDGE_CURVE('',#2719,#2718,#1470,.T.);
#3433=EDGE_CURVE('',#2710,#2719,#1471,.T.);
#3434=EDGE_CURVE('',#2720,#2719,#1472,.T.);
#3435=EDGE_CURVE('',#2711,#2720,#1473,.T.);
#3436=EDGE_CURVE('',#2721,#2720,#1474,.T.);
#3437=EDGE_CURVE('',#2712,#2721,#1475,.T.);
#3438=EDGE_CURVE('',#2722,#2721,#1476,.T.);
#3439=EDGE_CURVE('',#2713,#2722,#1477,.T.);
#3440=EDGE_CURVE('',#2723,#2722,#1478,.T.);
#3441=EDGE_CURVE('',#2714,#2723,#1479,.T.);
#3442=EDGE_CURVE('',#2724,#2723,#1480,.T.);
#3443=EDGE_CURVE('',#2715,#2724,#1481,.T.);
#3444=EDGE_CURVE('',#2725,#2724,#1482,.T.);
#3445=EDGE_CURVE('',#2706,#2725,#1483,.T.);
#3446=EDGE_CURVE('',#2716,#2725,#1484,.T.);
#3447=EDGE_CURVE('',#2726,#2727,#1485,.T.);
#3448=EDGE_CURVE('',#2727,#2728,#1486,.T.);
#3449=EDGE_CURVE('',#2728,#2729,#1487,.T.);
#3450=EDGE_CURVE('',#2729,#2730,#1488,.T.);
#3451=EDGE_CURVE('',#2730,#2731,#1489,.T.);
#3452=EDGE_CURVE('',#2731,#2732,#1490,.T.);
#3453=EDGE_CURVE('',#2732,#2733,#1491,.T.);
#3454=EDGE_CURVE('',#2733,#2726,#1492,.T.);
#3455=EDGE_CURVE('',#2734,#2735,#1493,.T.);
#3456=EDGE_CURVE('',#2735,#2736,#1494,.T.);
#3457=EDGE_CURVE('',#2736,#2734,#1495,.T.);
#3458=EDGE_CURVE('',#2737,#2735,#1496,.T.);
#3459=EDGE_CURVE('',#2738,#2737,#1497,.T.);
#3460=EDGE_CURVE('',#2736,#2738,#1498,.T.);
#3461=EDGE_CURVE('',#2739,#2738,#1499,.T.);
#3462=EDGE_CURVE('',#2734,#2739,#1500,.T.);
#3463=EDGE_CURVE('',#2737,#2739,#1501,.T.);
#3464=EDGE_CURVE('',#2740,#2727,#1502,.T.);
#3465=EDGE_CURVE('',#2741,#2740,#1503,.T.);
#3466=EDGE_CURVE('',#2728,#2741,#1504,.T.);
#3467=EDGE_CURVE('',#2742,#2741,#1505,.T.);
#3468=EDGE_CURVE('',#2729,#2742,#1506,.T.);
#3469=EDGE_CURVE('',#2743,#2742,#1507,.T.);
#3470=EDGE_CURVE('',#2730,#2743,#1508,.T.);
#3471=EDGE_CURVE('',#2744,#2743,#1509,.T.);
#3472=EDGE_CURVE('',#2731,#2744,#1510,.T.);
#3473=EDGE_CURVE('',#2745,#2744,#1511,.T.);
#3474=EDGE_CURVE('',#2732,#2745,#1512,.T.);
#3475=EDGE_CURVE('',#2746,#2745,#1513,.T.);
#3476=EDGE_CURVE('',#2733,#2746,#1514,.T.);
#3477=EDGE_CURVE('',#2747,#2746,#1515,.T.);
#3478=EDGE_CURVE('',#2726,#2747,#1516,.T.);
#3479=EDGE_CURVE('',#2740,#2747,#1517,.T.);
#3480=EDGE_CURVE('',#2748,#2749,#1518,.T.);
#3481=EDGE_CURVE('',#2749,#2750,#1519,.T.);
#3482=EDGE_CURVE('',#2750,#2751,#1520,.T.);
#3483=EDGE_CURVE('',#2751,#2752,#140,.T.);
#3484=EDGE_CURVE('',#2752,#2753,#141,.T.);
#3485=EDGE_CURVE('',#2753,#2754,#142,.T.);
#3486=EDGE_CURVE('',#2754,#2755,#143,.T.);
#3487=EDGE_CURVE('',#2755,#2756,#144,.T.);
#3488=EDGE_CURVE('',#2756,#2757,#145,.T.);
#3489=EDGE_CURVE('',#2757,#2758,#146,.T.);
#3490=EDGE_CURVE('',#2758,#2759,#147,.T.);
#3491=EDGE_CURVE('',#2759,#2760,#148,.T.);
#3492=EDGE_CURVE('',#2760,#2761,#1521,.T.);
#3493=EDGE_CURVE('',#2761,#2762,#1522,.T.);
#3494=EDGE_CURVE('',#2762,#2763,#1523,.T.);
#3495=EDGE_CURVE('',#2763,#2764,#149,.T.);
#3496=EDGE_CURVE('',#2764,#2765,#150,.T.);
#3497=EDGE_CURVE('',#2765,#2766,#1524,.T.);
#3498=EDGE_CURVE('',#2766,#2748,#1525,.T.);
#3499=EDGE_CURVE('',#2767,#2768,#1526,.T.);
#3500=EDGE_CURVE('',#2768,#2769,#1527,.T.);
#3501=EDGE_CURVE('',#2769,#2770,#151,.T.);
#3502=EDGE_CURVE('',#2770,#2771,#152,.T.);
#3503=EDGE_CURVE('',#2771,#2772,#153,.T.);
#3504=EDGE_CURVE('',#2772,#2773,#154,.T.);
#3505=EDGE_CURVE('',#2773,#2774,#155,.T.);
#3506=EDGE_CURVE('',#2774,#2767,#1528,.T.);
#3507=EDGE_CURVE('',#2775,#2768,#1529,.T.);
#3508=EDGE_CURVE('',#2776,#2775,#1530,.T.);
#3509=EDGE_CURVE('',#2769,#2776,#1531,.T.);
#3510=EDGE_CURVE('',#2777,#2776,#156,.T.);
#3511=EDGE_CURVE('',#2770,#2777,#1532,.T.);
#3512=EDGE_CURVE('',#2778,#2777,#157,.T.);
#3513=EDGE_CURVE('',#2771,#2778,#1533,.T.);
#3514=EDGE_CURVE('',#2779,#2778,#158,.T.);
#3515=EDGE_CURVE('',#2772,#2779,#1534,.T.);
#3516=EDGE_CURVE('',#2780,#2779,#159,.T.);
#3517=EDGE_CURVE('',#2773,#2780,#1535,.T.);
#3518=EDGE_CURVE('',#2781,#2780,#160,.T.);
#3519=EDGE_CURVE('',#2774,#2781,#1536,.T.);
#3520=EDGE_CURVE('',#2782,#2781,#1537,.T.);
#3521=EDGE_CURVE('',#2767,#2782,#1538,.T.);
#3522=EDGE_CURVE('',#2775,#2782,#1539,.T.);
#3523=EDGE_CURVE('',#2783,#2749,#1540,.T.);
#3524=EDGE_CURVE('',#2784,#2783,#1541,.T.);
#3525=EDGE_CURVE('',#2750,#2784,#1542,.T.);
#3526=EDGE_CURVE('',#2785,#2784,#1543,.T.);
#3527=EDGE_CURVE('',#2751,#2785,#1544,.T.);
#3528=EDGE_CURVE('',#2786,#2785,#161,.T.);
#3529=EDGE_CURVE('',#2752,#2786,#1545,.T.);
#3530=EDGE_CURVE('',#2787,#2786,#162,.T.);
#3531=EDGE_CURVE('',#2753,#2787,#1546,.T.);
#3532=EDGE_CURVE('',#2788,#2787,#163,.T.);
#3533=EDGE_CURVE('',#2754,#2788,#1547,.T.);
#3534=EDGE_CURVE('',#2789,#2788,#164,.T.);
#3535=EDGE_CURVE('',#2755,#2789,#1548,.T.);
#3536=EDGE_CURVE('',#2790,#2789,#165,.T.);
#3537=EDGE_CURVE('',#2756,#2790,#1549,.T.);
#3538=EDGE_CURVE('',#2791,#2790,#166,.T.);
#3539=EDGE_CURVE('',#2757,#2791,#1550,.T.);
#3540=EDGE_CURVE('',#2792,#2791,#167,.T.);
#3541=EDGE_CURVE('',#2758,#2792,#1551,.T.);
#3542=EDGE_CURVE('',#2793,#2792,#168,.T.);
#3543=EDGE_CURVE('',#2759,#2793,#1552,.T.);
#3544=EDGE_CURVE('',#2794,#2793,#169,.T.);
#3545=EDGE_CURVE('',#2760,#2794,#1553,.T.);
#3546=EDGE_CURVE('',#2795,#2794,#1554,.T.);
#3547=EDGE_CURVE('',#2761,#2795,#1555,.T.);
#3548=EDGE_CURVE('',#2796,#2795,#1556,.T.);
#3549=EDGE_CURVE('',#2762,#2796,#1557,.T.);
#3550=EDGE_CURVE('',#2797,#2796,#1558,.T.);
#3551=EDGE_CURVE('',#2763,#2797,#1559,.T.);
#3552=EDGE_CURVE('',#2798,#2797,#170,.T.);
#3553=EDGE_CURVE('',#2764,#2798,#1560,.T.);
#3554=EDGE_CURVE('',#2799,#2798,#171,.T.);
#3555=EDGE_CURVE('',#2765,#2799,#1561,.T.);
#3556=EDGE_CURVE('',#2800,#2799,#1562,.T.);
#3557=EDGE_CURVE('',#2766,#2800,#1563,.T.);
#3558=EDGE_CURVE('',#2801,#2800,#1564,.T.);
#3559=EDGE_CURVE('',#2748,#2801,#1565,.T.);
#3560=EDGE_CURVE('',#2783,#2801,#1566,.T.);
#3561=EDGE_CURVE('',#2802,#2803,#1567,.T.);
#3562=EDGE_CURVE('',#2803,#2804,#1568,.T.);
#3563=EDGE_CURVE('',#2804,#2805,#1569,.T.);
#3564=EDGE_CURVE('',#2805,#2806,#1570,.T.);
#3565=EDGE_CURVE('',#2806,#2807,#1571,.T.);
#3566=EDGE_CURVE('',#2807,#2808,#1572,.T.);
#3567=EDGE_CURVE('',#2808,#2809,#1573,.T.);
#3568=EDGE_CURVE('',#2809,#2802,#1574,.T.);
#3569=EDGE_CURVE('',#2810,#2803,#1575,.T.);
#3570=EDGE_CURVE('',#2811,#2810,#1576,.T.);
#3571=EDGE_CURVE('',#2804,#2811,#1577,.T.);
#3572=EDGE_CURVE('',#2812,#2811,#1578,.T.);
#3573=EDGE_CURVE('',#2805,#2812,#1579,.T.);
#3574=EDGE_CURVE('',#2813,#2812,#1580,.T.);
#3575=EDGE_CURVE('',#2806,#2813,#1581,.T.);
#3576=EDGE_CURVE('',#2814,#2813,#1582,.T.);
#3577=EDGE_CURVE('',#2807,#2814,#1583,.T.);
#3578=EDGE_CURVE('',#2815,#2814,#1584,.T.);
#3579=EDGE_CURVE('',#2808,#2815,#1585,.T.);
#3580=EDGE_CURVE('',#2816,#2815,#1586,.T.);
#3581=EDGE_CURVE('',#2809,#2816,#1587,.T.);
#3582=EDGE_CURVE('',#2817,#2816,#1588,.T.);
#3583=EDGE_CURVE('',#2802,#2817,#1589,.T.);
#3584=EDGE_CURVE('',#2810,#2817,#1590,.T.);
#3585=EDGE_CURVE('',#2818,#2819,#1591,.T.);
#3586=EDGE_CURVE('',#2819,#2820,#1592,.T.);
#3587=EDGE_CURVE('',#2820,#2821,#1593,.T.);
#3588=EDGE_CURVE('',#2821,#2822,#1594,.T.);
#3589=EDGE_CURVE('',#2822,#2823,#1595,.T.);
#3590=EDGE_CURVE('',#2823,#2824,#1596,.T.);
#3591=EDGE_CURVE('',#2824,#2825,#1597,.T.);
#3592=EDGE_CURVE('',#2825,#2818,#1598,.T.);
#3593=EDGE_CURVE('',#2826,#2827,#1599,.T.);
#3594=EDGE_CURVE('',#2827,#2828,#1600,.T.);
#3595=EDGE_CURVE('',#2828,#2826,#1601,.T.);
#3596=EDGE_CURVE('',#2829,#2827,#1602,.T.);
#3597=EDGE_CURVE('',#2830,#2829,#1603,.T.);
#3598=EDGE_CURVE('',#2828,#2830,#1604,.T.);
#3599=EDGE_CURVE('',#2831,#2830,#1605,.T.);
#3600=EDGE_CURVE('',#2826,#2831,#1606,.T.);
#3601=EDGE_CURVE('',#2829,#2831,#1607,.T.);
#3602=EDGE_CURVE('',#2832,#2819,#1608,.T.);
#3603=EDGE_CURVE('',#2833,#2832,#1609,.T.);
#3604=EDGE_CURVE('',#2820,#2833,#1610,.T.);
#3605=EDGE_CURVE('',#2834,#2833,#1611,.T.);
#3606=EDGE_CURVE('',#2821,#2834,#1612,.T.);
#3607=EDGE_CURVE('',#2835,#2834,#1613,.T.);
#3608=EDGE_CURVE('',#2822,#2835,#1614,.T.);
#3609=EDGE_CURVE('',#2836,#2835,#1615,.T.);
#3610=EDGE_CURVE('',#2823,#2836,#1616,.T.);
#3611=EDGE_CURVE('',#2837,#2836,#1617,.T.);
#3612=EDGE_CURVE('',#2824,#2837,#1618,.T.);
#3613=EDGE_CURVE('',#2838,#2837,#1619,.T.);
#3614=EDGE_CURVE('',#2825,#2838,#1620,.T.);
#3615=EDGE_CURVE('',#2839,#2838,#1621,.T.);
#3616=EDGE_CURVE('',#2818,#2839,#1622,.T.);
#3617=EDGE_CURVE('',#2832,#2839,#1623,.T.);
#3618=EDGE_CURVE('',#2840,#2841,#1624,.T.);
#3619=EDGE_CURVE('',#2841,#2842,#1625,.T.);
#3620=EDGE_CURVE('',#2842,#2843,#1626,.T.);
#3621=EDGE_CURVE('',#2843,#2844,#1627,.T.);
#3622=EDGE_CURVE('',#2844,#2845,#1628,.T.);
#3623=EDGE_CURVE('',#2845,#2846,#1629,.T.);
#3624=EDGE_CURVE('',#2846,#2840,#1630,.T.);
#3625=EDGE_CURVE('',#2847,#2841,#1631,.T.);
#3626=EDGE_CURVE('',#2848,#2847,#1632,.T.);
#3627=EDGE_CURVE('',#2842,#2848,#1633,.T.);
#3628=EDGE_CURVE('',#2849,#2848,#1634,.T.);
#3629=EDGE_CURVE('',#2843,#2849,#1635,.T.);
#3630=EDGE_CURVE('',#2850,#2849,#1636,.T.);
#3631=EDGE_CURVE('',#2844,#2850,#1637,.T.);
#3632=EDGE_CURVE('',#2851,#2850,#1638,.T.);
#3633=EDGE_CURVE('',#2845,#2851,#1639,.T.);
#3634=EDGE_CURVE('',#2852,#2851,#1640,.T.);
#3635=EDGE_CURVE('',#2846,#2852,#1641,.T.);
#3636=EDGE_CURVE('',#2853,#2852,#1642,.T.);
#3637=EDGE_CURVE('',#2840,#2853,#1643,.T.);
#3638=EDGE_CURVE('',#2847,#2853,#1644,.T.);
#3639=EDGE_CURVE('',#2854,#2855,#1645,.T.);
#3640=EDGE_CURVE('',#2855,#2856,#1646,.T.);
#3641=EDGE_CURVE('',#2856,#2857,#1647,.T.);
#3642=EDGE_CURVE('',#2857,#2854,#1648,.T.);
#3643=EDGE_CURVE('',#2858,#2855,#1649,.T.);
#3644=EDGE_CURVE('',#2859,#2858,#1650,.T.);
#3645=EDGE_CURVE('',#2856,#2859,#1651,.T.);
#3646=EDGE_CURVE('',#2860,#2859,#1652,.T.);
#3647=EDGE_CURVE('',#2857,#2860,#1653,.T.);
#3648=EDGE_CURVE('',#2861,#2860,#1654,.T.);
#3649=EDGE_CURVE('',#2854,#2861,#1655,.T.);
#3650=EDGE_CURVE('',#2858,#2861,#1656,.T.);
#3651=EDGE_CURVE('',#2862,#2863,#1657,.T.);
#3652=EDGE_CURVE('',#2863,#2864,#1658,.T.);
#3653=EDGE_CURVE('',#2864,#2865,#1659,.T.);
#3654=EDGE_CURVE('',#2865,#2866,#1660,.T.);
#3655=EDGE_CURVE('',#2866,#2867,#1661,.T.);
#3656=EDGE_CURVE('',#2867,#2868,#1662,.T.);
#3657=EDGE_CURVE('',#2868,#2869,#1663,.T.);
#3658=EDGE_CURVE('',#2869,#2862,#1664,.T.);
#3659=EDGE_CURVE('',#2870,#2863,#1665,.T.);
#3660=EDGE_CURVE('',#2871,#2870,#1666,.T.);
#3661=EDGE_CURVE('',#2864,#2871,#1667,.T.);
#3662=EDGE_CURVE('',#2872,#2871,#1668,.T.);
#3663=EDGE_CURVE('',#2865,#2872,#1669,.T.);
#3664=EDGE_CURVE('',#2873,#2872,#1670,.T.);
#3665=EDGE_CURVE('',#2866,#2873,#1671,.T.);
#3666=EDGE_CURVE('',#2874,#2873,#1672,.T.);
#3667=EDGE_CURVE('',#2867,#2874,#1673,.T.);
#3668=EDGE_CURVE('',#2875,#2874,#1674,.T.);
#3669=EDGE_CURVE('',#2868,#2875,#1675,.T.);
#3670=EDGE_CURVE('',#2876,#2875,#1676,.T.);
#3671=EDGE_CURVE('',#2869,#2876,#1677,.T.);
#3672=EDGE_CURVE('',#2877,#2876,#1678,.T.);
#3673=EDGE_CURVE('',#2862,#2877,#1679,.T.);
#3674=EDGE_CURVE('',#2870,#2877,#1680,.T.);
#3675=EDGE_CURVE('',#2878,#2879,#172,.T.);
#3676=EDGE_CURVE('',#2879,#2880,#1681,.T.);
#3677=EDGE_CURVE('',#2880,#2881,#173,.T.);
#3678=EDGE_CURVE('',#2881,#2882,#174,.T.);
#3679=EDGE_CURVE('',#2882,#2883,#175,.T.);
#3680=EDGE_CURVE('',#2883,#2884,#176,.T.);
#3681=EDGE_CURVE('',#2884,#2885,#177,.T.);
#3682=EDGE_CURVE('',#2885,#2886,#178,.T.);
#3683=EDGE_CURVE('',#2886,#2887,#179,.T.);
#3684=EDGE_CURVE('',#2887,#2888,#180,.T.);
#3685=EDGE_CURVE('',#2888,#2889,#181,.T.);
#3686=EDGE_CURVE('',#2889,#2890,#182,.T.);
#3687=EDGE_CURVE('',#2890,#2891,#183,.T.);
#3688=EDGE_CURVE('',#2891,#2892,#184,.T.);
#3689=EDGE_CURVE('',#2892,#2893,#185,.T.);
#3690=EDGE_CURVE('',#2893,#2894,#1682,.T.);
#3691=EDGE_CURVE('',#2894,#2895,#186,.T.);
#3692=EDGE_CURVE('',#2895,#2896,#187,.T.);
#3693=EDGE_CURVE('',#2896,#2897,#188,.T.);
#3694=EDGE_CURVE('',#2897,#2898,#189,.T.);
#3695=EDGE_CURVE('',#2898,#2899,#190,.T.);
#3696=EDGE_CURVE('',#2899,#2900,#191,.T.);
#3697=EDGE_CURVE('',#2900,#2901,#192,.T.);
#3698=EDGE_CURVE('',#2901,#2902,#193,.T.);
#3699=EDGE_CURVE('',#2902,#2903,#194,.T.);
#3700=EDGE_CURVE('',#2903,#2904,#195,.T.);
#3701=EDGE_CURVE('',#2904,#2905,#196,.T.);
#3702=EDGE_CURVE('',#2905,#2906,#197,.T.);
#3703=EDGE_CURVE('',#2906,#2878,#198,.T.);
#3704=EDGE_CURVE('',#2907,#2879,#1683,.T.);
#3705=EDGE_CURVE('',#2908,#2907,#1684,.T.);
#3706=EDGE_CURVE('',#2880,#2908,#1685,.T.);
#3707=EDGE_CURVE('',#2909,#2908,#199,.T.);
#3708=EDGE_CURVE('',#2881,#2909,#1686,.T.);
#3709=EDGE_CURVE('',#2910,#2909,#200,.T.);
#3710=EDGE_CURVE('',#2882,#2910,#1687,.T.);
#3711=EDGE_CURVE('',#2911,#2910,#201,.T.);
#3712=EDGE_CURVE('',#2883,#2911,#1688,.T.);
#3713=EDGE_CURVE('',#2912,#2911,#202,.T.);
#3714=EDGE_CURVE('',#2884,#2912,#1689,.T.);
#3715=EDGE_CURVE('',#2913,#2912,#203,.T.);
#3716=EDGE_CURVE('',#2885,#2913,#1690,.T.);
#3717=EDGE_CURVE('',#2914,#2913,#204,.T.);
#3718=EDGE_CURVE('',#2886,#2914,#1691,.T.);
#3719=EDGE_CURVE('',#2915,#2914,#205,.T.);
#3720=EDGE_CURVE('',#2887,#2915,#1692,.T.);
#3721=EDGE_CURVE('',#2916,#2915,#206,.T.);
#3722=EDGE_CURVE('',#2888,#2916,#1693,.T.);
#3723=EDGE_CURVE('',#2917,#2916,#207,.T.);
#3724=EDGE_CURVE('',#2889,#2917,#1694,.T.);
#3725=EDGE_CURVE('',#2918,#2917,#208,.T.);
#3726=EDGE_CURVE('',#2890,#2918,#1695,.T.);
#3727=EDGE_CURVE('',#2919,#2918,#209,.T.);
#3728=EDGE_CURVE('',#2891,#2919,#1696,.T.);
#3729=EDGE_CURVE('',#2920,#2919,#210,.T.);
#3730=EDGE_CURVE('',#2892,#2920,#1697,.T.);
#3731=EDGE_CURVE('',#2921,#2920,#211,.T.);
#3732=EDGE_CURVE('',#2893,#2921,#1698,.T.);
#3733=EDGE_CURVE('',#2922,#2921,#1699,.T.);
#3734=EDGE_CURVE('',#2894,#2922,#1700,.T.);
#3735=EDGE_CURVE('',#2923,#2922,#212,.T.);
#3736=EDGE_CURVE('',#2895,#2923,#1701,.T.);
#3737=EDGE_CURVE('',#2924,#2923,#213,.T.);
#3738=EDGE_CURVE('',#2896,#2924,#1702,.T.);
#3739=EDGE_CURVE('',#2925,#2924,#214,.T.);
#3740=EDGE_CURVE('',#2897,#2925,#1703,.T.);
#3741=EDGE_CURVE('',#2926,#2925,#215,.T.);
#3742=EDGE_CURVE('',#2898,#2926,#1704,.T.);
#3743=EDGE_CURVE('',#2927,#2926,#216,.T.);
#3744=EDGE_CURVE('',#2899,#2927,#1705,.T.);
#3745=EDGE_CURVE('',#2928,#2927,#217,.T.);
#3746=EDGE_CURVE('',#2900,#2928,#1706,.T.);
#3747=EDGE_CURVE('',#2929,#2928,#218,.T.);
#3748=EDGE_CURVE('',#2901,#2929,#1707,.T.);
#3749=EDGE_CURVE('',#2930,#2929,#219,.T.);
#3750=EDGE_CURVE('',#2902,#2930,#1708,.T.);
#3751=EDGE_CURVE('',#2931,#2930,#220,.T.);
#3752=EDGE_CURVE('',#2903,#2931,#1709,.T.);
#3753=EDGE_CURVE('',#2932,#2931,#221,.T.);
#3754=EDGE_CURVE('',#2904,#2932,#1710,.T.);
#3755=EDGE_CURVE('',#2933,#2932,#222,.T.);
#3756=EDGE_CURVE('',#2905,#2933,#1711,.T.);
#3757=EDGE_CURVE('',#2934,#2933,#223,.T.);
#3758=EDGE_CURVE('',#2906,#2934,#1712,.T.);
#3759=EDGE_CURVE('',#2935,#2934,#224,.T.);
#3760=EDGE_CURVE('',#2878,#2935,#1713,.T.);
#3761=EDGE_CURVE('',#2907,#2935,#225,.T.);
#3762=EDGE_CURVE('',#2936,#2937,#226,.T.);
#3763=EDGE_CURVE('',#2937,#2938,#1714,.T.);
#3764=EDGE_CURVE('',#2938,#2939,#227,.T.);
#3765=EDGE_CURVE('',#2939,#2940,#228,.T.);
#3766=EDGE_CURVE('',#2940,#2941,#229,.T.);
#3767=EDGE_CURVE('',#2941,#2942,#230,.T.);
#3768=EDGE_CURVE('',#2942,#2943,#231,.T.);
#3769=EDGE_CURVE('',#2943,#2944,#232,.T.);
#3770=EDGE_CURVE('',#2944,#2945,#233,.T.);
#3771=EDGE_CURVE('',#2945,#2946,#234,.T.);
#3772=EDGE_CURVE('',#2946,#2947,#235,.T.);
#3773=EDGE_CURVE('',#2947,#2948,#236,.T.);
#3774=EDGE_CURVE('',#2948,#2949,#237,.T.);
#3775=EDGE_CURVE('',#2949,#2950,#238,.T.);
#3776=EDGE_CURVE('',#2950,#2951,#239,.T.);
#3777=EDGE_CURVE('',#2951,#2952,#1715,.T.);
#3778=EDGE_CURVE('',#2952,#2953,#240,.T.);
#3779=EDGE_CURVE('',#2953,#2954,#241,.T.);
#3780=EDGE_CURVE('',#2954,#2955,#242,.T.);
#3781=EDGE_CURVE('',#2955,#2956,#243,.T.);
#3782=EDGE_CURVE('',#2956,#2957,#244,.T.);
#3783=EDGE_CURVE('',#2957,#2958,#245,.T.);
#3784=EDGE_CURVE('',#2958,#2959,#246,.T.);
#3785=EDGE_CURVE('',#2959,#2960,#247,.T.);
#3786=EDGE_CURVE('',#2960,#2961,#248,.T.);
#3787=EDGE_CURVE('',#2961,#2962,#249,.T.);
#3788=EDGE_CURVE('',#2962,#2963,#250,.T.);
#3789=EDGE_CURVE('',#2963,#2964,#251,.T.);
#3790=EDGE_CURVE('',#2964,#2936,#252,.T.);
#3791=EDGE_CURVE('',#2965,#2937,#1716,.T.);
#3792=EDGE_CURVE('',#2966,#2965,#1717,.T.);
#3793=EDGE_CURVE('',#2938,#2966,#1718,.T.);
#3794=EDGE_CURVE('',#2967,#2966,#253,.T.);
#3795=EDGE_CURVE('',#2939,#2967,#1719,.T.);
#3796=EDGE_CURVE('',#2968,#2967,#254,.T.);
#3797=EDGE_CURVE('',#2940,#2968,#1720,.T.);
#3798=EDGE_CURVE('',#2969,#2968,#255,.T.);
#3799=EDGE_CURVE('',#2941,#2969,#1721,.T.);
#3800=EDGE_CURVE('',#2970,#2969,#256,.T.);
#3801=EDGE_CURVE('',#2942,#2970,#1722,.T.);
#3802=EDGE_CURVE('',#2971,#2970,#257,.T.);
#3803=EDGE_CURVE('',#2943,#2971,#1723,.T.);
#3804=EDGE_CURVE('',#2972,#2971,#258,.T.);
#3805=EDGE_CURVE('',#2944,#2972,#1724,.T.);
#3806=EDGE_CURVE('',#2973,#2972,#259,.T.);
#3807=EDGE_CURVE('',#2945,#2973,#1725,.T.);
#3808=EDGE_CURVE('',#2974,#2973,#260,.T.);
#3809=EDGE_CURVE('',#2946,#2974,#1726,.T.);
#3810=EDGE_CURVE('',#2975,#2974,#261,.T.);
#3811=EDGE_CURVE('',#2947,#2975,#1727,.T.);
#3812=EDGE_CURVE('',#2976,#2975,#262,.T.);
#3813=EDGE_CURVE('',#2948,#2976,#1728,.T.);
#3814=EDGE_CURVE('',#2977,#2976,#263,.T.);
#3815=EDGE_CURVE('',#2949,#2977,#1729,.T.);
#3816=EDGE_CURVE('',#2978,#2977,#264,.T.);
#3817=EDGE_CURVE('',#2950,#2978,#1730,.T.);
#3818=EDGE_CURVE('',#2979,#2978,#265,.T.);
#3819=EDGE_CURVE('',#2951,#2979,#1731,.T.);
#3820=EDGE_CURVE('',#2980,#2979,#1732,.T.);
#3821=EDGE_CURVE('',#2952,#2980,#1733,.T.);
#3822=EDGE_CURVE('',#2981,#2980,#266,.T.);
#3823=EDGE_CURVE('',#2953,#2981,#1734,.T.);
#3824=EDGE_CURVE('',#2982,#2981,#267,.T.);
#3825=EDGE_CURVE('',#2954,#2982,#1735,.T.);
#3826=EDGE_CURVE('',#2983,#2982,#268,.T.);
#3827=EDGE_CURVE('',#2955,#2983,#1736,.T.);
#3828=EDGE_CURVE('',#2984,#2983,#269,.T.);
#3829=EDGE_CURVE('',#2956,#2984,#1737,.T.);
#3830=EDGE_CURVE('',#2985,#2984,#270,.T.);
#3831=EDGE_CURVE('',#2957,#2985,#1738,.T.);
#3832=EDGE_CURVE('',#2986,#2985,#271,.T.);
#3833=EDGE_CURVE('',#2958,#2986,#1739,.T.);
#3834=EDGE_CURVE('',#2987,#2986,#272,.T.);
#3835=EDGE_CURVE('',#2959,#2987,#1740,.T.);
#3836=EDGE_CURVE('',#2988,#2987,#273,.T.);
#3837=EDGE_CURVE('',#2960,#2988,#1741,.T.);
#3838=EDGE_CURVE('',#2989,#2988,#274,.T.);
#3839=EDGE_CURVE('',#2961,#2989,#1742,.T.);
#3840=EDGE_CURVE('',#2990,#2989,#275,.T.);
#3841=EDGE_CURVE('',#2962,#2990,#1743,.T.);
#3842=EDGE_CURVE('',#2991,#2990,#276,.T.);
#3843=EDGE_CURVE('',#2963,#2991,#1744,.T.);
#3844=EDGE_CURVE('',#2992,#2991,#277,.T.);
#3845=EDGE_CURVE('',#2964,#2992,#1745,.T.);
#3846=EDGE_CURVE('',#2993,#2992,#278,.T.);
#3847=EDGE_CURVE('',#2936,#2993,#1746,.T.);
#3848=EDGE_CURVE('',#2965,#2993,#279,.T.);
#3849=ORIENTED_EDGE('',*,*,#2994,.T.);
#3850=ORIENTED_EDGE('',*,*,#2995,.T.);
#3851=ORIENTED_EDGE('',*,*,#2996,.F.);
#3852=ORIENTED_EDGE('',*,*,#2997,.F.);
#3853=ORIENTED_EDGE('',*,*,#2998,.T.);
#3854=ORIENTED_EDGE('',*,*,#2997,.T.);
#3855=ORIENTED_EDGE('',*,*,#2999,.F.);
#3856=ORIENTED_EDGE('',*,*,#3000,.F.);
#3857=ORIENTED_EDGE('',*,*,#3001,.T.);
#3858=ORIENTED_EDGE('',*,*,#3000,.T.);
#3859=ORIENTED_EDGE('',*,*,#3002,.F.);
#3860=ORIENTED_EDGE('',*,*,#3003,.F.);
#3861=ORIENTED_EDGE('',*,*,#3004,.T.);
#3862=ORIENTED_EDGE('',*,*,#3003,.T.);
#3863=ORIENTED_EDGE('',*,*,#3005,.F.);
#3864=ORIENTED_EDGE('',*,*,#2995,.F.);
#3865=ORIENTED_EDGE('',*,*,#3005,.T.);
#3866=ORIENTED_EDGE('',*,*,#3002,.T.);
#3867=ORIENTED_EDGE('',*,*,#2999,.T.);
#3868=ORIENTED_EDGE('',*,*,#2996,.T.);
#3869=ORIENTED_EDGE('',*,*,#3004,.F.);
#3870=ORIENTED_EDGE('',*,*,#2994,.F.);
#3871=ORIENTED_EDGE('',*,*,#2998,.F.);
#3872=ORIENTED_EDGE('',*,*,#3001,.F.);
#3873=ORIENTED_EDGE('',*,*,#3006,.T.);
#3874=ORIENTED_EDGE('',*,*,#3007,.T.);
#3875=ORIENTED_EDGE('',*,*,#3008,.F.);
#3876=ORIENTED_EDGE('',*,*,#3009,.F.);
#3877=ORIENTED_EDGE('',*,*,#3010,.T.);
#3878=ORIENTED_EDGE('',*,*,#3009,.T.);
#3879=ORIENTED_EDGE('',*,*,#3011,.F.);
#3880=ORIENTED_EDGE('',*,*,#3012,.F.);
#3881=ORIENTED_EDGE('',*,*,#3013,.T.);
#3882=ORIENTED_EDGE('',*,*,#3012,.T.);
#3883=ORIENTED_EDGE('',*,*,#3014,.F.);
#3884=ORIENTED_EDGE('',*,*,#3015,.F.);
#3885=ORIENTED_EDGE('',*,*,#3016,.T.);
#3886=ORIENTED_EDGE('',*,*,#3015,.T.);
#3887=ORIENTED_EDGE('',*,*,#3017,.F.);
#3888=ORIENTED_EDGE('',*,*,#3007,.F.);
#3889=ORIENTED_EDGE('',*,*,#3017,.T.);
#3890=ORIENTED_EDGE('',*,*,#3014,.T.);
#3891=ORIENTED_EDGE('',*,*,#3011,.T.);
#3892=ORIENTED_EDGE('',*,*,#3008,.T.);
#3893=ORIENTED_EDGE('',*,*,#3016,.F.);
#3894=ORIENTED_EDGE('',*,*,#3006,.F.);
#3895=ORIENTED_EDGE('',*,*,#3010,.F.);
#3896=ORIENTED_EDGE('',*,*,#3013,.F.);
#3897=ORIENTED_EDGE('',*,*,#3018,.T.);
#3898=ORIENTED_EDGE('',*,*,#3019,.T.);
#3899=ORIENTED_EDGE('',*,*,#3020,.F.);
#3900=ORIENTED_EDGE('',*,*,#3021,.F.);
#3901=ORIENTED_EDGE('',*,*,#3022,.T.);
#3902=ORIENTED_EDGE('',*,*,#3021,.T.);
#3903=ORIENTED_EDGE('',*,*,#3023,.F.);
#3904=ORIENTED_EDGE('',*,*,#3024,.F.);
#3905=ORIENTED_EDGE('',*,*,#3025,.T.);
#3906=ORIENTED_EDGE('',*,*,#3024,.T.);
#3907=ORIENTED_EDGE('',*,*,#3026,.F.);
#3908=ORIENTED_EDGE('',*,*,#3027,.F.);
#3909=ORIENTED_EDGE('',*,*,#3028,.T.);
#3910=ORIENTED_EDGE('',*,*,#3027,.T.);
#3911=ORIENTED_EDGE('',*,*,#3029,.F.);
#3912=ORIENTED_EDGE('',*,*,#3019,.F.);
#3913=ORIENTED_EDGE('',*,*,#3029,.T.);
#3914=ORIENTED_EDGE('',*,*,#3026,.T.);
#3915=ORIENTED_EDGE('',*,*,#3023,.T.);
#3916=ORIENTED_EDGE('',*,*,#3020,.T.);
#3917=ORIENTED_EDGE('',*,*,#3028,.F.);
#3918=ORIENTED_EDGE('',*,*,#3018,.F.);
#3919=ORIENTED_EDGE('',*,*,#3022,.F.);
#3920=ORIENTED_EDGE('',*,*,#3025,.F.);
#3921=ORIENTED_EDGE('',*,*,#3030,.T.);
#3922=ORIENTED_EDGE('',*,*,#3031,.T.);
#3923=ORIENTED_EDGE('',*,*,#3032,.F.);
#3924=ORIENTED_EDGE('',*,*,#3033,.F.);
#3925=ORIENTED_EDGE('',*,*,#3034,.T.);
#3926=ORIENTED_EDGE('',*,*,#3033,.T.);
#3927=ORIENTED_EDGE('',*,*,#3035,.F.);
#3928=ORIENTED_EDGE('',*,*,#3036,.F.);
#3929=ORIENTED_EDGE('',*,*,#3037,.T.);
#3930=ORIENTED_EDGE('',*,*,#3036,.T.);
#3931=ORIENTED_EDGE('',*,*,#3038,.F.);
#3932=ORIENTED_EDGE('',*,*,#3039,.F.);
#3933=ORIENTED_EDGE('',*,*,#3040,.T.);
#3934=ORIENTED_EDGE('',*,*,#3039,.T.);
#3935=ORIENTED_EDGE('',*,*,#3041,.F.);
#3936=ORIENTED_EDGE('',*,*,#3031,.F.);
#3937=ORIENTED_EDGE('',*,*,#3041,.T.);
#3938=ORIENTED_EDGE('',*,*,#3038,.T.);
#3939=ORIENTED_EDGE('',*,*,#3035,.T.);
#3940=ORIENTED_EDGE('',*,*,#3032,.T.);
#3941=ORIENTED_EDGE('',*,*,#3040,.F.);
#3942=ORIENTED_EDGE('',*,*,#3030,.F.);
#3943=ORIENTED_EDGE('',*,*,#3034,.F.);
#3944=ORIENTED_EDGE('',*,*,#3037,.F.);
#3945=ORIENTED_EDGE('',*,*,#3042,.T.);
#3946=ORIENTED_EDGE('',*,*,#3043,.T.);
#3947=ORIENTED_EDGE('',*,*,#3044,.F.);
#3948=ORIENTED_EDGE('',*,*,#3045,.F.);
#3949=ORIENTED_EDGE('',*,*,#3046,.T.);
#3950=ORIENTED_EDGE('',*,*,#3045,.T.);
#3951=ORIENTED_EDGE('',*,*,#3047,.F.);
#3952=ORIENTED_EDGE('',*,*,#3048,.F.);
#3953=ORIENTED_EDGE('',*,*,#3049,.T.);
#3954=ORIENTED_EDGE('',*,*,#3048,.T.);
#3955=ORIENTED_EDGE('',*,*,#3050,.F.);
#3956=ORIENTED_EDGE('',*,*,#3051,.F.);
#3957=ORIENTED_EDGE('',*,*,#3052,.T.);
#3958=ORIENTED_EDGE('',*,*,#3051,.T.);
#3959=ORIENTED_EDGE('',*,*,#3053,.F.);
#3960=ORIENTED_EDGE('',*,*,#3043,.F.);
#3961=ORIENTED_EDGE('',*,*,#3053,.T.);
#3962=ORIENTED_EDGE('',*,*,#3050,.T.);
#3963=ORIENTED_EDGE('',*,*,#3047,.T.);
#3964=ORIENTED_EDGE('',*,*,#3044,.T.);
#3965=ORIENTED_EDGE('',*,*,#3052,.F.);
#3966=ORIENTED_EDGE('',*,*,#3042,.F.);
#3967=ORIENTED_EDGE('',*,*,#3046,.F.);
#3968=ORIENTED_EDGE('',*,*,#3049,.F.);
#3969=ORIENTED_EDGE('',*,*,#3054,.F.);
#3970=ORIENTED_EDGE('',*,*,#3055,.T.);
#3971=ORIENTED_EDGE('',*,*,#3056,.F.);
#3972=ORIENTED_EDGE('',*,*,#3057,.F.);
#3973=ORIENTED_EDGE('',*,*,#3058,.F.);
#3974=ORIENTED_EDGE('',*,*,#3057,.T.);
#3975=ORIENTED_EDGE('',*,*,#3059,.F.);
#3976=ORIENTED_EDGE('',*,*,#3060,.F.);
#3977=ORIENTED_EDGE('',*,*,#3061,.F.);
#3978=ORIENTED_EDGE('',*,*,#3060,.T.);
#3979=ORIENTED_EDGE('',*,*,#3062,.F.);
#3980=ORIENTED_EDGE('',*,*,#3063,.F.);
#3981=ORIENTED_EDGE('',*,*,#3064,.F.);
#3982=ORIENTED_EDGE('',*,*,#3063,.T.);
#3983=ORIENTED_EDGE('',*,*,#3065,.F.);
#3984=ORIENTED_EDGE('',*,*,#3055,.F.);
#3985=ORIENTED_EDGE('',*,*,#3065,.T.);
#3986=ORIENTED_EDGE('',*,*,#3062,.T.);
#3987=ORIENTED_EDGE('',*,*,#3059,.T.);
#3988=ORIENTED_EDGE('',*,*,#3056,.T.);
#3989=ORIENTED_EDGE('',*,*,#3064,.T.);
#3990=ORIENTED_EDGE('',*,*,#3054,.T.);
#3991=ORIENTED_EDGE('',*,*,#3058,.T.);
#3992=ORIENTED_EDGE('',*,*,#3061,.T.);
#3993=ORIENTED_EDGE('',*,*,#3066,.T.);
#3994=ORIENTED_EDGE('',*,*,#3067,.T.);
#3995=ORIENTED_EDGE('',*,*,#3068,.F.);
#3996=ORIENTED_EDGE('',*,*,#3069,.F.);
#3997=ORIENTED_EDGE('',*,*,#3070,.T.);
#3998=ORIENTED_EDGE('',*,*,#3069,.T.);
#3999=ORIENTED_EDGE('',*,*,#3071,.F.);
#4000=ORIENTED_EDGE('',*,*,#3072,.F.);
#4001=ORIENTED_EDGE('',*,*,#3073,.T.);
#4002=ORIENTED_EDGE('',*,*,#3072,.T.);
#4003=ORIENTED_EDGE('',*,*,#3074,.F.);
#4004=ORIENTED_EDGE('',*,*,#3075,.F.);
#4005=ORIENTED_EDGE('',*,*,#3076,.T.);
#4006=ORIENTED_EDGE('',*,*,#3075,.T.);
#4007=ORIENTED_EDGE('',*,*,#3077,.F.);
#4008=ORIENTED_EDGE('',*,*,#3067,.F.);
#4009=ORIENTED_EDGE('',*,*,#3077,.T.);
#4010=ORIENTED_EDGE('',*,*,#3074,.T.);
#4011=ORIENTED_EDGE('',*,*,#3071,.T.);
#4012=ORIENTED_EDGE('',*,*,#3068,.T.);
#4013=ORIENTED_EDGE('',*,*,#3076,.F.);
#4014=ORIENTED_EDGE('',*,*,#3066,.F.);
#4015=ORIENTED_EDGE('',*,*,#3070,.F.);
#4016=ORIENTED_EDGE('',*,*,#3073,.F.);
#4017=ORIENTED_EDGE('',*,*,#3078,.F.);
#4018=ORIENTED_EDGE('',*,*,#3079,.T.);
#4019=ORIENTED_EDGE('',*,*,#3080,.F.);
#4020=ORIENTED_EDGE('',*,*,#3081,.F.);
#4021=ORIENTED_EDGE('',*,*,#3082,.F.);
#4022=ORIENTED_EDGE('',*,*,#3081,.T.);
#4023=ORIENTED_EDGE('',*,*,#3083,.F.);
#4024=ORIENTED_EDGE('',*,*,#3084,.F.);
#4025=ORIENTED_EDGE('',*,*,#3085,.F.);
#4026=ORIENTED_EDGE('',*,*,#3084,.T.);
#4027=ORIENTED_EDGE('',*,*,#3086,.F.);
#4028=ORIENTED_EDGE('',*,*,#3087,.F.);
#4029=ORIENTED_EDGE('',*,*,#3088,.F.);
#4030=ORIENTED_EDGE('',*,*,#3087,.T.);
#4031=ORIENTED_EDGE('',*,*,#3089,.F.);
#4032=ORIENTED_EDGE('',*,*,#3079,.F.);
#4033=ORIENTED_EDGE('',*,*,#3089,.T.);
#4034=ORIENTED_EDGE('',*,*,#3086,.T.);
#4035=ORIENTED_EDGE('',*,*,#3083,.T.);
#4036=ORIENTED_EDGE('',*,*,#3080,.T.);
#4037=ORIENTED_EDGE('',*,*,#3088,.T.);
#4038=ORIENTED_EDGE('',*,*,#3078,.T.);
#4039=ORIENTED_EDGE('',*,*,#3082,.T.);
#4040=ORIENTED_EDGE('',*,*,#3085,.T.);
#4041=ORIENTED_EDGE('',*,*,#3090,.T.);
#4042=ORIENTED_EDGE('',*,*,#3091,.T.);
#4043=ORIENTED_EDGE('',*,*,#3092,.F.);
#4044=ORIENTED_EDGE('',*,*,#3093,.F.);
#4045=ORIENTED_EDGE('',*,*,#3094,.T.);
#4046=ORIENTED_EDGE('',*,*,#3093,.T.);
#4047=ORIENTED_EDGE('',*,*,#3095,.F.);
#4048=ORIENTED_EDGE('',*,*,#3096,.F.);
#4049=ORIENTED_EDGE('',*,*,#3097,.T.);
#4050=ORIENTED_EDGE('',*,*,#3096,.T.);
#4051=ORIENTED_EDGE('',*,*,#3098,.F.);
#4052=ORIENTED_EDGE('',*,*,#3099,.F.);
#4053=ORIENTED_EDGE('',*,*,#3100,.T.);
#4054=ORIENTED_EDGE('',*,*,#3099,.T.);
#4055=ORIENTED_EDGE('',*,*,#3101,.F.);
#4056=ORIENTED_EDGE('',*,*,#3091,.F.);
#4057=ORIENTED_EDGE('',*,*,#3101,.T.);
#4058=ORIENTED_EDGE('',*,*,#3098,.T.);
#4059=ORIENTED_EDGE('',*,*,#3095,.T.);
#4060=ORIENTED_EDGE('',*,*,#3092,.T.);
#4061=ORIENTED_EDGE('',*,*,#3100,.F.);
#4062=ORIENTED_EDGE('',*,*,#3090,.F.);
#4063=ORIENTED_EDGE('',*,*,#3094,.F.);
#4064=ORIENTED_EDGE('',*,*,#3097,.F.);
#4065=ORIENTED_EDGE('',*,*,#3102,.F.);
#4066=ORIENTED_EDGE('',*,*,#3103,.T.);
#4067=ORIENTED_EDGE('',*,*,#3104,.F.);
#4068=ORIENTED_EDGE('',*,*,#3105,.F.);
#4069=ORIENTED_EDGE('',*,*,#3106,.F.);
#4070=ORIENTED_EDGE('',*,*,#3105,.T.);
#4071=ORIENTED_EDGE('',*,*,#3107,.F.);
#4072=ORIENTED_EDGE('',*,*,#3108,.F.);
#4073=ORIENTED_EDGE('',*,*,#3109,.F.);
#4074=ORIENTED_EDGE('',*,*,#3108,.T.);
#4075=ORIENTED_EDGE('',*,*,#3110,.F.);
#4076=ORIENTED_EDGE('',*,*,#3111,.F.);
#4077=ORIENTED_EDGE('',*,*,#3112,.F.);
#4078=ORIENTED_EDGE('',*,*,#3111,.T.);
#4079=ORIENTED_EDGE('',*,*,#3113,.F.);
#4080=ORIENTED_EDGE('',*,*,#3103,.F.);
#4081=ORIENTED_EDGE('',*,*,#3113,.T.);
#4082=ORIENTED_EDGE('',*,*,#3110,.T.);
#4083=ORIENTED_EDGE('',*,*,#3107,.T.);
#4084=ORIENTED_EDGE('',*,*,#3104,.T.);
#4085=ORIENTED_EDGE('',*,*,#3112,.T.);
#4086=ORIENTED_EDGE('',*,*,#3102,.T.);
#4087=ORIENTED_EDGE('',*,*,#3106,.T.);
#4088=ORIENTED_EDGE('',*,*,#3109,.T.);
#4089=ORIENTED_EDGE('',*,*,#3114,.T.);
#4090=ORIENTED_EDGE('',*,*,#3115,.T.);
#4091=ORIENTED_EDGE('',*,*,#3116,.F.);
#4092=ORIENTED_EDGE('',*,*,#3117,.F.);
#4093=ORIENTED_EDGE('',*,*,#3118,.T.);
#4094=ORIENTED_EDGE('',*,*,#3117,.T.);
#4095=ORIENTED_EDGE('',*,*,#3119,.F.);
#4096=ORIENTED_EDGE('',*,*,#3120,.F.);
#4097=ORIENTED_EDGE('',*,*,#3121,.T.);
#4098=ORIENTED_EDGE('',*,*,#3120,.T.);
#4099=ORIENTED_EDGE('',*,*,#3122,.F.);
#4100=ORIENTED_EDGE('',*,*,#3123,.F.);
#4101=ORIENTED_EDGE('',*,*,#3124,.T.);
#4102=ORIENTED_EDGE('',*,*,#3123,.T.);
#4103=ORIENTED_EDGE('',*,*,#3125,.F.);
#4104=ORIENTED_EDGE('',*,*,#3115,.F.);
#4105=ORIENTED_EDGE('',*,*,#3125,.T.);
#4106=ORIENTED_EDGE('',*,*,#3122,.T.);
#4107=ORIENTED_EDGE('',*,*,#3119,.T.);
#4108=ORIENTED_EDGE('',*,*,#3116,.T.);
#4109=ORIENTED_EDGE('',*,*,#3124,.F.);
#4110=ORIENTED_EDGE('',*,*,#3114,.F.);
#4111=ORIENTED_EDGE('',*,*,#3118,.F.);
#4112=ORIENTED_EDGE('',*,*,#3121,.F.);
#4113=ORIENTED_EDGE('',*,*,#3126,.T.);
#4114=ORIENTED_EDGE('',*,*,#3127,.T.);
#4115=ORIENTED_EDGE('',*,*,#3128,.F.);
#4116=ORIENTED_EDGE('',*,*,#3129,.F.);
#4117=ORIENTED_EDGE('',*,*,#3130,.T.);
#4118=ORIENTED_EDGE('',*,*,#3129,.T.);
#4119=ORIENTED_EDGE('',*,*,#3131,.F.);
#4120=ORIENTED_EDGE('',*,*,#3132,.F.);
#4121=ORIENTED_EDGE('',*,*,#3133,.T.);
#4122=ORIENTED_EDGE('',*,*,#3132,.T.);
#4123=ORIENTED_EDGE('',*,*,#3134,.F.);
#4124=ORIENTED_EDGE('',*,*,#3135,.F.);
#4125=ORIENTED_EDGE('',*,*,#3136,.T.);
#4126=ORIENTED_EDGE('',*,*,#3135,.T.);
#4127=ORIENTED_EDGE('',*,*,#3137,.F.);
#4128=ORIENTED_EDGE('',*,*,#3127,.F.);
#4129=ORIENTED_EDGE('',*,*,#3137,.T.);
#4130=ORIENTED_EDGE('',*,*,#3134,.T.);
#4131=ORIENTED_EDGE('',*,*,#3131,.T.);
#4132=ORIENTED_EDGE('',*,*,#3128,.T.);
#4133=ORIENTED_EDGE('',*,*,#3136,.F.);
#4134=ORIENTED_EDGE('',*,*,#3126,.F.);
#4135=ORIENTED_EDGE('',*,*,#3130,.F.);
#4136=ORIENTED_EDGE('',*,*,#3133,.F.);
#4137=ORIENTED_EDGE('',*,*,#3138,.T.);
#4138=ORIENTED_EDGE('',*,*,#3139,.T.);
#4139=ORIENTED_EDGE('',*,*,#3140,.F.);
#4140=ORIENTED_EDGE('',*,*,#3141,.F.);
#4141=ORIENTED_EDGE('',*,*,#3142,.T.);
#4142=ORIENTED_EDGE('',*,*,#3141,.T.);
#4143=ORIENTED_EDGE('',*,*,#3143,.F.);
#4144=ORIENTED_EDGE('',*,*,#3144,.F.);
#4145=ORIENTED_EDGE('',*,*,#3145,.T.);
#4146=ORIENTED_EDGE('',*,*,#3144,.T.);
#4147=ORIENTED_EDGE('',*,*,#3146,.F.);
#4148=ORIENTED_EDGE('',*,*,#3147,.F.);
#4149=ORIENTED_EDGE('',*,*,#3148,.T.);
#4150=ORIENTED_EDGE('',*,*,#3147,.T.);
#4151=ORIENTED_EDGE('',*,*,#3149,.F.);
#4152=ORIENTED_EDGE('',*,*,#3139,.F.);
#4153=ORIENTED_EDGE('',*,*,#3149,.T.);
#4154=ORIENTED_EDGE('',*,*,#3146,.T.);
#4155=ORIENTED_EDGE('',*,*,#3143,.T.);
#4156=ORIENTED_EDGE('',*,*,#3140,.T.);
#4157=ORIENTED_EDGE('',*,*,#3148,.F.);
#4158=ORIENTED_EDGE('',*,*,#3138,.F.);
#4159=ORIENTED_EDGE('',*,*,#3142,.F.);
#4160=ORIENTED_EDGE('',*,*,#3145,.F.);
#4161=ORIENTED_EDGE('',*,*,#3150,.T.);
#4162=ORIENTED_EDGE('',*,*,#3151,.T.);
#4163=ORIENTED_EDGE('',*,*,#3152,.F.);
#4164=ORIENTED_EDGE('',*,*,#3153,.F.);
#4165=ORIENTED_EDGE('',*,*,#3154,.T.);
#4166=ORIENTED_EDGE('',*,*,#3153,.T.);
#4167=ORIENTED_EDGE('',*,*,#3155,.F.);
#4168=ORIENTED_EDGE('',*,*,#3156,.F.);
#4169=ORIENTED_EDGE('',*,*,#3157,.T.);
#4170=ORIENTED_EDGE('',*,*,#3156,.T.);
#4171=ORIENTED_EDGE('',*,*,#3158,.F.);
#4172=ORIENTED_EDGE('',*,*,#3159,.F.);
#4173=ORIENTED_EDGE('',*,*,#3160,.T.);
#4174=ORIENTED_EDGE('',*,*,#3159,.T.);
#4175=ORIENTED_EDGE('',*,*,#3161,.F.);
#4176=ORIENTED_EDGE('',*,*,#3151,.F.);
#4177=ORIENTED_EDGE('',*,*,#3161,.T.);
#4178=ORIENTED_EDGE('',*,*,#3158,.T.);
#4179=ORIENTED_EDGE('',*,*,#3155,.T.);
#4180=ORIENTED_EDGE('',*,*,#3152,.T.);
#4181=ORIENTED_EDGE('',*,*,#3160,.F.);
#4182=ORIENTED_EDGE('',*,*,#3150,.F.);
#4183=ORIENTED_EDGE('',*,*,#3154,.F.);
#4184=ORIENTED_EDGE('',*,*,#3157,.F.);
#4185=ORIENTED_EDGE('',*,*,#3162,.T.);
#4186=ORIENTED_EDGE('',*,*,#3163,.T.);
#4187=ORIENTED_EDGE('',*,*,#3164,.F.);
#4188=ORIENTED_EDGE('',*,*,#3165,.F.);
#4189=ORIENTED_EDGE('',*,*,#3166,.T.);
#4190=ORIENTED_EDGE('',*,*,#3165,.T.);
#4191=ORIENTED_EDGE('',*,*,#3167,.F.);
#4192=ORIENTED_EDGE('',*,*,#3168,.F.);
#4193=ORIENTED_EDGE('',*,*,#3169,.T.);
#4194=ORIENTED_EDGE('',*,*,#3168,.T.);
#4195=ORIENTED_EDGE('',*,*,#3170,.F.);
#4196=ORIENTED_EDGE('',*,*,#3171,.F.);
#4197=ORIENTED_EDGE('',*,*,#3172,.T.);
#4198=ORIENTED_EDGE('',*,*,#3171,.T.);
#4199=ORIENTED_EDGE('',*,*,#3173,.F.);
#4200=ORIENTED_EDGE('',*,*,#3163,.F.);
#4201=ORIENTED_EDGE('',*,*,#3173,.T.);
#4202=ORIENTED_EDGE('',*,*,#3170,.T.);
#4203=ORIENTED_EDGE('',*,*,#3167,.T.);
#4204=ORIENTED_EDGE('',*,*,#3164,.T.);
#4205=ORIENTED_EDGE('',*,*,#3172,.F.);
#4206=ORIENTED_EDGE('',*,*,#3162,.F.);
#4207=ORIENTED_EDGE('',*,*,#3166,.F.);
#4208=ORIENTED_EDGE('',*,*,#3169,.F.);
#4209=ORIENTED_EDGE('',*,*,#3174,.T.);
#4210=ORIENTED_EDGE('',*,*,#3175,.T.);
#4211=ORIENTED_EDGE('',*,*,#3176,.F.);
#4212=ORIENTED_EDGE('',*,*,#3177,.F.);
#4213=ORIENTED_EDGE('',*,*,#3178,.T.);
#4214=ORIENTED_EDGE('',*,*,#3177,.T.);
#4215=ORIENTED_EDGE('',*,*,#3179,.F.);
#4216=ORIENTED_EDGE('',*,*,#3180,.F.);
#4217=ORIENTED_EDGE('',*,*,#3181,.T.);
#4218=ORIENTED_EDGE('',*,*,#3180,.T.);
#4219=ORIENTED_EDGE('',*,*,#3182,.F.);
#4220=ORIENTED_EDGE('',*,*,#3183,.F.);
#4221=ORIENTED_EDGE('',*,*,#3184,.T.);
#4222=ORIENTED_EDGE('',*,*,#3183,.T.);
#4223=ORIENTED_EDGE('',*,*,#3185,.F.);
#4224=ORIENTED_EDGE('',*,*,#3175,.F.);
#4225=ORIENTED_EDGE('',*,*,#3185,.T.);
#4226=ORIENTED_EDGE('',*,*,#3182,.T.);
#4227=ORIENTED_EDGE('',*,*,#3179,.T.);
#4228=ORIENTED_EDGE('',*,*,#3176,.T.);
#4229=ORIENTED_EDGE('',*,*,#3184,.F.);
#4230=ORIENTED_EDGE('',*,*,#3174,.F.);
#4231=ORIENTED_EDGE('',*,*,#3178,.F.);
#4232=ORIENTED_EDGE('',*,*,#3181,.F.);
#4233=ORIENTED_EDGE('',*,*,#3186,.T.);
#4234=ORIENTED_EDGE('',*,*,#3187,.T.);
#4235=ORIENTED_EDGE('',*,*,#3188,.F.);
#4236=ORIENTED_EDGE('',*,*,#3189,.F.);
#4237=ORIENTED_EDGE('',*,*,#3190,.T.);
#4238=ORIENTED_EDGE('',*,*,#3189,.T.);
#4239=ORIENTED_EDGE('',*,*,#3191,.F.);
#4240=ORIENTED_EDGE('',*,*,#3192,.F.);
#4241=ORIENTED_EDGE('',*,*,#3193,.T.);
#4242=ORIENTED_EDGE('',*,*,#3192,.T.);
#4243=ORIENTED_EDGE('',*,*,#3194,.F.);
#4244=ORIENTED_EDGE('',*,*,#3195,.F.);
#4245=ORIENTED_EDGE('',*,*,#3196,.T.);
#4246=ORIENTED_EDGE('',*,*,#3195,.T.);
#4247=ORIENTED_EDGE('',*,*,#3197,.F.);
#4248=ORIENTED_EDGE('',*,*,#3187,.F.);
#4249=ORIENTED_EDGE('',*,*,#3197,.T.);
#4250=ORIENTED_EDGE('',*,*,#3194,.T.);
#4251=ORIENTED_EDGE('',*,*,#3191,.T.);
#4252=ORIENTED_EDGE('',*,*,#3188,.T.);
#4253=ORIENTED_EDGE('',*,*,#3196,.F.);
#4254=ORIENTED_EDGE('',*,*,#3186,.F.);
#4255=ORIENTED_EDGE('',*,*,#3190,.F.);
#4256=ORIENTED_EDGE('',*,*,#3193,.F.);
#4257=ORIENTED_EDGE('',*,*,#3198,.T.);
#4258=ORIENTED_EDGE('',*,*,#3199,.T.);
#4259=ORIENTED_EDGE('',*,*,#3200,.F.);
#4260=ORIENTED_EDGE('',*,*,#3201,.F.);
#4261=ORIENTED_EDGE('',*,*,#3202,.T.);
#4262=ORIENTED_EDGE('',*,*,#3201,.T.);
#4263=ORIENTED_EDGE('',*,*,#3203,.F.);
#4264=ORIENTED_EDGE('',*,*,#3204,.F.);
#4265=ORIENTED_EDGE('',*,*,#3205,.T.);
#4266=ORIENTED_EDGE('',*,*,#3204,.T.);
#4267=ORIENTED_EDGE('',*,*,#3206,.F.);
#4268=ORIENTED_EDGE('',*,*,#3207,.F.);
#4269=ORIENTED_EDGE('',*,*,#3208,.T.);
#4270=ORIENTED_EDGE('',*,*,#3207,.T.);
#4271=ORIENTED_EDGE('',*,*,#3209,.F.);
#4272=ORIENTED_EDGE('',*,*,#3199,.F.);
#4273=ORIENTED_EDGE('',*,*,#3209,.T.);
#4274=ORIENTED_EDGE('',*,*,#3206,.T.);
#4275=ORIENTED_EDGE('',*,*,#3203,.T.);
#4276=ORIENTED_EDGE('',*,*,#3200,.T.);
#4277=ORIENTED_EDGE('',*,*,#3208,.F.);
#4278=ORIENTED_EDGE('',*,*,#3198,.F.);
#4279=ORIENTED_EDGE('',*,*,#3202,.F.);
#4280=ORIENTED_EDGE('',*,*,#3205,.F.);
#4281=ORIENTED_EDGE('',*,*,#3210,.T.);
#4282=ORIENTED_EDGE('',*,*,#3211,.T.);
#4283=ORIENTED_EDGE('',*,*,#3212,.F.);
#4284=ORIENTED_EDGE('',*,*,#3213,.F.);
#4285=ORIENTED_EDGE('',*,*,#3214,.T.);
#4286=ORIENTED_EDGE('',*,*,#3213,.T.);
#4287=ORIENTED_EDGE('',*,*,#3215,.F.);
#4288=ORIENTED_EDGE('',*,*,#3216,.F.);
#4289=ORIENTED_EDGE('',*,*,#3217,.T.);
#4290=ORIENTED_EDGE('',*,*,#3216,.T.);
#4291=ORIENTED_EDGE('',*,*,#3218,.F.);
#4292=ORIENTED_EDGE('',*,*,#3219,.F.);
#4293=ORIENTED_EDGE('',*,*,#3220,.T.);
#4294=ORIENTED_EDGE('',*,*,#3219,.T.);
#4295=ORIENTED_EDGE('',*,*,#3221,.F.);
#4296=ORIENTED_EDGE('',*,*,#3211,.F.);
#4297=ORIENTED_EDGE('',*,*,#3221,.T.);
#4298=ORIENTED_EDGE('',*,*,#3218,.T.);
#4299=ORIENTED_EDGE('',*,*,#3215,.T.);
#4300=ORIENTED_EDGE('',*,*,#3212,.T.);
#4301=ORIENTED_EDGE('',*,*,#3220,.F.);
#4302=ORIENTED_EDGE('',*,*,#3210,.F.);
#4303=ORIENTED_EDGE('',*,*,#3214,.F.);
#4304=ORIENTED_EDGE('',*,*,#3217,.F.);
#4305=ORIENTED_EDGE('',*,*,#3222,.T.);
#4306=ORIENTED_EDGE('',*,*,#3223,.T.);
#4307=ORIENTED_EDGE('',*,*,#3224,.F.);
#4308=ORIENTED_EDGE('',*,*,#3225,.F.);
#4309=ORIENTED_EDGE('',*,*,#3226,.T.);
#4310=ORIENTED_EDGE('',*,*,#3225,.T.);
#4311=ORIENTED_EDGE('',*,*,#3227,.F.);
#4312=ORIENTED_EDGE('',*,*,#3228,.F.);
#4313=ORIENTED_EDGE('',*,*,#3229,.T.);
#4314=ORIENTED_EDGE('',*,*,#3228,.T.);
#4315=ORIENTED_EDGE('',*,*,#3230,.F.);
#4316=ORIENTED_EDGE('',*,*,#3231,.F.);
#4317=ORIENTED_EDGE('',*,*,#3232,.T.);
#4318=ORIENTED_EDGE('',*,*,#3231,.T.);
#4319=ORIENTED_EDGE('',*,*,#3233,.F.);
#4320=ORIENTED_EDGE('',*,*,#3223,.F.);
#4321=ORIENTED_EDGE('',*,*,#3233,.T.);
#4322=ORIENTED_EDGE('',*,*,#3230,.T.);
#4323=ORIENTED_EDGE('',*,*,#3227,.T.);
#4324=ORIENTED_EDGE('',*,*,#3224,.T.);
#4325=ORIENTED_EDGE('',*,*,#3232,.F.);
#4326=ORIENTED_EDGE('',*,*,#3222,.F.);
#4327=ORIENTED_EDGE('',*,*,#3226,.F.);
#4328=ORIENTED_EDGE('',*,*,#3229,.F.);
#4329=ORIENTED_EDGE('',*,*,#3234,.T.);
#4330=ORIENTED_EDGE('',*,*,#3235,.T.);
#4331=ORIENTED_EDGE('',*,*,#3236,.T.);
#4332=ORIENTED_EDGE('',*,*,#3237,.T.);
#4333=ORIENTED_EDGE('',*,*,#3238,.T.);
#4334=ORIENTED_EDGE('',*,*,#3239,.T.);
#4335=ORIENTED_EDGE('',*,*,#3240,.T.);
#4336=ORIENTED_EDGE('',*,*,#3241,.T.);
#4337=ORIENTED_EDGE('',*,*,#3242,.T.);
#4338=ORIENTED_EDGE('',*,*,#3243,.T.);
#4339=ORIENTED_EDGE('',*,*,#3244,.T.);
#4340=ORIENTED_EDGE('',*,*,#3245,.T.);
#4341=ORIENTED_EDGE('',*,*,#3246,.F.);
#4342=ORIENTED_EDGE('',*,*,#3247,.F.);
#4343=ORIENTED_EDGE('',*,*,#3248,.F.);
#4344=ORIENTED_EDGE('',*,*,#3235,.F.);
#4345=ORIENTED_EDGE('',*,*,#3248,.T.);
#4346=ORIENTED_EDGE('',*,*,#3249,.F.);
#4347=ORIENTED_EDGE('',*,*,#3250,.F.);
#4348=ORIENTED_EDGE('',*,*,#3236,.F.);
#4349=ORIENTED_EDGE('',*,*,#3250,.T.);
#4350=ORIENTED_EDGE('',*,*,#3251,.F.);
#4351=ORIENTED_EDGE('',*,*,#3252,.F.);
#4352=ORIENTED_EDGE('',*,*,#3237,.F.);
#4353=ORIENTED_EDGE('',*,*,#3252,.T.);
#4354=ORIENTED_EDGE('',*,*,#3253,.F.);
#4355=ORIENTED_EDGE('',*,*,#3254,.F.);
#4356=ORIENTED_EDGE('',*,*,#3238,.F.);
#4357=ORIENTED_EDGE('',*,*,#3254,.T.);
#4358=ORIENTED_EDGE('',*,*,#3255,.F.);
#4359=ORIENTED_EDGE('',*,*,#3256,.F.);
#4360=ORIENTED_EDGE('',*,*,#3239,.F.);
#4361=ORIENTED_EDGE('',*,*,#3256,.T.);
#4362=ORIENTED_EDGE('',*,*,#3257,.F.);
#4363=ORIENTED_EDGE('',*,*,#3258,.F.);
#4364=ORIENTED_EDGE('',*,*,#3240,.F.);
#4365=ORIENTED_EDGE('',*,*,#3258,.T.);
#4366=ORIENTED_EDGE('',*,*,#3259,.F.);
#4367=ORIENTED_EDGE('',*,*,#3260,.F.);
#4368=ORIENTED_EDGE('',*,*,#3241,.F.);
#4369=ORIENTED_EDGE('',*,*,#3260,.T.);
#4370=ORIENTED_EDGE('',*,*,#3261,.F.);
#4371=ORIENTED_EDGE('',*,*,#3262,.F.);
#4372=ORIENTED_EDGE('',*,*,#3242,.F.);
#4373=ORIENTED_EDGE('',*,*,#3262,.T.);
#4374=ORIENTED_EDGE('',*,*,#3263,.F.);
#4375=ORIENTED_EDGE('',*,*,#3264,.F.);
#4376=ORIENTED_EDGE('',*,*,#3243,.F.);
#4377=ORIENTED_EDGE('',*,*,#3264,.T.);
#4378=ORIENTED_EDGE('',*,*,#3265,.F.);
#4379=ORIENTED_EDGE('',*,*,#3266,.F.);
#4380=ORIENTED_EDGE('',*,*,#3244,.F.);
#4381=ORIENTED_EDGE('',*,*,#3266,.T.);
#4382=ORIENTED_EDGE('',*,*,#3267,.F.);
#4383=ORIENTED_EDGE('',*,*,#3268,.F.);
#4384=ORIENTED_EDGE('',*,*,#3245,.F.);
#4385=ORIENTED_EDGE('',*,*,#3268,.T.);
#4386=ORIENTED_EDGE('',*,*,#3269,.F.);
#4387=ORIENTED_EDGE('',*,*,#3246,.T.);
#4388=ORIENTED_EDGE('',*,*,#3234,.F.);
#4389=ORIENTED_EDGE('',*,*,#3269,.T.);
#4390=ORIENTED_EDGE('',*,*,#3267,.T.);
#4391=ORIENTED_EDGE('',*,*,#3265,.T.);
#4392=ORIENTED_EDGE('',*,*,#3263,.T.);
#4393=ORIENTED_EDGE('',*,*,#3261,.T.);
#4394=ORIENTED_EDGE('',*,*,#3259,.T.);
#4395=ORIENTED_EDGE('',*,*,#3257,.T.);
#4396=ORIENTED_EDGE('',*,*,#3255,.T.);
#4397=ORIENTED_EDGE('',*,*,#3253,.T.);
#4398=ORIENTED_EDGE('',*,*,#3251,.T.);
#4399=ORIENTED_EDGE('',*,*,#3249,.T.);
#4400=ORIENTED_EDGE('',*,*,#3247,.T.);
#4401=ORIENTED_EDGE('',*,*,#3270,.T.);
#4402=ORIENTED_EDGE('',*,*,#3271,.T.);
#4403=ORIENTED_EDGE('',*,*,#3272,.T.);
#4404=ORIENTED_EDGE('',*,*,#3273,.T.);
#4405=ORIENTED_EDGE('',*,*,#3274,.T.);
#4406=ORIENTED_EDGE('',*,*,#3275,.T.);
#4407=ORIENTED_EDGE('',*,*,#3276,.T.);
#4408=ORIENTED_EDGE('',*,*,#3277,.T.);
#4409=ORIENTED_EDGE('',*,*,#3278,.T.);
#4410=ORIENTED_EDGE('',*,*,#3279,.T.);
#4411=ORIENTED_EDGE('',*,*,#3280,.T.);
#4412=ORIENTED_EDGE('',*,*,#3281,.T.);
#4413=ORIENTED_EDGE('',*,*,#3282,.T.);
#4414=ORIENTED_EDGE('',*,*,#3283,.F.);
#4415=ORIENTED_EDGE('',*,*,#3284,.F.);
#4416=ORIENTED_EDGE('',*,*,#3285,.F.);
#4417=ORIENTED_EDGE('',*,*,#3271,.F.);
#4418=ORIENTED_EDGE('',*,*,#3285,.T.);
#4419=ORIENTED_EDGE('',*,*,#3286,.F.);
#4420=ORIENTED_EDGE('',*,*,#3287,.F.);
#4421=ORIENTED_EDGE('',*,*,#3272,.F.);
#4422=ORIENTED_EDGE('',*,*,#3287,.T.);
#4423=ORIENTED_EDGE('',*,*,#3288,.F.);
#4424=ORIENTED_EDGE('',*,*,#3289,.F.);
#4425=ORIENTED_EDGE('',*,*,#3273,.F.);
#4426=ORIENTED_EDGE('',*,*,#3289,.T.);
#4427=ORIENTED_EDGE('',*,*,#3290,.F.);
#4428=ORIENTED_EDGE('',*,*,#3291,.F.);
#4429=ORIENTED_EDGE('',*,*,#3274,.F.);
#4430=ORIENTED_EDGE('',*,*,#3291,.T.);
#4431=ORIENTED_EDGE('',*,*,#3292,.F.);
#4432=ORIENTED_EDGE('',*,*,#3293,.F.);
#4433=ORIENTED_EDGE('',*,*,#3275,.F.);
#4434=ORIENTED_EDGE('',*,*,#3293,.T.);
#4435=ORIENTED_EDGE('',*,*,#3294,.F.);
#4436=ORIENTED_EDGE('',*,*,#3295,.F.);
#4437=ORIENTED_EDGE('',*,*,#3276,.F.);
#4438=ORIENTED_EDGE('',*,*,#3295,.T.);
#4439=ORIENTED_EDGE('',*,*,#3296,.F.);
#4440=ORIENTED_EDGE('',*,*,#3297,.F.);
#4441=ORIENTED_EDGE('',*,*,#3277,.F.);
#4442=ORIENTED_EDGE('',*,*,#3297,.T.);
#4443=ORIENTED_EDGE('',*,*,#3298,.F.);
#4444=ORIENTED_EDGE('',*,*,#3299,.F.);
#4445=ORIENTED_EDGE('',*,*,#3278,.F.);
#4446=ORIENTED_EDGE('',*,*,#3299,.T.);
#4447=ORIENTED_EDGE('',*,*,#3300,.F.);
#4448=ORIENTED_EDGE('',*,*,#3301,.F.);
#4449=ORIENTED_EDGE('',*,*,#3279,.F.);
#4450=ORIENTED_EDGE('',*,*,#3301,.T.);
#4451=ORIENTED_EDGE('',*,*,#3302,.F.);
#4452=ORIENTED_EDGE('',*,*,#3303,.F.);
#4453=ORIENTED_EDGE('',*,*,#3280,.F.);
#4454=ORIENTED_EDGE('',*,*,#3303,.T.);
#4455=ORIENTED_EDGE('',*,*,#3304,.F.);
#4456=ORIENTED_EDGE('',*,*,#3305,.F.);
#4457=ORIENTED_EDGE('',*,*,#3281,.F.);
#4458=ORIENTED_EDGE('',*,*,#3305,.T.);
#4459=ORIENTED_EDGE('',*,*,#3306,.F.);
#4460=ORIENTED_EDGE('',*,*,#3307,.F.);
#4461=ORIENTED_EDGE('',*,*,#3282,.F.);
#4462=ORIENTED_EDGE('',*,*,#3307,.T.);
#4463=ORIENTED_EDGE('',*,*,#3308,.F.);
#4464=ORIENTED_EDGE('',*,*,#3283,.T.);
#4465=ORIENTED_EDGE('',*,*,#3270,.F.);
#4466=ORIENTED_EDGE('',*,*,#3308,.T.);
#4467=ORIENTED_EDGE('',*,*,#3306,.T.);
#4468=ORIENTED_EDGE('',*,*,#3304,.T.);
#4469=ORIENTED_EDGE('',*,*,#3302,.T.);
#4470=ORIENTED_EDGE('',*,*,#3300,.T.);
#4471=ORIENTED_EDGE('',*,*,#3298,.T.);
#4472=ORIENTED_EDGE('',*,*,#3296,.T.);
#4473=ORIENTED_EDGE('',*,*,#3294,.T.);
#4474=ORIENTED_EDGE('',*,*,#3292,.T.);
#4475=ORIENTED_EDGE('',*,*,#3290,.T.);
#4476=ORIENTED_EDGE('',*,*,#3288,.T.);
#4477=ORIENTED_EDGE('',*,*,#3286,.T.);
#4478=ORIENTED_EDGE('',*,*,#3284,.T.);
#4479=ORIENTED_EDGE('',*,*,#3309,.T.);
#4480=ORIENTED_EDGE('',*,*,#3310,.T.);
#4481=ORIENTED_EDGE('',*,*,#3311,.T.);
#4482=ORIENTED_EDGE('',*,*,#3312,.T.);
#4483=ORIENTED_EDGE('',*,*,#3313,.T.);
#4484=ORIENTED_EDGE('',*,*,#3314,.T.);
#4485=ORIENTED_EDGE('',*,*,#3315,.T.);
#4486=ORIENTED_EDGE('',*,*,#3316,.T.);
#4487=ORIENTED_EDGE('',*,*,#3317,.T.);
#4488=ORIENTED_EDGE('',*,*,#3318,.T.);
#4489=ORIENTED_EDGE('',*,*,#3319,.T.);
#4490=ORIENTED_EDGE('',*,*,#3320,.F.);
#4491=ORIENTED_EDGE('',*,*,#3321,.F.);
#4492=ORIENTED_EDGE('',*,*,#3322,.F.);
#4493=ORIENTED_EDGE('',*,*,#3318,.F.);
#4494=ORIENTED_EDGE('',*,*,#3322,.T.);
#4495=ORIENTED_EDGE('',*,*,#3323,.F.);
#4496=ORIENTED_EDGE('',*,*,#3324,.F.);
#4497=ORIENTED_EDGE('',*,*,#3319,.F.);
#4498=ORIENTED_EDGE('',*,*,#3324,.T.);
#4499=ORIENTED_EDGE('',*,*,#3325,.F.);
#4500=ORIENTED_EDGE('',*,*,#3320,.T.);
#4501=ORIENTED_EDGE('',*,*,#3317,.F.);
#4502=ORIENTED_EDGE('',*,*,#3326,.F.);
#4503=ORIENTED_EDGE('',*,*,#3327,.F.);
#4504=ORIENTED_EDGE('',*,*,#3328,.F.);
#4505=ORIENTED_EDGE('',*,*,#3310,.F.);
#4506=ORIENTED_EDGE('',*,*,#3328,.T.);
#4507=ORIENTED_EDGE('',*,*,#3329,.F.);
#4508=ORIENTED_EDGE('',*,*,#3330,.F.);
#4509=ORIENTED_EDGE('',*,*,#3311,.F.);
#4510=ORIENTED_EDGE('',*,*,#3330,.T.);
#4511=ORIENTED_EDGE('',*,*,#3331,.F.);
#4512=ORIENTED_EDGE('',*,*,#3332,.F.);
#4513=ORIENTED_EDGE('',*,*,#3312,.F.);
#4514=ORIENTED_EDGE('',*,*,#3332,.T.);
#4515=ORIENTED_EDGE('',*,*,#3333,.F.);
#4516=ORIENTED_EDGE('',*,*,#3334,.F.);
#4517=ORIENTED_EDGE('',*,*,#3313,.F.);
#4518=ORIENTED_EDGE('',*,*,#3334,.T.);
#4519=ORIENTED_EDGE('',*,*,#3335,.F.);
#4520=ORIENTED_EDGE('',*,*,#3336,.F.);
#4521=ORIENTED_EDGE('',*,*,#3314,.F.);
#4522=ORIENTED_EDGE('',*,*,#3336,.T.);
#4523=ORIENTED_EDGE('',*,*,#3337,.F.);
#4524=ORIENTED_EDGE('',*,*,#3338,.F.);
#4525=ORIENTED_EDGE('',*,*,#3315,.F.);
#4526=ORIENTED_EDGE('',*,*,#3338,.T.);
#4527=ORIENTED_EDGE('',*,*,#3339,.F.);
#4528=ORIENTED_EDGE('',*,*,#3340,.F.);
#4529=ORIENTED_EDGE('',*,*,#3316,.F.);
#4530=ORIENTED_EDGE('',*,*,#3340,.T.);
#4531=ORIENTED_EDGE('',*,*,#3341,.F.);
#4532=ORIENTED_EDGE('',*,*,#3326,.T.);
#4533=ORIENTED_EDGE('',*,*,#3309,.F.);
#4534=ORIENTED_EDGE('',*,*,#3341,.T.);
#4535=ORIENTED_EDGE('',*,*,#3339,.T.);
#4536=ORIENTED_EDGE('',*,*,#3337,.T.);
#4537=ORIENTED_EDGE('',*,*,#3335,.T.);
#4538=ORIENTED_EDGE('',*,*,#3333,.T.);
#4539=ORIENTED_EDGE('',*,*,#3331,.T.);
#4540=ORIENTED_EDGE('',*,*,#3329,.T.);
#4541=ORIENTED_EDGE('',*,*,#3327,.T.);
#4542=ORIENTED_EDGE('',*,*,#3325,.T.);
#4543=ORIENTED_EDGE('',*,*,#3323,.T.);
#4544=ORIENTED_EDGE('',*,*,#3321,.T.);
#4545=ORIENTED_EDGE('',*,*,#3342,.T.);
#4546=ORIENTED_EDGE('',*,*,#3343,.T.);
#4547=ORIENTED_EDGE('',*,*,#3344,.T.);
#4548=ORIENTED_EDGE('',*,*,#3345,.T.);
#4549=ORIENTED_EDGE('',*,*,#3346,.T.);
#4550=ORIENTED_EDGE('',*,*,#3347,.T.);
#4551=ORIENTED_EDGE('',*,*,#3348,.T.);
#4552=ORIENTED_EDGE('',*,*,#3349,.T.);
#4553=ORIENTED_EDGE('',*,*,#3350,.T.);
#4554=ORIENTED_EDGE('',*,*,#3351,.T.);
#4555=ORIENTED_EDGE('',*,*,#3352,.T.);
#4556=ORIENTED_EDGE('',*,*,#3353,.T.);
#4557=ORIENTED_EDGE('',*,*,#3354,.T.);
#4558=ORIENTED_EDGE('',*,*,#3355,.T.);
#4559=ORIENTED_EDGE('',*,*,#3356,.T.);
#4560=ORIENTED_EDGE('',*,*,#3357,.T.);
#4561=ORIENTED_EDGE('',*,*,#3358,.T.);
#4562=ORIENTED_EDGE('',*,*,#3359,.T.);
#4563=ORIENTED_EDGE('',*,*,#3360,.T.);
#4564=ORIENTED_EDGE('',*,*,#3361,.T.);
#4565=ORIENTED_EDGE('',*,*,#3362,.T.);
#4566=ORIENTED_EDGE('',*,*,#3363,.T.);
#4567=ORIENTED_EDGE('',*,*,#3364,.T.);
#4568=ORIENTED_EDGE('',*,*,#3365,.T.);
#4569=ORIENTED_EDGE('',*,*,#3366,.T.);
#4570=ORIENTED_EDGE('',*,*,#3367,.F.);
#4571=ORIENTED_EDGE('',*,*,#3368,.F.);
#4572=ORIENTED_EDGE('',*,*,#3369,.F.);
#4573=ORIENTED_EDGE('',*,*,#3343,.F.);
#4574=ORIENTED_EDGE('',*,*,#3369,.T.);
#4575=ORIENTED_EDGE('',*,*,#3370,.F.);
#4576=ORIENTED_EDGE('',*,*,#3371,.F.);
#4577=ORIENTED_EDGE('',*,*,#3344,.F.);
#4578=ORIENTED_EDGE('',*,*,#3371,.T.);
#4579=ORIENTED_EDGE('',*,*,#3372,.F.);
#4580=ORIENTED_EDGE('',*,*,#3373,.F.);
#4581=ORIENTED_EDGE('',*,*,#3345,.F.);
#4582=ORIENTED_EDGE('',*,*,#3373,.T.);
#4583=ORIENTED_EDGE('',*,*,#3374,.F.);
#4584=ORIENTED_EDGE('',*,*,#3375,.F.);
#4585=ORIENTED_EDGE('',*,*,#3346,.F.);
#4586=ORIENTED_EDGE('',*,*,#3375,.T.);
#4587=ORIENTED_EDGE('',*,*,#3376,.F.);
#4588=ORIENTED_EDGE('',*,*,#3377,.F.);
#4589=ORIENTED_EDGE('',*,*,#3347,.F.);
#4590=ORIENTED_EDGE('',*,*,#3377,.T.);
#4591=ORIENTED_EDGE('',*,*,#3378,.F.);
#4592=ORIENTED_EDGE('',*,*,#3379,.F.);
#4593=ORIENTED_EDGE('',*,*,#3348,.F.);
#4594=ORIENTED_EDGE('',*,*,#3379,.T.);
#4595=ORIENTED_EDGE('',*,*,#3380,.F.);
#4596=ORIENTED_EDGE('',*,*,#3381,.F.);
#4597=ORIENTED_EDGE('',*,*,#3349,.F.);
#4598=ORIENTED_EDGE('',*,*,#3381,.T.);
#4599=ORIENTED_EDGE('',*,*,#3382,.F.);
#4600=ORIENTED_EDGE('',*,*,#3383,.F.);
#4601=ORIENTED_EDGE('',*,*,#3350,.F.);
#4602=ORIENTED_EDGE('',*,*,#3383,.T.);
#4603=ORIENTED_EDGE('',*,*,#3384,.F.);
#4604=ORIENTED_EDGE('',*,*,#3385,.F.);
#4605=ORIENTED_EDGE('',*,*,#3351,.F.);
#4606=ORIENTED_EDGE('',*,*,#3385,.T.);
#4607=ORIENTED_EDGE('',*,*,#3386,.F.);
#4608=ORIENTED_EDGE('',*,*,#3387,.F.);
#4609=ORIENTED_EDGE('',*,*,#3352,.F.);
#4610=ORIENTED_EDGE('',*,*,#3387,.T.);
#4611=ORIENTED_EDGE('',*,*,#3388,.F.);
#4612=ORIENTED_EDGE('',*,*,#3389,.F.);
#4613=ORIENTED_EDGE('',*,*,#3353,.F.);
#4614=ORIENTED_EDGE('',*,*,#3389,.T.);
#4615=ORIENTED_EDGE('',*,*,#3390,.F.);
#4616=ORIENTED_EDGE('',*,*,#3391,.F.);
#4617=ORIENTED_EDGE('',*,*,#3354,.F.);
#4618=ORIENTED_EDGE('',*,*,#3391,.T.);
#4619=ORIENTED_EDGE('',*,*,#3392,.F.);
#4620=ORIENTED_EDGE('',*,*,#3393,.F.);
#4621=ORIENTED_EDGE('',*,*,#3355,.F.);
#4622=ORIENTED_EDGE('',*,*,#3393,.T.);
#4623=ORIENTED_EDGE('',*,*,#3394,.F.);
#4624=ORIENTED_EDGE('',*,*,#3395,.F.);
#4625=ORIENTED_EDGE('',*,*,#3356,.F.);
#4626=ORIENTED_EDGE('',*,*,#3395,.T.);
#4627=ORIENTED_EDGE('',*,*,#3396,.F.);
#4628=ORIENTED_EDGE('',*,*,#3397,.F.);
#4629=ORIENTED_EDGE('',*,*,#3357,.F.);
#4630=ORIENTED_EDGE('',*,*,#3397,.T.);
#4631=ORIENTED_EDGE('',*,*,#3398,.F.);
#4632=ORIENTED_EDGE('',*,*,#3399,.F.);
#4633=ORIENTED_EDGE('',*,*,#3358,.F.);
#4634=ORIENTED_EDGE('',*,*,#3399,.T.);
#4635=ORIENTED_EDGE('',*,*,#3400,.F.);
#4636=ORIENTED_EDGE('',*,*,#3401,.F.);
#4637=ORIENTED_EDGE('',*,*,#3359,.F.);
#4638=ORIENTED_EDGE('',*,*,#3401,.T.);
#4639=ORIENTED_EDGE('',*,*,#3402,.F.);
#4640=ORIENTED_EDGE('',*,*,#3403,.F.);
#4641=ORIENTED_EDGE('',*,*,#3360,.F.);
#4642=ORIENTED_EDGE('',*,*,#3403,.T.);
#4643=ORIENTED_EDGE('',*,*,#3404,.F.);
#4644=ORIENTED_EDGE('',*,*,#3405,.F.);
#4645=ORIENTED_EDGE('',*,*,#3361,.F.);
#4646=ORIENTED_EDGE('',*,*,#3405,.T.);
#4647=ORIENTED_EDGE('',*,*,#3406,.F.);
#4648=ORIENTED_EDGE('',*,*,#3407,.F.);
#4649=ORIENTED_EDGE('',*,*,#3362,.F.);
#4650=ORIENTED_EDGE('',*,*,#3407,.T.);
#4651=ORIENTED_EDGE('',*,*,#3408,.F.);
#4652=ORIENTED_EDGE('',*,*,#3409,.F.);
#4653=ORIENTED_EDGE('',*,*,#3363,.F.);
#4654=ORIENTED_EDGE('',*,*,#3409,.T.);
#4655=ORIENTED_EDGE('',*,*,#3410,.F.);
#4656=ORIENTED_EDGE('',*,*,#3411,.F.);
#4657=ORIENTED_EDGE('',*,*,#3364,.F.);
#4658=ORIENTED_EDGE('',*,*,#3411,.T.);
#4659=ORIENTED_EDGE('',*,*,#3412,.F.);
#4660=ORIENTED_EDGE('',*,*,#3413,.F.);
#4661=ORIENTED_EDGE('',*,*,#3365,.F.);
#4662=ORIENTED_EDGE('',*,*,#3413,.T.);
#4663=ORIENTED_EDGE('',*,*,#3414,.F.);
#4664=ORIENTED_EDGE('',*,*,#3415,.F.);
#4665=ORIENTED_EDGE('',*,*,#3366,.F.);
#4666=ORIENTED_EDGE('',*,*,#3415,.T.);
#4667=ORIENTED_EDGE('',*,*,#3416,.F.);
#4668=ORIENTED_EDGE('',*,*,#3367,.T.);
#4669=ORIENTED_EDGE('',*,*,#3342,.F.);
#4670=ORIENTED_EDGE('',*,*,#3416,.T.);
#4671=ORIENTED_EDGE('',*,*,#3414,.T.);
#4672=ORIENTED_EDGE('',*,*,#3412,.T.);
#4673=ORIENTED_EDGE('',*,*,#3410,.T.);
#4674=ORIENTED_EDGE('',*,*,#3408,.T.);
#4675=ORIENTED_EDGE('',*,*,#3406,.T.);
#4676=ORIENTED_EDGE('',*,*,#3404,.T.);
#4677=ORIENTED_EDGE('',*,*,#3402,.T.);
#4678=ORIENTED_EDGE('',*,*,#3400,.T.);
#4679=ORIENTED_EDGE('',*,*,#3398,.T.);
#4680=ORIENTED_EDGE('',*,*,#3396,.T.);
#4681=ORIENTED_EDGE('',*,*,#3394,.T.);
#4682=ORIENTED_EDGE('',*,*,#3392,.T.);
#4683=ORIENTED_EDGE('',*,*,#3390,.T.);
#4684=ORIENTED_EDGE('',*,*,#3388,.T.);
#4685=ORIENTED_EDGE('',*,*,#3386,.T.);
#4686=ORIENTED_EDGE('',*,*,#3384,.T.);
#4687=ORIENTED_EDGE('',*,*,#3382,.T.);
#4688=ORIENTED_EDGE('',*,*,#3380,.T.);
#4689=ORIENTED_EDGE('',*,*,#3378,.T.);
#4690=ORIENTED_EDGE('',*,*,#3376,.T.);
#4691=ORIENTED_EDGE('',*,*,#3374,.T.);
#4692=ORIENTED_EDGE('',*,*,#3372,.T.);
#4693=ORIENTED_EDGE('',*,*,#3370,.T.);
#4694=ORIENTED_EDGE('',*,*,#3368,.T.);
#4695=ORIENTED_EDGE('',*,*,#3417,.T.);
#4696=ORIENTED_EDGE('',*,*,#3418,.T.);
#4697=ORIENTED_EDGE('',*,*,#3419,.T.);
#4698=ORIENTED_EDGE('',*,*,#3420,.T.);
#4699=ORIENTED_EDGE('',*,*,#3421,.T.);
#4700=ORIENTED_EDGE('',*,*,#3422,.T.);
#4701=ORIENTED_EDGE('',*,*,#3423,.T.);
#4702=ORIENTED_EDGE('',*,*,#3424,.T.);
#4703=ORIENTED_EDGE('',*,*,#3425,.T.);
#4704=ORIENTED_EDGE('',*,*,#3426,.T.);
#4705=ORIENTED_EDGE('',*,*,#3427,.F.);
#4706=ORIENTED_EDGE('',*,*,#3428,.F.);
#4707=ORIENTED_EDGE('',*,*,#3429,.F.);
#4708=ORIENTED_EDGE('',*,*,#3418,.F.);
#4709=ORIENTED_EDGE('',*,*,#3429,.T.);
#4710=ORIENTED_EDGE('',*,*,#3430,.F.);
#4711=ORIENTED_EDGE('',*,*,#3431,.F.);
#4712=ORIENTED_EDGE('',*,*,#3419,.F.);
#4713=ORIENTED_EDGE('',*,*,#3431,.T.);
#4714=ORIENTED_EDGE('',*,*,#3432,.F.);
#4715=ORIENTED_EDGE('',*,*,#3433,.F.);
#4716=ORIENTED_EDGE('',*,*,#3420,.F.);
#4717=ORIENTED_EDGE('',*,*,#3433,.T.);
#4718=ORIENTED_EDGE('',*,*,#3434,.F.);
#4719=ORIENTED_EDGE('',*,*,#3435,.F.);
#4720=ORIENTED_EDGE('',*,*,#3421,.F.);
#4721=ORIENTED_EDGE('',*,*,#3435,.T.);
#4722=ORIENTED_EDGE('',*,*,#3436,.F.);
#4723=ORIENTED_EDGE('',*,*,#3437,.F.);
#4724=ORIENTED_EDGE('',*,*,#3422,.F.);
#4725=ORIENTED_EDGE('',*,*,#3437,.T.);
#4726=ORIENTED_EDGE('',*,*,#3438,.F.);
#4727=ORIENTED_EDGE('',*,*,#3439,.F.);
#4728=ORIENTED_EDGE('',*,*,#3423,.F.);
#4729=ORIENTED_EDGE('',*,*,#3439,.T.);
#4730=ORIENTED_EDGE('',*,*,#3440,.F.);
#4731=ORIENTED_EDGE('',*,*,#3441,.F.);
#4732=ORIENTED_EDGE('',*,*,#3424,.F.);
#4733=ORIENTED_EDGE('',*,*,#3441,.T.);
#4734=ORIENTED_EDGE('',*,*,#3442,.F.);
#4735=ORIENTED_EDGE('',*,*,#3443,.F.);
#4736=ORIENTED_EDGE('',*,*,#3425,.F.);
#4737=ORIENTED_EDGE('',*,*,#3443,.T.);
#4738=ORIENTED_EDGE('',*,*,#3444,.F.);
#4739=ORIENTED_EDGE('',*,*,#3445,.F.);
#4740=ORIENTED_EDGE('',*,*,#3426,.F.);
#4741=ORIENTED_EDGE('',*,*,#3445,.T.);
#4742=ORIENTED_EDGE('',*,*,#3446,.F.);
#4743=ORIENTED_EDGE('',*,*,#3427,.T.);
#4744=ORIENTED_EDGE('',*,*,#3417,.F.);
#4745=ORIENTED_EDGE('',*,*,#3446,.T.);
#4746=ORIENTED_EDGE('',*,*,#3444,.T.);
#4747=ORIENTED_EDGE('',*,*,#3442,.T.);
#4748=ORIENTED_EDGE('',*,*,#3440,.T.);
#4749=ORIENTED_EDGE('',*,*,#3438,.T.);
#4750=ORIENTED_EDGE('',*,*,#3436,.T.);
#4751=ORIENTED_EDGE('',*,*,#3434,.T.);
#4752=ORIENTED_EDGE('',*,*,#3432,.T.);
#4753=ORIENTED_EDGE('',*,*,#3430,.T.);
#4754=ORIENTED_EDGE('',*,*,#3428,.T.);
#4755=ORIENTED_EDGE('',*,*,#3447,.T.);
#4756=ORIENTED_EDGE('',*,*,#3448,.T.);
#4757=ORIENTED_EDGE('',*,*,#3449,.T.);
#4758=ORIENTED_EDGE('',*,*,#3450,.T.);
#4759=ORIENTED_EDGE('',*,*,#3451,.T.);
#4760=ORIENTED_EDGE('',*,*,#3452,.T.);
#4761=ORIENTED_EDGE('',*,*,#3453,.T.);
#4762=ORIENTED_EDGE('',*,*,#3454,.T.);
#4763=ORIENTED_EDGE('',*,*,#3455,.T.);
#4764=ORIENTED_EDGE('',*,*,#3456,.T.);
#4765=ORIENTED_EDGE('',*,*,#3457,.T.);
#4766=ORIENTED_EDGE('',*,*,#3458,.F.);
#4767=ORIENTED_EDGE('',*,*,#3459,.F.);
#4768=ORIENTED_EDGE('',*,*,#3460,.F.);
#4769=ORIENTED_EDGE('',*,*,#3456,.F.);
#4770=ORIENTED_EDGE('',*,*,#3460,.T.);
#4771=ORIENTED_EDGE('',*,*,#3461,.F.);
#4772=ORIENTED_EDGE('',*,*,#3462,.F.);
#4773=ORIENTED_EDGE('',*,*,#3457,.F.);
#4774=ORIENTED_EDGE('',*,*,#3462,.T.);
#4775=ORIENTED_EDGE('',*,*,#3463,.F.);
#4776=ORIENTED_EDGE('',*,*,#3458,.T.);
#4777=ORIENTED_EDGE('',*,*,#3455,.F.);
#4778=ORIENTED_EDGE('',*,*,#3464,.F.);
#4779=ORIENTED_EDGE('',*,*,#3465,.F.);
#4780=ORIENTED_EDGE('',*,*,#3466,.F.);
#4781=ORIENTED_EDGE('',*,*,#3448,.F.);
#4782=ORIENTED_EDGE('',*,*,#3466,.T.);
#4783=ORIENTED_EDGE('',*,*,#3467,.F.);
#4784=ORIENTED_EDGE('',*,*,#3468,.F.);
#4785=ORIENTED_EDGE('',*,*,#3449,.F.);
#4786=ORIENTED_EDGE('',*,*,#3468,.T.);
#4787=ORIENTED_EDGE('',*,*,#3469,.F.);
#4788=ORIENTED_EDGE('',*,*,#3470,.F.);
#4789=ORIENTED_EDGE('',*,*,#3450,.F.);
#4790=ORIENTED_EDGE('',*,*,#3470,.T.);
#4791=ORIENTED_EDGE('',*,*,#3471,.F.);
#4792=ORIENTED_EDGE('',*,*,#3472,.F.);
#4793=ORIENTED_EDGE('',*,*,#3451,.F.);
#4794=ORIENTED_EDGE('',*,*,#3472,.T.);
#4795=ORIENTED_EDGE('',*,*,#3473,.F.);
#4796=ORIENTED_EDGE('',*,*,#3474,.F.);
#4797=ORIENTED_EDGE('',*,*,#3452,.F.);
#4798=ORIENTED_EDGE('',*,*,#3474,.T.);
#4799=ORIENTED_EDGE('',*,*,#3475,.F.);
#4800=ORIENTED_EDGE('',*,*,#3476,.F.);
#4801=ORIENTED_EDGE('',*,*,#3453,.F.);
#4802=ORIENTED_EDGE('',*,*,#3476,.T.);
#4803=ORIENTED_EDGE('',*,*,#3477,.F.);
#4804=ORIENTED_EDGE('',*,*,#3478,.F.);
#4805=ORIENTED_EDGE('',*,*,#3454,.F.);
#4806=ORIENTED_EDGE('',*,*,#3478,.T.);
#4807=ORIENTED_EDGE('',*,*,#3479,.F.);
#4808=ORIENTED_EDGE('',*,*,#3464,.T.);
#4809=ORIENTED_EDGE('',*,*,#3447,.F.);
#4810=ORIENTED_EDGE('',*,*,#3479,.T.);
#4811=ORIENTED_EDGE('',*,*,#3477,.T.);
#4812=ORIENTED_EDGE('',*,*,#3475,.T.);
#4813=ORIENTED_EDGE('',*,*,#3473,.T.);
#4814=ORIENTED_EDGE('',*,*,#3471,.T.);
#4815=ORIENTED_EDGE('',*,*,#3469,.T.);
#4816=ORIENTED_EDGE('',*,*,#3467,.T.);
#4817=ORIENTED_EDGE('',*,*,#3465,.T.);
#4818=ORIENTED_EDGE('',*,*,#3463,.T.);
#4819=ORIENTED_EDGE('',*,*,#3461,.T.);
#4820=ORIENTED_EDGE('',*,*,#3459,.T.);
#4821=ORIENTED_EDGE('',*,*,#3480,.T.);
#4822=ORIENTED_EDGE('',*,*,#3481,.T.);
#4823=ORIENTED_EDGE('',*,*,#3482,.T.);
#4824=ORIENTED_EDGE('',*,*,#3483,.T.);
#4825=ORIENTED_EDGE('',*,*,#3484,.T.);
#4826=ORIENTED_EDGE('',*,*,#3485,.T.);
#4827=ORIENTED_EDGE('',*,*,#3486,.T.);
#4828=ORIENTED_EDGE('',*,*,#3487,.T.);
#4829=ORIENTED_EDGE('',*,*,#3488,.T.);
#4830=ORIENTED_EDGE('',*,*,#3489,.T.);
#4831=ORIENTED_EDGE('',*,*,#3490,.T.);
#4832=ORIENTED_EDGE('',*,*,#3491,.T.);
#4833=ORIENTED_EDGE('',*,*,#3492,.T.);
#4834=ORIENTED_EDGE('',*,*,#3493,.T.);
#4835=ORIENTED_EDGE('',*,*,#3494,.T.);
#4836=ORIENTED_EDGE('',*,*,#3495,.T.);
#4837=ORIENTED_EDGE('',*,*,#3496,.T.);
#4838=ORIENTED_EDGE('',*,*,#3497,.T.);
#4839=ORIENTED_EDGE('',*,*,#3498,.T.);
#4840=ORIENTED_EDGE('',*,*,#3499,.T.);
#4841=ORIENTED_EDGE('',*,*,#3500,.T.);
#4842=ORIENTED_EDGE('',*,*,#3501,.T.);
#4843=ORIENTED_EDGE('',*,*,#3502,.T.);
#4844=ORIENTED_EDGE('',*,*,#3503,.T.);
#4845=ORIENTED_EDGE('',*,*,#3504,.T.);
#4846=ORIENTED_EDGE('',*,*,#3505,.T.);
#4847=ORIENTED_EDGE('',*,*,#3506,.T.);
#4848=ORIENTED_EDGE('',*,*,#3507,.F.);
#4849=ORIENTED_EDGE('',*,*,#3508,.F.);
#4850=ORIENTED_EDGE('',*,*,#3509,.F.);
#4851=ORIENTED_EDGE('',*,*,#3500,.F.);
#4852=ORIENTED_EDGE('',*,*,#3509,.T.);
#4853=ORIENTED_EDGE('',*,*,#3510,.F.);
#4854=ORIENTED_EDGE('',*,*,#3511,.F.);
#4855=ORIENTED_EDGE('',*,*,#3501,.F.);
#4856=ORIENTED_EDGE('',*,*,#3511,.T.);
#4857=ORIENTED_EDGE('',*,*,#3512,.F.);
#4858=ORIENTED_EDGE('',*,*,#3513,.F.);
#4859=ORIENTED_EDGE('',*,*,#3502,.F.);
#4860=ORIENTED_EDGE('',*,*,#3513,.T.);
#4861=ORIENTED_EDGE('',*,*,#3514,.F.);
#4862=ORIENTED_EDGE('',*,*,#3515,.F.);
#4863=ORIENTED_EDGE('',*,*,#3503,.F.);
#4864=ORIENTED_EDGE('',*,*,#3515,.T.);
#4865=ORIENTED_EDGE('',*,*,#3516,.F.);
#4866=ORIENTED_EDGE('',*,*,#3517,.F.);
#4867=ORIENTED_EDGE('',*,*,#3504,.F.);
#4868=ORIENTED_EDGE('',*,*,#3517,.T.);
#4869=ORIENTED_EDGE('',*,*,#3518,.F.);
#4870=ORIENTED_EDGE('',*,*,#3519,.F.);
#4871=ORIENTED_EDGE('',*,*,#3505,.F.);
#4872=ORIENTED_EDGE('',*,*,#3519,.T.);
#4873=ORIENTED_EDGE('',*,*,#3520,.F.);
#4874=ORIENTED_EDGE('',*,*,#3521,.F.);
#4875=ORIENTED_EDGE('',*,*,#3506,.F.);
#4876=ORIENTED_EDGE('',*,*,#3521,.T.);
#4877=ORIENTED_EDGE('',*,*,#3522,.F.);
#4878=ORIENTED_EDGE('',*,*,#3507,.T.);
#4879=ORIENTED_EDGE('',*,*,#3499,.F.);
#4880=ORIENTED_EDGE('',*,*,#3523,.F.);
#4881=ORIENTED_EDGE('',*,*,#3524,.F.);
#4882=ORIENTED_EDGE('',*,*,#3525,.F.);
#4883=ORIENTED_EDGE('',*,*,#3481,.F.);
#4884=ORIENTED_EDGE('',*,*,#3525,.T.);
#4885=ORIENTED_EDGE('',*,*,#3526,.F.);
#4886=ORIENTED_EDGE('',*,*,#3527,.F.);
#4887=ORIENTED_EDGE('',*,*,#3482,.F.);
#4888=ORIENTED_EDGE('',*,*,#3527,.T.);
#4889=ORIENTED_EDGE('',*,*,#3528,.F.);
#4890=ORIENTED_EDGE('',*,*,#3529,.F.);
#4891=ORIENTED_EDGE('',*,*,#3483,.F.);
#4892=ORIENTED_EDGE('',*,*,#3529,.T.);
#4893=ORIENTED_EDGE('',*,*,#3530,.F.);
#4894=ORIENTED_EDGE('',*,*,#3531,.F.);
#4895=ORIENTED_EDGE('',*,*,#3484,.F.);
#4896=ORIENTED_EDGE('',*,*,#3531,.T.);
#4897=ORIENTED_EDGE('',*,*,#3532,.F.);
#4898=ORIENTED_EDGE('',*,*,#3533,.F.);
#4899=ORIENTED_EDGE('',*,*,#3485,.F.);
#4900=ORIENTED_EDGE('',*,*,#3533,.T.);
#4901=ORIENTED_EDGE('',*,*,#3534,.F.);
#4902=ORIENTED_EDGE('',*,*,#3535,.F.);
#4903=ORIENTED_EDGE('',*,*,#3486,.F.);
#4904=ORIENTED_EDGE('',*,*,#3535,.T.);
#4905=ORIENTED_EDGE('',*,*,#3536,.F.);
#4906=ORIENTED_EDGE('',*,*,#3537,.F.);
#4907=ORIENTED_EDGE('',*,*,#3487,.F.);
#4908=ORIENTED_EDGE('',*,*,#3537,.T.);
#4909=ORIENTED_EDGE('',*,*,#3538,.F.);
#4910=ORIENTED_EDGE('',*,*,#3539,.F.);
#4911=ORIENTED_EDGE('',*,*,#3488,.F.);
#4912=ORIENTED_EDGE('',*,*,#3539,.T.);
#4913=ORIENTED_EDGE('',*,*,#3540,.F.);
#4914=ORIENTED_EDGE('',*,*,#3541,.F.);
#4915=ORIENTED_EDGE('',*,*,#3489,.F.);
#4916=ORIENTED_EDGE('',*,*,#3541,.T.);
#4917=ORIENTED_EDGE('',*,*,#3542,.F.);
#4918=ORIENTED_EDGE('',*,*,#3543,.F.);
#4919=ORIENTED_EDGE('',*,*,#3490,.F.);
#4920=ORIENTED_EDGE('',*,*,#3543,.T.);
#4921=ORIENTED_EDGE('',*,*,#3544,.F.);
#4922=ORIENTED_EDGE('',*,*,#3545,.F.);
#4923=ORIENTED_EDGE('',*,*,#3491,.F.);
#4924=ORIENTED_EDGE('',*,*,#3545,.T.);
#4925=ORIENTED_EDGE('',*,*,#3546,.F.);
#4926=ORIENTED_EDGE('',*,*,#3547,.F.);
#4927=ORIENTED_EDGE('',*,*,#3492,.F.);
#4928=ORIENTED_EDGE('',*,*,#3547,.T.);
#4929=ORIENTED_EDGE('',*,*,#3548,.F.);
#4930=ORIENTED_EDGE('',*,*,#3549,.F.);
#4931=ORIENTED_EDGE('',*,*,#3493,.F.);
#4932=ORIENTED_EDGE('',*,*,#3549,.T.);
#4933=ORIENTED_EDGE('',*,*,#3550,.F.);
#4934=ORIENTED_EDGE('',*,*,#3551,.F.);
#4935=ORIENTED_EDGE('',*,*,#3494,.F.);
#4936=ORIENTED_EDGE('',*,*,#3551,.T.);
#4937=ORIENTED_EDGE('',*,*,#3552,.F.);
#4938=ORIENTED_EDGE('',*,*,#3553,.F.);
#4939=ORIENTED_EDGE('',*,*,#3495,.F.);
#4940=ORIENTED_EDGE('',*,*,#3553,.T.);
#4941=ORIENTED_EDGE('',*,*,#3554,.F.);
#4942=ORIENTED_EDGE('',*,*,#3555,.F.);
#4943=ORIENTED_EDGE('',*,*,#3496,.F.);
#4944=ORIENTED_EDGE('',*,*,#3555,.T.);
#4945=ORIENTED_EDGE('',*,*,#3556,.F.);
#4946=ORIENTED_EDGE('',*,*,#3557,.F.);
#4947=ORIENTED_EDGE('',*,*,#3497,.F.);
#4948=ORIENTED_EDGE('',*,*,#3557,.T.);
#4949=ORIENTED_EDGE('',*,*,#3558,.F.);
#4950=ORIENTED_EDGE('',*,*,#3559,.F.);
#4951=ORIENTED_EDGE('',*,*,#3498,.F.);
#4952=ORIENTED_EDGE('',*,*,#3559,.T.);
#4953=ORIENTED_EDGE('',*,*,#3560,.F.);
#4954=ORIENTED_EDGE('',*,*,#3523,.T.);
#4955=ORIENTED_EDGE('',*,*,#3480,.F.);
#4956=ORIENTED_EDGE('',*,*,#3560,.T.);
#4957=ORIENTED_EDGE('',*,*,#3558,.T.);
#4958=ORIENTED_EDGE('',*,*,#3556,.T.);
#4959=ORIENTED_EDGE('',*,*,#3554,.T.);
#4960=ORIENTED_EDGE('',*,*,#3552,.T.);
#4961=ORIENTED_EDGE('',*,*,#3550,.T.);
#4962=ORIENTED_EDGE('',*,*,#3548,.T.);
#4963=ORIENTED_EDGE('',*,*,#3546,.T.);
#4964=ORIENTED_EDGE('',*,*,#3544,.T.);
#4965=ORIENTED_EDGE('',*,*,#3542,.T.);
#4966=ORIENTED_EDGE('',*,*,#3540,.T.);
#4967=ORIENTED_EDGE('',*,*,#3538,.T.);
#4968=ORIENTED_EDGE('',*,*,#3536,.T.);
#4969=ORIENTED_EDGE('',*,*,#3534,.T.);
#4970=ORIENTED_EDGE('',*,*,#3532,.T.);
#4971=ORIENTED_EDGE('',*,*,#3530,.T.);
#4972=ORIENTED_EDGE('',*,*,#3528,.T.);
#4973=ORIENTED_EDGE('',*,*,#3526,.T.);
#4974=ORIENTED_EDGE('',*,*,#3524,.T.);
#4975=ORIENTED_EDGE('',*,*,#3522,.T.);
#4976=ORIENTED_EDGE('',*,*,#3520,.T.);
#4977=ORIENTED_EDGE('',*,*,#3518,.T.);
#4978=ORIENTED_EDGE('',*,*,#3516,.T.);
#4979=ORIENTED_EDGE('',*,*,#3514,.T.);
#4980=ORIENTED_EDGE('',*,*,#3512,.T.);
#4981=ORIENTED_EDGE('',*,*,#3510,.T.);
#4982=ORIENTED_EDGE('',*,*,#3508,.T.);
#4983=ORIENTED_EDGE('',*,*,#3561,.T.);
#4984=ORIENTED_EDGE('',*,*,#3562,.T.);
#4985=ORIENTED_EDGE('',*,*,#3563,.T.);
#4986=ORIENTED_EDGE('',*,*,#3564,.T.);
#4987=ORIENTED_EDGE('',*,*,#3565,.T.);
#4988=ORIENTED_EDGE('',*,*,#3566,.T.);
#4989=ORIENTED_EDGE('',*,*,#3567,.T.);
#4990=ORIENTED_EDGE('',*,*,#3568,.T.);
#4991=ORIENTED_EDGE('',*,*,#3569,.F.);
#4992=ORIENTED_EDGE('',*,*,#3570,.F.);
#4993=ORIENTED_EDGE('',*,*,#3571,.F.);
#4994=ORIENTED_EDGE('',*,*,#3562,.F.);
#4995=ORIENTED_EDGE('',*,*,#3571,.T.);
#4996=ORIENTED_EDGE('',*,*,#3572,.F.);
#4997=ORIENTED_EDGE('',*,*,#3573,.F.);
#4998=ORIENTED_EDGE('',*,*,#3563,.F.);
#4999=ORIENTED_EDGE('',*,*,#3573,.T.);
#5000=ORIENTED_EDGE('',*,*,#3574,.F.);
#5001=ORIENTED_EDGE('',*,*,#3575,.F.);
#5002=ORIENTED_EDGE('',*,*,#3564,.F.);
#5003=ORIENTED_EDGE('',*,*,#3575,.T.);
#5004=ORIENTED_EDGE('',*,*,#3576,.F.);
#5005=ORIENTED_EDGE('',*,*,#3577,.F.);
#5006=ORIENTED_EDGE('',*,*,#3565,.F.);
#5007=ORIENTED_EDGE('',*,*,#3577,.T.);
#5008=ORIENTED_EDGE('',*,*,#3578,.F.);
#5009=ORIENTED_EDGE('',*,*,#3579,.F.);
#5010=ORIENTED_EDGE('',*,*,#3566,.F.);
#5011=ORIENTED_EDGE('',*,*,#3579,.T.);
#5012=ORIENTED_EDGE('',*,*,#3580,.F.);
#5013=ORIENTED_EDGE('',*,*,#3581,.F.);
#5014=ORIENTED_EDGE('',*,*,#3567,.F.);
#5015=ORIENTED_EDGE('',*,*,#3581,.T.);
#5016=ORIENTED_EDGE('',*,*,#3582,.F.);
#5017=ORIENTED_EDGE('',*,*,#3583,.F.);
#5018=ORIENTED_EDGE('',*,*,#3568,.F.);
#5019=ORIENTED_EDGE('',*,*,#3583,.T.);
#5020=ORIENTED_EDGE('',*,*,#3584,.F.);
#5021=ORIENTED_EDGE('',*,*,#3569,.T.);
#5022=ORIENTED_EDGE('',*,*,#3561,.F.);
#5023=ORIENTED_EDGE('',*,*,#3584,.T.);
#5024=ORIENTED_EDGE('',*,*,#3582,.T.);
#5025=ORIENTED_EDGE('',*,*,#3580,.T.);
#5026=ORIENTED_EDGE('',*,*,#3578,.T.);
#5027=ORIENTED_EDGE('',*,*,#3576,.T.);
#5028=ORIENTED_EDGE('',*,*,#3574,.T.);
#5029=ORIENTED_EDGE('',*,*,#3572,.T.);
#5030=ORIENTED_EDGE('',*,*,#3570,.T.);
#5031=ORIENTED_EDGE('',*,*,#3585,.T.);
#5032=ORIENTED_EDGE('',*,*,#3586,.T.);
#5033=ORIENTED_EDGE('',*,*,#3587,.T.);
#5034=ORIENTED_EDGE('',*,*,#3588,.T.);
#5035=ORIENTED_EDGE('',*,*,#3589,.T.);
#5036=ORIENTED_EDGE('',*,*,#3590,.T.);
#5037=ORIENTED_EDGE('',*,*,#3591,.T.);
#5038=ORIENTED_EDGE('',*,*,#3592,.T.);
#5039=ORIENTED_EDGE('',*,*,#3593,.T.);
#5040=ORIENTED_EDGE('',*,*,#3594,.T.);
#5041=ORIENTED_EDGE('',*,*,#3595,.T.);
#5042=ORIENTED_EDGE('',*,*,#3596,.F.);
#5043=ORIENTED_EDGE('',*,*,#3597,.F.);
#5044=ORIENTED_EDGE('',*,*,#3598,.F.);
#5045=ORIENTED_EDGE('',*,*,#3594,.F.);
#5046=ORIENTED_EDGE('',*,*,#3598,.T.);
#5047=ORIENTED_EDGE('',*,*,#3599,.F.);
#5048=ORIENTED_EDGE('',*,*,#3600,.F.);
#5049=ORIENTED_EDGE('',*,*,#3595,.F.);
#5050=ORIENTED_EDGE('',*,*,#3600,.T.);
#5051=ORIENTED_EDGE('',*,*,#3601,.F.);
#5052=ORIENTED_EDGE('',*,*,#3596,.T.);
#5053=ORIENTED_EDGE('',*,*,#3593,.F.);
#5054=ORIENTED_EDGE('',*,*,#3602,.F.);
#5055=ORIENTED_EDGE('',*,*,#3603,.F.);
#5056=ORIENTED_EDGE('',*,*,#3604,.F.);
#5057=ORIENTED_EDGE('',*,*,#3586,.F.);
#5058=ORIENTED_EDGE('',*,*,#3604,.T.);
#5059=ORIENTED_EDGE('',*,*,#3605,.F.);
#5060=ORIENTED_EDGE('',*,*,#3606,.F.);
#5061=ORIENTED_EDGE('',*,*,#3587,.F.);
#5062=ORIENTED_EDGE('',*,*,#3606,.T.);
#5063=ORIENTED_EDGE('',*,*,#3607,.F.);
#5064=ORIENTED_EDGE('',*,*,#3608,.F.);
#5065=ORIENTED_EDGE('',*,*,#3588,.F.);
#5066=ORIENTED_EDGE('',*,*,#3608,.T.);
#5067=ORIENTED_EDGE('',*,*,#3609,.F.);
#5068=ORIENTED_EDGE('',*,*,#3610,.F.);
#5069=ORIENTED_EDGE('',*,*,#3589,.F.);
#5070=ORIENTED_EDGE('',*,*,#3610,.T.);
#5071=ORIENTED_EDGE('',*,*,#3611,.F.);
#5072=ORIENTED_EDGE('',*,*,#3612,.F.);
#5073=ORIENTED_EDGE('',*,*,#3590,.F.);
#5074=ORIENTED_EDGE('',*,*,#3612,.T.);
#5075=ORIENTED_EDGE('',*,*,#3613,.F.);
#5076=ORIENTED_EDGE('',*,*,#3614,.F.);
#5077=ORIENTED_EDGE('',*,*,#3591,.F.);
#5078=ORIENTED_EDGE('',*,*,#3614,.T.);
#5079=ORIENTED_EDGE('',*,*,#3615,.F.);
#5080=ORIENTED_EDGE('',*,*,#3616,.F.);
#5081=ORIENTED_EDGE('',*,*,#3592,.F.);
#5082=ORIENTED_EDGE('',*,*,#3616,.T.);
#5083=ORIENTED_EDGE('',*,*,#3617,.F.);
#5084=ORIENTED_EDGE('',*,*,#3602,.T.);
#5085=ORIENTED_EDGE('',*,*,#3585,.F.);
#5086=ORIENTED_EDGE('',*,*,#3617,.T.);
#5087=ORIENTED_EDGE('',*,*,#3615,.T.);
#5088=ORIENTED_EDGE('',*,*,#3613,.T.);
#5089=ORIENTED_EDGE('',*,*,#3611,.T.);
#5090=ORIENTED_EDGE('',*,*,#3609,.T.);
#5091=ORIENTED_EDGE('',*,*,#3607,.T.);
#5092=ORIENTED_EDGE('',*,*,#3605,.T.);
#5093=ORIENTED_EDGE('',*,*,#3603,.T.);
#5094=ORIENTED_EDGE('',*,*,#3601,.T.);
#5095=ORIENTED_EDGE('',*,*,#3599,.T.);
#5096=ORIENTED_EDGE('',*,*,#3597,.T.);
#5097=ORIENTED_EDGE('',*,*,#3618,.T.);
#5098=ORIENTED_EDGE('',*,*,#3619,.T.);
#5099=ORIENTED_EDGE('',*,*,#3620,.T.);
#5100=ORIENTED_EDGE('',*,*,#3621,.T.);
#5101=ORIENTED_EDGE('',*,*,#3622,.T.);
#5102=ORIENTED_EDGE('',*,*,#3623,.T.);
#5103=ORIENTED_EDGE('',*,*,#3624,.T.);
#5104=ORIENTED_EDGE('',*,*,#3625,.F.);
#5105=ORIENTED_EDGE('',*,*,#3626,.F.);
#5106=ORIENTED_EDGE('',*,*,#3627,.F.);
#5107=ORIENTED_EDGE('',*,*,#3619,.F.);
#5108=ORIENTED_EDGE('',*,*,#3627,.T.);
#5109=ORIENTED_EDGE('',*,*,#3628,.F.);
#5110=ORIENTED_EDGE('',*,*,#3629,.F.);
#5111=ORIENTED_EDGE('',*,*,#3620,.F.);
#5112=ORIENTED_EDGE('',*,*,#3629,.T.);
#5113=ORIENTED_EDGE('',*,*,#3630,.F.);
#5114=ORIENTED_EDGE('',*,*,#3631,.F.);
#5115=ORIENTED_EDGE('',*,*,#3621,.F.);
#5116=ORIENTED_EDGE('',*,*,#3631,.T.);
#5117=ORIENTED_EDGE('',*,*,#3632,.F.);
#5118=ORIENTED_EDGE('',*,*,#3633,.F.);
#5119=ORIENTED_EDGE('',*,*,#3622,.F.);
#5120=ORIENTED_EDGE('',*,*,#3633,.T.);
#5121=ORIENTED_EDGE('',*,*,#3634,.F.);
#5122=ORIENTED_EDGE('',*,*,#3635,.F.);
#5123=ORIENTED_EDGE('',*,*,#3623,.F.);
#5124=ORIENTED_EDGE('',*,*,#3635,.T.);
#5125=ORIENTED_EDGE('',*,*,#3636,.F.);
#5126=ORIENTED_EDGE('',*,*,#3637,.F.);
#5127=ORIENTED_EDGE('',*,*,#3624,.F.);
#5128=ORIENTED_EDGE('',*,*,#3637,.T.);
#5129=ORIENTED_EDGE('',*,*,#3638,.F.);
#5130=ORIENTED_EDGE('',*,*,#3625,.T.);
#5131=ORIENTED_EDGE('',*,*,#3618,.F.);
#5132=ORIENTED_EDGE('',*,*,#3638,.T.);
#5133=ORIENTED_EDGE('',*,*,#3636,.T.);
#5134=ORIENTED_EDGE('',*,*,#3634,.T.);
#5135=ORIENTED_EDGE('',*,*,#3632,.T.);
#5136=ORIENTED_EDGE('',*,*,#3630,.T.);
#5137=ORIENTED_EDGE('',*,*,#3628,.T.);
#5138=ORIENTED_EDGE('',*,*,#3626,.T.);
#5139=ORIENTED_EDGE('',*,*,#3639,.T.);
#5140=ORIENTED_EDGE('',*,*,#3640,.T.);
#5141=ORIENTED_EDGE('',*,*,#3641,.T.);
#5142=ORIENTED_EDGE('',*,*,#3642,.T.);
#5143=ORIENTED_EDGE('',*,*,#3643,.F.);
#5144=ORIENTED_EDGE('',*,*,#3644,.F.);
#5145=ORIENTED_EDGE('',*,*,#3645,.F.);
#5146=ORIENTED_EDGE('',*,*,#3640,.F.);
#5147=ORIENTED_EDGE('',*,*,#3645,.T.);
#5148=ORIENTED_EDGE('',*,*,#3646,.F.);
#5149=ORIENTED_EDGE('',*,*,#3647,.F.);
#5150=ORIENTED_EDGE('',*,*,#3641,.F.);
#5151=ORIENTED_EDGE('',*,*,#3647,.T.);
#5152=ORIENTED_EDGE('',*,*,#3648,.F.);
#5153=ORIENTED_EDGE('',*,*,#3649,.F.);
#5154=ORIENTED_EDGE('',*,*,#3642,.F.);
#5155=ORIENTED_EDGE('',*,*,#3649,.T.);
#5156=ORIENTED_EDGE('',*,*,#3650,.F.);
#5157=ORIENTED_EDGE('',*,*,#3643,.T.);
#5158=ORIENTED_EDGE('',*,*,#3639,.F.);
#5159=ORIENTED_EDGE('',*,*,#3650,.T.);
#5160=ORIENTED_EDGE('',*,*,#3648,.T.);
#5161=ORIENTED_EDGE('',*,*,#3646,.T.);
#5162=ORIENTED_EDGE('',*,*,#3644,.T.);
#5163=ORIENTED_EDGE('',*,*,#3651,.T.);
#5164=ORIENTED_EDGE('',*,*,#3652,.T.);
#5165=ORIENTED_EDGE('',*,*,#3653,.T.);
#5166=ORIENTED_EDGE('',*,*,#3654,.T.);
#5167=ORIENTED_EDGE('',*,*,#3655,.T.);
#5168=ORIENTED_EDGE('',*,*,#3656,.T.);
#5169=ORIENTED_EDGE('',*,*,#3657,.T.);
#5170=ORIENTED_EDGE('',*,*,#3658,.T.);
#5171=ORIENTED_EDGE('',*,*,#3659,.F.);
#5172=ORIENTED_EDGE('',*,*,#3660,.F.);
#5173=ORIENTED_EDGE('',*,*,#3661,.F.);
#5174=ORIENTED_EDGE('',*,*,#3652,.F.);
#5175=ORIENTED_EDGE('',*,*,#3661,.T.);
#5176=ORIENTED_EDGE('',*,*,#3662,.F.);
#5177=ORIENTED_EDGE('',*,*,#3663,.F.);
#5178=ORIENTED_EDGE('',*,*,#3653,.F.);
#5179=ORIENTED_EDGE('',*,*,#3663,.T.);
#5180=ORIENTED_EDGE('',*,*,#3664,.F.);
#5181=ORIENTED_EDGE('',*,*,#3665,.F.);
#5182=ORIENTED_EDGE('',*,*,#3654,.F.);
#5183=ORIENTED_EDGE('',*,*,#3665,.T.);
#5184=ORIENTED_EDGE('',*,*,#3666,.F.);
#5185=ORIENTED_EDGE('',*,*,#3667,.F.);
#5186=ORIENTED_EDGE('',*,*,#3655,.F.);
#5187=ORIENTED_EDGE('',*,*,#3667,.T.);
#5188=ORIENTED_EDGE('',*,*,#3668,.F.);
#5189=ORIENTED_EDGE('',*,*,#3669,.F.);
#5190=ORIENTED_EDGE('',*,*,#3656,.F.);
#5191=ORIENTED_EDGE('',*,*,#3669,.T.);
#5192=ORIENTED_EDGE('',*,*,#3670,.F.);
#5193=ORIENTED_EDGE('',*,*,#3671,.F.);
#5194=ORIENTED_EDGE('',*,*,#3657,.F.);
#5195=ORIENTED_EDGE('',*,*,#3671,.T.);
#5196=ORIENTED_EDGE('',*,*,#3672,.F.);
#5197=ORIENTED_EDGE('',*,*,#3673,.F.);
#5198=ORIENTED_EDGE('',*,*,#3658,.F.);
#5199=ORIENTED_EDGE('',*,*,#3673,.T.);
#5200=ORIENTED_EDGE('',*,*,#3674,.F.);
#5201=ORIENTED_EDGE('',*,*,#3659,.T.);
#5202=ORIENTED_EDGE('',*,*,#3651,.F.);
#5203=ORIENTED_EDGE('',*,*,#3674,.T.);
#5204=ORIENTED_EDGE('',*,*,#3672,.T.);
#5205=ORIENTED_EDGE('',*,*,#3670,.T.);
#5206=ORIENTED_EDGE('',*,*,#3668,.T.);
#5207=ORIENTED_EDGE('',*,*,#3666,.T.);
#5208=ORIENTED_EDGE('',*,*,#3664,.T.);
#5209=ORIENTED_EDGE('',*,*,#3662,.T.);
#5210=ORIENTED_EDGE('',*,*,#3660,.T.);
#5211=ORIENTED_EDGE('',*,*,#3675,.T.);
#5212=ORIENTED_EDGE('',*,*,#3676,.T.);
#5213=ORIENTED_EDGE('',*,*,#3677,.T.);
#5214=ORIENTED_EDGE('',*,*,#3678,.T.);
#5215=ORIENTED_EDGE('',*,*,#3679,.T.);
#5216=ORIENTED_EDGE('',*,*,#3680,.T.);
#5217=ORIENTED_EDGE('',*,*,#3681,.T.);
#5218=ORIENTED_EDGE('',*,*,#3682,.T.);
#5219=ORIENTED_EDGE('',*,*,#3683,.T.);
#5220=ORIENTED_EDGE('',*,*,#3684,.T.);
#5221=ORIENTED_EDGE('',*,*,#3685,.T.);
#5222=ORIENTED_EDGE('',*,*,#3686,.T.);
#5223=ORIENTED_EDGE('',*,*,#3687,.T.);
#5224=ORIENTED_EDGE('',*,*,#3688,.T.);
#5225=ORIENTED_EDGE('',*,*,#3689,.T.);
#5226=ORIENTED_EDGE('',*,*,#3690,.T.);
#5227=ORIENTED_EDGE('',*,*,#3691,.T.);
#5228=ORIENTED_EDGE('',*,*,#3692,.T.);
#5229=ORIENTED_EDGE('',*,*,#3693,.T.);
#5230=ORIENTED_EDGE('',*,*,#3694,.T.);
#5231=ORIENTED_EDGE('',*,*,#3695,.T.);
#5232=ORIENTED_EDGE('',*,*,#3696,.T.);
#5233=ORIENTED_EDGE('',*,*,#3697,.T.);
#5234=ORIENTED_EDGE('',*,*,#3698,.T.);
#5235=ORIENTED_EDGE('',*,*,#3699,.T.);
#5236=ORIENTED_EDGE('',*,*,#3700,.T.);
#5237=ORIENTED_EDGE('',*,*,#3701,.T.);
#5238=ORIENTED_EDGE('',*,*,#3702,.T.);
#5239=ORIENTED_EDGE('',*,*,#3703,.T.);
#5240=ORIENTED_EDGE('',*,*,#3704,.F.);
#5241=ORIENTED_EDGE('',*,*,#3705,.F.);
#5242=ORIENTED_EDGE('',*,*,#3706,.F.);
#5243=ORIENTED_EDGE('',*,*,#3676,.F.);
#5244=ORIENTED_EDGE('',*,*,#3706,.T.);
#5245=ORIENTED_EDGE('',*,*,#3707,.F.);
#5246=ORIENTED_EDGE('',*,*,#3708,.F.);
#5247=ORIENTED_EDGE('',*,*,#3677,.F.);
#5248=ORIENTED_EDGE('',*,*,#3708,.T.);
#5249=ORIENTED_EDGE('',*,*,#3709,.F.);
#5250=ORIENTED_EDGE('',*,*,#3710,.F.);
#5251=ORIENTED_EDGE('',*,*,#3678,.F.);
#5252=ORIENTED_EDGE('',*,*,#3710,.T.);
#5253=ORIENTED_EDGE('',*,*,#3711,.F.);
#5254=ORIENTED_EDGE('',*,*,#3712,.F.);
#5255=ORIENTED_EDGE('',*,*,#3679,.F.);
#5256=ORIENTED_EDGE('',*,*,#3712,.T.);
#5257=ORIENTED_EDGE('',*,*,#3713,.F.);
#5258=ORIENTED_EDGE('',*,*,#3714,.F.);
#5259=ORIENTED_EDGE('',*,*,#3680,.F.);
#5260=ORIENTED_EDGE('',*,*,#3714,.T.);
#5261=ORIENTED_EDGE('',*,*,#3715,.F.);
#5262=ORIENTED_EDGE('',*,*,#3716,.F.);
#5263=ORIENTED_EDGE('',*,*,#3681,.F.);
#5264=ORIENTED_EDGE('',*,*,#3716,.T.);
#5265=ORIENTED_EDGE('',*,*,#3717,.F.);
#5266=ORIENTED_EDGE('',*,*,#3718,.F.);
#5267=ORIENTED_EDGE('',*,*,#3682,.F.);
#5268=ORIENTED_EDGE('',*,*,#3718,.T.);
#5269=ORIENTED_EDGE('',*,*,#3719,.F.);
#5270=ORIENTED_EDGE('',*,*,#3720,.F.);
#5271=ORIENTED_EDGE('',*,*,#3683,.F.);
#5272=ORIENTED_EDGE('',*,*,#3720,.T.);
#5273=ORIENTED_EDGE('',*,*,#3721,.F.);
#5274=ORIENTED_EDGE('',*,*,#3722,.F.);
#5275=ORIENTED_EDGE('',*,*,#3684,.F.);
#5276=ORIENTED_EDGE('',*,*,#3722,.T.);
#5277=ORIENTED_EDGE('',*,*,#3723,.F.);
#5278=ORIENTED_EDGE('',*,*,#3724,.F.);
#5279=ORIENTED_EDGE('',*,*,#3685,.F.);
#5280=ORIENTED_EDGE('',*,*,#3724,.T.);
#5281=ORIENTED_EDGE('',*,*,#3725,.F.);
#5282=ORIENTED_EDGE('',*,*,#3726,.F.);
#5283=ORIENTED_EDGE('',*,*,#3686,.F.);
#5284=ORIENTED_EDGE('',*,*,#3726,.T.);
#5285=ORIENTED_EDGE('',*,*,#3727,.F.);
#5286=ORIENTED_EDGE('',*,*,#3728,.F.);
#5287=ORIENTED_EDGE('',*,*,#3687,.F.);
#5288=ORIENTED_EDGE('',*,*,#3728,.T.);
#5289=ORIENTED_EDGE('',*,*,#3729,.F.);
#5290=ORIENTED_EDGE('',*,*,#3730,.F.);
#5291=ORIENTED_EDGE('',*,*,#3688,.F.);
#5292=ORIENTED_EDGE('',*,*,#3730,.T.);
#5293=ORIENTED_EDGE('',*,*,#3731,.F.);
#5294=ORIENTED_EDGE('',*,*,#3732,.F.);
#5295=ORIENTED_EDGE('',*,*,#3689,.F.);
#5296=ORIENTED_EDGE('',*,*,#3732,.T.);
#5297=ORIENTED_EDGE('',*,*,#3733,.F.);
#5298=ORIENTED_EDGE('',*,*,#3734,.F.);
#5299=ORIENTED_EDGE('',*,*,#3690,.F.);
#5300=ORIENTED_EDGE('',*,*,#3734,.T.);
#5301=ORIENTED_EDGE('',*,*,#3735,.F.);
#5302=ORIENTED_EDGE('',*,*,#3736,.F.);
#5303=ORIENTED_EDGE('',*,*,#3691,.F.);
#5304=ORIENTED_EDGE('',*,*,#3736,.T.);
#5305=ORIENTED_EDGE('',*,*,#3737,.F.);
#5306=ORIENTED_EDGE('',*,*,#3738,.F.);
#5307=ORIENTED_EDGE('',*,*,#3692,.F.);
#5308=ORIENTED_EDGE('',*,*,#3738,.T.);
#5309=ORIENTED_EDGE('',*,*,#3739,.F.);
#5310=ORIENTED_EDGE('',*,*,#3740,.F.);
#5311=ORIENTED_EDGE('',*,*,#3693,.F.);
#5312=ORIENTED_EDGE('',*,*,#3740,.T.);
#5313=ORIENTED_EDGE('',*,*,#3741,.F.);
#5314=ORIENTED_EDGE('',*,*,#3742,.F.);
#5315=ORIENTED_EDGE('',*,*,#3694,.F.);
#5316=ORIENTED_EDGE('',*,*,#3742,.T.);
#5317=ORIENTED_EDGE('',*,*,#3743,.F.);
#5318=ORIENTED_EDGE('',*,*,#3744,.F.);
#5319=ORIENTED_EDGE('',*,*,#3695,.F.);
#5320=ORIENTED_EDGE('',*,*,#3744,.T.);
#5321=ORIENTED_EDGE('',*,*,#3745,.F.);
#5322=ORIENTED_EDGE('',*,*,#3746,.F.);
#5323=ORIENTED_EDGE('',*,*,#3696,.F.);
#5324=ORIENTED_EDGE('',*,*,#3746,.T.);
#5325=ORIENTED_EDGE('',*,*,#3747,.F.);
#5326=ORIENTED_EDGE('',*,*,#3748,.F.);
#5327=ORIENTED_EDGE('',*,*,#3697,.F.);
#5328=ORIENTED_EDGE('',*,*,#3748,.T.);
#5329=ORIENTED_EDGE('',*,*,#3749,.F.);
#5330=ORIENTED_EDGE('',*,*,#3750,.F.);
#5331=ORIENTED_EDGE('',*,*,#3698,.F.);
#5332=ORIENTED_EDGE('',*,*,#3750,.T.);
#5333=ORIENTED_EDGE('',*,*,#3751,.F.);
#5334=ORIENTED_EDGE('',*,*,#3752,.F.);
#5335=ORIENTED_EDGE('',*,*,#3699,.F.);
#5336=ORIENTED_EDGE('',*,*,#3752,.T.);
#5337=ORIENTED_EDGE('',*,*,#3753,.F.);
#5338=ORIENTED_EDGE('',*,*,#3754,.F.);
#5339=ORIENTED_EDGE('',*,*,#3700,.F.);
#5340=ORIENTED_EDGE('',*,*,#3754,.T.);
#5341=ORIENTED_EDGE('',*,*,#3755,.F.);
#5342=ORIENTED_EDGE('',*,*,#3756,.F.);
#5343=ORIENTED_EDGE('',*,*,#3701,.F.);
#5344=ORIENTED_EDGE('',*,*,#3756,.T.);
#5345=ORIENTED_EDGE('',*,*,#3757,.F.);
#5346=ORIENTED_EDGE('',*,*,#3758,.F.);
#5347=ORIENTED_EDGE('',*,*,#3702,.F.);
#5348=ORIENTED_EDGE('',*,*,#3758,.T.);
#5349=ORIENTED_EDGE('',*,*,#3759,.F.);
#5350=ORIENTED_EDGE('',*,*,#3760,.F.);
#5351=ORIENTED_EDGE('',*,*,#3703,.F.);
#5352=ORIENTED_EDGE('',*,*,#3760,.T.);
#5353=ORIENTED_EDGE('',*,*,#3761,.F.);
#5354=ORIENTED_EDGE('',*,*,#3704,.T.);
#5355=ORIENTED_EDGE('',*,*,#3675,.F.);
#5356=ORIENTED_EDGE('',*,*,#3761,.T.);
#5357=ORIENTED_EDGE('',*,*,#3759,.T.);
#5358=ORIENTED_EDGE('',*,*,#3757,.T.);
#5359=ORIENTED_EDGE('',*,*,#3755,.T.);
#5360=ORIENTED_EDGE('',*,*,#3753,.T.);
#5361=ORIENTED_EDGE('',*,*,#3751,.T.);
#5362=ORIENTED_EDGE('',*,*,#3749,.T.);
#5363=ORIENTED_EDGE('',*,*,#3747,.T.);
#5364=ORIENTED_EDGE('',*,*,#3745,.T.);
#5365=ORIENTED_EDGE('',*,*,#3743,.T.);
#5366=ORIENTED_EDGE('',*,*,#3741,.T.);
#5367=ORIENTED_EDGE('',*,*,#3739,.T.);
#5368=ORIENTED_EDGE('',*,*,#3737,.T.);
#5369=ORIENTED_EDGE('',*,*,#3735,.T.);
#5370=ORIENTED_EDGE('',*,*,#3733,.T.);
#5371=ORIENTED_EDGE('',*,*,#3731,.T.);
#5372=ORIENTED_EDGE('',*,*,#3729,.T.);
#5373=ORIENTED_EDGE('',*,*,#3727,.T.);
#5374=ORIENTED_EDGE('',*,*,#3725,.T.);
#5375=ORIENTED_EDGE('',*,*,#3723,.T.);
#5376=ORIENTED_EDGE('',*,*,#3721,.T.);
#5377=ORIENTED_EDGE('',*,*,#3719,.T.);
#5378=ORIENTED_EDGE('',*,*,#3717,.T.);
#5379=ORIENTED_EDGE('',*,*,#3715,.T.);
#5380=ORIENTED_EDGE('',*,*,#3713,.T.);
#5381=ORIENTED_EDGE('',*,*,#3711,.T.);
#5382=ORIENTED_EDGE('',*,*,#3709,.T.);
#5383=ORIENTED_EDGE('',*,*,#3707,.T.);
#5384=ORIENTED_EDGE('',*,*,#3705,.T.);
#5385=ORIENTED_EDGE('',*,*,#3762,.T.);
#5386=ORIENTED_EDGE('',*,*,#3763,.T.);
#5387=ORIENTED_EDGE('',*,*,#3764,.T.);
#5388=ORIENTED_EDGE('',*,*,#3765,.T.);
#5389=ORIENTED_EDGE('',*,*,#3766,.T.);
#5390=ORIENTED_EDGE('',*,*,#3767,.T.);
#5391=ORIENTED_EDGE('',*,*,#3768,.T.);
#5392=ORIENTED_EDGE('',*,*,#3769,.T.);
#5393=ORIENTED_EDGE('',*,*,#3770,.T.);
#5394=ORIENTED_EDGE('',*,*,#3771,.T.);
#5395=ORIENTED_EDGE('',*,*,#3772,.T.);
#5396=ORIENTED_EDGE('',*,*,#3773,.T.);
#5397=ORIENTED_EDGE('',*,*,#3774,.T.);
#5398=ORIENTED_EDGE('',*,*,#3775,.T.);
#5399=ORIENTED_EDGE('',*,*,#3776,.T.);
#5400=ORIENTED_EDGE('',*,*,#3777,.T.);
#5401=ORIENTED_EDGE('',*,*,#3778,.T.);
#5402=ORIENTED_EDGE('',*,*,#3779,.T.);
#5403=ORIENTED_EDGE('',*,*,#3780,.T.);
#5404=ORIENTED_EDGE('',*,*,#3781,.T.);
#5405=ORIENTED_EDGE('',*,*,#3782,.T.);
#5406=ORIENTED_EDGE('',*,*,#3783,.T.);
#5407=ORIENTED_EDGE('',*,*,#3784,.T.);
#5408=ORIENTED_EDGE('',*,*,#3785,.T.);
#5409=ORIENTED_EDGE('',*,*,#3786,.T.);
#5410=ORIENTED_EDGE('',*,*,#3787,.T.);
#5411=ORIENTED_EDGE('',*,*,#3788,.T.);
#5412=ORIENTED_EDGE('',*,*,#3789,.T.);
#5413=ORIENTED_EDGE('',*,*,#3790,.T.);
#5414=ORIENTED_EDGE('',*,*,#3791,.F.);
#5415=ORIENTED_EDGE('',*,*,#3792,.F.);
#5416=ORIENTED_EDGE('',*,*,#3793,.F.);
#5417=ORIENTED_EDGE('',*,*,#3763,.F.);
#5418=ORIENTED_EDGE('',*,*,#3793,.T.);
#5419=ORIENTED_EDGE('',*,*,#3794,.F.);
#5420=ORIENTED_EDGE('',*,*,#3795,.F.);
#5421=ORIENTED_EDGE('',*,*,#3764,.F.);
#5422=ORIENTED_EDGE('',*,*,#3795,.T.);
#5423=ORIENTED_EDGE('',*,*,#3796,.F.);
#5424=ORIENTED_EDGE('',*,*,#3797,.F.);
#5425=ORIENTED_EDGE('',*,*,#3765,.F.);
#5426=ORIENTED_EDGE('',*,*,#3797,.T.);
#5427=ORIENTED_EDGE('',*,*,#3798,.F.);
#5428=ORIENTED_EDGE('',*,*,#3799,.F.);
#5429=ORIENTED_EDGE('',*,*,#3766,.F.);
#5430=ORIENTED_EDGE('',*,*,#3799,.T.);
#5431=ORIENTED_EDGE('',*,*,#3800,.F.);
#5432=ORIENTED_EDGE('',*,*,#3801,.F.);
#5433=ORIENTED_EDGE('',*,*,#3767,.F.);
#5434=ORIENTED_EDGE('',*,*,#3801,.T.);
#5435=ORIENTED_EDGE('',*,*,#3802,.F.);
#5436=ORIENTED_EDGE('',*,*,#3803,.F.);
#5437=ORIENTED_EDGE('',*,*,#3768,.F.);
#5438=ORIENTED_EDGE('',*,*,#3803,.T.);
#5439=ORIENTED_EDGE('',*,*,#3804,.F.);
#5440=ORIENTED_EDGE('',*,*,#3805,.F.);
#5441=ORIENTED_EDGE('',*,*,#3769,.F.);
#5442=ORIENTED_EDGE('',*,*,#3805,.T.);
#5443=ORIENTED_EDGE('',*,*,#3806,.F.);
#5444=ORIENTED_EDGE('',*,*,#3807,.F.);
#5445=ORIENTED_EDGE('',*,*,#3770,.F.);
#5446=ORIENTED_EDGE('',*,*,#3807,.T.);
#5447=ORIENTED_EDGE('',*,*,#3808,.F.);
#5448=ORIENTED_EDGE('',*,*,#3809,.F.);
#5449=ORIENTED_EDGE('',*,*,#3771,.F.);
#5450=ORIENTED_EDGE('',*,*,#3809,.T.);
#5451=ORIENTED_EDGE('',*,*,#3810,.F.);
#5452=ORIENTED_EDGE('',*,*,#3811,.F.);
#5453=ORIENTED_EDGE('',*,*,#3772,.F.);
#5454=ORIENTED_EDGE('',*,*,#3811,.T.);
#5455=ORIENTED_EDGE('',*,*,#3812,.F.);
#5456=ORIENTED_EDGE('',*,*,#3813,.F.);
#5457=ORIENTED_EDGE('',*,*,#3773,.F.);
#5458=ORIENTED_EDGE('',*,*,#3813,.T.);
#5459=ORIENTED_EDGE('',*,*,#3814,.F.);
#5460=ORIENTED_EDGE('',*,*,#3815,.F.);
#5461=ORIENTED_EDGE('',*,*,#3774,.F.);
#5462=ORIENTED_EDGE('',*,*,#3815,.T.);
#5463=ORIENTED_EDGE('',*,*,#3816,.F.);
#5464=ORIENTED_EDGE('',*,*,#3817,.F.);
#5465=ORIENTED_EDGE('',*,*,#3775,.F.);
#5466=ORIENTED_EDGE('',*,*,#3817,.T.);
#5467=ORIENTED_EDGE('',*,*,#3818,.F.);
#5468=ORIENTED_EDGE('',*,*,#3819,.F.);
#5469=ORIENTED_EDGE('',*,*,#3776,.F.);
#5470=ORIENTED_EDGE('',*,*,#3819,.T.);
#5471=ORIENTED_EDGE('',*,*,#3820,.F.);
#5472=ORIENTED_EDGE('',*,*,#3821,.F.);
#5473=ORIENTED_EDGE('',*,*,#3777,.F.);
#5474=ORIENTED_EDGE('',*,*,#3821,.T.);
#5475=ORIENTED_EDGE('',*,*,#3822,.F.);
#5476=ORIENTED_EDGE('',*,*,#3823,.F.);
#5477=ORIENTED_EDGE('',*,*,#3778,.F.);
#5478=ORIENTED_EDGE('',*,*,#3823,.T.);
#5479=ORIENTED_EDGE('',*,*,#3824,.F.);
#5480=ORIENTED_EDGE('',*,*,#3825,.F.);
#5481=ORIENTED_EDGE('',*,*,#3779,.F.);
#5482=ORIENTED_EDGE('',*,*,#3825,.T.);
#5483=ORIENTED_EDGE('',*,*,#3826,.F.);
#5484=ORIENTED_EDGE('',*,*,#3827,.F.);
#5485=ORIENTED_EDGE('',*,*,#3780,.F.);
#5486=ORIENTED_EDGE('',*,*,#3827,.T.);
#5487=ORIENTED_EDGE('',*,*,#3828,.F.);
#5488=ORIENTED_EDGE('',*,*,#3829,.F.);
#5489=ORIENTED_EDGE('',*,*,#3781,.F.);
#5490=ORIENTED_EDGE('',*,*,#3829,.T.);
#5491=ORIENTED_EDGE('',*,*,#3830,.F.);
#5492=ORIENTED_EDGE('',*,*,#3831,.F.);
#5493=ORIENTED_EDGE('',*,*,#3782,.F.);
#5494=ORIENTED_EDGE('',*,*,#3831,.T.);
#5495=ORIENTED_EDGE('',*,*,#3832,.F.);
#5496=ORIENTED_EDGE('',*,*,#3833,.F.);
#5497=ORIENTED_EDGE('',*,*,#3783,.F.);
#5498=ORIENTED_EDGE('',*,*,#3833,.T.);
#5499=ORIENTED_EDGE('',*,*,#3834,.F.);
#5500=ORIENTED_EDGE('',*,*,#3835,.F.);
#5501=ORIENTED_EDGE('',*,*,#3784,.F.);
#5502=ORIENTED_EDGE('',*,*,#3835,.T.);
#5503=ORIENTED_EDGE('',*,*,#3836,.F.);
#5504=ORIENTED_EDGE('',*,*,#3837,.F.);
#5505=ORIENTED_EDGE('',*,*,#3785,.F.);
#5506=ORIENTED_EDGE('',*,*,#3837,.T.);
#5507=ORIENTED_EDGE('',*,*,#3838,.F.);
#5508=ORIENTED_EDGE('',*,*,#3839,.F.);
#5509=ORIENTED_EDGE('',*,*,#3786,.F.);
#5510=ORIENTED_EDGE('',*,*,#3839,.T.);
#5511=ORIENTED_EDGE('',*,*,#3840,.F.);
#5512=ORIENTED_EDGE('',*,*,#3841,.F.);
#5513=ORIENTED_EDGE('',*,*,#3787,.F.);
#5514=ORIENTED_EDGE('',*,*,#3841,.T.);
#5515=ORIENTED_EDGE('',*,*,#3842,.F.);
#5516=ORIENTED_EDGE('',*,*,#3843,.F.);
#5517=ORIENTED_EDGE('',*,*,#3788,.F.);
#5518=ORIENTED_EDGE('',*,*,#3843,.T.);
#5519=ORIENTED_EDGE('',*,*,#3844,.F.);
#5520=ORIENTED_EDGE('',*,*,#3845,.F.);
#5521=ORIENTED_EDGE('',*,*,#3789,.F.);
#5522=ORIENTED_EDGE('',*,*,#3845,.T.);
#5523=ORIENTED_EDGE('',*,*,#3846,.F.);
#5524=ORIENTED_EDGE('',*,*,#3847,.F.);
#5525=ORIENTED_EDGE('',*,*,#3790,.F.);
#5526=ORIENTED_EDGE('',*,*,#3847,.T.);
#5527=ORIENTED_EDGE('',*,*,#3848,.F.);
#5528=ORIENTED_EDGE('',*,*,#3791,.T.);
#5529=ORIENTED_EDGE('',*,*,#3762,.F.);
#5530=ORIENTED_EDGE('',*,*,#3848,.T.);
#5531=ORIENTED_EDGE('',*,*,#3846,.T.);
#5532=ORIENTED_EDGE('',*,*,#3844,.T.);
#5533=ORIENTED_EDGE('',*,*,#3842,.T.);
#5534=ORIENTED_EDGE('',*,*,#3840,.T.);
#5535=ORIENTED_EDGE('',*,*,#3838,.T.);
#5536=ORIENTED_EDGE('',*,*,#3836,.T.);
#5537=ORIENTED_EDGE('',*,*,#3834,.T.);
#5538=ORIENTED_EDGE('',*,*,#3832,.T.);
#5539=ORIENTED_EDGE('',*,*,#3830,.T.);
#5540=ORIENTED_EDGE('',*,*,#3828,.T.);
#5541=ORIENTED_EDGE('',*,*,#3826,.T.);
#5542=ORIENTED_EDGE('',*,*,#3824,.T.);
#5543=ORIENTED_EDGE('',*,*,#3822,.T.);
#5544=ORIENTED_EDGE('',*,*,#3820,.T.);
#5545=ORIENTED_EDGE('',*,*,#3818,.T.);
#5546=ORIENTED_EDGE('',*,*,#3816,.T.);
#5547=ORIENTED_EDGE('',*,*,#3814,.T.);
#5548=ORIENTED_EDGE('',*,*,#3812,.T.);
#5549=ORIENTED_EDGE('',*,*,#3810,.T.);
#5550=ORIENTED_EDGE('',*,*,#3808,.T.);
#5551=ORIENTED_EDGE('',*,*,#3806,.T.);
#5552=ORIENTED_EDGE('',*,*,#3804,.T.);
#5553=ORIENTED_EDGE('',*,*,#3802,.T.);
#5554=ORIENTED_EDGE('',*,*,#3800,.T.);
#5555=ORIENTED_EDGE('',*,*,#3798,.T.);
#5556=ORIENTED_EDGE('',*,*,#3796,.T.);
#5557=ORIENTED_EDGE('',*,*,#3794,.T.);
#5558=ORIENTED_EDGE('',*,*,#3792,.T.);
#5559=PLANE('',#6223);
#5560=PLANE('',#6224);
#5561=PLANE('',#6225);
#5562=PLANE('',#6226);
#5563=PLANE('',#6227);
#5564=PLANE('',#6228);
#5565=PLANE('',#6229);
#5566=PLANE('',#6230);
#5567=PLANE('',#6231);
#5568=PLANE('',#6232);
#5569=PLANE('',#6233);
#5570=PLANE('',#6234);
#5571=PLANE('',#6235);
#5572=PLANE('',#6236);
#5573=PLANE('',#6237);
#5574=PLANE('',#6238);
#5575=PLANE('',#6239);
#5576=PLANE('',#6240);
#5577=PLANE('',#6241);
#5578=PLANE('',#6242);
#5579=PLANE('',#6243);
#5580=PLANE('',#6244);
#5581=PLANE('',#6245);
#5582=PLANE('',#6246);
#5583=PLANE('',#6247);
#5584=PLANE('',#6248);
#5585=PLANE('',#6249);
#5586=PLANE('',#6250);
#5587=PLANE('',#6251);
#5588=PLANE('',#6252);
#5589=PLANE('',#6253);
#5590=PLANE('',#6254);
#5591=PLANE('',#6255);
#5592=PLANE('',#6256);
#5593=PLANE('',#6257);
#5594=PLANE('',#6258);
#5595=PLANE('',#6259);
#5596=PLANE('',#6260);
#5597=PLANE('',#6261);
#5598=PLANE('',#6262);
#5599=PLANE('',#6263);
#5600=PLANE('',#6264);
#5601=PLANE('',#6265);
#5602=PLANE('',#6266);
#5603=PLANE('',#6267);
#5604=PLANE('',#6268);
#5605=PLANE('',#6269);
#5606=PLANE('',#6270);
#5607=PLANE('',#6271);
#5608=PLANE('',#6272);
#5609=PLANE('',#6273);
#5610=PLANE('',#6274);
#5611=PLANE('',#6275);
#5612=PLANE('',#6276);
#5613=PLANE('',#6277);
#5614=PLANE('',#6278);
#5615=PLANE('',#6279);
#5616=PLANE('',#6280);
#5617=PLANE('',#6281);
#5618=PLANE('',#6282);
#5619=PLANE('',#6283);
#5620=PLANE('',#6284);
#5621=PLANE('',#6285);
#5622=PLANE('',#6286);
#5623=PLANE('',#6287);
#5624=PLANE('',#6288);
#5625=PLANE('',#6289);
#5626=PLANE('',#6290);
#5627=PLANE('',#6291);
#5628=PLANE('',#6292);
#5629=PLANE('',#6293);
#5630=PLANE('',#6294);
#5631=PLANE('',#6295);
#5632=PLANE('',#6296);
#5633=PLANE('',#6297);
#5634=PLANE('',#6298);
#5635=PLANE('',#6299);
#5636=PLANE('',#6300);
#5637=PLANE('',#6301);
#5638=PLANE('',#6302);
#5639=PLANE('',#6303);
#5640=PLANE('',#6304);
#5641=PLANE('',#6305);
#5642=PLANE('',#6306);
#5643=PLANE('',#6307);
#5644=PLANE('',#6308);
#5645=PLANE('',#6309);
#5646=PLANE('',#6310);
#5647=PLANE('',#6311);
#5648=PLANE('',#6312);
#5649=PLANE('',#6313);
#5650=PLANE('',#6314);
#5651=PLANE('',#6315);
#5652=PLANE('',#6316);
#5653=PLANE('',#6317);
#5654=PLANE('',#6318);
#5655=PLANE('',#6319);
#5656=PLANE('',#6320);
#5657=PLANE('',#6321);
#5658=PLANE('',#6322);
#5659=PLANE('',#6323);
#5660=PLANE('',#6324);
#5661=PLANE('',#6325);
#5662=PLANE('',#6326);
#5663=PLANE('',#6327);
#5664=PLANE('',#6328);
#5665=PLANE('',#6329);
#5666=PLANE('',#6330);
#5667=PLANE('',#6331);
#5668=PLANE('',#6332);
#5669=PLANE('',#6333);
#5670=PLANE('',#6334);
#5671=PLANE('',#6335);
#5672=PLANE('',#6336);
#5673=PLANE('',#6337);
#5674=PLANE('',#6338);
#5675=PLANE('',#6339);
#5676=PLANE('',#6340);
#5677=PLANE('',#6341);
#5678=PLANE('',#6342);
#5679=PLANE('',#6343);
#5680=PLANE('',#6344);
#5681=PLANE('',#6345);
#5682=PLANE('',#6346);
#5683=PLANE('',#6347);
#5684=PLANE('',#6348);
#5685=PLANE('',#6349);
#5686=PLANE('',#6350);
#5687=PLANE('',#6351);
#5688=PLANE('',#6352);
#5689=PLANE('',#6353);
#5690=PLANE('',#6354);
#5691=PLANE('',#6355);
#5692=PLANE('',#6356);
#5693=PLANE('',#6357);
#5694=PLANE('',#6358);
#5695=PLANE('',#6359);
#5696=PLANE('',#6360);
#5697=PLANE('',#6361);
#5698=PLANE('',#6362);
#5699=PLANE('',#6363);
#5700=PLANE('',#6364);
#5701=PLANE('',#6365);
#5702=PLANE('',#6366);
#5703=PLANE('',#6367);
#5704=PLANE('',#6368);
#5705=PLANE('',#6369);
#5706=PLANE('',#6370);
#5707=PLANE('',#6371);
#5708=PLANE('',#6372);
#5709=PLANE('',#6373);
#5710=PLANE('',#6374);
#5711=PLANE('',#6375);
#5712=PLANE('',#6376);
#5713=PLANE('',#6377);
#5714=PLANE('',#6378);
#5715=PLANE('',#6379);
#5716=PLANE('',#6380);
#5717=PLANE('',#6381);
#5718=PLANE('',#6382);
#5719=PLANE('',#6383);
#5720=PLANE('',#6384);
#5721=PLANE('',#6385);
#5722=PLANE('',#6386);
#5723=PLANE('',#6387);
#5724=PLANE('',#6388);
#5725=PLANE('',#6389);
#5726=PLANE('',#6390);
#5727=PLANE('',#6391);
#5728=PLANE('',#6392);
#5729=PLANE('',#6393);
#5730=PLANE('',#6394);
#5731=PLANE('',#6395);
#5732=PLANE('',#6396);
#5733=PLANE('',#6397);
#5734=PLANE('',#6398);
#5735=PLANE('',#6399);
#5736=PLANE('',#6400);
#5737=PLANE('',#6401);
#5738=PLANE('',#6402);
#5739=PLANE('',#6403);
#5740=PLANE('',#6404);
#5741=PLANE('',#6405);
#5742=PLANE('',#6406);
#5743=PLANE('',#6407);
#5744=PLANE('',#6408);
#5745=PLANE('',#6409);
#5746=PLANE('',#6410);
#5747=PLANE('',#6411);
#5748=PLANE('',#6412);
#5749=PLANE('',#6413);
#5750=PLANE('',#6414);
#5751=PLANE('',#6415);
#5752=PLANE('',#6416);
#5753=PLANE('',#6417);
#5754=PLANE('',#6418);
#5755=PLANE('',#6419);
#5756=PLANE('',#6420);
#5757=PLANE('',#6421);
#5758=PLANE('',#6422);
#5759=PLANE('',#6423);
#5760=PLANE('',#6424);
#5761=PLANE('',#6425);
#5762=PLANE('',#6426);
#5763=PLANE('',#6427);
#5764=PLANE('',#6428);
#5765=PLANE('',#6429);
#5766=PLANE('',#6430);
#5767=PLANE('',#6431);
#5768=PLANE('',#6432);
#5769=PLANE('',#6433);
#5770=PLANE('',#6434);
#5771=PLANE('',#6435);
#5772=PLANE('',#6436);
#5773=PLANE('',#6437);
#5774=PLANE('',#6438);
#5775=PLANE('',#6439);
#5776=PLANE('',#6440);
#5777=PLANE('',#6441);
#5778=PLANE('',#6442);
#5779=PLANE('',#6443);
#5780=PLANE('',#6444);
#5781=PLANE('',#6445);
#5782=PLANE('',#6446);
#5783=PLANE('',#6447);
#5784=PLANE('',#6448);
#5785=PLANE('',#6449);
#5786=PLANE('',#6450);
#5787=PLANE('',#6451);
#5788=PLANE('',#6452);
#5789=PLANE('',#6453);
#5790=PLANE('',#6454);
#5791=PLANE('',#6455);
#5792=PLANE('',#6456);
#5793=PLANE('',#6457);
#5794=PLANE('',#6458);
#5795=PLANE('',#6459);
#5796=PLANE('',#6460);
#5797=PLANE('',#6461);
#5798=PLANE('',#6462);
#5799=PLANE('',#6463);
#5800=PLANE('',#6464);
#5801=PLANE('',#6465);
#5802=PLANE('',#6466);
#5803=PLANE('',#6467);
#5804=PLANE('',#6468);
#5805=PLANE('',#6469);
#5806=PLANE('',#6470);
#5807=PLANE('',#6471);
#5808=PLANE('',#6472);
#5809=PLANE('',#6473);
#5810=PLANE('',#6474);
#5811=PLANE('',#6475);
#5812=PLANE('',#6476);
#5813=PLANE('',#6477);
#5814=PLANE('',#6478);
#5815=PLANE('',#6479);
#5816=PLANE('',#6480);
#5817=PLANE('',#6481);
#5818=PLANE('',#6482);
#5819=PLANE('',#6483);
#5820=PLANE('',#6484);
#5821=PLANE('',#6485);
#5822=PLANE('',#6486);
#5823=ADVANCED_FACE('',(#356),#5559,.T.);
#5824=ADVANCED_FACE('',(#357),#5560,.T.);
#5825=ADVANCED_FACE('',(#358),#5561,.T.);
#5826=ADVANCED_FACE('',(#359),#5562,.T.);
#5827=ADVANCED_FACE('',(#360),#5563,.T.);
#5828=ADVANCED_FACE('',(#361),#5564,.F.);
#5829=ADVANCED_FACE('',(#362),#5565,.T.);
#5830=ADVANCED_FACE('',(#363),#5566,.T.);
#5831=ADVANCED_FACE('',(#364),#5567,.T.);
#5832=ADVANCED_FACE('',(#365),#5568,.T.);
#5833=ADVANCED_FACE('',(#366),#5569,.T.);
#5834=ADVANCED_FACE('',(#367),#5570,.F.);
#5835=ADVANCED_FACE('',(#368),#5571,.T.);
#5836=ADVANCED_FACE('',(#369),#5572,.T.);
#5837=ADVANCED_FACE('',(#370),#5573,.T.);
#5838=ADVANCED_FACE('',(#371),#5574,.T.);
#5839=ADVANCED_FACE('',(#372),#5575,.T.);
#5840=ADVANCED_FACE('',(#373),#5576,.F.);
#5841=ADVANCED_FACE('',(#374),#5577,.T.);
#5842=ADVANCED_FACE('',(#375),#5578,.T.);
#5843=ADVANCED_FACE('',(#376),#5579,.T.);
#5844=ADVANCED_FACE('',(#377),#5580,.T.);
#5845=ADVANCED_FACE('',(#378),#5581,.T.);
#5846=ADVANCED_FACE('',(#379),#5582,.F.);
#5847=ADVANCED_FACE('',(#380),#5583,.T.);
#5848=ADVANCED_FACE('',(#381),#5584,.T.);
#5849=ADVANCED_FACE('',(#382),#5585,.T.);
#5850=ADVANCED_FACE('',(#383),#5586,.T.);
#5851=ADVANCED_FACE('',(#384),#5587,.T.);
#5852=ADVANCED_FACE('',(#385),#5588,.F.);
#5853=ADVANCED_FACE('',(#386),#5589,.T.);
#5854=ADVANCED_FACE('',(#387),#5590,.T.);
#5855=ADVANCED_FACE('',(#388),#5591,.T.);
#5856=ADVANCED_FACE('',(#389),#5592,.T.);
#5857=ADVANCED_FACE('',(#390),#5593,.T.);
#5858=ADVANCED_FACE('',(#391),#5594,.F.);
#5859=ADVANCED_FACE('',(#392),#5595,.T.);
#5860=ADVANCED_FACE('',(#393),#5596,.T.);
#5861=ADVANCED_FACE('',(#394),#5597,.T.);
#5862=ADVANCED_FACE('',(#395),#5598,.T.);
#5863=ADVANCED_FACE('',(#396),#5599,.T.);
#5864=ADVANCED_FACE('',(#397),#5600,.F.);
#5865=ADVANCED_FACE('',(#398),#5601,.T.);
#5866=ADVANCED_FACE('',(#399),#5602,.T.);
#5867=ADVANCED_FACE('',(#400),#5603,.T.);
#5868=ADVANCED_FACE('',(#401),#5604,.T.);
#5869=ADVANCED_FACE('',(#402),#5605,.T.);
#5870=ADVANCED_FACE('',(#403),#5606,.F.);
#5871=ADVANCED_FACE('',(#404),#5607,.T.);
#5872=ADVANCED_FACE('',(#405),#5608,.T.);
#5873=ADVANCED_FACE('',(#406),#5609,.T.);
#5874=ADVANCED_FACE('',(#407),#5610,.T.);
#5875=ADVANCED_FACE('',(#408),#5611,.T.);
#5876=ADVANCED_FACE('',(#409),#5612,.F.);
#5877=ADVANCED_FACE('',(#410),#5613,.T.);
#5878=ADVANCED_FACE('',(#411),#5614,.T.);
#5879=ADVANCED_FACE('',(#412),#5615,.T.);
#5880=ADVANCED_FACE('',(#413),#5616,.T.);
#5881=ADVANCED_FACE('',(#414),#5617,.T.);
#5882=ADVANCED_FACE('',(#415),#5618,.F.);
#5883=ADVANCED_FACE('',(#416),#5619,.T.);
#5884=ADVANCED_FACE('',(#417),#5620,.T.);
#5885=ADVANCED_FACE('',(#418),#5621,.T.);
#5886=ADVANCED_FACE('',(#419),#5622,.T.);
#5887=ADVANCED_FACE('',(#420),#5623,.T.);
#5888=ADVANCED_FACE('',(#421),#5624,.F.);
#5889=ADVANCED_FACE('',(#422),#5625,.T.);
#5890=ADVANCED_FACE('',(#423),#5626,.T.);
#5891=ADVANCED_FACE('',(#424),#5627,.T.);
#5892=ADVANCED_FACE('',(#425),#5628,.T.);
#5893=ADVANCED_FACE('',(#426),#5629,.T.);
#5894=ADVANCED_FACE('',(#427),#5630,.F.);
#5895=ADVANCED_FACE('',(#428),#5631,.T.);
#5896=ADVANCED_FACE('',(#429),#5632,.T.);
#5897=ADVANCED_FACE('',(#430),#5633,.T.);
#5898=ADVANCED_FACE('',(#431),#5634,.T.);
#5899=ADVANCED_FACE('',(#432),#5635,.T.);
#5900=ADVANCED_FACE('',(#433),#5636,.F.);
#5901=ADVANCED_FACE('',(#434),#5637,.T.);
#5902=ADVANCED_FACE('',(#435),#5638,.T.);
#5903=ADVANCED_FACE('',(#436),#5639,.T.);
#5904=ADVANCED_FACE('',(#437),#5640,.T.);
#5905=ADVANCED_FACE('',(#438),#5641,.T.);
#5906=ADVANCED_FACE('',(#439),#5642,.F.);
#5907=ADVANCED_FACE('',(#440),#5643,.T.);
#5908=ADVANCED_FACE('',(#441),#5644,.T.);
#5909=ADVANCED_FACE('',(#442),#5645,.T.);
#5910=ADVANCED_FACE('',(#443),#5646,.T.);
#5911=ADVANCED_FACE('',(#444),#5647,.T.);
#5912=ADVANCED_FACE('',(#445),#5648,.F.);
#5913=ADVANCED_FACE('',(#446),#5649,.T.);
#5914=ADVANCED_FACE('',(#447),#5650,.T.);
#5915=ADVANCED_FACE('',(#448),#5651,.T.);
#5916=ADVANCED_FACE('',(#449),#5652,.T.);
#5917=ADVANCED_FACE('',(#450),#5653,.T.);
#5918=ADVANCED_FACE('',(#451),#5654,.F.);
#5919=ADVANCED_FACE('',(#452),#5655,.T.);
#5920=ADVANCED_FACE('',(#453),#5656,.T.);
#5921=ADVANCED_FACE('',(#454),#5657,.T.);
#5922=ADVANCED_FACE('',(#455),#5658,.T.);
#5923=ADVANCED_FACE('',(#456),#5659,.T.);
#5924=ADVANCED_FACE('',(#457),#5660,.F.);
#5925=ADVANCED_FACE('',(#458),#5661,.T.);
#5926=ADVANCED_FACE('',(#459),#5662,.T.);
#5927=ADVANCED_FACE('',(#460),#5663,.T.);
#5928=ADVANCED_FACE('',(#461),#5664,.T.);
#5929=ADVANCED_FACE('',(#462),#5665,.T.);
#5930=ADVANCED_FACE('',(#463),#5666,.F.);
#5931=ADVANCED_FACE('',(#464),#5667,.T.);
#5932=ADVANCED_FACE('',(#465),#5668,.T.);
#5933=ADVANCED_FACE('',(#466),#5669,.T.);
#5934=ADVANCED_FACE('',(#467),#5670,.T.);
#5935=ADVANCED_FACE('',(#468),#5671,.T.);
#5936=ADVANCED_FACE('',(#469),#5672,.F.);
#5937=ADVANCED_FACE('',(#470),#5673,.T.);
#5938=ADVANCED_FACE('',(#471),#5674,.T.);
#5939=ADVANCED_FACE('',(#472),#5675,.T.);
#5940=ADVANCED_FACE('',(#473),#5676,.T.);
#5941=ADVANCED_FACE('',(#474),#5677,.T.);
#5942=ADVANCED_FACE('',(#475),#5678,.F.);
#5943=ADVANCED_FACE('',(#476),#5679,.T.);
#5944=ADVANCED_FACE('',(#477),#5680,.T.);
#5945=ADVANCED_FACE('',(#478),#5681,.T.);
#5946=ADVANCED_FACE('',(#479),#5682,.T.);
#5947=ADVANCED_FACE('',(#480),#5683,.T.);
#5948=ADVANCED_FACE('',(#481),#5684,.T.);
#5949=ADVANCED_FACE('',(#482),#5685,.T.);
#5950=ADVANCED_FACE('',(#483),#5686,.T.);
#5951=ADVANCED_FACE('',(#484),#5687,.T.);
#5952=ADVANCED_FACE('',(#485),#5688,.T.);
#5953=ADVANCED_FACE('',(#486),#5689,.T.);
#5954=ADVANCED_FACE('',(#487),#5690,.T.);
#5955=ADVANCED_FACE('',(#488),#5691,.T.);
#5956=ADVANCED_FACE('',(#489),#5692,.T.);
#5957=ADVANCED_FACE('',(#490),#5693,.T.);
#5958=ADVANCED_FACE('',(#491),#5694,.T.);
#5959=ADVANCED_FACE('',(#492),#5695,.T.);
#5960=ADVANCED_FACE('',(#493),#5696,.T.);
#5961=ADVANCED_FACE('',(#494),#5697,.T.);
#5962=ADVANCED_FACE('',(#495),#5698,.T.);
#5963=ADVANCED_FACE('',(#496),#5699,.T.);
#5964=ADVANCED_FACE('',(#497),#5700,.T.);
#5965=ADVANCED_FACE('',(#498),#5701,.T.);
#5966=ADVANCED_FACE('',(#499),#5702,.T.);
#5967=ADVANCED_FACE('',(#500),#5703,.T.);
#5968=ADVANCED_FACE('',(#501),#5704,.T.);
#5969=ADVANCED_FACE('',(#502),#5705,.T.);
#5970=ADVANCED_FACE('',(#503),#5706,.T.);
#5971=ADVANCED_FACE('',(#504),#5707,.T.);
#5972=ADVANCED_FACE('',(#505,#280),#5708,.T.);
#5973=ADVANCED_FACE('',(#506),#5709,.T.);
#5974=ADVANCED_FACE('',(#507),#5710,.T.);
#5975=ADVANCED_FACE('',(#508),#5711,.T.);
#5976=ADVANCED_FACE('',(#509),#5712,.T.);
#5977=ADVANCED_FACE('',(#510),#5713,.T.);
#5978=ADVANCED_FACE('',(#511),#5714,.T.);
#5979=ADVANCED_FACE('',(#512),#5715,.T.);
#5980=ADVANCED_FACE('',(#513),#5716,.T.);
#5981=ADVANCED_FACE('',(#514),#5717,.T.);
#5982=ADVANCED_FACE('',(#515),#5718,.T.);
#5983=ADVANCED_FACE('',(#516),#5719,.T.);
#5984=ADVANCED_FACE('',(#517,#281),#5720,.T.);
#5985=ADVANCED_FACE('',(#518),#5721,.F.);
#5986=ADVANCED_FACE('',(#519),#5722,.T.);
#5987=ADVANCED_FACE('',(#520),#5723,.T.);
#5988=ADVANCED_FACE('',(#521),#5724,.T.);
#5989=ADVANCED_FACE('',(#522),#13,.T.);
#5990=ADVANCED_FACE('',(#523),#14,.T.);
#5991=ADVANCED_FACE('',(#524),#15,.T.);
#5992=ADVANCED_FACE('',(#525),#16,.T.);
#5993=ADVANCED_FACE('',(#526),#17,.T.);
#5994=ADVANCED_FACE('',(#527),#18,.T.);
#5995=ADVANCED_FACE('',(#528),#19,.T.);
#5996=ADVANCED_FACE('',(#529),#20,.T.);
#5997=ADVANCED_FACE('',(#530),#21,.T.);
#5998=ADVANCED_FACE('',(#531),#22,.T.);
#5999=ADVANCED_FACE('',(#532),#23,.T.);
#6000=ADVANCED_FACE('',(#533),#5725,.T.);
#6001=ADVANCED_FACE('',(#534),#24,.T.);
#6002=ADVANCED_FACE('',(#535),#25,.T.);
#6003=ADVANCED_FACE('',(#536),#26,.T.);
#6004=ADVANCED_FACE('',(#537),#27,.T.);
#6005=ADVANCED_FACE('',(#538),#28,.T.);
#6006=ADVANCED_FACE('',(#539),#29,.T.);
#6007=ADVANCED_FACE('',(#540),#30,.T.);
#6008=ADVANCED_FACE('',(#541),#31,.T.);
#6009=ADVANCED_FACE('',(#542),#5726,.T.);
#6010=ADVANCED_FACE('',(#543),#5727,.T.);
#6011=ADVANCED_FACE('',(#544),#5728,.T.);
#6012=ADVANCED_FACE('',(#545),#5729,.T.);
#6013=ADVANCED_FACE('',(#546),#5730,.T.);
#6014=ADVANCED_FACE('',(#547),#5731,.T.);
#6015=ADVANCED_FACE('',(#548),#5732,.T.);
#6016=ADVANCED_FACE('',(#549),#5733,.T.);
#6017=ADVANCED_FACE('',(#550),#5734,.T.);
#6018=ADVANCED_FACE('',(#551),#5735,.T.);
#6019=ADVANCED_FACE('',(#552),#5736,.T.);
#6020=ADVANCED_FACE('',(#553),#5737,.T.);
#6021=ADVANCED_FACE('',(#554),#5738,.T.);
#6022=ADVANCED_FACE('',(#555),#5739,.T.);
#6023=ADVANCED_FACE('',(#556),#5740,.T.);
#6024=ADVANCED_FACE('',(#557,#282),#5741,.T.);
#6025=ADVANCED_FACE('',(#558),#5742,.T.);
#6026=ADVANCED_FACE('',(#559),#5743,.T.);
#6027=ADVANCED_FACE('',(#560),#5744,.T.);
#6028=ADVANCED_FACE('',(#561),#5745,.T.);
#6029=ADVANCED_FACE('',(#562),#5746,.T.);
#6030=ADVANCED_FACE('',(#563),#5747,.T.);
#6031=ADVANCED_FACE('',(#564),#5748,.T.);
#6032=ADVANCED_FACE('',(#565),#5749,.T.);
#6033=ADVANCED_FACE('',(#566),#5750,.T.);
#6034=ADVANCED_FACE('',(#567),#5751,.T.);
#6035=ADVANCED_FACE('',(#568),#5752,.T.);
#6036=ADVANCED_FACE('',(#569,#283),#5753,.T.);
#6037=ADVANCED_FACE('',(#570,#284),#5754,.F.);
#6038=ADVANCED_FACE('',(#571),#5755,.T.);
#6039=ADVANCED_FACE('',(#572),#32,.T.);
#6040=ADVANCED_FACE('',(#573),#33,.T.);
#6041=ADVANCED_FACE('',(#574),#34,.T.);
#6042=ADVANCED_FACE('',(#575),#35,.T.);
#6043=ADVANCED_FACE('',(#576),#36,.T.);
#6044=ADVANCED_FACE('',(#577),#5756,.T.);
#6045=ADVANCED_FACE('',(#578),#5757,.T.);
#6046=ADVANCED_FACE('',(#579),#5758,.T.);
#6047=ADVANCED_FACE('',(#580),#5759,.T.);
#6048=ADVANCED_FACE('',(#581),#37,.T.);
#6049=ADVANCED_FACE('',(#582),#38,.T.);
#6050=ADVANCED_FACE('',(#583),#39,.T.);
#6051=ADVANCED_FACE('',(#584),#40,.T.);
#6052=ADVANCED_FACE('',(#585),#41,.T.);
#6053=ADVANCED_FACE('',(#586),#42,.T.);
#6054=ADVANCED_FACE('',(#587),#43,.T.);
#6055=ADVANCED_FACE('',(#588),#44,.T.);
#6056=ADVANCED_FACE('',(#589),#45,.T.);
#6057=ADVANCED_FACE('',(#590),#5760,.T.);
#6058=ADVANCED_FACE('',(#591),#5761,.T.);
#6059=ADVANCED_FACE('',(#592),#5762,.T.);
#6060=ADVANCED_FACE('',(#593),#46,.T.);
#6061=ADVANCED_FACE('',(#594),#47,.T.);
#6062=ADVANCED_FACE('',(#595),#5763,.T.);
#6063=ADVANCED_FACE('',(#596),#5764,.T.);
#6064=ADVANCED_FACE('',(#597),#5765,.T.);
#6065=ADVANCED_FACE('',(#598,#285),#5766,.T.);
#6066=ADVANCED_FACE('',(#599),#5767,.T.);
#6067=ADVANCED_FACE('',(#600),#5768,.T.);
#6068=ADVANCED_FACE('',(#601),#5769,.T.);
#6069=ADVANCED_FACE('',(#602),#5770,.T.);
#6070=ADVANCED_FACE('',(#603),#5771,.T.);
#6071=ADVANCED_FACE('',(#604),#5772,.T.);
#6072=ADVANCED_FACE('',(#605),#5773,.T.);
#6073=ADVANCED_FACE('',(#606),#5774,.T.);
#6074=ADVANCED_FACE('',(#607),#5775,.T.);
#6075=ADVANCED_FACE('',(#608),#5776,.T.);
#6076=ADVANCED_FACE('',(#609,#286),#5777,.T.);
#6077=ADVANCED_FACE('',(#610),#5778,.T.);
#6078=ADVANCED_FACE('',(#611),#5779,.T.);
#6079=ADVANCED_FACE('',(#612),#5780,.T.);
#6080=ADVANCED_FACE('',(#613),#5781,.T.);
#6081=ADVANCED_FACE('',(#614),#5782,.T.);
#6082=ADVANCED_FACE('',(#615),#5783,.T.);
#6083=ADVANCED_FACE('',(#616),#5784,.T.);
#6084=ADVANCED_FACE('',(#617),#5785,.T.);
#6085=ADVANCED_FACE('',(#618),#5786,.T.);
#6086=ADVANCED_FACE('',(#619),#5787,.T.);
#6087=ADVANCED_FACE('',(#620),#5788,.T.);
#6088=ADVANCED_FACE('',(#621,#287),#5789,.T.);
#6089=ADVANCED_FACE('',(#622),#5790,.T.);
#6090=ADVANCED_FACE('',(#623),#5791,.T.);
#6091=ADVANCED_FACE('',(#624),#5792,.T.);
#6092=ADVANCED_FACE('',(#625),#5793,.T.);
#6093=ADVANCED_FACE('',(#626),#5794,.T.);
#6094=ADVANCED_FACE('',(#627),#5795,.T.);
#6095=ADVANCED_FACE('',(#628),#5796,.T.);
#6096=ADVANCED_FACE('',(#629),#5797,.T.);
#6097=ADVANCED_FACE('',(#630),#5798,.T.);
#6098=ADVANCED_FACE('',(#631),#5799,.T.);
#6099=ADVANCED_FACE('',(#632),#5800,.T.);
#6100=ADVANCED_FACE('',(#633),#5801,.T.);
#6101=ADVANCED_FACE('',(#634),#5802,.T.);
#6102=ADVANCED_FACE('',(#635),#5803,.T.);
#6103=ADVANCED_FACE('',(#636),#5804,.T.);
#6104=ADVANCED_FACE('',(#637),#5805,.T.);
#6105=ADVANCED_FACE('',(#638),#5806,.T.);
#6106=ADVANCED_FACE('',(#639),#5807,.T.);
#6107=ADVANCED_FACE('',(#640),#5808,.T.);
#6108=ADVANCED_FACE('',(#641),#5809,.T.);
#6109=ADVANCED_FACE('',(#642),#5810,.T.);
#6110=ADVANCED_FACE('',(#643),#5811,.T.);
#6111=ADVANCED_FACE('',(#644),#5812,.T.);
#6112=ADVANCED_FACE('',(#645),#5813,.T.);
#6113=ADVANCED_FACE('',(#646),#5814,.T.);
#6114=ADVANCED_FACE('',(#647),#5815,.F.);
#6115=ADVANCED_FACE('',(#648),#5816,.T.);
#6116=ADVANCED_FACE('',(#649),#48,.T.);
#6117=ADVANCED_FACE('',(#650),#49,.T.);
#6118=ADVANCED_FACE('',(#651),#50,.T.);
#6119=ADVANCED_FACE('',(#652),#51,.T.);
#6120=ADVANCED_FACE('',(#653),#52,.T.);
#6121=ADVANCED_FACE('',(#654),#53,.T.);
#6122=ADVANCED_FACE('',(#655),#54,.T.);
#6123=ADVANCED_FACE('',(#656),#55,.T.);
#6124=ADVANCED_FACE('',(#657),#56,.T.);
#6125=ADVANCED_FACE('',(#658),#57,.T.);
#6126=ADVANCED_FACE('',(#659),#58,.T.);
#6127=ADVANCED_FACE('',(#660),#59,.T.);
#6128=ADVANCED_FACE('',(#661),#60,.T.);
#6129=ADVANCED_FACE('',(#662),#5817,.T.);
#6130=ADVANCED_FACE('',(#663),#61,.T.);
#6131=ADVANCED_FACE('',(#664),#62,.T.);
#6132=ADVANCED_FACE('',(#665),#63,.T.);
#6133=ADVANCED_FACE('',(#666),#64,.T.);
#6134=ADVANCED_FACE('',(#667),#65,.T.);
#6135=ADVANCED_FACE('',(#668),#66,.T.);
#6136=ADVANCED_FACE('',(#669),#67,.T.);
#6137=ADVANCED_FACE('',(#670),#68,.T.);
#6138=ADVANCED_FACE('',(#671),#69,.T.);
#6139=ADVANCED_FACE('',(#672),#70,.T.);
#6140=ADVANCED_FACE('',(#673),#71,.T.);
#6141=ADVANCED_FACE('',(#674),#72,.T.);
#6142=ADVANCED_FACE('',(#675),#73,.T.);
#6143=ADVANCED_FACE('',(#676),#74,.T.);
#6144=ADVANCED_FACE('',(#677),#5818,.T.);
#6145=ADVANCED_FACE('',(#678),#5819,.F.);
#6146=ADVANCED_FACE('',(#679),#5820,.T.);
#6147=ADVANCED_FACE('',(#680),#75,.T.);
#6148=ADVANCED_FACE('',(#681),#76,.T.);
#6149=ADVANCED_FACE('',(#682),#77,.T.);
#6150=ADVANCED_FACE('',(#683),#78,.T.);
#6151=ADVANCED_FACE('',(#684),#79,.T.);
#6152=ADVANCED_FACE('',(#685),#80,.T.);
#6153=ADVANCED_FACE('',(#686),#81,.T.);
#6154=ADVANCED_FACE('',(#687),#82,.T.);
#6155=ADVANCED_FACE('',(#688),#83,.T.);
#6156=ADVANCED_FACE('',(#689),#84,.T.);
#6157=ADVANCED_FACE('',(#690),#85,.T.);
#6158=ADVANCED_FACE('',(#691),#86,.T.);
#6159=ADVANCED_FACE('',(#692),#87,.T.);
#6160=ADVANCED_FACE('',(#693),#5821,.T.);
#6161=ADVANCED_FACE('',(#694),#88,.T.);
#6162=ADVANCED_FACE('',(#695),#89,.T.);
#6163=ADVANCED_FACE('',(#696),#90,.T.);
#6164=ADVANCED_FACE('',(#697),#91,.T.);
#6165=ADVANCED_FACE('',(#698),#92,.T.);
#6166=ADVANCED_FACE('',(#699),#93,.T.);
#6167=ADVANCED_FACE('',(#700),#94,.T.);
#6168=ADVANCED_FACE('',(#701),#95,.T.);
#6169=ADVANCED_FACE('',(#702),#96,.T.);
#6170=ADVANCED_FACE('',(#703),#97,.T.);
#6171=ADVANCED_FACE('',(#704),#98,.T.);
#6172=ADVANCED_FACE('',(#705),#99,.T.);
#6173=ADVANCED_FACE('',(#706),#100,.T.);
#6174=ADVANCED_FACE('',(#707),#101,.T.);
#6175=ADVANCED_FACE('',(#708),#5822,.T.);
#6176=CLOSED_SHELL('',(#5823,#5824,#5825,#5826,#5827,#5828));
#6177=CLOSED_SHELL('',(#5829,#5830,#5831,#5832,#5833,#5834));
#6178=CLOSED_SHELL('',(#5835,#5836,#5837,#5838,#5839,#5840));
#6179=CLOSED_SHELL('',(#5841,#5842,#5843,#5844,#5845,#5846));
#6180=CLOSED_SHELL('',(#5847,#5848,#5849,#5850,#5851,#5852));
#6181=CLOSED_SHELL('',(#5853,#5854,#5855,#5856,#5857,#5858));
#6182=CLOSED_SHELL('',(#5859,#5860,#5861,#5862,#5863,#5864));
#6183=CLOSED_SHELL('',(#5865,#5866,#5867,#5868,#5869,#5870));
#6184=CLOSED_SHELL('',(#5871,#5872,#5873,#5874,#5875,#5876));
#6185=CLOSED_SHELL('',(#5877,#5878,#5879,#5880,#5881,#5882));
#6186=CLOSED_SHELL('',(#5883,#5884,#5885,#5886,#5887,#5888));
#6187=CLOSED_SHELL('',(#5889,#5890,#5891,#5892,#5893,#5894));
#6188=CLOSED_SHELL('',(#5895,#5896,#5897,#5898,#5899,#5900));
#6189=CLOSED_SHELL('',(#5901,#5902,#5903,#5904,#5905,#5906));
#6190=CLOSED_SHELL('',(#5907,#5908,#5909,#5910,#5911,#5912));
#6191=CLOSED_SHELL('',(#5913,#5914,#5915,#5916,#5917,#5918));
#6192=CLOSED_SHELL('',(#5919,#5920,#5921,#5922,#5923,#5924));
#6193=CLOSED_SHELL('',(#5925,#5926,#5927,#5928,#5929,#5930));
#6194=CLOSED_SHELL('',(#5931,#5932,#5933,#5934,#5935,#5936));
#6195=CLOSED_SHELL('',(#5937,#5938,#5939,#5940,#5941,#5942));
#6196=CLOSED_SHELL('',(#5943,#5944,#5945,#5946,#5947,#5948,#5949,#5950,
#5951,#5952,#5953,#5954,#5955,#5956));
#6197=CLOSED_SHELL('',(#5957,#5958,#5959,#5960,#5961,#5962,#5963,#5964,
#5965,#5966,#5967,#5968,#5969,#5970,#5971));
#6198=CLOSED_SHELL('',(#5972,#5973,#5974,#5975,#5976,#5977,#5978,#5979,
#5980,#5981,#5982,#5983,#5984));
#6199=CLOSED_SHELL('',(#5985,#5986,#5987,#5988,#5989,#5990,#5991,#5992,
#5993,#5994,#5995,#5996,#5997,#5998,#5999,#6000,#6001,#6002,#6003,#6004,
#6005,#6006,#6007,#6008,#6009,#6010,#6011));
#6200=CLOSED_SHELL('',(#6012,#6013,#6014,#6015,#6016,#6017,#6018,#6019,
#6020,#6021,#6022,#6023));
#6201=CLOSED_SHELL('',(#6024,#6025,#6026,#6027,#6028,#6029,#6030,#6031,
#6032,#6033,#6034,#6035,#6036));
#6202=CLOSED_SHELL('',(#6037,#6038,#6039,#6040,#6041,#6042,#6043,#6044,
#6045,#6046,#6047,#6048,#6049,#6050,#6051,#6052,#6053,#6054,#6055,#6056,
#6057,#6058,#6059,#6060,#6061,#6062,#6063,#6064,#6065));
#6203=CLOSED_SHELL('',(#6066,#6067,#6068,#6069,#6070,#6071,#6072,#6073,
#6074,#6075));
#6204=CLOSED_SHELL('',(#6076,#6077,#6078,#6079,#6080,#6081,#6082,#6083,
#6084,#6085,#6086,#6087,#6088));
#6205=CLOSED_SHELL('',(#6089,#6090,#6091,#6092,#6093,#6094,#6095,#6096,
#6097));
#6206=CLOSED_SHELL('',(#6098,#6099,#6100,#6101,#6102,#6103));
#6207=CLOSED_SHELL('',(#6104,#6105,#6106,#6107,#6108,#6109,#6110,#6111,
#6112,#6113));
#6208=CLOSED_SHELL('',(#6114,#6115,#6116,#6117,#6118,#6119,#6120,#6121,
#6122,#6123,#6124,#6125,#6126,#6127,#6128,#6129,#6130,#6131,#6132,#6133,
#6134,#6135,#6136,#6137,#6138,#6139,#6140,#6141,#6142,#6143,#6144));
#6209=CLOSED_SHELL('',(#6145,#6146,#6147,#6148,#6149,#6150,#6151,#6152,
#6153,#6154,#6155,#6156,#6157,#6158,#6159,#6160,#6161,#6162,#6163,#6164,
#6165,#6166,#6167,#6168,#6169,#6170,#6171,#6172,#6173,#6174,#6175));
#6210=DERIVED_UNIT_ELEMENT(#6212,1.);
#6211=DERIVED_UNIT_ELEMENT(#10991,-3.);
#6212=(
MASS_UNIT()
NAMED_UNIT(*)
SI_UNIT(.KILO.,.GRAM.)
);
#6213=DERIVED_UNIT((#6210,#6211));
#6214=MEASURE_REPRESENTATION_ITEM('density measure',
POSITIVE_RATIO_MEASURE(7850.),#6213);
#6215=PROPERTY_DEFINITION_REPRESENTATION(#6220,#6217);
#6216=PROPERTY_DEFINITION_REPRESENTATION(#6221,#6218);
#6217=REPRESENTATION('material name',(#6219),#10988);
#6218=REPRESENTATION('density',(#6214),#10988);
#6219=DESCRIPTIVE_REPRESENTATION_ITEM('Steel','Steel');
#6220=PROPERTY_DEFINITION('material property','material name',#10998);
#6221=PROPERTY_DEFINITION('material property','density of part',#10998);
#6222=AXIS2_PLACEMENT_3D('',#7694,#6487,#6488);
#6223=AXIS2_PLACEMENT_3D('',#7695,#6489,#6490);
#6224=AXIS2_PLACEMENT_3D('',#7704,#6495,#6496);
#6225=AXIS2_PLACEMENT_3D('',#7710,#6500,#6501);
#6226=AXIS2_PLACEMENT_3D('',#7716,#6505,#6506);
#6227=AXIS2_PLACEMENT_3D('',#7719,#6509,#6510);
#6228=AXIS2_PLACEMENT_3D('',#7720,#6511,#6512);
#6229=AXIS2_PLACEMENT_3D('',#7721,#6513,#6514);
#6230=AXIS2_PLACEMENT_3D('',#7730,#6519,#6520);
#6231=AXIS2_PLACEMENT_3D('',#7736,#6524,#6525);
#6232=AXIS2_PLACEMENT_3D('',#7742,#6529,#6530);
#6233=AXIS2_PLACEMENT_3D('',#7745,#6533,#6534);
#6234=AXIS2_PLACEMENT_3D('',#7746,#6535,#6536);
#6235=AXIS2_PLACEMENT_3D('',#7747,#6537,#6538);
#6236=AXIS2_PLACEMENT_3D('',#7756,#6543,#6544);
#6237=AXIS2_PLACEMENT_3D('',#7762,#6548,#6549);
#6238=AXIS2_PLACEMENT_3D('',#7768,#6553,#6554);
#6239=AXIS2_PLACEMENT_3D('',#7771,#6557,#6558);
#6240=AXIS2_PLACEMENT_3D('',#7772,#6559,#6560);
#6241=AXIS2_PLACEMENT_3D('',#7773,#6561,#6562);
#6242=AXIS2_PLACEMENT_3D('',#7782,#6567,#6568);
#6243=AXIS2_PLACEMENT_3D('',#7788,#6572,#6573);
#6244=AXIS2_PLACEMENT_3D('',#7794,#6577,#6578);
#6245=AXIS2_PLACEMENT_3D('',#7797,#6581,#6582);
#6246=AXIS2_PLACEMENT_3D('',#7798,#6583,#6584);
#6247=AXIS2_PLACEMENT_3D('',#7799,#6585,#6586);
#6248=AXIS2_PLACEMENT_3D('',#7808,#6591,#6592);
#6249=AXIS2_PLACEMENT_3D('',#7814,#6596,#6597);
#6250=AXIS2_PLACEMENT_3D('',#7820,#6601,#6602);
#6251=AXIS2_PLACEMENT_3D('',#7823,#6605,#6606);
#6252=AXIS2_PLACEMENT_3D('',#7824,#6607,#6608);
#6253=AXIS2_PLACEMENT_3D('',#7825,#6609,#6610);
#6254=AXIS2_PLACEMENT_3D('',#7834,#6615,#6616);
#6255=AXIS2_PLACEMENT_3D('',#7840,#6620,#6621);
#6256=AXIS2_PLACEMENT_3D('',#7846,#6625,#6626);
#6257=AXIS2_PLACEMENT_3D('',#7849,#6629,#6630);
#6258=AXIS2_PLACEMENT_3D('',#7850,#6631,#6632);
#6259=AXIS2_PLACEMENT_3D('',#7851,#6633,#6634);
#6260=AXIS2_PLACEMENT_3D('',#7860,#6639,#6640);
#6261=AXIS2_PLACEMENT_3D('',#7866,#6644,#6645);
#6262=AXIS2_PLACEMENT_3D('',#7872,#6649,#6650);
#6263=AXIS2_PLACEMENT_3D('',#7875,#6653,#6654);
#6264=AXIS2_PLACEMENT_3D('',#7876,#6655,#6656);
#6265=AXIS2_PLACEMENT_3D('',#7877,#6657,#6658);
#6266=AXIS2_PLACEMENT_3D('',#7886,#6663,#6664);
#6267=AXIS2_PLACEMENT_3D('',#7892,#6668,#6669);
#6268=AXIS2_PLACEMENT_3D('',#7898,#6673,#6674);
#6269=AXIS2_PLACEMENT_3D('',#7901,#6677,#6678);
#6270=AXIS2_PLACEMENT_3D('',#7902,#6679,#6680);
#6271=AXIS2_PLACEMENT_3D('',#7903,#6681,#6682);
#6272=AXIS2_PLACEMENT_3D('',#7912,#6687,#6688);
#6273=AXIS2_PLACEMENT_3D('',#7918,#6692,#6693);
#6274=AXIS2_PLACEMENT_3D('',#7924,#6697,#6698);
#6275=AXIS2_PLACEMENT_3D('',#7927,#6701,#6702);
#6276=AXIS2_PLACEMENT_3D('',#7928,#6703,#6704);
#6277=AXIS2_PLACEMENT_3D('',#7929,#6705,#6706);
#6278=AXIS2_PLACEMENT_3D('',#7938,#6711,#6712);
#6279=AXIS2_PLACEMENT_3D('',#7944,#6716,#6717);
#6280=AXIS2_PLACEMENT_3D('',#7950,#6721,#6722);
#6281=AXIS2_PLACEMENT_3D('',#7953,#6725,#6726);
#6282=AXIS2_PLACEMENT_3D('',#7954,#6727,#6728);
#6283=AXIS2_PLACEMENT_3D('',#7955,#6729,#6730);
#6284=AXIS2_PLACEMENT_3D('',#7964,#6735,#6736);
#6285=AXIS2_PLACEMENT_3D('',#7970,#6740,#6741);
#6286=AXIS2_PLACEMENT_3D('',#7976,#6745,#6746);
#6287=AXIS2_PLACEMENT_3D('',#7979,#6749,#6750);
#6288=AXIS2_PLACEMENT_3D('',#7980,#6751,#6752);
#6289=AXIS2_PLACEMENT_3D('',#7981,#6753,#6754);
#6290=AXIS2_PLACEMENT_3D('',#7990,#6759,#6760);
#6291=AXIS2_PLACEMENT_3D('',#7996,#6764,#6765);
#6292=AXIS2_PLACEMENT_3D('',#8002,#6769,#6770);
#6293=AXIS2_PLACEMENT_3D('',#8005,#6773,#6774);
#6294=AXIS2_PLACEMENT_3D('',#8006,#6775,#6776);
#6295=AXIS2_PLACEMENT_3D('',#8007,#6777,#6778);
#6296=AXIS2_PLACEMENT_3D('',#8016,#6783,#6784);
#6297=AXIS2_PLACEMENT_3D('',#8022,#6788,#6789);
#6298=AXIS2_PLACEMENT_3D('',#8028,#6793,#6794);
#6299=AXIS2_PLACEMENT_3D('',#8031,#6797,#6798);
#6300=AXIS2_PLACEMENT_3D('',#8032,#6799,#6800);
#6301=AXIS2_PLACEMENT_3D('',#8033,#6801,#6802);
#6302=AXIS2_PLACEMENT_3D('',#8042,#6807,#6808);
#6303=AXIS2_PLACEMENT_3D('',#8048,#6812,#6813);
#6304=AXIS2_PLACEMENT_3D('',#8054,#6817,#6818);
#6305=AXIS2_PLACEMENT_3D('',#8057,#6821,#6822);
#6306=AXIS2_PLACEMENT_3D('',#8058,#6823,#6824);
#6307=AXIS2_PLACEMENT_3D('',#8059,#6825,#6826);
#6308=AXIS2_PLACEMENT_3D('',#8068,#6831,#6832);
#6309=AXIS2_PLACEMENT_3D('',#8074,#6836,#6837);
#6310=AXIS2_PLACEMENT_3D('',#8080,#6841,#6842);
#6311=AXIS2_PLACEMENT_3D('',#8083,#6845,#6846);
#6312=AXIS2_PLACEMENT_3D('',#8084,#6847,#6848);
#6313=AXIS2_PLACEMENT_3D('',#8085,#6849,#6850);
#6314=AXIS2_PLACEMENT_3D('',#8094,#6855,#6856);
#6315=AXIS2_PLACEMENT_3D('',#8100,#6860,#6861);
#6316=AXIS2_PLACEMENT_3D('',#8106,#6865,#6866);
#6317=AXIS2_PLACEMENT_3D('',#8109,#6869,#6870);
#6318=AXIS2_PLACEMENT_3D('',#8110,#6871,#6872);
#6319=AXIS2_PLACEMENT_3D('',#8111,#6873,#6874);
#6320=AXIS2_PLACEMENT_3D('',#8120,#6879,#6880);
#6321=AXIS2_PLACEMENT_3D('',#8126,#6884,#6885);
#6322=AXIS2_PLACEMENT_3D('',#8132,#6889,#6890);
#6323=AXIS2_PLACEMENT_3D('',#8135,#6893,#6894);
#6324=AXIS2_PLACEMENT_3D('',#8136,#6895,#6896);
#6325=AXIS2_PLACEMENT_3D('',#8137,#6897,#6898);
#6326=AXIS2_PLACEMENT_3D('',#8146,#6903,#6904);
#6327=AXIS2_PLACEMENT_3D('',#8152,#6908,#6909);
#6328=AXIS2_PLACEMENT_3D('',#8158,#6913,#6914);
#6329=AXIS2_PLACEMENT_3D('',#8161,#6917,#6918);
#6330=AXIS2_PLACEMENT_3D('',#8162,#6919,#6920);
#6331=AXIS2_PLACEMENT_3D('',#8163,#6921,#6922);
#6332=AXIS2_PLACEMENT_3D('',#8172,#6927,#6928);
#6333=AXIS2_PLACEMENT_3D('',#8178,#6932,#6933);
#6334=AXIS2_PLACEMENT_3D('',#8184,#6937,#6938);
#6335=AXIS2_PLACEMENT_3D('',#8187,#6941,#6942);
#6336=AXIS2_PLACEMENT_3D('',#8188,#6943,#6944);
#6337=AXIS2_PLACEMENT_3D('',#8189,#6945,#6946);
#6338=AXIS2_PLACEMENT_3D('',#8198,#6951,#6952);
#6339=AXIS2_PLACEMENT_3D('',#8204,#6956,#6957);
#6340=AXIS2_PLACEMENT_3D('',#8210,#6961,#6962);
#6341=AXIS2_PLACEMENT_3D('',#8213,#6965,#6966);
#6342=AXIS2_PLACEMENT_3D('',#8214,#6967,#6968);
#6343=AXIS2_PLACEMENT_3D('',#8215,#6969,#6970);
#6344=AXIS2_PLACEMENT_3D('',#8240,#6983,#6984);
#6345=AXIS2_PLACEMENT_3D('',#8246,#6988,#6989);
#6346=AXIS2_PLACEMENT_3D('',#8250,#6992,#6993);
#6347=AXIS2_PLACEMENT_3D('',#8254,#6996,#6997);
#6348=AXIS2_PLACEMENT_3D('',#8258,#7000,#7001);
#6349=AXIS2_PLACEMENT_3D('',#8262,#7004,#7005);
#6350=AXIS2_PLACEMENT_3D('',#8266,#7008,#7009);
#6351=AXIS2_PLACEMENT_3D('',#8270,#7012,#7013);
#6352=AXIS2_PLACEMENT_3D('',#8274,#7016,#7017);
#6353=AXIS2_PLACEMENT_3D('',#8278,#7020,#7021);
#6354=AXIS2_PLACEMENT_3D('',#8282,#7024,#7025);
#6355=AXIS2_PLACEMENT_3D('',#8286,#7028,#7029);
#6356=AXIS2_PLACEMENT_3D('',#8288,#7031,#7032);
#6357=AXIS2_PLACEMENT_3D('',#8289,#7033,#7034);
#6358=AXIS2_PLACEMENT_3D('',#8316,#7048,#7049);
#6359=AXIS2_PLACEMENT_3D('',#8322,#7053,#7054);
#6360=AXIS2_PLACEMENT_3D('',#8326,#7057,#7058);
#6361=AXIS2_PLACEMENT_3D('',#8330,#7061,#7062);
#6362=AXIS2_PLACEMENT_3D('',#8334,#7065,#7066);
#6363=AXIS2_PLACEMENT_3D('',#8338,#7069,#7070);
#6364=AXIS2_PLACEMENT_3D('',#8342,#7073,#7074);
#6365=AXIS2_PLACEMENT_3D('',#8346,#7077,#7078);
#6366=AXIS2_PLACEMENT_3D('',#8350,#7081,#7082);
#6367=AXIS2_PLACEMENT_3D('',#8354,#7085,#7086);
#6368=AXIS2_PLACEMENT_3D('',#8358,#7089,#7090);
#6369=AXIS2_PLACEMENT_3D('',#8362,#7093,#7094);
#6370=AXIS2_PLACEMENT_3D('',#8366,#7097,#7098);
#6371=AXIS2_PLACEMENT_3D('',#8368,#7100,#7101);
#6372=AXIS2_PLACEMENT_3D('',#8369,#7102,#7103);
#6373=AXIS2_PLACEMENT_3D('',#8392,#7115,#7116);
#6374=AXIS2_PLACEMENT_3D('',#8398,#7120,#7121);
#6375=AXIS2_PLACEMENT_3D('',#8402,#7124,#7125);
#6376=AXIS2_PLACEMENT_3D('',#8404,#7127,#7128);
#6377=AXIS2_PLACEMENT_3D('',#8410,#7132,#7133);
#6378=AXIS2_PLACEMENT_3D('',#8414,#7136,#7137);
#6379=AXIS2_PLACEMENT_3D('',#8418,#7140,#7141);
#6380=AXIS2_PLACEMENT_3D('',#8422,#7144,#7145);
#6381=AXIS2_PLACEMENT_3D('',#8426,#7148,#7149);
#6382=AXIS2_PLACEMENT_3D('',#8430,#7152,#7153);
#6383=AXIS2_PLACEMENT_3D('',#8434,#7156,#7157);
#6384=AXIS2_PLACEMENT_3D('',#8436,#7159,#7160);
#6385=AXIS2_PLACEMENT_3D('',#8437,#7161,#7162);
#6386=AXIS2_PLACEMENT_3D('',#8564,#7169,#7170);
#6387=AXIS2_PLACEMENT_3D('',#8570,#7174,#7175);
#6388=AXIS2_PLACEMENT_3D('',#8574,#7178,#7179);
#6389=AXIS2_PLACEMENT_3D('',#8765,#7193,#7194);
#6390=AXIS2_PLACEMENT_3D('',#8905,#7205,#7206);
#6391=AXIS2_PLACEMENT_3D('',#8909,#7209,#7210);
#6392=AXIS2_PLACEMENT_3D('',#8911,#7212,#7213);
#6393=AXIS2_PLACEMENT_3D('',#8912,#7214,#7215);
#6394=AXIS2_PLACEMENT_3D('',#8933,#7226,#7227);
#6395=AXIS2_PLACEMENT_3D('',#8939,#7231,#7232);
#6396=AXIS2_PLACEMENT_3D('',#8943,#7235,#7236);
#6397=AXIS2_PLACEMENT_3D('',#8947,#7239,#7240);
#6398=AXIS2_PLACEMENT_3D('',#8951,#7243,#7244);
#6399=AXIS2_PLACEMENT_3D('',#8955,#7247,#7248);
#6400=AXIS2_PLACEMENT_3D('',#8959,#7251,#7252);
#6401=AXIS2_PLACEMENT_3D('',#8963,#7255,#7256);
#6402=AXIS2_PLACEMENT_3D('',#8967,#7259,#7260);
#6403=AXIS2_PLACEMENT_3D('',#8971,#7263,#7264);
#6404=AXIS2_PLACEMENT_3D('',#8973,#7266,#7267);
#6405=AXIS2_PLACEMENT_3D('',#8974,#7268,#7269);
#6406=AXIS2_PLACEMENT_3D('',#8997,#7281,#7282);
#6407=AXIS2_PLACEMENT_3D('',#9003,#7286,#7287);
#6408=AXIS2_PLACEMENT_3D('',#9007,#7290,#7291);
#6409=AXIS2_PLACEMENT_3D('',#9009,#7293,#7294);
#6410=AXIS2_PLACEMENT_3D('',#9015,#7298,#7299);
#6411=AXIS2_PLACEMENT_3D('',#9019,#7302,#7303);
#6412=AXIS2_PLACEMENT_3D('',#9023,#7306,#7307);
#6413=AXIS2_PLACEMENT_3D('',#9027,#7310,#7311);
#6414=AXIS2_PLACEMENT_3D('',#9031,#7314,#7315);
#6415=AXIS2_PLACEMENT_3D('',#9035,#7318,#7319);
#6416=AXIS2_PLACEMENT_3D('',#9039,#7322,#7323);
#6417=AXIS2_PLACEMENT_3D('',#9041,#7325,#7326);
#6418=AXIS2_PLACEMENT_3D('',#9042,#7327,#7328);
#6419=AXIS2_PLACEMENT_3D('',#9161,#7340,#7341);
#6420=AXIS2_PLACEMENT_3D('',#9252,#7350,#7351);
#6421=AXIS2_PLACEMENT_3D('',#9256,#7354,#7355);
#6422=AXIS2_PLACEMENT_3D('',#9258,#7357,#7358);
#6423=AXIS2_PLACEMENT_3D('',#9264,#7362,#7363);
#6424=AXIS2_PLACEMENT_3D('',#9421,#7375,#7376);
#6425=AXIS2_PLACEMENT_3D('',#9425,#7379,#7380);
#6426=AXIS2_PLACEMENT_3D('',#9429,#7383,#7384);
#6427=AXIS2_PLACEMENT_3D('',#9467,#7389,#7390);
#6428=AXIS2_PLACEMENT_3D('',#9471,#7393,#7394);
#6429=AXIS2_PLACEMENT_3D('',#9475,#7397,#7398);
#6430=AXIS2_PLACEMENT_3D('',#9477,#7400,#7401);
#6431=AXIS2_PLACEMENT_3D('',#9478,#7402,#7403);
#6432=AXIS2_PLACEMENT_3D('',#9495,#7412,#7413);
#6433=AXIS2_PLACEMENT_3D('',#9501,#7417,#7418);
#6434=AXIS2_PLACEMENT_3D('',#9505,#7421,#7422);
#6435=AXIS2_PLACEMENT_3D('',#9509,#7425,#7426);
#6436=AXIS2_PLACEMENT_3D('',#9513,#7429,#7430);
#6437=AXIS2_PLACEMENT_3D('',#9517,#7433,#7434);
#6438=AXIS2_PLACEMENT_3D('',#9521,#7437,#7438);
#6439=AXIS2_PLACEMENT_3D('',#9525,#7441,#7442);
#6440=AXIS2_PLACEMENT_3D('',#9527,#7444,#7445);
#6441=AXIS2_PLACEMENT_3D('',#9528,#7446,#7447);
#6442=AXIS2_PLACEMENT_3D('',#9551,#7459,#7460);
#6443=AXIS2_PLACEMENT_3D('',#9557,#7464,#7465);
#6444=AXIS2_PLACEMENT_3D('',#9561,#7468,#7469);
#6445=AXIS2_PLACEMENT_3D('',#9563,#7471,#7472);
#6446=AXIS2_PLACEMENT_3D('',#9569,#7476,#7477);
#6447=AXIS2_PLACEMENT_3D('',#9573,#7480,#7481);
#6448=AXIS2_PLACEMENT_3D('',#9577,#7484,#7485);
#6449=AXIS2_PLACEMENT_3D('',#9581,#7488,#7489);
#6450=AXIS2_PLACEMENT_3D('',#9585,#7492,#7493);
#6451=AXIS2_PLACEMENT_3D('',#9589,#7496,#7497);
#6452=AXIS2_PLACEMENT_3D('',#9593,#7500,#7501);
#6453=AXIS2_PLACEMENT_3D('',#9595,#7503,#7504);
#6454=AXIS2_PLACEMENT_3D('',#9596,#7505,#7506);
#6455=AXIS2_PLACEMENT_3D('',#9611,#7514,#7515);
#6456=AXIS2_PLACEMENT_3D('',#9617,#7519,#7520);
#6457=AXIS2_PLACEMENT_3D('',#9621,#7523,#7524);
#6458=AXIS2_PLACEMENT_3D('',#9625,#7527,#7528);
#6459=AXIS2_PLACEMENT_3D('',#9629,#7531,#7532);
#6460=AXIS2_PLACEMENT_3D('',#9633,#7535,#7536);
#6461=AXIS2_PLACEMENT_3D('',#9637,#7539,#7540);
#6462=AXIS2_PLACEMENT_3D('',#9639,#7542,#7543);
#6463=AXIS2_PLACEMENT_3D('',#9640,#7544,#7545);
#6464=AXIS2_PLACEMENT_3D('',#9649,#7550,#7551);
#6465=AXIS2_PLACEMENT_3D('',#9655,#7555,#7556);
#6466=AXIS2_PLACEMENT_3D('',#9659,#7559,#7560);
#6467=AXIS2_PLACEMENT_3D('',#9663,#7563,#7564);
#6468=AXIS2_PLACEMENT_3D('',#9665,#7566,#7567);
#6469=AXIS2_PLACEMENT_3D('',#9666,#7568,#7569);
#6470=AXIS2_PLACEMENT_3D('',#9683,#7578,#7579);
#6471=AXIS2_PLACEMENT_3D('',#9689,#7583,#7584);
#6472=AXIS2_PLACEMENT_3D('',#9693,#7587,#7588);
#6473=AXIS2_PLACEMENT_3D('',#9697,#7591,#7592);
#6474=AXIS2_PLACEMENT_3D('',#9701,#7595,#7596);
#6475=AXIS2_PLACEMENT_3D('',#9705,#7599,#7600);
#6476=AXIS2_PLACEMENT_3D('',#9709,#7603,#7604);
#6477=AXIS2_PLACEMENT_3D('',#9713,#7607,#7608);
#6478=AXIS2_PLACEMENT_3D('',#9715,#7610,#7611);
#6479=AXIS2_PLACEMENT_3D('',#9716,#7612,#7613);
#6480=AXIS2_PLACEMENT_3D('',#9883,#7616,#7617);
#6481=AXIS2_PLACEMENT_3D('',#10110,#7634,#7635);
#6482=AXIS2_PLACEMENT_3D('',#10350,#7651,#7652);
#6483=AXIS2_PLACEMENT_3D('',#10351,#7653,#7654);
#6484=AXIS2_PLACEMENT_3D('',#10518,#7657,#7658);
#6485=AXIS2_PLACEMENT_3D('',#10745,#7675,#7676);
#6486=AXIS2_PLACEMENT_3D('',#10985,#7692,#7693);
#6487=DIRECTION('axis',(0.,0.,1.));
#6488=DIRECTION('refdir',(1.,0.,0.));
#6489=DIRECTION('center_axis',(0.,0.,1.));
#6490=DIRECTION('ref_axis',(0.,-1.,0.));
#6491=DIRECTION('',(0.,-1.,0.));
#6492=DIRECTION('',(1.,0.,0.));
#6493=DIRECTION('',(0.,-1.,0.));
#6494=DIRECTION('',(1.,0.,0.));
#6495=DIRECTION('center_axis',(0.,1.,0.));
#6496=DIRECTION('ref_axis',(0.,0.,1.));
#6497=DIRECTION('',(0.,0.,1.));
#6498=DIRECTION('',(0.,0.,1.));
#6499=DIRECTION('',(1.,0.,0.));
#6500=DIRECTION('center_axis',(0.,0.,-1.));
#6501=DIRECTION('ref_axis',(0.,1.,0.));
#6502=DIRECTION('',(0.,1.,0.));
#6503=DIRECTION('',(0.,1.,0.));
#6504=DIRECTION('',(1.,0.,0.));
#6505=DIRECTION('center_axis',(0.,-0.962449675986404,0.271460165021806));
#6506=DIRECTION('ref_axis',(0.,-0.271460165021806,-0.962449675986404));
#6507=DIRECTION('',(0.,-0.271460165021806,-0.962449675986404));
#6508=DIRECTION('',(0.,-0.271460165021806,-0.962449675986404));
#6509=DIRECTION('center_axis',(1.,0.,0.));
#6510=DIRECTION('ref_axis',(0.,0.,-1.));
#6511=DIRECTION('center_axis',(1.,0.,0.));
#6512=DIRECTION('ref_axis',(0.,0.,-1.));
#6513=DIRECTION('center_axis',(0.,0.,1.));
#6514=DIRECTION('ref_axis',(0.,-1.,0.));
#6515=DIRECTION('',(0.,-1.,0.));
#6516=DIRECTION('',(1.,0.,0.));
#6517=DIRECTION('',(0.,-1.,0.));
#6518=DIRECTION('',(1.,0.,0.));
#6519=DIRECTION('center_axis',(0.,1.,0.));
#6520=DIRECTION('ref_axis',(0.,0.,1.));
#6521=DIRECTION('',(0.,0.,1.));
#6522=DIRECTION('',(0.,0.,1.));
#6523=DIRECTION('',(1.,0.,0.));
#6524=DIRECTION('center_axis',(0.,0.,-1.));
#6525=DIRECTION('ref_axis',(0.,1.,0.));
#6526=DIRECTION('',(0.,1.,0.));
#6527=DIRECTION('',(0.,1.,0.));
#6528=DIRECTION('',(1.,0.,0.));
#6529=DIRECTION('center_axis',(0.,-0.962449675986404,0.271460165021806));
#6530=DIRECTION('ref_axis',(0.,-0.271460165021806,-0.962449675986404));
#6531=DIRECTION('',(0.,-0.271460165021806,-0.962449675986404));
#6532=DIRECTION('',(0.,-0.271460165021806,-0.962449675986404));
#6533=DIRECTION('center_axis',(1.,0.,0.));
#6534=DIRECTION('ref_axis',(0.,0.,-1.));
#6535=DIRECTION('center_axis',(1.,0.,0.));
#6536=DIRECTION('ref_axis',(0.,0.,-1.));
#6537=DIRECTION('center_axis',(0.,0.,1.));
#6538=DIRECTION('ref_axis',(0.,-1.,0.));
#6539=DIRECTION('',(0.,-1.,0.));
#6540=DIRECTION('',(1.,0.,0.));
#6541=DIRECTION('',(0.,-1.,0.));
#6542=DIRECTION('',(1.,0.,0.));
#6543=DIRECTION('center_axis',(0.,1.,0.));
#6544=DIRECTION('ref_axis',(0.,0.,1.));
#6545=DIRECTION('',(0.,0.,1.));
#6546=DIRECTION('',(0.,0.,1.));
#6547=DIRECTION('',(1.,0.,0.));
#6548=DIRECTION('center_axis',(0.,0.,-1.));
#6549=DIRECTION('ref_axis',(0.,1.,0.));
#6550=DIRECTION('',(0.,1.,0.));
#6551=DIRECTION('',(0.,1.,0.));
#6552=DIRECTION('',(1.,0.,0.));
#6553=DIRECTION('center_axis',(0.,-1.,0.));
#6554=DIRECTION('ref_axis',(0.,0.,-1.));
#6555=DIRECTION('',(0.,0.,-1.));
#6556=DIRECTION('',(0.,0.,-1.));
#6557=DIRECTION('center_axis',(1.,0.,0.));
#6558=DIRECTION('ref_axis',(0.,0.,-1.));
#6559=DIRECTION('center_axis',(1.,0.,0.));
#6560=DIRECTION('ref_axis',(0.,0.,-1.));
#6561=DIRECTION('center_axis',(0.,0.,1.));
#6562=DIRECTION('ref_axis',(0.,-1.,0.));
#6563=DIRECTION('',(0.,-1.,0.));
#6564=DIRECTION('',(1.,0.,0.));
#6565=DIRECTION('',(0.,-1.,0.));
#6566=DIRECTION('',(1.,0.,0.));
#6567=DIRECTION('center_axis',(0.,1.,0.));
#6568=DIRECTION('ref_axis',(0.,0.,1.));
#6569=DIRECTION('',(0.,0.,1.));
#6570=DIRECTION('',(0.,0.,1.));
#6571=DIRECTION('',(1.,0.,0.));
#6572=DIRECTION('center_axis',(0.,0.,-1.));
#6573=DIRECTION('ref_axis',(0.,1.,0.));
#6574=DIRECTION('',(0.,1.,0.));
#6575=DIRECTION('',(0.,1.,0.));
#6576=DIRECTION('',(1.,0.,0.));
#6577=DIRECTION('center_axis',(0.,-1.,0.));
#6578=DIRECTION('ref_axis',(0.,0.,-1.));
#6579=DIRECTION('',(0.,0.,-1.));
#6580=DIRECTION('',(0.,0.,-1.));
#6581=DIRECTION('center_axis',(1.,0.,0.));
#6582=DIRECTION('ref_axis',(0.,0.,-1.));
#6583=DIRECTION('center_axis',(1.,0.,0.));
#6584=DIRECTION('ref_axis',(0.,0.,-1.));
#6585=DIRECTION('center_axis',(0.,0.,1.));
#6586=DIRECTION('ref_axis',(0.,-1.,0.));
#6587=DIRECTION('',(0.,-1.,0.));
#6588=DIRECTION('',(1.,0.,0.));
#6589=DIRECTION('',(0.,-1.,0.));
#6590=DIRECTION('',(1.,0.,0.));
#6591=DIRECTION('center_axis',(0.,1.,0.));
#6592=DIRECTION('ref_axis',(0.,0.,1.));
#6593=DIRECTION('',(0.,0.,1.));
#6594=DIRECTION('',(0.,0.,1.));
#6595=DIRECTION('',(1.,0.,0.));
#6596=DIRECTION('center_axis',(0.,0.,-1.));
#6597=DIRECTION('ref_axis',(0.,1.,0.));
#6598=DIRECTION('',(0.,1.,0.));
#6599=DIRECTION('',(0.,1.,0.));
#6600=DIRECTION('',(1.,0.,0.));
#6601=DIRECTION('center_axis',(0.,-1.,0.));
#6602=DIRECTION('ref_axis',(0.,0.,-1.));
#6603=DIRECTION('',(0.,0.,-1.));
#6604=DIRECTION('',(0.,0.,-1.));
#6605=DIRECTION('center_axis',(1.,0.,0.));
#6606=DIRECTION('ref_axis',(0.,0.,-1.));
#6607=DIRECTION('center_axis',(1.,0.,0.));
#6608=DIRECTION('ref_axis',(0.,0.,-1.));
#6609=DIRECTION('center_axis',(0.,-1.,0.));
#6610=DIRECTION('ref_axis',(0.,0.,-1.));
#6611=DIRECTION('',(0.,0.,1.));
#6612=DIRECTION('',(1.,0.,0.));
#6613=DIRECTION('',(0.,0.,-1.));
#6614=DIRECTION('',(1.,0.,0.));
#6615=DIRECTION('center_axis',(0.,-0.205517234286414,0.978653496601971));
#6616=DIRECTION('ref_axis',(0.,-0.978653496601971,-0.205517234286414));
#6617=DIRECTION('',(0.,0.978653496601971,0.205517234286414));
#6618=DIRECTION('',(0.,-0.978653496601971,-0.205517234286414));
#6619=DIRECTION('',(1.,0.,0.));
#6620=DIRECTION('center_axis',(0.,1.,0.));
#6621=DIRECTION('ref_axis',(0.,0.,1.));
#6622=DIRECTION('',(0.,0.,-1.));
#6623=DIRECTION('',(0.,0.,1.));
#6624=DIRECTION('',(1.,0.,0.));
#6625=DIRECTION('center_axis',(0.,0.205517234286414,-0.978653496601971));
#6626=DIRECTION('ref_axis',(0.,0.978653496601971,0.205517234286414));
#6627=DIRECTION('',(0.,-0.978653496601971,-0.205517234286414));
#6628=DIRECTION('',(0.,0.978653496601971,0.205517234286414));
#6629=DIRECTION('center_axis',(1.,0.,0.));
#6630=DIRECTION('ref_axis',(0.,0.,-1.));
#6631=DIRECTION('center_axis',(1.,0.,0.));
#6632=DIRECTION('ref_axis',(0.,0.,-1.));
#6633=DIRECTION('center_axis',(0.,0.,1.));
#6634=DIRECTION('ref_axis',(0.,-1.,0.));
#6635=DIRECTION('',(0.,-1.,0.));
#6636=DIRECTION('',(1.,0.,0.));
#6637=DIRECTION('',(0.,-1.,0.));
#6638=DIRECTION('',(1.,0.,0.));
#6639=DIRECTION('center_axis',(0.,1.,0.));
#6640=DIRECTION('ref_axis',(0.,0.,1.));
#6641=DIRECTION('',(0.,0.,1.));
#6642=DIRECTION('',(0.,0.,1.));
#6643=DIRECTION('',(1.,0.,0.));
#6644=DIRECTION('center_axis',(0.,0.,-1.));
#6645=DIRECTION('ref_axis',(0.,1.,0.));
#6646=DIRECTION('',(0.,1.,0.));
#6647=DIRECTION('',(0.,1.,0.));
#6648=DIRECTION('',(1.,0.,0.));
#6649=DIRECTION('center_axis',(0.,-1.,0.));
#6650=DIRECTION('ref_axis',(0.,0.,-1.));
#6651=DIRECTION('',(0.,0.,-1.));
#6652=DIRECTION('',(0.,0.,-1.));
#6653=DIRECTION('center_axis',(1.,0.,0.));
#6654=DIRECTION('ref_axis',(0.,0.,-1.));
#6655=DIRECTION('center_axis',(1.,0.,0.));
#6656=DIRECTION('ref_axis',(0.,0.,-1.));
#6657=DIRECTION('center_axis',(0.,-1.,0.));
#6658=DIRECTION('ref_axis',(0.,0.,-1.));
#6659=DIRECTION('',(0.,0.,1.));
#6660=DIRECTION('',(1.,0.,0.));
#6661=DIRECTION('',(0.,0.,-1.));
#6662=DIRECTION('',(1.,0.,0.));
#6663=DIRECTION('center_axis',(0.,-0.208343241438593,0.978055772308952));
#6664=DIRECTION('ref_axis',(0.,-0.978055772308952,-0.208343241438593));
#6665=DIRECTION('',(0.,0.978055772308952,0.208343241438593));
#6666=DIRECTION('',(0.,-0.978055772308952,-0.208343241438593));
#6667=DIRECTION('',(1.,0.,0.));
#6668=DIRECTION('center_axis',(0.,1.,0.));
#6669=DIRECTION('ref_axis',(0.,0.,1.));
#6670=DIRECTION('',(0.,0.,-1.));
#6671=DIRECTION('',(0.,0.,1.));
#6672=DIRECTION('',(1.,0.,0.));
#6673=DIRECTION('center_axis',(0.,0.208343241438593,-0.978055772308952));
#6674=DIRECTION('ref_axis',(0.,0.978055772308952,0.208343241438593));
#6675=DIRECTION('',(0.,-0.978055772308952,-0.208343241438593));
#6676=DIRECTION('',(0.,0.978055772308952,0.208343241438593));
#6677=DIRECTION('center_axis',(1.,0.,0.));
#6678=DIRECTION('ref_axis',(0.,0.,-1.));
#6679=DIRECTION('center_axis',(1.,0.,0.));
#6680=DIRECTION('ref_axis',(0.,0.,-1.));
#6681=DIRECTION('center_axis',(0.,0.,1.));
#6682=DIRECTION('ref_axis',(0.,-1.,0.));
#6683=DIRECTION('',(0.,-1.,0.));
#6684=DIRECTION('',(1.,0.,0.));
#6685=DIRECTION('',(0.,-1.,0.));
#6686=DIRECTION('',(1.,0.,0.));
#6687=DIRECTION('center_axis',(0.,1.,0.));
#6688=DIRECTION('ref_axis',(0.,0.,1.));
#6689=DIRECTION('',(0.,0.,1.));
#6690=DIRECTION('',(0.,0.,1.));
#6691=DIRECTION('',(1.,0.,0.));
#6692=DIRECTION('center_axis',(0.,0.,-1.));
#6693=DIRECTION('ref_axis',(0.,1.,0.));
#6694=DIRECTION('',(0.,1.,0.));
#6695=DIRECTION('',(0.,1.,0.));
#6696=DIRECTION('',(1.,0.,0.));
#6697=DIRECTION('center_axis',(0.,-1.,0.));
#6698=DIRECTION('ref_axis',(0.,0.,-1.));
#6699=DIRECTION('',(0.,0.,-1.));
#6700=DIRECTION('',(0.,0.,-1.));
#6701=DIRECTION('center_axis',(1.,0.,0.));
#6702=DIRECTION('ref_axis',(0.,0.,-1.));
#6703=DIRECTION('center_axis',(1.,0.,0.));
#6704=DIRECTION('ref_axis',(0.,0.,-1.));
#6705=DIRECTION('center_axis',(0.,-1.,0.));
#6706=DIRECTION('ref_axis',(0.,0.,-1.));
#6707=DIRECTION('',(0.,0.,1.));
#6708=DIRECTION('',(1.,0.,0.));
#6709=DIRECTION('',(0.,0.,-1.));
#6710=DIRECTION('',(1.,0.,0.));
#6711=DIRECTION('center_axis',(0.,-0.205653071502606,0.978624960943437));
#6712=DIRECTION('ref_axis',(0.,-0.978624960943437,-0.205653071502606));
#6713=DIRECTION('',(0.,0.978624960943437,0.205653071502606));
#6714=DIRECTION('',(0.,-0.978624960943437,-0.205653071502606));
#6715=DIRECTION('',(1.,0.,0.));
#6716=DIRECTION('center_axis',(0.,1.,0.));
#6717=DIRECTION('ref_axis',(0.,0.,1.));
#6718=DIRECTION('',(0.,0.,-1.));
#6719=DIRECTION('',(0.,0.,1.));
#6720=DIRECTION('',(1.,0.,0.));
#6721=DIRECTION('center_axis',(0.,0.205653071502606,-0.978624960943437));
#6722=DIRECTION('ref_axis',(0.,0.978624960943437,0.205653071502606));
#6723=DIRECTION('',(0.,-0.978624960943437,-0.205653071502606));
#6724=DIRECTION('',(0.,0.978624960943437,0.205653071502606));
#6725=DIRECTION('center_axis',(1.,0.,0.));
#6726=DIRECTION('ref_axis',(0.,0.,-1.));
#6727=DIRECTION('center_axis',(1.,0.,0.));
#6728=DIRECTION('ref_axis',(0.,0.,-1.));
#6729=DIRECTION('center_axis',(0.,0.,1.));
#6730=DIRECTION('ref_axis',(0.,-1.,0.));
#6731=DIRECTION('',(0.,-1.,0.));
#6732=DIRECTION('',(1.,0.,0.));
#6733=DIRECTION('',(0.,-1.,0.));
#6734=DIRECTION('',(1.,0.,0.));
#6735=DIRECTION('center_axis',(0.,1.,0.));
#6736=DIRECTION('ref_axis',(0.,0.,1.));
#6737=DIRECTION('',(0.,0.,1.));
#6738=DIRECTION('',(0.,0.,1.));
#6739=DIRECTION('',(1.,0.,0.));
#6740=DIRECTION('center_axis',(0.,0.,-1.));
#6741=DIRECTION('ref_axis',(0.,1.,0.));
#6742=DIRECTION('',(0.,1.,0.));
#6743=DIRECTION('',(0.,1.,0.));
#6744=DIRECTION('',(1.,0.,0.));
#6745=DIRECTION('center_axis',(0.,-1.,0.));
#6746=DIRECTION('ref_axis',(0.,0.,-1.));
#6747=DIRECTION('',(0.,0.,-1.));
#6748=DIRECTION('',(0.,0.,-1.));
#6749=DIRECTION('center_axis',(1.,0.,0.));
#6750=DIRECTION('ref_axis',(0.,0.,-1.));
#6751=DIRECTION('center_axis',(1.,0.,0.));
#6752=DIRECTION('ref_axis',(0.,0.,-1.));
#6753=DIRECTION('center_axis',(0.,-0.208107644464859,0.978105928984836));
#6754=DIRECTION('ref_axis',(0.,-0.978105928984835,-0.208107644464859));
#6755=DIRECTION('',(0.,-0.978105928984835,-0.208107644464859));
#6756=DIRECTION('',(1.,0.,0.));
#6757=DIRECTION('',(0.,-0.978105928984835,-0.208107644464859));
#6758=DIRECTION('',(1.,0.,0.));
#6759=DIRECTION('center_axis',(0.,1.,0.));
#6760=DIRECTION('ref_axis',(0.,0.,1.));
#6761=DIRECTION('',(0.,0.,1.));
#6762=DIRECTION('',(0.,0.,1.));
#6763=DIRECTION('',(1.,0.,0.));
#6764=DIRECTION('center_axis',(0.,0.208107644464859,-0.978105928984836));
#6765=DIRECTION('ref_axis',(0.,0.978105928984835,0.208107644464859));
#6766=DIRECTION('',(0.,0.978105928984835,0.208107644464858));
#6767=DIRECTION('',(0.,0.978105928984835,0.208107644464858));
#6768=DIRECTION('',(1.,0.,0.));
#6769=DIRECTION('center_axis',(0.,-1.,0.));
#6770=DIRECTION('ref_axis',(0.,0.,-1.));
#6771=DIRECTION('',(0.,0.,-1.));
#6772=DIRECTION('',(0.,0.,-1.));
#6773=DIRECTION('center_axis',(1.,0.,0.));
#6774=DIRECTION('ref_axis',(0.,0.,-1.));
#6775=DIRECTION('center_axis',(1.,0.,0.));
#6776=DIRECTION('ref_axis',(0.,0.,-1.));
#6777=DIRECTION('center_axis',(0.,-0.208107644464859,0.978105928984836));
#6778=DIRECTION('ref_axis',(0.,-0.978105928984835,-0.208107644464859));
#6779=DIRECTION('',(0.,-0.978105928984835,-0.208107644464859));
#6780=DIRECTION('',(1.,0.,0.));
#6781=DIRECTION('',(0.,-0.978105928984835,-0.208107644464859));
#6782=DIRECTION('',(1.,0.,0.));
#6783=DIRECTION('center_axis',(0.,1.,0.));
#6784=DIRECTION('ref_axis',(0.,0.,1.));
#6785=DIRECTION('',(0.,0.,1.));
#6786=DIRECTION('',(0.,0.,1.));
#6787=DIRECTION('',(1.,0.,0.));
#6788=DIRECTION('center_axis',(0.,0.208107644464859,-0.978105928984836));
#6789=DIRECTION('ref_axis',(0.,0.978105928984835,0.208107644464859));
#6790=DIRECTION('',(0.,0.978105928984835,0.208107644464858));
#6791=DIRECTION('',(0.,0.978105928984835,0.208107644464858));
#6792=DIRECTION('',(1.,0.,0.));
#6793=DIRECTION('center_axis',(0.,-1.,0.));
#6794=DIRECTION('ref_axis',(0.,0.,-1.));
#6795=DIRECTION('',(0.,0.,-1.));
#6796=DIRECTION('',(0.,0.,-1.));
#6797=DIRECTION('center_axis',(1.,0.,0.));
#6798=DIRECTION('ref_axis',(0.,0.,-1.));
#6799=DIRECTION('center_axis',(1.,0.,0.));
#6800=DIRECTION('ref_axis',(0.,0.,-1.));
#6801=DIRECTION('center_axis',(0.,-0.211654246025191,0.977344606645736));
#6802=DIRECTION('ref_axis',(0.,-0.977344606645736,-0.211654246025191));
#6803=DIRECTION('',(0.,-0.977344606645736,-0.211654246025191));
#6804=DIRECTION('',(1.,0.,0.));
#6805=DIRECTION('',(0.,-0.977344606645736,-0.211654246025191));
#6806=DIRECTION('',(1.,0.,0.));
#6807=DIRECTION('center_axis',(0.,1.,0.));
#6808=DIRECTION('ref_axis',(0.,0.,1.));
#6809=DIRECTION('',(0.,0.,1.));
#6810=DIRECTION('',(0.,0.,1.));
#6811=DIRECTION('',(1.,0.,0.));
#6812=DIRECTION('center_axis',(0.,0.211654246025191,-0.977344606645736));
#6813=DIRECTION('ref_axis',(0.,0.977344606645736,0.211654246025191));
#6814=DIRECTION('',(0.,0.977344606645736,0.211654246025191));
#6815=DIRECTION('',(0.,0.977344606645736,0.211654246025191));
#6816=DIRECTION('',(1.,0.,0.));
#6817=DIRECTION('center_axis',(0.,-1.,0.));
#6818=DIRECTION('ref_axis',(0.,0.,-1.));
#6819=DIRECTION('',(0.,0.,-1.));
#6820=DIRECTION('',(0.,0.,-1.));
#6821=DIRECTION('center_axis',(1.,0.,0.));
#6822=DIRECTION('ref_axis',(0.,0.,-1.));
#6823=DIRECTION('center_axis',(1.,0.,0.));
#6824=DIRECTION('ref_axis',(0.,0.,-1.));
#6825=DIRECTION('center_axis',(0.,-0.211654246025191,0.977344606645736));
#6826=DIRECTION('ref_axis',(0.,-0.977344606645736,-0.211654246025191));
#6827=DIRECTION('',(0.,-0.977344606645736,-0.211654246025191));
#6828=DIRECTION('',(1.,0.,0.));
#6829=DIRECTION('',(0.,-0.977344606645736,-0.211654246025191));
#6830=DIRECTION('',(1.,0.,0.));
#6831=DIRECTION('center_axis',(0.,1.,0.));
#6832=DIRECTION('ref_axis',(0.,0.,1.));
#6833=DIRECTION('',(0.,0.,1.));
#6834=DIRECTION('',(0.,0.,1.));
#6835=DIRECTION('',(1.,0.,0.));
#6836=DIRECTION('center_axis',(0.,0.211654246025191,-0.977344606645736));
#6837=DIRECTION('ref_axis',(0.,0.977344606645736,0.211654246025191));
#6838=DIRECTION('',(0.,0.977344606645736,0.211654246025191));
#6839=DIRECTION('',(0.,0.977344606645736,0.211654246025191));
#6840=DIRECTION('',(1.,0.,0.));
#6841=DIRECTION('center_axis',(0.,-1.,0.));
#6842=DIRECTION('ref_axis',(0.,0.,-1.));
#6843=DIRECTION('',(0.,0.,-1.));
#6844=DIRECTION('',(0.,0.,-1.));
#6845=DIRECTION('center_axis',(1.,0.,0.));
#6846=DIRECTION('ref_axis',(0.,0.,-1.));
#6847=DIRECTION('center_axis',(1.,0.,0.));
#6848=DIRECTION('ref_axis',(0.,0.,-1.));
#6849=DIRECTION('center_axis',(0.,-0.209529088730873,0.97780241407741));
#6850=DIRECTION('ref_axis',(0.,-0.97780241407741,-0.209529088730873));
#6851=DIRECTION('',(0.,-0.97780241407741,-0.209529088730873));
#6852=DIRECTION('',(1.,0.,0.));
#6853=DIRECTION('',(0.,-0.97780241407741,-0.209529088730873));
#6854=DIRECTION('',(1.,0.,0.));
#6855=DIRECTION('center_axis',(0.,1.,0.));
#6856=DIRECTION('ref_axis',(0.,0.,1.));
#6857=DIRECTION('',(0.,0.,1.));
#6858=DIRECTION('',(0.,0.,1.));
#6859=DIRECTION('',(1.,0.,0.));
#6860=DIRECTION('center_axis',(0.,0.209529088730873,-0.97780241407741));
#6861=DIRECTION('ref_axis',(0.,0.97780241407741,0.209529088730873));
#6862=DIRECTION('',(0.,0.97780241407741,0.209529088730873));
#6863=DIRECTION('',(0.,0.97780241407741,0.209529088730873));
#6864=DIRECTION('',(1.,0.,0.));
#6865=DIRECTION('center_axis',(0.,-1.,0.));
#6866=DIRECTION('ref_axis',(0.,0.,-1.));
#6867=DIRECTION('',(0.,0.,-1.));
#6868=DIRECTION('',(0.,0.,-1.));
#6869=DIRECTION('center_axis',(1.,0.,0.));
#6870=DIRECTION('ref_axis',(0.,0.,-1.));
#6871=DIRECTION('center_axis',(1.,0.,0.));
#6872=DIRECTION('ref_axis',(0.,0.,-1.));
#6873=DIRECTION('center_axis',(0.,-0.209529088730873,0.97780241407741));
#6874=DIRECTION('ref_axis',(0.,-0.97780241407741,-0.209529088730873));
#6875=DIRECTION('',(0.,-0.97780241407741,-0.209529088730873));
#6876=DIRECTION('',(1.,0.,0.));
#6877=DIRECTION('',(0.,-0.97780241407741,-0.209529088730873));
#6878=DIRECTION('',(1.,0.,0.));
#6879=DIRECTION('center_axis',(0.,1.,0.));
#6880=DIRECTION('ref_axis',(0.,0.,1.));
#6881=DIRECTION('',(0.,0.,1.));
#6882=DIRECTION('',(0.,0.,1.));
#6883=DIRECTION('',(1.,0.,0.));
#6884=DIRECTION('center_axis',(0.,0.209529088730873,-0.97780241407741));
#6885=DIRECTION('ref_axis',(0.,0.97780241407741,0.209529088730873));
#6886=DIRECTION('',(0.,0.97780241407741,0.209529088730873));
#6887=DIRECTION('',(0.,0.97780241407741,0.209529088730873));
#6888=DIRECTION('',(1.,0.,0.));
#6889=DIRECTION('center_axis',(0.,-1.,0.));
#6890=DIRECTION('ref_axis',(0.,0.,-1.));
#6891=DIRECTION('',(0.,0.,-1.));
#6892=DIRECTION('',(0.,0.,-1.));
#6893=DIRECTION('center_axis',(1.,0.,0.));
#6894=DIRECTION('ref_axis',(0.,0.,-1.));
#6895=DIRECTION('center_axis',(1.,0.,0.));
#6896=DIRECTION('ref_axis',(0.,0.,-1.));
#6897=DIRECTION('center_axis',(0.,0.,1.));
#6898=DIRECTION('ref_axis',(0.,-1.,0.));
#6899=DIRECTION('',(0.,-1.,0.));
#6900=DIRECTION('',(1.,0.,0.));
#6901=DIRECTION('',(0.,-1.,0.));
#6902=DIRECTION('',(1.,0.,0.));
#6903=DIRECTION('center_axis',(0.,1.,0.));
#6904=DIRECTION('ref_axis',(0.,0.,1.));
#6905=DIRECTION('',(0.,0.,1.));
#6906=DIRECTION('',(0.,0.,1.));
#6907=DIRECTION('',(1.,0.,0.));
#6908=DIRECTION('center_axis',(0.,0.,-1.));
#6909=DIRECTION('ref_axis',(0.,1.,0.));
#6910=DIRECTION('',(0.,1.,0.));
#6911=DIRECTION('',(0.,1.,0.));
#6912=DIRECTION('',(1.,0.,0.));
#6913=DIRECTION('center_axis',(0.,-1.,0.));
#6914=DIRECTION('ref_axis',(0.,0.,-1.));
#6915=DIRECTION('',(0.,0.,-1.));
#6916=DIRECTION('',(0.,0.,-1.));
#6917=DIRECTION('center_axis',(1.,0.,0.));
#6918=DIRECTION('ref_axis',(0.,0.,-1.));
#6919=DIRECTION('center_axis',(1.,0.,0.));
#6920=DIRECTION('ref_axis',(0.,0.,-1.));
#6921=DIRECTION('center_axis',(0.,0.,1.));
#6922=DIRECTION('ref_axis',(0.,-1.,0.));
#6923=DIRECTION('',(0.,-1.,0.));
#6924=DIRECTION('',(1.,0.,0.));
#6925=DIRECTION('',(0.,-1.,0.));
#6926=DIRECTION('',(1.,0.,0.));
#6927=DIRECTION('center_axis',(0.,1.,0.));
#6928=DIRECTION('ref_axis',(0.,0.,1.));
#6929=DIRECTION('',(0.,0.,1.));
#6930=DIRECTION('',(0.,0.,1.));
#6931=DIRECTION('',(1.,0.,0.));
#6932=DIRECTION('center_axis',(0.,0.,-1.));
#6933=DIRECTION('ref_axis',(0.,1.,0.));
#6934=DIRECTION('',(0.,1.,0.));
#6935=DIRECTION('',(0.,1.,0.));
#6936=DIRECTION('',(1.,0.,0.));
#6937=DIRECTION('center_axis',(0.,-1.,0.));
#6938=DIRECTION('ref_axis',(0.,0.,-1.));
#6939=DIRECTION('',(0.,0.,-1.));
#6940=DIRECTION('',(0.,0.,-1.));
#6941=DIRECTION('center_axis',(1.,0.,0.));
#6942=DIRECTION('ref_axis',(0.,0.,-1.));
#6943=DIRECTION('center_axis',(1.,0.,0.));
#6944=DIRECTION('ref_axis',(0.,0.,-1.));
#6945=DIRECTION('center_axis',(0.,0.,1.));
#6946=DIRECTION('ref_axis',(0.,-1.,0.));
#6947=DIRECTION('',(0.,-1.,0.));
#6948=DIRECTION('',(1.,0.,0.));
#6949=DIRECTION('',(0.,-1.,0.));
#6950=DIRECTION('',(1.,0.,0.));
#6951=DIRECTION('center_axis',(0.,1.,0.));
#6952=DIRECTION('ref_axis',(0.,0.,1.));
#6953=DIRECTION('',(0.,0.,1.));
#6954=DIRECTION('',(0.,0.,1.));
#6955=DIRECTION('',(1.,0.,0.));
#6956=DIRECTION('center_axis',(0.,0.,-1.));
#6957=DIRECTION('ref_axis',(0.,1.,0.));
#6958=DIRECTION('',(0.,1.,0.));
#6959=DIRECTION('',(0.,1.,0.));
#6960=DIRECTION('',(1.,0.,0.));
#6961=DIRECTION('center_axis',(0.,-1.,0.));
#6962=DIRECTION('ref_axis',(0.,0.,-1.));
#6963=DIRECTION('',(0.,0.,-1.));
#6964=DIRECTION('',(0.,0.,-1.));
#6965=DIRECTION('center_axis',(1.,0.,0.));
#6966=DIRECTION('ref_axis',(0.,0.,-1.));
#6967=DIRECTION('center_axis',(1.,0.,0.));
#6968=DIRECTION('ref_axis',(0.,0.,-1.));
#6969=DIRECTION('center_axis',(0.,1.,0.));
#6970=DIRECTION('ref_axis',(0.,0.,1.));
#6971=DIRECTION('',(0.,0.,1.));
#6972=DIRECTION('',(1.,0.,0.));
#6973=DIRECTION('',(0.,0.,-1.));
#6974=DIRECTION('',(-1.,0.,0.));
#6975=DIRECTION('',(0.,0.,-1.));
#6976=DIRECTION('',(1.,0.,0.));
#6977=DIRECTION('',(0.,0.,-1.));
#6978=DIRECTION('',(-1.,0.,0.));
#6979=DIRECTION('',(0.,0.,-1.));
#6980=DIRECTION('',(1.,0.,0.));
#6981=DIRECTION('',(0.,0.,-1.));
#6982=DIRECTION('',(-1.,0.,0.));
#6983=DIRECTION('center_axis',(0.,0.,1.));
#6984=DIRECTION('ref_axis',(-1.,0.,0.));
#6985=DIRECTION('',(0.,1.,0.));
#6986=DIRECTION('',(-1.,0.,0.));
#6987=DIRECTION('',(0.,-1.,0.));
#6988=DIRECTION('center_axis',(1.,0.,0.));
#6989=DIRECTION('ref_axis',(0.,0.,1.));
#6990=DIRECTION('',(0.,0.,1.));
#6991=DIRECTION('',(0.,-1.,0.));
#6992=DIRECTION('center_axis',(0.,0.,-1.));
#6993=DIRECTION('ref_axis',(1.,0.,0.));
#6994=DIRECTION('',(1.,0.,0.));
#6995=DIRECTION('',(0.,-1.,0.));
#6996=DIRECTION('center_axis',(1.,0.,0.));
#6997=DIRECTION('ref_axis',(0.,0.,1.));
#6998=DIRECTION('',(0.,0.,1.));
#6999=DIRECTION('',(0.,-1.,0.));
#7000=DIRECTION('center_axis',(0.,0.,1.));
#7001=DIRECTION('ref_axis',(-1.,0.,0.));
#7002=DIRECTION('',(-1.,0.,0.));
#7003=DIRECTION('',(0.,-1.,0.));
#7004=DIRECTION('center_axis',(1.,0.,0.));
#7005=DIRECTION('ref_axis',(0.,0.,1.));
#7006=DIRECTION('',(0.,0.,1.));
#7007=DIRECTION('',(0.,-1.,0.));
#7008=DIRECTION('center_axis',(0.,0.,-1.));
#7009=DIRECTION('ref_axis',(1.,0.,0.));
#7010=DIRECTION('',(1.,0.,0.));
#7011=DIRECTION('',(0.,-1.,0.));
#7012=DIRECTION('center_axis',(1.,0.,0.));
#7013=DIRECTION('ref_axis',(0.,0.,1.));
#7014=DIRECTION('',(0.,0.,1.));
#7015=DIRECTION('',(0.,-1.,0.));
#7016=DIRECTION('center_axis',(0.,0.,1.));
#7017=DIRECTION('ref_axis',(-1.,0.,0.));
#7018=DIRECTION('',(-1.,0.,0.));
#7019=DIRECTION('',(0.,-1.,0.));
#7020=DIRECTION('center_axis',(1.,0.,0.));
#7021=DIRECTION('ref_axis',(0.,0.,1.));
#7022=DIRECTION('',(0.,0.,1.));
#7023=DIRECTION('',(0.,-1.,0.));
#7024=DIRECTION('center_axis',(0.,0.,-1.));
#7025=DIRECTION('ref_axis',(1.,0.,0.));
#7026=DIRECTION('',(1.,0.,0.));
#7027=DIRECTION('',(0.,-1.,0.));
#7028=DIRECTION('center_axis',(-1.,0.,0.));
#7029=DIRECTION('ref_axis',(0.,0.,-1.));
#7030=DIRECTION('',(0.,0.,-1.));
#7031=DIRECTION('center_axis',(0.,-1.,0.));
#7032=DIRECTION('ref_axis',(0.,0.,-1.));
#7033=DIRECTION('center_axis',(0.,1.,0.));
#7034=DIRECTION('ref_axis',(0.,0.,1.));
#7035=DIRECTION('',(0.,0.,1.));
#7036=DIRECTION('',(1.,0.,0.));
#7037=DIRECTION('',(0.249426617664672,0.,-0.968393702168886));
#7038=DIRECTION('',(0.247755064676194,0.,0.968822702008626));
#7039=DIRECTION('',(1.,0.,0.));
#7040=DIRECTION('',(0.,0.,-1.));
#7041=DIRECTION('',(-1.,0.,0.));
#7042=DIRECTION('',(0.,0.,1.));
#7043=DIRECTION('',(-0.247718903550222,0.,-0.968831948701051));
#7044=DIRECTION('',(-1.,0.,0.));
#7045=DIRECTION('',(-0.247286657354253,0.,0.968942366239892));
#7046=DIRECTION('',(0.,0.,-1.));
#7047=DIRECTION('',(-1.,0.,0.));
#7048=DIRECTION('center_axis',(0.,0.,1.));
#7049=DIRECTION('ref_axis',(-1.,0.,0.));
#7050=DIRECTION('',(0.,1.,0.));
#7051=DIRECTION('',(-1.,0.,0.));
#7052=DIRECTION('',(0.,-1.,0.));
#7053=DIRECTION('center_axis',(0.968393702168886,0.,0.249426617664672));
#7054=DIRECTION('ref_axis',(-0.249426617664672,0.,0.968393702168886));
#7055=DIRECTION('',(-0.249426617664672,0.,0.968393702168886));
#7056=DIRECTION('',(0.,-1.,0.));
#7057=DIRECTION('center_axis',(-0.968822702008626,0.,0.247755064676194));
#7058=DIRECTION('ref_axis',(-0.247755064676194,0.,-0.968822702008626));
#7059=DIRECTION('',(-0.247755064676194,0.,-0.968822702008626));
#7060=DIRECTION('',(0.,-1.,0.));
#7061=DIRECTION('center_axis',(0.,0.,1.));
#7062=DIRECTION('ref_axis',(-1.,0.,0.));
#7063=DIRECTION('',(-1.,0.,0.));
#7064=DIRECTION('',(0.,-1.,0.));
#7065=DIRECTION('center_axis',(1.,0.,0.));
#7066=DIRECTION('ref_axis',(0.,0.,1.));
#7067=DIRECTION('',(0.,0.,1.));
#7068=DIRECTION('',(0.,-1.,0.));
#7069=DIRECTION('center_axis',(0.,0.,-1.));
#7070=DIRECTION('ref_axis',(1.,0.,0.));
#7071=DIRECTION('',(1.,0.,0.));
#7072=DIRECTION('',(0.,-1.,0.));
#7073=DIRECTION('center_axis',(-1.,0.,0.));
#7074=DIRECTION('ref_axis',(0.,0.,-1.));
#7075=DIRECTION('',(0.,0.,-1.));
#7076=DIRECTION('',(0.,-1.,0.));
#7077=DIRECTION('center_axis',(0.968831948701051,0.,-0.247718903550222));
#7078=DIRECTION('ref_axis',(0.247718903550222,0.,0.968831948701051));
#7079=DIRECTION('',(0.247718903550222,0.,0.968831948701051));
#7080=DIRECTION('',(0.,-1.,0.));
#7081=DIRECTION('center_axis',(0.,0.,-1.));
#7082=DIRECTION('ref_axis',(1.,0.,0.));
#7083=DIRECTION('',(1.,0.,0.));
#7084=DIRECTION('',(0.,-1.,0.));
#7085=DIRECTION('center_axis',(-0.968942366239892,0.,-0.247286657354253));
#7086=DIRECTION('ref_axis',(0.247286657354253,0.,-0.968942366239892));
#7087=DIRECTION('',(0.247286657354253,0.,-0.968942366239892));
#7088=DIRECTION('',(0.,-1.,0.));
#7089=DIRECTION('center_axis',(1.,0.,0.));
#7090=DIRECTION('ref_axis',(0.,0.,1.));
#7091=DIRECTION('',(0.,0.,1.));
#7092=DIRECTION('',(0.,-1.,0.));
#7093=DIRECTION('center_axis',(0.,0.,-1.));
#7094=DIRECTION('ref_axis',(1.,0.,0.));
#7095=DIRECTION('',(1.,0.,0.));
#7096=DIRECTION('',(0.,-1.,0.));
#7097=DIRECTION('center_axis',(-1.,0.,0.));
#7098=DIRECTION('ref_axis',(0.,0.,-1.));
#7099=DIRECTION('',(0.,0.,-1.));
#7100=DIRECTION('center_axis',(0.,-1.,0.));
#7101=DIRECTION('ref_axis',(0.,0.,-1.));
#7102=DIRECTION('center_axis',(0.,1.,0.));
#7103=DIRECTION('ref_axis',(0.,0.,1.));
#7104=DIRECTION('',(-0.290044923318726,0.,0.957013031498022));
#7105=DIRECTION('',(-1.,0.,0.));
#7106=DIRECTION('',(-0.283175307881437,0.,-0.959068164942541));
#7107=DIRECTION('',(-1.,0.,0.));
#7108=DIRECTION('',(0.35182309319906,0.,0.936066509972366));
#7109=DIRECTION('',(1.,0.,0.));
#7110=DIRECTION('',(0.351753114282169,0.,-0.936092808749643));
#7111=DIRECTION('',(-1.,0.,0.));
#7112=DIRECTION('',(1.,0.,0.));
#7113=DIRECTION('',(-0.293520114793456,0.,0.955952897485873));
#7114=DIRECTION('',(-0.290719262252254,0.,-0.956808398037719));
#7115=DIRECTION('center_axis',(-0.955952897485873,0.,-0.293520114793456));
#7116=DIRECTION('ref_axis',(0.293520114793456,0.,-0.955952897485873));
#7117=DIRECTION('',(0.,1.,0.));
#7118=DIRECTION('',(0.293520114793456,0.,-0.955952897485873));
#7119=DIRECTION('',(0.,-1.,0.));
#7120=DIRECTION('center_axis',(0.956808398037718,0.,-0.290719262252254));
#7121=DIRECTION('ref_axis',(0.290719262252254,0.,0.956808398037719));
#7122=DIRECTION('',(0.290719262252254,0.,0.956808398037719));
#7123=DIRECTION('',(0.,-1.,0.));
#7124=DIRECTION('center_axis',(0.,0.,1.));
#7125=DIRECTION('ref_axis',(-1.,0.,0.));
#7126=DIRECTION('',(-1.,0.,0.));
#7127=DIRECTION('center_axis',(0.,0.,-1.));
#7128=DIRECTION('ref_axis',(1.,0.,0.));
#7129=DIRECTION('',(0.,1.,0.));
#7130=DIRECTION('',(1.,0.,0.));
#7131=DIRECTION('',(0.,-1.,0.));
#7132=DIRECTION('center_axis',(0.959068164942541,0.,-0.283175307881437));
#7133=DIRECTION('ref_axis',(0.283175307881437,0.,0.959068164942541));
#7134=DIRECTION('',(0.283175307881437,0.,0.959068164942541));
#7135=DIRECTION('',(0.,-1.,0.));
#7136=DIRECTION('center_axis',(0.,0.,-1.));
#7137=DIRECTION('ref_axis',(1.,0.,0.));
#7138=DIRECTION('',(1.,0.,0.));
#7139=DIRECTION('',(0.,-1.,0.));
#7140=DIRECTION('center_axis',(-0.936066509972366,0.,0.35182309319906));
#7141=DIRECTION('ref_axis',(-0.35182309319906,0.,-0.936066509972366));
#7142=DIRECTION('',(-0.35182309319906,0.,-0.936066509972366));
#7143=DIRECTION('',(0.,-1.,0.));
#7144=DIRECTION('center_axis',(0.,0.,1.));
#7145=DIRECTION('ref_axis',(-1.,0.,0.));
#7146=DIRECTION('',(-1.,0.,0.));
#7147=DIRECTION('',(0.,-1.,0.));
#7148=DIRECTION('center_axis',(0.936092808749643,0.,0.351753114282169));
#7149=DIRECTION('ref_axis',(-0.351753114282169,0.,0.936092808749643));
#7150=DIRECTION('',(-0.351753114282169,0.,0.936092808749643));
#7151=DIRECTION('',(0.,-1.,0.));
#7152=DIRECTION('center_axis',(0.,0.,-1.));
#7153=DIRECTION('ref_axis',(1.,0.,0.));
#7154=DIRECTION('',(1.,0.,0.));
#7155=DIRECTION('',(0.,-1.,0.));
#7156=DIRECTION('center_axis',(-0.957013031498022,0.,-0.290044923318726));
#7157=DIRECTION('ref_axis',(0.290044923318726,0.,-0.957013031498022));
#7158=DIRECTION('',(0.290044923318726,0.,-0.957013031498022));
#7159=DIRECTION('center_axis',(0.,-1.,0.));
#7160=DIRECTION('ref_axis',(0.,0.,-1.));
#7161=DIRECTION('center_axis',(0.,-1.,0.));
#7162=DIRECTION('ref_axis',(0.,0.,-1.));
#7163=DIRECTION('',(-1.,0.,0.));
#7164=DIRECTION('',(0.,0.,1.));
#7165=DIRECTION('',(1.,0.,0.));
#7166=DIRECTION('',(0.,0.,-1.));
#7167=DIRECTION('',(-0.98444151574333,0.,-0.175712555274158));
#7168=DIRECTION('',(0.,0.,1.));
#7169=DIRECTION('center_axis',(-1.,0.,0.));
#7170=DIRECTION('ref_axis',(0.,0.,-1.));
#7171=DIRECTION('',(0.,1.,0.));
#7172=DIRECTION('',(0.,0.,-1.));
#7173=DIRECTION('',(0.,-1.,0.));
#7174=DIRECTION('center_axis',(0.,0.,1.));
#7175=DIRECTION('ref_axis',(-1.,0.,0.));
#7176=DIRECTION('',(-1.,0.,0.));
#7177=DIRECTION('',(0.,-1.,0.));
#7178=DIRECTION('center_axis',(1.,0.,0.));
#7179=DIRECTION('ref_axis',(0.,0.,1.));
#7180=DIRECTION('',(0.,0.,1.));
#7181=DIRECTION('',(0.,-1.,0.));
#7182=DIRECTION('',(0.,-1.,0.));
#7183=DIRECTION('',(0.,-1.,0.));
#7184=DIRECTION('',(0.,-1.,0.));
#7185=DIRECTION('',(0.,-1.,0.));
#7186=DIRECTION('',(0.,-1.,0.));
#7187=DIRECTION('',(0.,-1.,0.));
#7188=DIRECTION('',(0.,-1.,0.));
#7189=DIRECTION('',(0.,-1.,0.));
#7190=DIRECTION('',(0.,-1.,0.));
#7191=DIRECTION('',(0.,-1.,0.));
#7192=DIRECTION('',(0.,-1.,0.));
#7193=DIRECTION('center_axis',(0.175712555274158,0.,-0.98444151574333));
#7194=DIRECTION('ref_axis',(0.98444151574333,0.,0.175712555274158));
#7195=DIRECTION('',(0.98444151574333,0.,0.175712555274158));
#7196=DIRECTION('',(0.,-1.,0.));
#7197=DIRECTION('',(0.,-1.,0.));
#7198=DIRECTION('',(0.,-1.,0.));
#7199=DIRECTION('',(0.,-1.,0.));
#7200=DIRECTION('',(0.,-1.,0.));
#7201=DIRECTION('',(0.,-1.,0.));
#7202=DIRECTION('',(0.,-1.,0.));
#7203=DIRECTION('',(0.,-1.,0.));
#7204=DIRECTION('',(0.,-1.,0.));
#7205=DIRECTION('center_axis',(-1.,0.,0.));
#7206=DIRECTION('ref_axis',(0.,0.,-1.));
#7207=DIRECTION('',(0.,0.,-1.));
#7208=DIRECTION('',(0.,-1.,0.));
#7209=DIRECTION('center_axis',(0.,0.,-1.));
#7210=DIRECTION('ref_axis',(1.,0.,0.));
#7211=DIRECTION('',(1.,0.,0.));
#7212=DIRECTION('center_axis',(0.,-1.,0.));
#7213=DIRECTION('ref_axis',(0.,0.,-1.));
#7214=DIRECTION('center_axis',(0.,1.,0.));
#7215=DIRECTION('ref_axis',(0.,0.,1.));
#7216=DIRECTION('',(0.,0.,1.));
#7217=DIRECTION('',(1.,0.,0.));
#7218=DIRECTION('',(0.562642845826765,0.,-0.82670008348854));
#7219=DIRECTION('',(0.,0.,1.));
#7220=DIRECTION('',(1.,0.,0.));
#7221=DIRECTION('',(0.,0.,-1.));
#7222=DIRECTION('',(-1.,0.,0.));
#7223=DIRECTION('',(-0.563462289308438,0.,0.826141784760518));
#7224=DIRECTION('',(0.,0.,-1.));
#7225=DIRECTION('',(-1.,0.,0.));
#7226=DIRECTION('center_axis',(0.,0.,1.));
#7227=DIRECTION('ref_axis',(-1.,0.,0.));
#7228=DIRECTION('',(0.,1.,0.));
#7229=DIRECTION('',(-1.,0.,0.));
#7230=DIRECTION('',(0.,-1.,0.));
#7231=DIRECTION('center_axis',(0.82670008348854,0.,0.562642845826765));
#7232=DIRECTION('ref_axis',(-0.562642845826765,0.,0.82670008348854));
#7233=DIRECTION('',(-0.562642845826765,0.,0.82670008348854));
#7234=DIRECTION('',(0.,-1.,0.));
#7235=DIRECTION('center_axis',(-1.,0.,0.));
#7236=DIRECTION('ref_axis',(0.,0.,-1.));
#7237=DIRECTION('',(0.,0.,-1.));
#7238=DIRECTION('',(0.,-1.,0.));
#7239=DIRECTION('center_axis',(0.,0.,1.));
#7240=DIRECTION('ref_axis',(-1.,0.,0.));
#7241=DIRECTION('',(-1.,0.,0.));
#7242=DIRECTION('',(0.,-1.,0.));
#7243=DIRECTION('center_axis',(1.,0.,0.));
#7244=DIRECTION('ref_axis',(0.,0.,1.));
#7245=DIRECTION('',(0.,0.,1.));
#7246=DIRECTION('',(0.,-1.,0.));
#7247=DIRECTION('center_axis',(0.,0.,-1.));
#7248=DIRECTION('ref_axis',(1.,0.,0.));
#7249=DIRECTION('',(1.,0.,0.));
#7250=DIRECTION('',(0.,-1.,0.));
#7251=DIRECTION('center_axis',(-0.826141784760518,0.,-0.563462289308438));
#7252=DIRECTION('ref_axis',(0.563462289308438,0.,-0.826141784760518));
#7253=DIRECTION('',(0.563462289308438,0.,-0.826141784760518));
#7254=DIRECTION('',(0.,-1.,0.));
#7255=DIRECTION('center_axis',(1.,0.,0.));
#7256=DIRECTION('ref_axis',(0.,0.,1.));
#7257=DIRECTION('',(0.,0.,1.));
#7258=DIRECTION('',(0.,-1.,0.));
#7259=DIRECTION('center_axis',(0.,0.,-1.));
#7260=DIRECTION('ref_axis',(1.,0.,0.));
#7261=DIRECTION('',(1.,0.,0.));
#7262=DIRECTION('',(0.,-1.,0.));
#7263=DIRECTION('center_axis',(-1.,0.,0.));
#7264=DIRECTION('ref_axis',(0.,0.,-1.));
#7265=DIRECTION('',(0.,0.,-1.));
#7266=DIRECTION('center_axis',(0.,-1.,0.));
#7267=DIRECTION('ref_axis',(0.,0.,-1.));
#7268=DIRECTION('center_axis',(0.,1.,0.));
#7269=DIRECTION('ref_axis',(0.,0.,1.));
#7270=DIRECTION('',(-0.290044923318726,0.,0.957013031498022));
#7271=DIRECTION('',(-1.,0.,0.));
#7272=DIRECTION('',(-0.283175307881437,0.,-0.959068164942541));
#7273=DIRECTION('',(-1.,0.,0.));
#7274=DIRECTION('',(0.35182309319906,0.,0.936066509972366));
#7275=DIRECTION('',(1.,0.,0.));
#7276=DIRECTION('',(0.351753114282169,0.,-0.936092808749643));
#7277=DIRECTION('',(-1.,0.,0.));
#7278=DIRECTION('',(1.,0.,0.));
#7279=DIRECTION('',(-0.293520114793456,0.,0.955952897485873));
#7280=DIRECTION('',(-0.290719262252254,0.,-0.956808398037719));
#7281=DIRECTION('center_axis',(-0.955952897485873,0.,-0.293520114793456));
#7282=DIRECTION('ref_axis',(0.293520114793456,0.,-0.955952897485873));
#7283=DIRECTION('',(0.,1.,0.));
#7284=DIRECTION('',(0.293520114793456,0.,-0.955952897485873));
#7285=DIRECTION('',(0.,-1.,0.));
#7286=DIRECTION('center_axis',(0.956808398037718,0.,-0.290719262252254));
#7287=DIRECTION('ref_axis',(0.290719262252254,0.,0.956808398037719));
#7288=DIRECTION('',(0.290719262252254,0.,0.956808398037719));
#7289=DIRECTION('',(0.,-1.,0.));
#7290=DIRECTION('center_axis',(0.,0.,1.));
#7291=DIRECTION('ref_axis',(-1.,0.,0.));
#7292=DIRECTION('',(-1.,0.,0.));
#7293=DIRECTION('center_axis',(0.,0.,-1.));
#7294=DIRECTION('ref_axis',(1.,0.,0.));
#7295=DIRECTION('',(0.,1.,0.));
#7296=DIRECTION('',(1.,0.,0.));
#7297=DIRECTION('',(0.,-1.,0.));
#7298=DIRECTION('center_axis',(0.959068164942541,0.,-0.283175307881437));
#7299=DIRECTION('ref_axis',(0.283175307881437,0.,0.959068164942541));
#7300=DIRECTION('',(0.283175307881437,0.,0.959068164942541));
#7301=DIRECTION('',(0.,-1.,0.));
#7302=DIRECTION('center_axis',(0.,0.,-1.));
#7303=DIRECTION('ref_axis',(1.,0.,0.));
#7304=DIRECTION('',(1.,0.,0.));
#7305=DIRECTION('',(0.,-1.,0.));
#7306=DIRECTION('center_axis',(-0.936066509972366,0.,0.35182309319906));
#7307=DIRECTION('ref_axis',(-0.35182309319906,0.,-0.936066509972366));
#7308=DIRECTION('',(-0.35182309319906,0.,-0.936066509972366));
#7309=DIRECTION('',(0.,-1.,0.));
#7310=DIRECTION('center_axis',(0.,0.,1.));
#7311=DIRECTION('ref_axis',(-1.,0.,0.));
#7312=DIRECTION('',(-1.,0.,0.));
#7313=DIRECTION('',(0.,-1.,0.));
#7314=DIRECTION('center_axis',(0.936092808749643,0.,0.351753114282169));
#7315=DIRECTION('ref_axis',(-0.351753114282169,0.,0.936092808749643));
#7316=DIRECTION('',(-0.351753114282169,0.,0.936092808749643));
#7317=DIRECTION('',(0.,-1.,0.));
#7318=DIRECTION('center_axis',(0.,0.,-1.));
#7319=DIRECTION('ref_axis',(1.,0.,0.));
#7320=DIRECTION('',(1.,0.,0.));
#7321=DIRECTION('',(0.,-1.,0.));
#7322=DIRECTION('center_axis',(-0.957013031498022,0.,-0.290044923318726));
#7323=DIRECTION('ref_axis',(0.290044923318726,0.,-0.957013031498022));
#7324=DIRECTION('',(0.290044923318726,0.,-0.957013031498022));
#7325=DIRECTION('center_axis',(0.,-1.,0.));
#7326=DIRECTION('ref_axis',(0.,0.,-1.));
#7327=DIRECTION('center_axis',(0.,-1.,0.));
#7328=DIRECTION('ref_axis',(0.,0.,-1.));
#7329=DIRECTION('',(-1.,0.,0.));
#7330=DIRECTION('',(0.,0.,1.));
#7331=DIRECTION('',(1.,0.,0.));
#7332=DIRECTION('',(0.458849323836625,0.,-0.888514095563302));
#7333=DIRECTION('',(-1.,0.,0.));
#7334=DIRECTION('',(-0.475484145722951,0.,0.879724290426333));
#7335=DIRECTION('',(-1.,0.,0.));
#7336=DIRECTION('',(0.,0.,-1.));
#7337=DIRECTION('',(0.,0.,-1.));
#7338=DIRECTION('',(1.,0.,0.));
#7339=DIRECTION('',(-1.,0.,0.));
#7340=DIRECTION('center_axis',(0.,0.,1.));
#7341=DIRECTION('ref_axis',(-1.,0.,0.));
#7342=DIRECTION('',(0.,1.,0.));
#7343=DIRECTION('',(-1.,0.,0.));
#7344=DIRECTION('',(0.,-1.,0.));
#7345=DIRECTION('',(0.,-1.,0.));
#7346=DIRECTION('',(0.,-1.,0.));
#7347=DIRECTION('',(0.,-1.,0.));
#7348=DIRECTION('',(0.,-1.,0.));
#7349=DIRECTION('',(0.,-1.,0.));
#7350=DIRECTION('center_axis',(0.,0.,-1.));
#7351=DIRECTION('ref_axis',(1.,0.,0.));
#7352=DIRECTION('',(1.,0.,0.));
#7353=DIRECTION('',(0.,-1.,0.));
#7354=DIRECTION('center_axis',(1.,0.,0.));
#7355=DIRECTION('ref_axis',(0.,0.,1.));
#7356=DIRECTION('',(0.,0.,1.));
#7357=DIRECTION('center_axis',(-1.,0.,0.));
#7358=DIRECTION('ref_axis',(0.,0.,-1.));
#7359=DIRECTION('',(0.,1.,0.));
#7360=DIRECTION('',(0.,0.,-1.));
#7361=DIRECTION('',(0.,-1.,0.));
#7362=DIRECTION('center_axis',(0.,0.,1.));
#7363=DIRECTION('ref_axis',(-1.,0.,0.));
#7364=DIRECTION('',(-1.,0.,0.));
#7365=DIRECTION('',(0.,-1.,0.));
#7366=DIRECTION('',(0.,-1.,0.));
#7367=DIRECTION('',(0.,-1.,0.));
#7368=DIRECTION('',(0.,-1.,0.));
#7369=DIRECTION('',(0.,-1.,0.));
#7370=DIRECTION('',(0.,-1.,0.));
#7371=DIRECTION('',(0.,-1.,0.));
#7372=DIRECTION('',(0.,-1.,0.));
#7373=DIRECTION('',(0.,-1.,0.));
#7374=DIRECTION('',(0.,-1.,0.));
#7375=DIRECTION('center_axis',(0.888514095563302,0.,0.458849323836625));
#7376=DIRECTION('ref_axis',(-0.458849323836625,0.,0.888514095563302));
#7377=DIRECTION('',(-0.458849323836625,0.,0.888514095563302));
#7378=DIRECTION('',(0.,-1.,0.));
#7379=DIRECTION('center_axis',(0.,0.,-1.));
#7380=DIRECTION('ref_axis',(1.,0.,0.));
#7381=DIRECTION('',(1.,0.,0.));
#7382=DIRECTION('',(0.,-1.,0.));
#7383=DIRECTION('center_axis',(-0.879724290426333,0.,-0.475484145722951));
#7384=DIRECTION('ref_axis',(0.475484145722951,0.,-0.879724290426333));
#7385=DIRECTION('',(0.475484145722951,0.,-0.879724290426333));
#7386=DIRECTION('',(0.,-1.,0.));
#7387=DIRECTION('',(0.,-1.,0.));
#7388=DIRECTION('',(0.,-1.,0.));
#7389=DIRECTION('center_axis',(0.,0.,-1.));
#7390=DIRECTION('ref_axis',(1.,0.,0.));
#7391=DIRECTION('',(1.,0.,0.));
#7392=DIRECTION('',(0.,-1.,0.));
#7393=DIRECTION('center_axis',(1.,0.,0.));
#7394=DIRECTION('ref_axis',(0.,0.,1.));
#7395=DIRECTION('',(0.,0.,1.));
#7396=DIRECTION('',(0.,-1.,0.));
#7397=DIRECTION('center_axis',(0.,0.,-1.));
#7398=DIRECTION('ref_axis',(1.,0.,0.));
#7399=DIRECTION('',(1.,0.,0.));
#7400=DIRECTION('center_axis',(0.,-1.,0.));
#7401=DIRECTION('ref_axis',(0.,0.,-1.));
#7402=DIRECTION('center_axis',(0.,1.,0.));
#7403=DIRECTION('ref_axis',(0.,0.,1.));
#7404=DIRECTION('',(0.,0.,1.));
#7405=DIRECTION('',(1.,0.,0.));
#7406=DIRECTION('',(0.,0.,-1.));
#7407=DIRECTION('',(-1.,0.,0.));
#7408=DIRECTION('',(0.,0.,-1.));
#7409=DIRECTION('',(-1.,0.,0.));
#7410=DIRECTION('',(0.,0.,1.));
#7411=DIRECTION('',(-1.,0.,0.));
#7412=DIRECTION('center_axis',(0.,0.,1.));
#7413=DIRECTION('ref_axis',(-1.,0.,0.));
#7414=DIRECTION('',(0.,1.,0.));
#7415=DIRECTION('',(-1.,0.,0.));
#7416=DIRECTION('',(0.,-1.,0.));
#7417=DIRECTION('center_axis',(1.,0.,0.));
#7418=DIRECTION('ref_axis',(0.,0.,1.));
#7419=DIRECTION('',(0.,0.,1.));
#7420=DIRECTION('',(0.,-1.,0.));
#7421=DIRECTION('center_axis',(0.,0.,-1.));
#7422=DIRECTION('ref_axis',(1.,0.,0.));
#7423=DIRECTION('',(1.,0.,0.));
#7424=DIRECTION('',(0.,-1.,0.));
#7425=DIRECTION('center_axis',(1.,0.,0.));
#7426=DIRECTION('ref_axis',(0.,0.,1.));
#7427=DIRECTION('',(0.,0.,1.));
#7428=DIRECTION('',(0.,-1.,0.));
#7429=DIRECTION('center_axis',(0.,0.,-1.));
#7430=DIRECTION('ref_axis',(1.,0.,0.));
#7431=DIRECTION('',(1.,0.,0.));
#7432=DIRECTION('',(0.,-1.,0.));
#7433=DIRECTION('center_axis',(-1.,0.,0.));
#7434=DIRECTION('ref_axis',(0.,0.,-1.));
#7435=DIRECTION('',(0.,0.,-1.));
#7436=DIRECTION('',(0.,-1.,0.));
#7437=DIRECTION('center_axis',(0.,0.,-1.));
#7438=DIRECTION('ref_axis',(1.,0.,0.));
#7439=DIRECTION('',(1.,0.,0.));
#7440=DIRECTION('',(0.,-1.,0.));
#7441=DIRECTION('center_axis',(-1.,0.,0.));
#7442=DIRECTION('ref_axis',(0.,0.,-1.));
#7443=DIRECTION('',(0.,0.,-1.));
#7444=DIRECTION('center_axis',(0.,-1.,0.));
#7445=DIRECTION('ref_axis',(0.,0.,-1.));
#7446=DIRECTION('center_axis',(0.,1.,0.));
#7447=DIRECTION('ref_axis',(0.,0.,1.));
#7448=DIRECTION('',(-0.290044923318726,0.,0.957013031498022));
#7449=DIRECTION('',(-1.,0.,0.));
#7450=DIRECTION('',(-0.283175307881437,0.,-0.959068164942541));
#7451=DIRECTION('',(-1.,0.,0.));
#7452=DIRECTION('',(0.35182309319906,0.,0.936066509972366));
#7453=DIRECTION('',(1.,0.,0.));
#7454=DIRECTION('',(0.351753114282169,0.,-0.936092808749643));
#7455=DIRECTION('',(-1.,0.,0.));
#7456=DIRECTION('',(1.,0.,0.));
#7457=DIRECTION('',(-0.293520114793456,0.,0.955952897485873));
#7458=DIRECTION('',(-0.290719262252254,0.,-0.956808398037719));
#7459=DIRECTION('center_axis',(-0.955952897485873,0.,-0.293520114793456));
#7460=DIRECTION('ref_axis',(0.293520114793456,0.,-0.955952897485873));
#7461=DIRECTION('',(0.,1.,0.));
#7462=DIRECTION('',(0.293520114793456,0.,-0.955952897485873));
#7463=DIRECTION('',(0.,-1.,0.));
#7464=DIRECTION('center_axis',(0.956808398037718,0.,-0.290719262252254));
#7465=DIRECTION('ref_axis',(0.290719262252254,0.,0.956808398037719));
#7466=DIRECTION('',(0.290719262252254,0.,0.956808398037719));
#7467=DIRECTION('',(0.,-1.,0.));
#7468=DIRECTION('center_axis',(0.,0.,1.));
#7469=DIRECTION('ref_axis',(-1.,0.,0.));
#7470=DIRECTION('',(-1.,0.,0.));
#7471=DIRECTION('center_axis',(0.,0.,-1.));
#7472=DIRECTION('ref_axis',(1.,0.,0.));
#7473=DIRECTION('',(0.,1.,0.));
#7474=DIRECTION('',(1.,0.,0.));
#7475=DIRECTION('',(0.,-1.,0.));
#7476=DIRECTION('center_axis',(0.959068164942541,0.,-0.283175307881437));
#7477=DIRECTION('ref_axis',(0.283175307881437,0.,0.959068164942541));
#7478=DIRECTION('',(0.283175307881437,0.,0.959068164942541));
#7479=DIRECTION('',(0.,-1.,0.));
#7480=DIRECTION('center_axis',(0.,0.,-1.));
#7481=DIRECTION('ref_axis',(1.,0.,0.));
#7482=DIRECTION('',(1.,0.,0.));
#7483=DIRECTION('',(0.,-1.,0.));
#7484=DIRECTION('center_axis',(-0.936066509972366,0.,0.35182309319906));
#7485=DIRECTION('ref_axis',(-0.35182309319906,0.,-0.936066509972366));
#7486=DIRECTION('',(-0.35182309319906,0.,-0.936066509972366));
#7487=DIRECTION('',(0.,-1.,0.));
#7488=DIRECTION('center_axis',(0.,0.,1.));
#7489=DIRECTION('ref_axis',(-1.,0.,0.));
#7490=DIRECTION('',(-1.,0.,0.));
#7491=DIRECTION('',(0.,-1.,0.));
#7492=DIRECTION('center_axis',(0.936092808749643,0.,0.351753114282169));
#7493=DIRECTION('ref_axis',(-0.351753114282169,0.,0.936092808749643));
#7494=DIRECTION('',(-0.351753114282169,0.,0.936092808749643));
#7495=DIRECTION('',(0.,-1.,0.));
#7496=DIRECTION('center_axis',(0.,0.,-1.));
#7497=DIRECTION('ref_axis',(1.,0.,0.));
#7498=DIRECTION('',(1.,0.,0.));
#7499=DIRECTION('',(0.,-1.,0.));
#7500=DIRECTION('center_axis',(-0.957013031498022,0.,-0.290044923318726));
#7501=DIRECTION('ref_axis',(0.290044923318726,0.,-0.957013031498022));
#7502=DIRECTION('',(0.290044923318726,0.,-0.957013031498022));
#7503=DIRECTION('center_axis',(0.,-1.,0.));
#7504=DIRECTION('ref_axis',(0.,0.,-1.));
#7505=DIRECTION('center_axis',(0.,1.,0.));
#7506=DIRECTION('ref_axis',(0.,0.,1.));
#7507=DIRECTION('',(-0.353307894630094,0.,0.935507098632635));
#7508=DIRECTION('',(1.,0.,0.));
#7509=DIRECTION('',(0.298493860915382,0.,-0.954411554307589));
#7510=DIRECTION('',(0.295011556952205,0.,0.955493684576008));
#7511=DIRECTION('',(1.,0.,0.));
#7512=DIRECTION('',(-0.348090709916649,0.,-0.937460856606676));
#7513=DIRECTION('',(-1.,0.,0.));
#7514=DIRECTION('center_axis',(0.,0.,1.));
#7515=DIRECTION('ref_axis',(-1.,0.,0.));
#7516=DIRECTION('',(0.,1.,0.));
#7517=DIRECTION('',(-1.,0.,0.));
#7518=DIRECTION('',(0.,-1.,0.));
#7519=DIRECTION('center_axis',(0.954411554307589,0.,0.298493860915382));
#7520=DIRECTION('ref_axis',(-0.298493860915382,0.,0.954411554307589));
#7521=DIRECTION('',(-0.298493860915382,0.,0.954411554307589));
#7522=DIRECTION('',(0.,-1.,0.));
#7523=DIRECTION('center_axis',(-0.955493684576008,0.,0.295011556952205));
#7524=DIRECTION('ref_axis',(-0.295011556952205,0.,-0.955493684576008));
#7525=DIRECTION('',(-0.295011556952205,0.,-0.955493684576008));
#7526=DIRECTION('',(0.,-1.,0.));
#7527=DIRECTION('center_axis',(0.,0.,1.));
#7528=DIRECTION('ref_axis',(-1.,0.,0.));
#7529=DIRECTION('',(-1.,0.,0.));
#7530=DIRECTION('',(0.,-1.,0.));
#7531=DIRECTION('center_axis',(0.937460856606676,0.,-0.348090709916649));
#7532=DIRECTION('ref_axis',(0.348090709916649,0.,0.937460856606676));
#7533=DIRECTION('',(0.348090709916649,0.,0.937460856606676));
#7534=DIRECTION('',(0.,-1.,0.));
#7535=DIRECTION('center_axis',(0.,0.,-1.));
#7536=DIRECTION('ref_axis',(1.,0.,0.));
#7537=DIRECTION('',(1.,0.,0.));
#7538=DIRECTION('',(0.,-1.,0.));
#7539=DIRECTION('center_axis',(-0.935507098632635,0.,-0.353307894630094));
#7540=DIRECTION('ref_axis',(0.353307894630094,0.,-0.935507098632635));
#7541=DIRECTION('',(0.353307894630094,0.,-0.935507098632635));
#7542=DIRECTION('center_axis',(0.,-1.,0.));
#7543=DIRECTION('ref_axis',(0.,0.,-1.));
#7544=DIRECTION('center_axis',(0.,1.,0.));
#7545=DIRECTION('ref_axis',(0.,0.,1.));
#7546=DIRECTION('',(0.,0.,1.));
#7547=DIRECTION('',(1.,0.,0.));
#7548=DIRECTION('',(0.,0.,-1.));
#7549=DIRECTION('',(-1.,0.,0.));
#7550=DIRECTION('center_axis',(0.,0.,1.));
#7551=DIRECTION('ref_axis',(-1.,0.,0.));
#7552=DIRECTION('',(0.,1.,0.));
#7553=DIRECTION('',(-1.,0.,0.));
#7554=DIRECTION('',(0.,-1.,0.));
#7555=DIRECTION('center_axis',(1.,0.,0.));
#7556=DIRECTION('ref_axis',(0.,0.,1.));
#7557=DIRECTION('',(0.,0.,1.));
#7558=DIRECTION('',(0.,-1.,0.));
#7559=DIRECTION('center_axis',(0.,0.,-1.));
#7560=DIRECTION('ref_axis',(1.,0.,0.));
#7561=DIRECTION('',(1.,0.,0.));
#7562=DIRECTION('',(0.,-1.,0.));
#7563=DIRECTION('center_axis',(-1.,0.,0.));
#7564=DIRECTION('ref_axis',(0.,0.,-1.));
#7565=DIRECTION('',(0.,0.,-1.));
#7566=DIRECTION('center_axis',(0.,-1.,0.));
#7567=DIRECTION('ref_axis',(0.,0.,-1.));
#7568=DIRECTION('center_axis',(0.,1.,0.));
#7569=DIRECTION('ref_axis',(0.,0.,1.));
#7570=DIRECTION('',(0.,0.,1.));
#7571=DIRECTION('',(1.,0.,0.));
#7572=DIRECTION('',(0.,0.,-1.));
#7573=DIRECTION('',(-1.,0.,0.));
#7574=DIRECTION('',(0.,0.,-1.));
#7575=DIRECTION('',(-1.,0.,0.));
#7576=DIRECTION('',(0.,0.,1.));
#7577=DIRECTION('',(-1.,0.,0.));
#7578=DIRECTION('center_axis',(0.,0.,1.));
#7579=DIRECTION('ref_axis',(-1.,0.,0.));
#7580=DIRECTION('',(0.,1.,0.));
#7581=DIRECTION('',(-1.,0.,0.));
#7582=DIRECTION('',(0.,-1.,0.));
#7583=DIRECTION('center_axis',(1.,0.,0.));
#7584=DIRECTION('ref_axis',(0.,0.,1.));
#7585=DIRECTION('',(0.,0.,1.));
#7586=DIRECTION('',(0.,-1.,0.));
#7587=DIRECTION('center_axis',(0.,0.,-1.));
#7588=DIRECTION('ref_axis',(1.,0.,0.));
#7589=DIRECTION('',(1.,0.,0.));
#7590=DIRECTION('',(0.,-1.,0.));
#7591=DIRECTION('center_axis',(1.,0.,0.));
#7592=DIRECTION('ref_axis',(0.,0.,1.));
#7593=DIRECTION('',(0.,0.,1.));
#7594=DIRECTION('',(0.,-1.,0.));
#7595=DIRECTION('center_axis',(0.,0.,-1.));
#7596=DIRECTION('ref_axis',(1.,0.,0.));
#7597=DIRECTION('',(1.,0.,0.));
#7598=DIRECTION('',(0.,-1.,0.));
#7599=DIRECTION('center_axis',(-1.,0.,0.));
#7600=DIRECTION('ref_axis',(0.,0.,-1.));
#7601=DIRECTION('',(0.,0.,-1.));
#7602=DIRECTION('',(0.,-1.,0.));
#7603=DIRECTION('center_axis',(0.,0.,-1.));
#7604=DIRECTION('ref_axis',(1.,0.,0.));
#7605=DIRECTION('',(1.,0.,0.));
#7606=DIRECTION('',(0.,-1.,0.));
#7607=DIRECTION('center_axis',(-1.,0.,0.));
#7608=DIRECTION('ref_axis',(0.,0.,-1.));
#7609=DIRECTION('',(0.,0.,-1.));
#7610=DIRECTION('center_axis',(0.,-1.,0.));
#7611=DIRECTION('ref_axis',(0.,0.,-1.));
#7612=DIRECTION('center_axis',(0.,-1.,0.));
#7613=DIRECTION('ref_axis',(0.,0.,-1.));
#7614=DIRECTION('',(0.998043554686996,0.,0.0625224995321329));
#7615=DIRECTION('',(-0.998290451096717,0.,-0.0584480559908841));
#7616=DIRECTION('center_axis',(-0.0625224995321329,0.,0.998043554686996));
#7617=DIRECTION('ref_axis',(-0.998043554686996,0.,-0.0625224995321329));
#7618=DIRECTION('',(0.,1.,0.));
#7619=DIRECTION('',(-0.998043554686996,0.,-0.0625224995321329));
#7620=DIRECTION('',(0.,-1.,0.));
#7621=DIRECTION('',(0.,-1.,0.));
#7622=DIRECTION('',(0.,-1.,0.));
#7623=DIRECTION('',(0.,-1.,0.));
#7624=DIRECTION('',(0.,-1.,0.));
#7625=DIRECTION('',(0.,-1.,0.));
#7626=DIRECTION('',(0.,-1.,0.));
#7627=DIRECTION('',(0.,-1.,0.));
#7628=DIRECTION('',(0.,-1.,0.));
#7629=DIRECTION('',(0.,-1.,0.));
#7630=DIRECTION('',(0.,-1.,0.));
#7631=DIRECTION('',(0.,-1.,0.));
#7632=DIRECTION('',(0.,-1.,0.));
#7633=DIRECTION('',(0.,-1.,0.));
#7634=DIRECTION('center_axis',(0.0584480559908841,0.,-0.998290451096717));
#7635=DIRECTION('ref_axis',(0.998290451096717,0.,0.0584480559908841));
#7636=DIRECTION('',(0.998290451096717,0.,0.0584480559908841));
#7637=DIRECTION('',(0.,-1.,0.));
#7638=DIRECTION('',(0.,-1.,0.));
#7639=DIRECTION('',(0.,-1.,0.));
#7640=DIRECTION('',(0.,-1.,0.));
#7641=DIRECTION('',(0.,-1.,0.));
#7642=DIRECTION('',(0.,-1.,0.));
#7643=DIRECTION('',(0.,-1.,0.));
#7644=DIRECTION('',(0.,-1.,0.));
#7645=DIRECTION('',(0.,-1.,0.));
#7646=DIRECTION('',(0.,-1.,0.));
#7647=DIRECTION('',(0.,-1.,0.));
#7648=DIRECTION('',(0.,-1.,0.));
#7649=DIRECTION('',(0.,-1.,0.));
#7650=DIRECTION('',(0.,-1.,0.));
#7651=DIRECTION('center_axis',(0.,-1.,0.));
#7652=DIRECTION('ref_axis',(0.,0.,-1.));
#7653=DIRECTION('center_axis',(0.,-1.,0.));
#7654=DIRECTION('ref_axis',(0.,0.,-1.));
#7655=DIRECTION('',(0.998043554686996,0.,0.0625224995321329));
#7656=DIRECTION('',(-0.998290451096717,0.,-0.0584480559908841));
#7657=DIRECTION('center_axis',(-0.0625224995321329,0.,0.998043554686996));
#7658=DIRECTION('ref_axis',(-0.998043554686996,0.,-0.0625224995321329));
#7659=DIRECTION('',(0.,1.,0.));
#7660=DIRECTION('',(-0.998043554686996,0.,-0.0625224995321329));
#7661=DIRECTION('',(0.,-1.,0.));
#7662=DIRECTION('',(0.,-1.,0.));
#7663=DIRECTION('',(0.,-1.,0.));
#7664=DIRECTION('',(0.,-1.,0.));
#7665=DIRECTION('',(0.,-1.,0.));
#7666=DIRECTION('',(0.,-1.,0.));
#7667=DIRECTION('',(0.,-1.,0.));
#7668=DIRECTION('',(0.,-1.,0.));
#7669=DIRECTION('',(0.,-1.,0.));
#7670=DIRECTION('',(0.,-1.,0.));
#7671=DIRECTION('',(0.,-1.,0.));
#7672=DIRECTION('',(0.,-1.,0.));
#7673=DIRECTION('',(0.,-1.,0.));
#7674=DIRECTION('',(0.,-1.,0.));
#7675=DIRECTION('center_axis',(0.0584480559908841,0.,-0.998290451096717));
#7676=DIRECTION('ref_axis',(0.998290451096717,0.,0.0584480559908841));
#7677=DIRECTION('',(0.998290451096717,0.,0.0584480559908841));
#7678=DIRECTION('',(0.,-1.,0.));
#7679=DIRECTION('',(0.,-1.,0.));
#7680=DIRECTION('',(0.,-1.,0.));
#7681=DIRECTION('',(0.,-1.,0.));
#7682=DIRECTION('',(0.,-1.,0.));
#7683=DIRECTION('',(0.,-1.,0.));
#7684=DIRECTION('',(0.,-1.,0.));
#7685=DIRECTION('',(0.,-1.,0.));
#7686=DIRECTION('',(0.,-1.,0.));
#7687=DIRECTION('',(0.,-1.,0.));
#7688=DIRECTION('',(0.,-1.,0.));
#7689=DIRECTION('',(0.,-1.,0.));
#7690=DIRECTION('',(0.,-1.,0.));
#7691=DIRECTION('',(0.,-1.,0.));
#7692=DIRECTION('center_axis',(0.,-1.,0.));
#7693=DIRECTION('ref_axis',(0.,0.,-1.));
#7694=CARTESIAN_POINT('',(0.,0.,0.));
#7695=CARTESIAN_POINT('Origin',(0.,240.,390.));
#7696=CARTESIAN_POINT('',(0.,240.,390.));
#7697=CARTESIAN_POINT('',(0.,120.,390.));
#7698=CARTESIAN_POINT('',(0.,240.,390.));
#7699=CARTESIAN_POINT('',(12.,120.,390.));
#7700=CARTESIAN_POINT('',(0.,120.,390.));
#7701=CARTESIAN_POINT('',(12.,240.,390.));
#7702=CARTESIAN_POINT('',(12.,240.,390.));
#7703=CARTESIAN_POINT('',(0.,240.,390.));
#7704=CARTESIAN_POINT('Origin',(0.,240.,0.));
#7705=CARTESIAN_POINT('',(0.,240.,0.));
#7706=CARTESIAN_POINT('',(0.,240.,0.));
#7707=CARTESIAN_POINT('',(12.,240.,0.));
#7708=CARTESIAN_POINT('',(12.,240.,0.));
#7709=CARTESIAN_POINT('',(0.,240.,0.));
#7710=CARTESIAN_POINT('Origin',(0.,10.,0.));
#7711=CARTESIAN_POINT('',(0.,10.,0.));
#7712=CARTESIAN_POINT('',(0.,10.,0.));
#7713=CARTESIAN_POINT('',(12.,10.,0.));
#7714=CARTESIAN_POINT('',(12.,10.,0.));
#7715=CARTESIAN_POINT('',(0.,10.,0.));
#7716=CARTESIAN_POINT('Origin',(0.,120.,390.));
#7717=CARTESIAN_POINT('',(0.,120.,390.));
#7718=CARTESIAN_POINT('',(12.,120.,390.));
#7719=CARTESIAN_POINT('Origin',(12.,125.,195.));
#7720=CARTESIAN_POINT('Origin',(0.,125.,195.));
#7721=CARTESIAN_POINT('Origin',(408.,240.,390.));
#7722=CARTESIAN_POINT('',(408.,240.,390.));
#7723=CARTESIAN_POINT('',(408.,120.,390.));
#7724=CARTESIAN_POINT('',(408.,240.,390.));
#7725=CARTESIAN_POINT('',(420.,120.,390.));
#7726=CARTESIAN_POINT('',(408.,120.,390.));
#7727=CARTESIAN_POINT('',(420.,240.,390.));
#7728=CARTESIAN_POINT('',(420.,240.,390.));
#7729=CARTESIAN_POINT('',(408.,240.,390.));
#7730=CARTESIAN_POINT('Origin',(408.,240.,0.));
#7731=CARTESIAN_POINT('',(408.,240.,0.));
#7732=CARTESIAN_POINT('',(408.,240.,0.));
#7733=CARTESIAN_POINT('',(420.,240.,0.));
#7734=CARTESIAN_POINT('',(420.,240.,0.));
#7735=CARTESIAN_POINT('',(408.,240.,0.));
#7736=CARTESIAN_POINT('Origin',(408.,10.,0.));
#7737=CARTESIAN_POINT('',(408.,10.,0.));
#7738=CARTESIAN_POINT('',(408.,10.,0.));
#7739=CARTESIAN_POINT('',(420.,10.,0.));
#7740=CARTESIAN_POINT('',(420.,10.,0.));
#7741=CARTESIAN_POINT('',(408.,10.,0.));
#7742=CARTESIAN_POINT('Origin',(408.,120.,390.));
#7743=CARTESIAN_POINT('',(408.,120.,390.));
#7744=CARTESIAN_POINT('',(420.,120.,390.));
#7745=CARTESIAN_POINT('Origin',(420.,125.,195.));
#7746=CARTESIAN_POINT('Origin',(408.,125.,195.));
#7747=CARTESIAN_POINT('Origin',(12.,226.,12.));
#7748=CARTESIAN_POINT('',(12.,226.,12.));
#7749=CARTESIAN_POINT('',(12.,14.,12.));
#7750=CARTESIAN_POINT('',(12.,226.,12.));
#7751=CARTESIAN_POINT('',(408.,14.,12.));
#7752=CARTESIAN_POINT('',(12.,14.,12.));
#7753=CARTESIAN_POINT('',(408.,226.,12.));
#7754=CARTESIAN_POINT('',(408.,226.,12.));
#7755=CARTESIAN_POINT('',(12.,226.,12.));
#7756=CARTESIAN_POINT('Origin',(12.,226.,0.));
#7757=CARTESIAN_POINT('',(12.,226.,0.));
#7758=CARTESIAN_POINT('',(12.,226.,0.));
#7759=CARTESIAN_POINT('',(408.,226.,0.));
#7760=CARTESIAN_POINT('',(408.,226.,0.));
#7761=CARTESIAN_POINT('',(12.,226.,0.));
#7762=CARTESIAN_POINT('Origin',(12.,14.,0.));
#7763=CARTESIAN_POINT('',(12.,14.,0.));
#7764=CARTESIAN_POINT('',(12.,14.,0.));
#7765=CARTESIAN_POINT('',(408.,14.,0.));
#7766=CARTESIAN_POINT('',(408.,14.,0.));
#7767=CARTESIAN_POINT('',(12.,14.,0.));
#7768=CARTESIAN_POINT('Origin',(12.,14.,12.));
#7769=CARTESIAN_POINT('',(12.,14.,12.));
#7770=CARTESIAN_POINT('',(408.,14.,12.));
#7771=CARTESIAN_POINT('Origin',(408.,120.,6.));
#7772=CARTESIAN_POINT('Origin',(12.,120.,6.));
#7773=CARTESIAN_POINT('Origin',(12.,232.,382.));
#7774=CARTESIAN_POINT('',(12.,232.,382.));
#7775=CARTESIAN_POINT('',(12.,226.,382.));
#7776=CARTESIAN_POINT('',(12.,232.,382.));
#7777=CARTESIAN_POINT('',(408.,226.,382.));
#7778=CARTESIAN_POINT('',(12.,226.,382.));
#7779=CARTESIAN_POINT('',(408.,232.,382.));
#7780=CARTESIAN_POINT('',(408.,232.,382.));
#7781=CARTESIAN_POINT('',(12.,232.,382.));
#7782=CARTESIAN_POINT('Origin',(12.,232.,12.));
#7783=CARTESIAN_POINT('',(12.,232.,12.));
#7784=CARTESIAN_POINT('',(12.,232.,12.));
#7785=CARTESIAN_POINT('',(408.,232.,12.));
#7786=CARTESIAN_POINT('',(408.,232.,12.));
#7787=CARTESIAN_POINT('',(12.,232.,12.));
#7788=CARTESIAN_POINT('Origin',(12.,226.,12.));
#7789=CARTESIAN_POINT('',(12.,226.,12.));
#7790=CARTESIAN_POINT('',(12.,226.,12.));
#7791=CARTESIAN_POINT('',(408.,226.,12.));
#7792=CARTESIAN_POINT('',(408.,226.,12.));
#7793=CARTESIAN_POINT('',(12.,226.,12.));
#7794=CARTESIAN_POINT('Origin',(12.,226.,382.));
#7795=CARTESIAN_POINT('',(12.,226.,382.));
#7796=CARTESIAN_POINT('',(408.,226.,382.));
#7797=CARTESIAN_POINT('Origin',(408.,229.,197.));
#7798=CARTESIAN_POINT('Origin',(12.,229.,197.));
#7799=CARTESIAN_POINT('Origin',(12.,240.,390.));
#7800=CARTESIAN_POINT('',(12.,240.,390.));
#7801=CARTESIAN_POINT('',(12.,118.,390.));
#7802=CARTESIAN_POINT('',(12.,240.,390.));
#7803=CARTESIAN_POINT('',(408.,118.,390.));
#7804=CARTESIAN_POINT('',(12.,118.,390.));
#7805=CARTESIAN_POINT('',(408.,240.,390.));
#7806=CARTESIAN_POINT('',(408.,240.,390.));
#7807=CARTESIAN_POINT('',(12.,240.,390.));
#7808=CARTESIAN_POINT('Origin',(12.,240.,378.));
#7809=CARTESIAN_POINT('',(12.,240.,378.));
#7810=CARTESIAN_POINT('',(12.,240.,378.));
#7811=CARTESIAN_POINT('',(408.,240.,378.));
#7812=CARTESIAN_POINT('',(408.,240.,378.));
#7813=CARTESIAN_POINT('',(12.,240.,378.));
#7814=CARTESIAN_POINT('Origin',(12.,118.,378.));
#7815=CARTESIAN_POINT('',(12.,118.,378.));
#7816=CARTESIAN_POINT('',(12.,118.,378.));
#7817=CARTESIAN_POINT('',(408.,118.,378.));
#7818=CARTESIAN_POINT('',(408.,118.,378.));
#7819=CARTESIAN_POINT('',(12.,118.,378.));
#7820=CARTESIAN_POINT('Origin',(12.,118.,390.));
#7821=CARTESIAN_POINT('',(12.,118.,390.));
#7822=CARTESIAN_POINT('',(408.,118.,390.));
#7823=CARTESIAN_POINT('Origin',(408.,179.,384.));
#7824=CARTESIAN_POINT('Origin',(12.,179.,384.));
#7825=CARTESIAN_POINT('Origin',(12.,26.,50.));
#7826=CARTESIAN_POINT('',(12.,26.,38.));
#7827=CARTESIAN_POINT('',(12.,26.,50.));
#7828=CARTESIAN_POINT('',(12.,26.,38.));
#7829=CARTESIAN_POINT('',(408.,26.,38.));
#7830=CARTESIAN_POINT('',(12.,26.,38.));
#7831=CARTESIAN_POINT('',(408.,26.,50.));
#7832=CARTESIAN_POINT('',(408.,26.,38.));
#7833=CARTESIAN_POINT('',(12.,26.,50.));
#7834=CARTESIAN_POINT('Origin',(12.,226.,92.));
#7835=CARTESIAN_POINT('',(12.,226.,92.));
#7836=CARTESIAN_POINT('',(12.,26.,50.));
#7837=CARTESIAN_POINT('',(408.,226.,92.));
#7838=CARTESIAN_POINT('',(408.,26.,50.));
#7839=CARTESIAN_POINT('',(12.,226.,92.));
#7840=CARTESIAN_POINT('Origin',(12.,226.,80.));
#7841=CARTESIAN_POINT('',(12.,226.,80.));
#7842=CARTESIAN_POINT('',(12.,226.,92.));
#7843=CARTESIAN_POINT('',(408.,226.,80.));
#7844=CARTESIAN_POINT('',(408.,226.,92.));
#7845=CARTESIAN_POINT('',(12.,226.,80.));
#7846=CARTESIAN_POINT('Origin',(12.,26.,38.));
#7847=CARTESIAN_POINT('',(12.,226.,80.));
#7848=CARTESIAN_POINT('',(408.,226.,80.));
#7849=CARTESIAN_POINT('Origin',(408.,126.,65.));
#7850=CARTESIAN_POINT('Origin',(12.,126.,65.));
#7851=CARTESIAN_POINT('Origin',(12.,38.,98.));
#7852=CARTESIAN_POINT('',(12.,38.,98.));
#7853=CARTESIAN_POINT('',(12.,26.,98.));
#7854=CARTESIAN_POINT('',(12.,38.,98.));
#7855=CARTESIAN_POINT('',(408.,26.,98.));
#7856=CARTESIAN_POINT('',(12.,26.,98.));
#7857=CARTESIAN_POINT('',(408.,38.,98.));
#7858=CARTESIAN_POINT('',(408.,38.,98.));
#7859=CARTESIAN_POINT('',(12.,38.,98.));
#7860=CARTESIAN_POINT('Origin',(12.,38.,50.));
#7861=CARTESIAN_POINT('',(12.,38.,50.));
#7862=CARTESIAN_POINT('',(12.,38.,50.));
#7863=CARTESIAN_POINT('',(408.,38.,50.));
#7864=CARTESIAN_POINT('',(408.,38.,50.));
#7865=CARTESIAN_POINT('',(12.,38.,50.));
#7866=CARTESIAN_POINT('Origin',(12.,26.,50.));
#7867=CARTESIAN_POINT('',(12.,26.,50.));
#7868=CARTESIAN_POINT('',(12.,26.,50.));
#7869=CARTESIAN_POINT('',(408.,26.,50.));
#7870=CARTESIAN_POINT('',(408.,26.,50.));
#7871=CARTESIAN_POINT('',(12.,26.,50.));
#7872=CARTESIAN_POINT('Origin',(12.,26.,98.));
#7873=CARTESIAN_POINT('',(12.,26.,98.));
#7874=CARTESIAN_POINT('',(408.,26.,98.));
#7875=CARTESIAN_POINT('Origin',(408.,32.,74.));
#7876=CARTESIAN_POINT('Origin',(12.,32.,74.));
#7877=CARTESIAN_POINT('Origin',(12.,57.,160.));
#7878=CARTESIAN_POINT('',(12.,57.,148.));
#7879=CARTESIAN_POINT('',(12.,57.,160.));
#7880=CARTESIAN_POINT('',(12.,57.,148.));
#7881=CARTESIAN_POINT('',(408.,57.,148.));
#7882=CARTESIAN_POINT('',(12.,57.,148.));
#7883=CARTESIAN_POINT('',(408.,57.,160.));
#7884=CARTESIAN_POINT('',(408.,57.,148.));
#7885=CARTESIAN_POINT('',(12.,57.,160.));
#7886=CARTESIAN_POINT('Origin',(12.,226.,196.));
#7887=CARTESIAN_POINT('',(12.,226.,196.));
#7888=CARTESIAN_POINT('',(12.,57.,160.));
#7889=CARTESIAN_POINT('',(408.,226.,196.));
#7890=CARTESIAN_POINT('',(408.,57.,160.));
#7891=CARTESIAN_POINT('',(12.,226.,196.));
#7892=CARTESIAN_POINT('Origin',(12.,226.,184.));
#7893=CARTESIAN_POINT('',(12.,226.,184.));
#7894=CARTESIAN_POINT('',(12.,226.,196.));
#7895=CARTESIAN_POINT('',(408.,226.,184.));
#7896=CARTESIAN_POINT('',(408.,226.,196.));
#7897=CARTESIAN_POINT('',(12.,226.,184.));
#7898=CARTESIAN_POINT('Origin',(12.,57.,148.));
#7899=CARTESIAN_POINT('',(12.,226.,184.));
#7900=CARTESIAN_POINT('',(408.,226.,184.));
#7901=CARTESIAN_POINT('Origin',(408.,141.5,172.));
#7902=CARTESIAN_POINT('Origin',(12.,141.5,172.));
#7903=CARTESIAN_POINT('Origin',(12.,69.,208.));
#7904=CARTESIAN_POINT('',(12.,69.,208.));
#7905=CARTESIAN_POINT('',(12.,57.,208.));
#7906=CARTESIAN_POINT('',(12.,69.,208.));
#7907=CARTESIAN_POINT('',(408.,57.,208.));
#7908=CARTESIAN_POINT('',(12.,57.,208.));
#7909=CARTESIAN_POINT('',(408.,69.,208.));
#7910=CARTESIAN_POINT('',(408.,69.,208.));
#7911=CARTESIAN_POINT('',(12.,69.,208.));
#7912=CARTESIAN_POINT('Origin',(12.,69.,160.));
#7913=CARTESIAN_POINT('',(12.,69.,160.));
#7914=CARTESIAN_POINT('',(12.,69.,160.));
#7915=CARTESIAN_POINT('',(408.,69.,160.));
#7916=CARTESIAN_POINT('',(408.,69.,160.));
#7917=CARTESIAN_POINT('',(12.,69.,160.));
#7918=CARTESIAN_POINT('Origin',(12.,57.,160.));
#7919=CARTESIAN_POINT('',(12.,57.,160.));
#7920=CARTESIAN_POINT('',(12.,57.,160.));
#7921=CARTESIAN_POINT('',(408.,57.,160.));
#7922=CARTESIAN_POINT('',(408.,57.,160.));
#7923=CARTESIAN_POINT('',(12.,57.,160.));
#7924=CARTESIAN_POINT('Origin',(12.,57.,208.));
#7925=CARTESIAN_POINT('',(12.,57.,208.));
#7926=CARTESIAN_POINT('',(408.,57.,208.));
#7927=CARTESIAN_POINT('Origin',(408.,63.,184.));
#7928=CARTESIAN_POINT('Origin',(12.,63.,184.));
#7929=CARTESIAN_POINT('Origin',(12.,88.,270.));
#7930=CARTESIAN_POINT('',(12.,88.,258.));
#7931=CARTESIAN_POINT('',(12.,88.,270.));
#7932=CARTESIAN_POINT('',(12.,88.,258.));
#7933=CARTESIAN_POINT('',(408.,88.,258.));
#7934=CARTESIAN_POINT('',(12.,88.,258.));
#7935=CARTESIAN_POINT('',(408.,88.,270.));
#7936=CARTESIAN_POINT('',(408.,88.,258.));
#7937=CARTESIAN_POINT('',(12.,88.,270.));
#7938=CARTESIAN_POINT('Origin',(12.,226.,299.));
#7939=CARTESIAN_POINT('',(12.,226.,299.));
#7940=CARTESIAN_POINT('',(12.,88.,270.));
#7941=CARTESIAN_POINT('',(408.,226.,299.));
#7942=CARTESIAN_POINT('',(408.,88.,270.));
#7943=CARTESIAN_POINT('',(12.,226.,299.));
#7944=CARTESIAN_POINT('Origin',(12.,226.,287.));
#7945=CARTESIAN_POINT('',(12.,226.,287.));
#7946=CARTESIAN_POINT('',(12.,226.,299.));
#7947=CARTESIAN_POINT('',(408.,226.,287.));
#7948=CARTESIAN_POINT('',(408.,226.,299.));
#7949=CARTESIAN_POINT('',(12.,226.,287.));
#7950=CARTESIAN_POINT('Origin',(12.,88.,258.));
#7951=CARTESIAN_POINT('',(12.,226.,287.));
#7952=CARTESIAN_POINT('',(408.,226.,287.));
#7953=CARTESIAN_POINT('Origin',(408.,157.,278.5));
#7954=CARTESIAN_POINT('Origin',(12.,157.,278.5));
#7955=CARTESIAN_POINT('Origin',(12.,100.,318.));
#7956=CARTESIAN_POINT('',(12.,100.,318.));
#7957=CARTESIAN_POINT('',(12.,88.,318.));
#7958=CARTESIAN_POINT('',(12.,100.,318.));
#7959=CARTESIAN_POINT('',(408.,88.,318.));
#7960=CARTESIAN_POINT('',(12.,88.,318.));
#7961=CARTESIAN_POINT('',(408.,100.,318.));
#7962=CARTESIAN_POINT('',(408.,100.,318.));
#7963=CARTESIAN_POINT('',(12.,100.,318.));
#7964=CARTESIAN_POINT('Origin',(12.,100.,270.));
#7965=CARTESIAN_POINT('',(12.,100.,270.));
#7966=CARTESIAN_POINT('',(12.,100.,270.));
#7967=CARTESIAN_POINT('',(408.,100.,270.));
#7968=CARTESIAN_POINT('',(408.,100.,270.));
#7969=CARTESIAN_POINT('',(12.,100.,270.));
#7970=CARTESIAN_POINT('Origin',(12.,88.,270.));
#7971=CARTESIAN_POINT('',(12.,88.,270.));
#7972=CARTESIAN_POINT('',(12.,88.,270.));
#7973=CARTESIAN_POINT('',(408.,88.,270.));
#7974=CARTESIAN_POINT('',(408.,88.,270.));
#7975=CARTESIAN_POINT('',(12.,88.,270.));
#7976=CARTESIAN_POINT('Origin',(12.,88.,318.));
#7977=CARTESIAN_POINT('',(12.,88.,318.));
#7978=CARTESIAN_POINT('',(408.,88.,318.));
#7979=CARTESIAN_POINT('Origin',(408.,94.,294.));
#7980=CARTESIAN_POINT('Origin',(12.,94.,294.));
#7981=CARTESIAN_POINT('Origin',(141.,226.,177.));
#7982=CARTESIAN_POINT('',(141.,226.,177.));
#7983=CARTESIAN_POINT('',(141.,38.,137.));
#7984=CARTESIAN_POINT('',(141.,226.,177.));
#7985=CARTESIAN_POINT('',(147.,38.,137.));
#7986=CARTESIAN_POINT('',(141.,38.,137.));
#7987=CARTESIAN_POINT('',(147.,226.,177.));
#7988=CARTESIAN_POINT('',(147.,226.,177.));
#7989=CARTESIAN_POINT('',(141.,226.,177.));
#7990=CARTESIAN_POINT('Origin',(141.,226.,92.));
#7991=CARTESIAN_POINT('',(141.,226.,92.));
#7992=CARTESIAN_POINT('',(141.,226.,92.));
#7993=CARTESIAN_POINT('',(147.,226.,92.));
#7994=CARTESIAN_POINT('',(147.,226.,92.));
#7995=CARTESIAN_POINT('',(141.,226.,92.));
#7996=CARTESIAN_POINT('Origin',(141.,38.,52.));
#7997=CARTESIAN_POINT('',(141.,38.,52.));
#7998=CARTESIAN_POINT('',(141.,38.,52.));
#7999=CARTESIAN_POINT('',(147.,38.,52.));
#8000=CARTESIAN_POINT('',(147.,38.,52.));
#8001=CARTESIAN_POINT('',(141.,38.,52.));
#8002=CARTESIAN_POINT('Origin',(141.,38.,137.));
#8003=CARTESIAN_POINT('',(141.,38.,137.));
#8004=CARTESIAN_POINT('',(147.,38.,137.));
#8005=CARTESIAN_POINT('Origin',(147.,132.,114.5));
#8006=CARTESIAN_POINT('Origin',(141.,132.,114.5));
#8007=CARTESIAN_POINT('Origin',(273.,226.,177.));
#8008=CARTESIAN_POINT('',(273.,226.,177.));
#8009=CARTESIAN_POINT('',(273.,38.,137.));
#8010=CARTESIAN_POINT('',(273.,226.,177.));
#8011=CARTESIAN_POINT('',(279.,38.,137.));
#8012=CARTESIAN_POINT('',(273.,38.,137.));
#8013=CARTESIAN_POINT('',(279.,226.,177.));
#8014=CARTESIAN_POINT('',(279.,226.,177.));
#8015=CARTESIAN_POINT('',(273.,226.,177.));
#8016=CARTESIAN_POINT('Origin',(273.,226.,92.));
#8017=CARTESIAN_POINT('',(273.,226.,92.));
#8018=CARTESIAN_POINT('',(273.,226.,92.));
#8019=CARTESIAN_POINT('',(279.,226.,92.));
#8020=CARTESIAN_POINT('',(279.,226.,92.));
#8021=CARTESIAN_POINT('',(273.,226.,92.));
#8022=CARTESIAN_POINT('Origin',(273.,38.,52.));
#8023=CARTESIAN_POINT('',(273.,38.,52.));
#8024=CARTESIAN_POINT('',(273.,38.,52.));
#8025=CARTESIAN_POINT('',(279.,38.,52.));
#8026=CARTESIAN_POINT('',(279.,38.,52.));
#8027=CARTESIAN_POINT('',(273.,38.,52.));
#8028=CARTESIAN_POINT('Origin',(273.,38.,137.));
#8029=CARTESIAN_POINT('',(273.,38.,137.));
#8030=CARTESIAN_POINT('',(279.,38.,137.));
#8031=CARTESIAN_POINT('Origin',(279.,132.,114.5));
#8032=CARTESIAN_POINT('Origin',(273.,132.,114.5));
#8033=CARTESIAN_POINT('Origin',(141.,226.,281.));
#8034=CARTESIAN_POINT('',(141.,226.,281.));
#8035=CARTESIAN_POINT('',(141.,69.,247.));
#8036=CARTESIAN_POINT('',(141.,226.,281.));
#8037=CARTESIAN_POINT('',(147.,69.,247.));
#8038=CARTESIAN_POINT('',(141.,69.,247.));
#8039=CARTESIAN_POINT('',(147.,226.,281.));
#8040=CARTESIAN_POINT('',(147.,226.,281.));
#8041=CARTESIAN_POINT('',(141.,226.,281.));
#8042=CARTESIAN_POINT('Origin',(141.,226.,196.));
#8043=CARTESIAN_POINT('',(141.,226.,196.));
#8044=CARTESIAN_POINT('',(141.,226.,196.));
#8045=CARTESIAN_POINT('',(147.,226.,196.));
#8046=CARTESIAN_POINT('',(147.,226.,196.));
#8047=CARTESIAN_POINT('',(141.,226.,196.));
#8048=CARTESIAN_POINT('Origin',(141.,69.,162.));
#8049=CARTESIAN_POINT('',(141.,69.,162.));
#8050=CARTESIAN_POINT('',(141.,69.,162.));
#8051=CARTESIAN_POINT('',(147.,69.,162.));
#8052=CARTESIAN_POINT('',(147.,69.,162.));
#8053=CARTESIAN_POINT('',(141.,69.,162.));
#8054=CARTESIAN_POINT('Origin',(141.,69.,247.));
#8055=CARTESIAN_POINT('',(141.,69.,247.));
#8056=CARTESIAN_POINT('',(147.,69.,247.));
#8057=CARTESIAN_POINT('Origin',(147.,147.5,221.5));
#8058=CARTESIAN_POINT('Origin',(141.,147.5,221.5));
#8059=CARTESIAN_POINT('Origin',(273.,226.,281.));
#8060=CARTESIAN_POINT('',(273.,226.,281.));
#8061=CARTESIAN_POINT('',(273.,69.,247.));
#8062=CARTESIAN_POINT('',(273.,226.,281.));
#8063=CARTESIAN_POINT('',(279.,69.,247.));
#8064=CARTESIAN_POINT('',(273.,69.,247.));
#8065=CARTESIAN_POINT('',(279.,226.,281.));
#8066=CARTESIAN_POINT('',(279.,226.,281.));
#8067=CARTESIAN_POINT('',(273.,226.,281.));
#8068=CARTESIAN_POINT('Origin',(273.,226.,196.));
#8069=CARTESIAN_POINT('',(273.,226.,196.));
#8070=CARTESIAN_POINT('',(273.,226.,196.));
#8071=CARTESIAN_POINT('',(279.,226.,196.));
#8072=CARTESIAN_POINT('',(279.,226.,196.));
#8073=CARTESIAN_POINT('',(273.,226.,196.));
#8074=CARTESIAN_POINT('Origin',(273.,69.,162.));
#8075=CARTESIAN_POINT('',(273.,69.,162.));
#8076=CARTESIAN_POINT('',(273.,69.,162.));
#8077=CARTESIAN_POINT('',(279.,69.,162.));
#8078=CARTESIAN_POINT('',(279.,69.,162.));
#8079=CARTESIAN_POINT('',(273.,69.,162.));
#8080=CARTESIAN_POINT('Origin',(273.,69.,247.));
#8081=CARTESIAN_POINT('',(273.,69.,247.));
#8082=CARTESIAN_POINT('',(279.,69.,247.));
#8083=CARTESIAN_POINT('Origin',(279.,147.5,221.5));
#8084=CARTESIAN_POINT('Origin',(273.,147.5,221.5));
#8085=CARTESIAN_POINT('Origin',(141.,226.,369.));
#8086=CARTESIAN_POINT('',(141.,226.,369.));
#8087=CARTESIAN_POINT('',(141.,100.,342.));
#8088=CARTESIAN_POINT('',(141.,226.,369.));
#8089=CARTESIAN_POINT('',(147.,100.,342.));
#8090=CARTESIAN_POINT('',(141.,100.,342.));
#8091=CARTESIAN_POINT('',(147.,226.,369.));
#8092=CARTESIAN_POINT('',(147.,226.,369.));
#8093=CARTESIAN_POINT('',(141.,226.,369.));
#8094=CARTESIAN_POINT('Origin',(141.,226.,299.));
#8095=CARTESIAN_POINT('',(141.,226.,299.));
#8096=CARTESIAN_POINT('',(141.,226.,299.));
#8097=CARTESIAN_POINT('',(147.,226.,299.));
#8098=CARTESIAN_POINT('',(147.,226.,299.));
#8099=CARTESIAN_POINT('',(141.,226.,299.));
#8100=CARTESIAN_POINT('Origin',(141.,100.,272.));
#8101=CARTESIAN_POINT('',(141.,100.,272.));
#8102=CARTESIAN_POINT('',(141.,100.,272.));
#8103=CARTESIAN_POINT('',(147.,100.,272.));
#8104=CARTESIAN_POINT('',(147.,100.,272.));
#8105=CARTESIAN_POINT('',(141.,100.,272.));
#8106=CARTESIAN_POINT('Origin',(141.,100.,342.));
#8107=CARTESIAN_POINT('',(141.,100.,342.));
#8108=CARTESIAN_POINT('',(147.,100.,342.));
#8109=CARTESIAN_POINT('Origin',(147.,163.,320.5));
#8110=CARTESIAN_POINT('Origin',(141.,163.,320.5));
#8111=CARTESIAN_POINT('Origin',(273.,226.,369.));
#8112=CARTESIAN_POINT('',(273.,226.,369.));
#8113=CARTESIAN_POINT('',(273.,100.,342.));
#8114=CARTESIAN_POINT('',(273.,226.,369.));
#8115=CARTESIAN_POINT('',(279.,100.,342.));
#8116=CARTESIAN_POINT('',(273.,100.,342.));
#8117=CARTESIAN_POINT('',(279.,226.,369.));
#8118=CARTESIAN_POINT('',(279.,226.,369.));
#8119=CARTESIAN_POINT('',(273.,226.,369.));
#8120=CARTESIAN_POINT('Origin',(273.,226.,299.));
#8121=CARTESIAN_POINT('',(273.,226.,299.));
#8122=CARTESIAN_POINT('',(273.,226.,299.));
#8123=CARTESIAN_POINT('',(279.,226.,299.));
#8124=CARTESIAN_POINT('',(279.,226.,299.));
#8125=CARTESIAN_POINT('',(273.,226.,299.));
#8126=CARTESIAN_POINT('Origin',(273.,100.,272.));
#8127=CARTESIAN_POINT('',(273.,100.,272.));
#8128=CARTESIAN_POINT('',(273.,100.,272.));
#8129=CARTESIAN_POINT('',(279.,100.,272.));
#8130=CARTESIAN_POINT('',(279.,100.,272.));
#8131=CARTESIAN_POINT('',(273.,100.,272.));
#8132=CARTESIAN_POINT('Origin',(273.,100.,342.));
#8133=CARTESIAN_POINT('',(273.,100.,342.));
#8134=CARTESIAN_POINT('',(279.,100.,342.));
#8135=CARTESIAN_POINT('Origin',(279.,163.,320.5));
#8136=CARTESIAN_POINT('Origin',(273.,163.,320.5));
#8137=CARTESIAN_POINT('Origin',(40.,26.,96.));
#8138=CARTESIAN_POINT('',(40.,26.,96.));
#8139=CARTESIAN_POINT('',(40.,24.,96.));
#8140=CARTESIAN_POINT('',(40.,26.,96.));
#8141=CARTESIAN_POINT('',(380.,24.,96.));
#8142=CARTESIAN_POINT('',(40.,24.,96.));
#8143=CARTESIAN_POINT('',(380.,26.,96.));
#8144=CARTESIAN_POINT('',(380.,26.,96.));
#8145=CARTESIAN_POINT('',(40.,26.,96.));
#8146=CARTESIAN_POINT('Origin',(40.,26.,86.));
#8147=CARTESIAN_POINT('',(40.,26.,86.));
#8148=CARTESIAN_POINT('',(40.,26.,86.));
#8149=CARTESIAN_POINT('',(380.,26.,86.));
#8150=CARTESIAN_POINT('',(380.,26.,86.));
#8151=CARTESIAN_POINT('',(40.,26.,86.));
#8152=CARTESIAN_POINT('Origin',(40.,24.,86.));
#8153=CARTESIAN_POINT('',(40.,24.,86.));
#8154=CARTESIAN_POINT('',(40.,24.,86.));
#8155=CARTESIAN_POINT('',(380.,24.,86.));
#8156=CARTESIAN_POINT('',(380.,24.,86.));
#8157=CARTESIAN_POINT('',(40.,24.,86.));
#8158=CARTESIAN_POINT('Origin',(40.,24.,96.));
#8159=CARTESIAN_POINT('',(40.,24.,96.));
#8160=CARTESIAN_POINT('',(380.,24.,96.));
#8161=CARTESIAN_POINT('Origin',(380.,25.,91.));
#8162=CARTESIAN_POINT('Origin',(40.,25.,91.));
#8163=CARTESIAN_POINT('Origin',(40.,57.,206.));
#8164=CARTESIAN_POINT('',(40.,57.,206.));
#8165=CARTESIAN_POINT('',(40.,55.,206.));
#8166=CARTESIAN_POINT('',(40.,57.,206.));
#8167=CARTESIAN_POINT('',(380.,55.,206.));
#8168=CARTESIAN_POINT('',(40.,55.,206.));
#8169=CARTESIAN_POINT('',(380.,57.,206.));
#8170=CARTESIAN_POINT('',(380.,57.,206.));
#8171=CARTESIAN_POINT('',(40.,57.,206.));
#8172=CARTESIAN_POINT('Origin',(40.,57.,196.));
#8173=CARTESIAN_POINT('',(40.,57.,196.));
#8174=CARTESIAN_POINT('',(40.,57.,196.));
#8175=CARTESIAN_POINT('',(380.,57.,196.));
#8176=CARTESIAN_POINT('',(380.,57.,196.));
#8177=CARTESIAN_POINT('',(40.,57.,196.));
#8178=CARTESIAN_POINT('Origin',(40.,55.,196.));
#8179=CARTESIAN_POINT('',(40.,55.,196.));
#8180=CARTESIAN_POINT('',(40.,55.,196.));
#8181=CARTESIAN_POINT('',(380.,55.,196.));
#8182=CARTESIAN_POINT('',(380.,55.,196.));
#8183=CARTESIAN_POINT('',(40.,55.,196.));
#8184=CARTESIAN_POINT('Origin',(40.,55.,206.));
#8185=CARTESIAN_POINT('',(40.,55.,206.));
#8186=CARTESIAN_POINT('',(380.,55.,206.));
#8187=CARTESIAN_POINT('Origin',(380.,56.,201.));
#8188=CARTESIAN_POINT('Origin',(40.,56.,201.));
#8189=CARTESIAN_POINT('Origin',(40.,88.,316.));
#8190=CARTESIAN_POINT('',(40.,88.,316.));
#8191=CARTESIAN_POINT('',(40.,86.,316.));
#8192=CARTESIAN_POINT('',(40.,88.,316.));
#8193=CARTESIAN_POINT('',(380.,86.,316.));
#8194=CARTESIAN_POINT('',(40.,86.,316.));
#8195=CARTESIAN_POINT('',(380.,88.,316.));
#8196=CARTESIAN_POINT('',(380.,88.,316.));
#8197=CARTESIAN_POINT('',(40.,88.,316.));
#8198=CARTESIAN_POINT('Origin',(40.,88.,306.));
#8199=CARTESIAN_POINT('',(40.,88.,306.));
#8200=CARTESIAN_POINT('',(40.,88.,306.));
#8201=CARTESIAN_POINT('',(380.,88.,306.));
#8202=CARTESIAN_POINT('',(380.,88.,306.));
#8203=CARTESIAN_POINT('',(40.,88.,306.));
#8204=CARTESIAN_POINT('Origin',(40.,86.,306.));
#8205=CARTESIAN_POINT('',(40.,86.,306.));
#8206=CARTESIAN_POINT('',(40.,86.,306.));
#8207=CARTESIAN_POINT('',(380.,86.,306.));
#8208=CARTESIAN_POINT('',(380.,86.,306.));
#8209=CARTESIAN_POINT('',(40.,86.,306.));
#8210=CARTESIAN_POINT('Origin',(40.,86.,316.));
#8211=CARTESIAN_POINT('',(40.,86.,316.));
#8212=CARTESIAN_POINT('',(380.,86.,316.));
#8213=CARTESIAN_POINT('Origin',(380.,87.,311.));
#8214=CARTESIAN_POINT('Origin',(40.,87.,311.));
#8215=CARTESIAN_POINT('Origin',(259.90450270474,92.,285.));
#8216=CARTESIAN_POINT('',(255.688950121403,92.,280.));
#8217=CARTESIAN_POINT('',(255.688950121403,92.,290.));
#8218=CARTESIAN_POINT('',(255.688950121403,92.,280.));
#8219=CARTESIAN_POINT('',(263.969986885786,92.,290.));
#8220=CARTESIAN_POINT('',(255.688950121403,92.,290.));
#8221=CARTESIAN_POINT('',(263.969986885786,92.,287.864938378334));
#8222=CARTESIAN_POINT('',(263.969986885786,92.,290.));
#8223=CARTESIAN_POINT('',(258.785812109709,92.,287.864938378334));
#8224=CARTESIAN_POINT('',(263.969986885786,92.,287.864938378334));
#8225=CARTESIAN_POINT('',(258.785812109709,92.,286.275579929352));
#8226=CARTESIAN_POINT('',(258.785812109709,92.,287.864938378334));
#8227=CARTESIAN_POINT('',(263.59481677413,92.,286.275579929352));
#8228=CARTESIAN_POINT('',(258.785812109709,92.,286.275579929352));
#8229=CARTESIAN_POINT('',(263.59481677413,92.,284.236016273499));
#8230=CARTESIAN_POINT('',(263.59481677413,92.,286.275579929352));
#8231=CARTESIAN_POINT('',(258.785812109709,92.,284.236016273499));
#8232=CARTESIAN_POINT('',(263.59481677413,92.,284.236016273499));
#8233=CARTESIAN_POINT('',(258.785812109709,92.,282.264665365219));
#8234=CARTESIAN_POINT('',(258.785812109709,92.,284.236016273499));
#8235=CARTESIAN_POINT('',(264.120055288076,92.,282.264665365219));
#8236=CARTESIAN_POINT('',(258.785812109709,92.,282.264665365219));
#8237=CARTESIAN_POINT('',(264.120055288076,92.,280.));
#8238=CARTESIAN_POINT('',(264.120055288076,92.,282.264665365219));
#8239=CARTESIAN_POINT('',(264.120055288076,92.,280.));
#8240=CARTESIAN_POINT('Origin',(263.969986885786,88.,290.));
#8241=CARTESIAN_POINT('',(255.688950121403,84.,290.));
#8242=CARTESIAN_POINT('',(255.688950121403,88.,290.));
#8243=CARTESIAN_POINT('',(263.969986885786,84.,290.));
#8244=CARTESIAN_POINT('',(255.688950121403,84.,290.));
#8245=CARTESIAN_POINT('',(263.969986885786,88.,290.));
#8246=CARTESIAN_POINT('Origin',(263.969986885786,88.,287.864938378334));
#8247=CARTESIAN_POINT('',(263.969986885786,84.,287.864938378334));
#8248=CARTESIAN_POINT('',(263.969986885786,84.,290.));
#8249=CARTESIAN_POINT('',(263.969986885786,88.,287.864938378334));
#8250=CARTESIAN_POINT('Origin',(258.785812109709,88.,287.864938378334));
#8251=CARTESIAN_POINT('',(258.785812109709,84.,287.864938378334));
#8252=CARTESIAN_POINT('',(263.969986885786,84.,287.864938378334));
#8253=CARTESIAN_POINT('',(258.785812109709,88.,287.864938378334));
#8254=CARTESIAN_POINT('Origin',(258.785812109709,88.,286.275579929352));
#8255=CARTESIAN_POINT('',(258.785812109709,84.,286.275579929352));
#8256=CARTESIAN_POINT('',(258.785812109709,84.,287.864938378334));
#8257=CARTESIAN_POINT('',(258.785812109709,88.,286.275579929352));
#8258=CARTESIAN_POINT('Origin',(263.59481677413,88.,286.275579929352));
#8259=CARTESIAN_POINT('',(263.59481677413,84.,286.275579929352));
#8260=CARTESIAN_POINT('',(258.785812109709,84.,286.275579929352));
#8261=CARTESIAN_POINT('',(263.59481677413,88.,286.275579929352));
#8262=CARTESIAN_POINT('Origin',(263.59481677413,88.,284.236016273499));
#8263=CARTESIAN_POINT('',(263.59481677413,84.,284.236016273499));
#8264=CARTESIAN_POINT('',(263.59481677413,84.,286.275579929352));
#8265=CARTESIAN_POINT('',(263.59481677413,88.,284.236016273499));
#8266=CARTESIAN_POINT('Origin',(258.785812109709,88.,284.236016273499));
#8267=CARTESIAN_POINT('',(258.785812109709,84.,284.236016273499));
#8268=CARTESIAN_POINT('',(263.59481677413,84.,284.236016273499));
#8269=CARTESIAN_POINT('',(258.785812109709,88.,284.236016273499));
#8270=CARTESIAN_POINT('Origin',(258.785812109709,88.,282.264665365219));
#8271=CARTESIAN_POINT('',(258.785812109709,84.,282.264665365219));
#8272=CARTESIAN_POINT('',(258.785812109709,84.,284.236016273499));
#8273=CARTESIAN_POINT('',(258.785812109709,88.,282.264665365219));
#8274=CARTESIAN_POINT('Origin',(264.120055288076,88.,282.264665365219));
#8275=CARTESIAN_POINT('',(264.120055288076,84.,282.264665365219));
#8276=CARTESIAN_POINT('',(258.785812109709,84.,282.264665365219));
#8277=CARTESIAN_POINT('',(264.120055288076,88.,282.264665365219));
#8278=CARTESIAN_POINT('Origin',(264.120055288076,88.,280.));
#8279=CARTESIAN_POINT('',(264.120055288076,84.,280.));
#8280=CARTESIAN_POINT('',(264.120055288076,84.,282.264665365219));
#8281=CARTESIAN_POINT('',(264.120055288076,88.,280.));
#8282=CARTESIAN_POINT('Origin',(255.688950121403,88.,280.));
#8283=CARTESIAN_POINT('',(255.688950121403,84.,280.));
#8284=CARTESIAN_POINT('',(264.120055288076,84.,280.));
#8285=CARTESIAN_POINT('',(255.688950121403,88.,280.));
#8286=CARTESIAN_POINT('Origin',(255.688950121403,88.,290.));
#8287=CARTESIAN_POINT('',(255.688950121403,84.,280.));
#8288=CARTESIAN_POINT('Origin',(259.90450270474,84.,285.));
#8289=CARTESIAN_POINT('Origin',(217.01569031924,92.,285.));
#8290=CARTESIAN_POINT('',(211.391542926431,92.,280.));
#8291=CARTESIAN_POINT('',(211.391542926431,92.,290.));
#8292=CARTESIAN_POINT('',(211.391542926431,92.,280.));
#8293=CARTESIAN_POINT('',(215.455322116613,92.,290.));
#8294=CARTESIAN_POINT('',(211.391542926431,92.,290.));
#8295=CARTESIAN_POINT('',(217.022512406111,92.,283.915416002274));
#8296=CARTESIAN_POINT('',(215.455322116613,92.,290.));
#8297=CARTESIAN_POINT('',(218.578510731459,92.,290.));
#8298=CARTESIAN_POINT('',(217.022512406111,92.,283.915416002274));
#8299=CARTESIAN_POINT('',(222.639837712049,92.,290.));
#8300=CARTESIAN_POINT('',(218.578510731459,92.,290.));
#8301=CARTESIAN_POINT('',(222.639837712049,92.,280.));
#8302=CARTESIAN_POINT('',(222.639837712049,92.,290.));
#8303=CARTESIAN_POINT('',(220.109142512083,92.,280.));
#8304=CARTESIAN_POINT('',(222.639837712049,92.,280.));
#8305=CARTESIAN_POINT('',(220.109142512083,92.,287.626193761826));
#8306=CARTESIAN_POINT('',(220.109142512083,92.,280.));
#8307=CARTESIAN_POINT('',(218.159214705229,92.,280.));
#8308=CARTESIAN_POINT('',(220.109142512083,92.,287.626193761826));
#8309=CARTESIAN_POINT('',(215.868542641401,92.,280.));
#8310=CARTESIAN_POINT('',(218.159214705229,92.,280.));
#8311=CARTESIAN_POINT('',(213.922239094973,92.,287.626193761826));
#8312=CARTESIAN_POINT('',(215.868542641401,92.,280.));
#8313=CARTESIAN_POINT('',(213.922239094973,92.,280.));
#8314=CARTESIAN_POINT('',(213.922239094973,92.,287.626193761826));
#8315=CARTESIAN_POINT('',(213.922239094973,92.,280.));
#8316=CARTESIAN_POINT('Origin',(215.455322116613,88.,290.));
#8317=CARTESIAN_POINT('',(211.391542926431,84.,290.));
#8318=CARTESIAN_POINT('',(211.391542926431,88.,290.));
#8319=CARTESIAN_POINT('',(215.455322116613,84.,290.));
#8320=CARTESIAN_POINT('',(211.391542926431,84.,290.));
#8321=CARTESIAN_POINT('',(215.455322116613,88.,290.));
#8322=CARTESIAN_POINT('Origin',(217.022512406111,88.,283.915416002274));
#8323=CARTESIAN_POINT('',(217.022512406111,84.,283.915416002274));
#8324=CARTESIAN_POINT('',(215.455322116613,84.,290.));
#8325=CARTESIAN_POINT('',(217.022512406111,88.,283.915416002274));
#8326=CARTESIAN_POINT('Origin',(218.578510731459,88.,290.));
#8327=CARTESIAN_POINT('',(218.578510731459,84.,290.));
#8328=CARTESIAN_POINT('',(217.022512406111,84.,283.915416002274));
#8329=CARTESIAN_POINT('',(218.578510731459,88.,290.));
#8330=CARTESIAN_POINT('Origin',(222.639837712049,88.,290.));
#8331=CARTESIAN_POINT('',(222.639837712049,84.,290.));
#8332=CARTESIAN_POINT('',(218.578510731459,84.,290.));
#8333=CARTESIAN_POINT('',(222.639837712049,88.,290.));
#8334=CARTESIAN_POINT('Origin',(222.639837712049,88.,280.));
#8335=CARTESIAN_POINT('',(222.639837712049,84.,280.));
#8336=CARTESIAN_POINT('',(222.639837712049,84.,290.));
#8337=CARTESIAN_POINT('',(222.639837712049,88.,280.));
#8338=CARTESIAN_POINT('Origin',(220.109142512083,88.,280.));
#8339=CARTESIAN_POINT('',(220.109142512083,84.,280.));
#8340=CARTESIAN_POINT('',(222.639837712049,84.,280.));
#8341=CARTESIAN_POINT('',(220.109142512083,88.,280.));
#8342=CARTESIAN_POINT('Origin',(220.109142512083,88.,287.626193761826));
#8343=CARTESIAN_POINT('',(220.109142512083,84.,287.626193761826));
#8344=CARTESIAN_POINT('',(220.109142512083,84.,280.));
#8345=CARTESIAN_POINT('',(220.109142512083,88.,287.626193761826));
#8346=CARTESIAN_POINT('Origin',(218.159214705229,88.,280.));
#8347=CARTESIAN_POINT('',(218.159214705229,84.,280.));
#8348=CARTESIAN_POINT('',(220.109142512083,84.,287.626193761826));
#8349=CARTESIAN_POINT('',(218.159214705229,88.,280.));
#8350=CARTESIAN_POINT('Origin',(215.868542641401,88.,280.));
#8351=CARTESIAN_POINT('',(215.868542641401,84.,280.));
#8352=CARTESIAN_POINT('',(218.159214705229,84.,280.));
#8353=CARTESIAN_POINT('',(215.868542641401,88.,280.));
#8354=CARTESIAN_POINT('Origin',(213.922239094973,88.,287.626193761826));
#8355=CARTESIAN_POINT('',(213.922239094973,84.,287.626193761826));
#8356=CARTESIAN_POINT('',(215.868542641401,84.,280.));
#8357=CARTESIAN_POINT('',(213.922239094973,88.,287.626193761826));
#8358=CARTESIAN_POINT('Origin',(213.922239094973,88.,280.));
#8359=CARTESIAN_POINT('',(213.922239094973,84.,280.));
#8360=CARTESIAN_POINT('',(213.922239094973,84.,287.626193761826));
#8361=CARTESIAN_POINT('',(213.922239094973,88.,280.));
#8362=CARTESIAN_POINT('Origin',(211.391542926431,88.,280.));
#8363=CARTESIAN_POINT('',(211.391542926431,84.,280.));
#8364=CARTESIAN_POINT('',(213.922239094973,84.,280.));
#8365=CARTESIAN_POINT('',(211.391542926431,88.,280.));
#8366=CARTESIAN_POINT('Origin',(211.391542926431,88.,290.));
#8367=CARTESIAN_POINT('',(211.391542926431,84.,280.));
#8368=CARTESIAN_POINT('Origin',(217.01569031924,84.,285.));
#8369=CARTESIAN_POINT('Origin',(167.667122823186,92.,285.));
#8370=CARTESIAN_POINT('',(169.874660521746,92.,280.));
#8371=CARTESIAN_POINT('',(169.374362379313,92.,281.650750637054));
#8372=CARTESIAN_POINT('',(169.874660521746,92.,280.));
#8373=CARTESIAN_POINT('',(165.866197794676,92.,281.650750637054));
#8374=CARTESIAN_POINT('',(169.374362379313,92.,281.650750637054));
#8375=CARTESIAN_POINT('',(165.378795713186,92.,280.));
#8376=CARTESIAN_POINT('',(165.866197794676,92.,281.650750637054));
#8377=CARTESIAN_POINT('',(162.223739558831,92.,280.));
#8378=CARTESIAN_POINT('',(165.378795713186,92.,280.));
#8379=CARTESIAN_POINT('',(165.98226621747,92.,290.));
#8380=CARTESIAN_POINT('',(162.223739558831,92.,280.));
#8381=CARTESIAN_POINT('',(169.352832585573,92.,290.));
#8382=CARTESIAN_POINT('',(165.98226621747,92.,290.));
#8383=CARTESIAN_POINT('',(173.110506087542,92.,280.));
#8384=CARTESIAN_POINT('',(169.352832585573,92.,290.));
#8385=CARTESIAN_POINT('',(173.110506087542,92.,280.));
#8386=CARTESIAN_POINT('',(166.537347882986,92.,283.813097476959));
#8387=CARTESIAN_POINT('',(168.733374625444,92.,283.813097476959));
#8388=CARTESIAN_POINT('',(166.537347882986,92.,283.813097476959));
#8389=CARTESIAN_POINT('',(167.629606276751,92.,287.407912611961));
#8390=CARTESIAN_POINT('',(168.733374625444,92.,283.813097476959));
#8391=CARTESIAN_POINT('',(167.629606276751,92.,287.407912611961));
#8392=CARTESIAN_POINT('Origin',(167.629606276751,88.,287.407912611961));
#8393=CARTESIAN_POINT('',(168.733374625444,84.,283.813097476959));
#8394=CARTESIAN_POINT('',(168.733374625444,88.,283.813097476959));
#8395=CARTESIAN_POINT('',(167.629606276751,84.,287.407912611961));
#8396=CARTESIAN_POINT('',(168.733374625444,84.,283.813097476959));
#8397=CARTESIAN_POINT('',(167.629606276751,88.,287.407912611961));
#8398=CARTESIAN_POINT('Origin',(166.537347882986,88.,283.813097476959));
#8399=CARTESIAN_POINT('',(166.537347882986,84.,283.813097476959));
#8400=CARTESIAN_POINT('',(167.629606276751,84.,287.407912611961));
#8401=CARTESIAN_POINT('',(166.537347882986,88.,283.813097476959));
#8402=CARTESIAN_POINT('Origin',(168.733374625444,88.,283.813097476959));
#8403=CARTESIAN_POINT('',(166.537347882986,84.,283.813097476959));
#8404=CARTESIAN_POINT('Origin',(165.866197794676,88.,281.650750637054));
#8405=CARTESIAN_POINT('',(169.374362379313,84.,281.650750637054));
#8406=CARTESIAN_POINT('',(169.374362379313,88.,281.650750637054));
#8407=CARTESIAN_POINT('',(165.866197794676,84.,281.650750637054));
#8408=CARTESIAN_POINT('',(169.374362379313,84.,281.650750637054));
#8409=CARTESIAN_POINT('',(165.866197794676,88.,281.650750637054));
#8410=CARTESIAN_POINT('Origin',(165.378795713186,88.,280.));
#8411=CARTESIAN_POINT('',(165.378795713186,84.,280.));
#8412=CARTESIAN_POINT('',(165.866197794676,84.,281.650750637054));
#8413=CARTESIAN_POINT('',(165.378795713186,88.,280.));
#8414=CARTESIAN_POINT('Origin',(162.223739558831,88.,280.));
#8415=CARTESIAN_POINT('',(162.223739558831,84.,280.));
#8416=CARTESIAN_POINT('',(165.378795713186,84.,280.));
#8417=CARTESIAN_POINT('',(162.223739558831,88.,280.));
#8418=CARTESIAN_POINT('Origin',(165.98226621747,88.,290.));
#8419=CARTESIAN_POINT('',(165.98226621747,84.,290.));
#8420=CARTESIAN_POINT('',(162.223739558831,84.,280.));
#8421=CARTESIAN_POINT('',(165.98226621747,88.,290.));
#8422=CARTESIAN_POINT('Origin',(169.352832585573,88.,290.));
#8423=CARTESIAN_POINT('',(169.352832585573,84.,290.));
#8424=CARTESIAN_POINT('',(165.98226621747,84.,290.));
#8425=CARTESIAN_POINT('',(169.352832585573,88.,290.));
#8426=CARTESIAN_POINT('Origin',(173.110506087542,88.,280.));
#8427=CARTESIAN_POINT('',(173.110506087542,84.,280.));
#8428=CARTESIAN_POINT('',(169.352832585573,84.,290.));
#8429=CARTESIAN_POINT('',(173.110506087542,88.,280.));
#8430=CARTESIAN_POINT('Origin',(169.874660521746,88.,280.));
#8431=CARTESIAN_POINT('',(169.874660521746,84.,280.));
#8432=CARTESIAN_POINT('',(173.110506087542,84.,280.));
#8433=CARTESIAN_POINT('',(169.874660521746,88.,280.));
#8434=CARTESIAN_POINT('Origin',(169.374362379313,88.,281.650750637054));
#8435=CARTESIAN_POINT('',(169.874660521746,84.,280.));
#8436=CARTESIAN_POINT('Origin',(167.667122823186,84.,285.));
#8437=CARTESIAN_POINT('Origin',(139.982947260141,92.,284.999999403954));
#8438=CARTESIAN_POINT('',(142.366985231638,92.,283.622100353241));
#8439=CARTESIAN_POINT('',(140.300136953592,92.,283.622100353241));
#8440=CARTESIAN_POINT('',(142.366985231638,92.,283.622100353241));
#8441=CARTESIAN_POINT('',(140.300136953592,92.,285.702591538429));
#8442=CARTESIAN_POINT('',(140.300136953592,92.,283.622100353241));
#8443=CARTESIAN_POINT('',(145.07503464818,92.,285.702591538429));
#8444=CARTESIAN_POINT('',(140.300136953592,92.,285.702591538429));
#8445=CARTESIAN_POINT('',(145.07503464818,92.,281.439290046692));
#8446=CARTESIAN_POINT('',(145.07503464818,92.,285.702591538429));
#8447=CARTESIAN_POINT('',(142.650068551302,92.,280.167121887207));
#8448=CARTESIAN_POINT('Ctrl Pts',(145.07503464818,92.,281.439290046692));
#8449=CARTESIAN_POINT('Ctrl Pts',(144.65336239486,92.,281.160219264404));
#8450=CARTESIAN_POINT('Ctrl Pts',(143.887672446686,92.,280.65347097555));
#8451=CARTESIAN_POINT('Ctrl Pts',(143.03373504392,92.,280.317893753398));
#8452=CARTESIAN_POINT('Ctrl Pts',(142.650068551302,92.,280.167121887207));
#8453=CARTESIAN_POINT('',(140.150068551302,92.,279.829467535019));
#8454=CARTESIAN_POINT('Ctrl Pts',(142.650068551302,92.,280.167121887207));
#8455=CARTESIAN_POINT('Ctrl Pts',(142.268045306755,92.,280.068759949202));
#8456=CARTESIAN_POINT('Ctrl Pts',(141.448532667755,92.,279.857754853197));
#8457=CARTESIAN_POINT('Ctrl Pts',(140.601988488509,92.,279.839312707398));
#8458=CARTESIAN_POINT('Ctrl Pts',(140.150068551302,92.,279.829467535019));
#8459=CARTESIAN_POINT('',(137.247612923384,92.,280.436562299728));
#8460=CARTESIAN_POINT('Ctrl Pts',(140.150068551302,92.,279.829467535019));
#8461=CARTESIAN_POINT('Ctrl Pts',(139.603698593269,92.,279.844784842372));
#8462=CARTESIAN_POINT('Ctrl Pts',(138.597834743336,92.,279.872983914298));
#8463=CARTESIAN_POINT('Ctrl Pts',(137.671003513454,92.,280.259840385127));
#8464=CARTESIAN_POINT('Ctrl Pts',(137.247612923384,92.,280.436562299728));
#8465=CARTESIAN_POINT('',(135.5081859231,92.,282.244201898575));
#8466=CARTESIAN_POINT('Ctrl Pts',(137.247612923384,92.,280.436562299728));
#8467=CARTESIAN_POINT('Ctrl Pts',(136.893112560112,92.,280.66659861118));
#8468=CARTESIAN_POINT('Ctrl Pts',(136.173234051795,92.,281.133729858149));
#8469=CARTESIAN_POINT('Ctrl Pts',(135.732090610415,92.,281.870334377931));
#8470=CARTESIAN_POINT('Ctrl Pts',(135.5081859231,92.,282.244201898575));
#8471=CARTESIAN_POINT('',(134.890859872103,92.,285.));
#8472=CARTESIAN_POINT('Ctrl Pts',(135.5081859231,92.,282.244201898575));
#8473=CARTESIAN_POINT('Ctrl Pts',(135.328199866201,92.,282.668075960174));
#8474=CARTESIAN_POINT('Ctrl Pts',(134.954453231172,92.,283.548263608755));
#8475=CARTESIAN_POINT('Ctrl Pts',(134.912572170612,92.,284.504342366162));
#8476=CARTESIAN_POINT('Ctrl Pts',(134.890859872103,92.,285.));
#8477=CARTESIAN_POINT('',(135.56616678834,92.,287.847884893417));
#8478=CARTESIAN_POINT('Ctrl Pts',(134.890859872103,92.,285.));
#8479=CARTESIAN_POINT('Ctrl Pts',(134.913764948485,92.,285.518286453263));
#8480=CARTESIAN_POINT('Ctrl Pts',(134.957664529709,92.,286.511627749));
#8481=CARTESIAN_POINT('Ctrl Pts',(135.369304417828,92.,287.415579597369));
#8482=CARTESIAN_POINT('Ctrl Pts',(135.56616678834,92.,287.847884893417));
#8483=CARTESIAN_POINT('',(137.544338852167,92.,289.686220288277));
#8484=CARTESIAN_POINT('Ctrl Pts',(135.56616678834,92.,287.847884893417));
#8485=CARTESIAN_POINT('Ctrl Pts',(135.819827489931,92.,288.228327933517));
#8486=CARTESIAN_POINT('Ctrl Pts',(136.332958499726,92.,288.997927324009));
#8487=CARTESIAN_POINT('Ctrl Pts',(137.137509060297,92.,289.455064084666));
#8488=CARTESIAN_POINT('Ctrl Pts',(137.544338852167,92.,289.686220288277));
#8489=CARTESIAN_POINT('',(140.279672890902,92.,290.170531272888));
#8490=CARTESIAN_POINT('Ctrl Pts',(137.544338852167,92.,289.686220288277));
#8491=CARTESIAN_POINT('Ctrl Pts',(137.937940016264,92.,289.827052317955));
#8492=CARTESIAN_POINT('Ctrl Pts',(138.820507537695,92.,290.14283841492));
#8493=CARTESIAN_POINT('Ctrl Pts',(139.759464984592,92.,290.160658475654));
#8494=CARTESIAN_POINT('Ctrl Pts',(140.279672890902,92.,290.170531272888));
#8495=CARTESIAN_POINT('',(142.759209424257,92.,289.870395064354));
#8496=CARTESIAN_POINT('Ctrl Pts',(140.279672890902,92.,290.170531272888));
#8497=CARTESIAN_POINT('Ctrl Pts',(140.765597597951,92.,290.168139180381));
#8498=CARTESIAN_POINT('Ctrl Pts',(141.604977949964,92.,290.164007109256));
#8499=CARTESIAN_POINT('Ctrl Pts',(142.417192892884,92.,289.957396827348));
#8500=CARTESIAN_POINT('Ctrl Pts',(142.759209424257,92.,289.870395064354));
#8501=CARTESIAN_POINT('',(144.123465567827,92.,288.939290046692));
#8502=CARTESIAN_POINT('Ctrl Pts',(142.759209424257,92.,289.870395064354));
#8503=CARTESIAN_POINT('Ctrl Pts',(143.020310984106,92.,289.757990505269));
#8504=CARTESIAN_POINT('Ctrl Pts',(143.535687447158,92.,289.536120271612));
#8505=CARTESIAN_POINT('Ctrl Pts',(143.929277353149,92.,289.136468865991));
#8506=CARTESIAN_POINT('Ctrl Pts',(144.123465567827,92.,288.939290046692));
#8507=CARTESIAN_POINT('',(144.938609153032,92.,287.339699268341));
#8508=CARTESIAN_POINT('Ctrl Pts',(144.123465567827,92.,288.939290046692));
#8509=CARTESIAN_POINT('Ctrl Pts',(144.294975523948,92.,288.707645760594));
#8510=CARTESIAN_POINT('Ctrl Pts',(144.655716422791,92.,288.220422920189));
#8511=CARTESIAN_POINT('Ctrl Pts',(144.841273155101,92.,287.642733268123));
#8512=CARTESIAN_POINT('Ctrl Pts',(144.938609153032,92.,287.339699268341));
#8513=CARTESIAN_POINT('',(141.957708746195,92.,286.807639598846));
#8514=CARTESIAN_POINT('',(144.938609153032,92.,287.339699268341));
#8515=CARTESIAN_POINT('',(141.333561092615,92.,287.673942446709));
#8516=CARTESIAN_POINT('Ctrl Pts',(141.957708746195,92.,286.807639598846));
#8517=CARTESIAN_POINT('Ctrl Pts',(141.887989943508,92.,286.983652741998));
#8518=CARTESIAN_POINT('Ctrl Pts',(141.752637460033,92.,287.325365667799));
#8519=CARTESIAN_POINT('Ctrl Pts',(141.470413918408,92.,287.560111839906));
#8520=CARTESIAN_POINT('Ctrl Pts',(141.333561092615,92.,287.673942446709));
#8521=CARTESIAN_POINT('',(140.211460143328,92.,287.974078655243));
#8522=CARTESIAN_POINT('Ctrl Pts',(141.333561092615,92.,287.673942446709));
#8523=CARTESIAN_POINT('Ctrl Pts',(141.170175379829,92.,287.761380661631));
#8524=CARTESIAN_POINT('Ctrl Pts',(140.820390512658,92.,287.948573065855));
#8525=CARTESIAN_POINT('Ctrl Pts',(140.423148857201,92.,287.965211885435));
#8526=CARTESIAN_POINT('Ctrl Pts',(140.211460143328,92.,287.974078655243));
#8527=CARTESIAN_POINT('',(138.591405600309,92.,287.268075942993));
#8528=CARTESIAN_POINT('Ctrl Pts',(140.211460143328,92.,287.974078655243));
#8529=CARTESIAN_POINT('Ctrl Pts',(139.892630119428,92.,287.947827482929));
#8530=CARTESIAN_POINT('Ctrl Pts',(139.271051758822,92.,287.896649239263));
#8531=CARTESIAN_POINT('Ctrl Pts',(138.814012763596,92.,287.473955012046));
#8532=CARTESIAN_POINT('Ctrl Pts',(138.591405600309,92.,287.268075942993));
#8533=CARTESIAN_POINT('',(137.98772200942,92.,285.03410577774));
#8534=CARTESIAN_POINT('Ctrl Pts',(138.591405600309,92.,287.268075942993));
#8535=CARTESIAN_POINT('Ctrl Pts',(138.416120920928,92.,286.971444216968));
#8536=CARTESIAN_POINT('Ctrl Pts',(138.011590959889,92.,286.286864018654));
#8537=CARTESIAN_POINT('Ctrl Pts',(137.996355739337,92.,285.487245781388));
#8538=CARTESIAN_POINT('Ctrl Pts',(137.98772200942,92.,285.03410577774));
#8539=CARTESIAN_POINT('',(138.598226755857,92.,282.714869976044));
#8540=CARTESIAN_POINT('Ctrl Pts',(137.98772200942,92.,285.03410577774));
#8541=CARTESIAN_POINT('Ctrl Pts',(137.993844844221,92.,284.557202118312));
#8542=CARTESIAN_POINT('Ctrl Pts',(138.004492546995,92.,283.727859406574));
#8543=CARTESIAN_POINT('Ctrl Pts',(138.421159273298,92.,283.016970622505));
#8544=CARTESIAN_POINT('Ctrl Pts',(138.598226755857,92.,282.714869976044));
#8545=CARTESIAN_POINT('',(140.300136953592,92.,282.019098997116));
#8546=CARTESIAN_POINT('Ctrl Pts',(138.598226755857,92.,282.714869976044));
#8547=CARTESIAN_POINT('Ctrl Pts',(138.829643159683,92.,282.512059611204));
#8548=CARTESIAN_POINT('Ctrl Pts',(139.315338207803,92.,282.086402707534));
#8549=CARTESIAN_POINT('Ctrl Pts',(139.961728585093,92.,282.042226706137));
#8550=CARTESIAN_POINT('Ctrl Pts',(140.300136953592,92.,282.019098997116));
#8551=CARTESIAN_POINT('',(141.289222985506,92.,282.169167995453));
#8552=CARTESIAN_POINT('Ctrl Pts',(140.300136953592,92.,282.019098997116));
#8553=CARTESIAN_POINT('Ctrl Pts',(140.469966308449,92.,282.025038830489));
#8554=CARTESIAN_POINT('Ctrl Pts',(140.805508162414,92.,282.036774508952));
#8555=CARTESIAN_POINT('Ctrl Pts',(141.129308978378,92.,282.125399287253));
#8556=CARTESIAN_POINT('Ctrl Pts',(141.289222985506,92.,282.169167995453));
#8557=CARTESIAN_POINT('',(142.366985231638,92.,282.680764198303));
#8558=CARTESIAN_POINT('Ctrl Pts',(141.289222985506,92.,282.169167995453));
#8559=CARTESIAN_POINT('Ctrl Pts',(141.459439698517,92.,282.23263220729));
#8560=CARTESIAN_POINT('Ctrl Pts',(141.833287426445,92.,282.372018939535));
#8561=CARTESIAN_POINT('Ctrl Pts',(142.178792285877,92.,282.571894198892));
#8562=CARTESIAN_POINT('Ctrl Pts',(142.366985231638,92.,282.680764198303));
#8563=CARTESIAN_POINT('',(142.366985231638,92.,282.680764198303));
#8564=CARTESIAN_POINT('Origin',(140.300136953592,88.,285.702591538429));
#8565=CARTESIAN_POINT('',(140.300136953592,84.,283.622100353241));
#8566=CARTESIAN_POINT('',(140.300136953592,88.,283.622100353241));
#8567=CARTESIAN_POINT('',(140.300136953592,84.,285.702591538429));
#8568=CARTESIAN_POINT('',(140.300136953592,84.,283.622100353241));
#8569=CARTESIAN_POINT('',(140.300136953592,88.,285.702591538429));
#8570=CARTESIAN_POINT('Origin',(145.07503464818,88.,285.702591538429));
#8571=CARTESIAN_POINT('',(145.07503464818,84.,285.702591538429));
#8572=CARTESIAN_POINT('',(140.300136953592,84.,285.702591538429));
#8573=CARTESIAN_POINT('',(145.07503464818,88.,285.702591538429));
#8574=CARTESIAN_POINT('Origin',(145.07503464818,88.,281.439290046692));
#8575=CARTESIAN_POINT('',(145.07503464818,84.,281.439290046692));
#8576=CARTESIAN_POINT('',(145.07503464818,84.,285.702591538429));
#8577=CARTESIAN_POINT('',(145.07503464818,88.,281.439290046692));
#8578=CARTESIAN_POINT('Ctrl Pts',(142.650068551302,92.,280.167121887207));
#8579=CARTESIAN_POINT('Ctrl Pts',(142.650068551302,84.,280.167121887207));
#8580=CARTESIAN_POINT('Ctrl Pts',(143.03373504392,92.,280.317893753398));
#8581=CARTESIAN_POINT('Ctrl Pts',(143.03373504392,84.,280.317893753398));
#8582=CARTESIAN_POINT('Ctrl Pts',(143.887672446686,92.,280.65347097555));
#8583=CARTESIAN_POINT('Ctrl Pts',(143.887672446686,84.,280.65347097555));
#8584=CARTESIAN_POINT('Ctrl Pts',(144.65336239486,92.,281.160219264404));
#8585=CARTESIAN_POINT('Ctrl Pts',(144.65336239486,84.,281.160219264404));
#8586=CARTESIAN_POINT('Ctrl Pts',(145.07503464818,92.,281.439290046692));
#8587=CARTESIAN_POINT('Ctrl Pts',(145.07503464818,84.,281.439290046692));
#8588=CARTESIAN_POINT('',(142.650068551302,84.,280.167121887207));
#8589=CARTESIAN_POINT('Ctrl Pts',(142.650068551302,84.,280.167121887207));
#8590=CARTESIAN_POINT('Ctrl Pts',(143.03373504392,84.,280.317893753398));
#8591=CARTESIAN_POINT('Ctrl Pts',(143.887672446686,84.,280.65347097555));
#8592=CARTESIAN_POINT('Ctrl Pts',(144.65336239486,84.,281.160219264404));
#8593=CARTESIAN_POINT('Ctrl Pts',(145.07503464818,84.,281.439290046692));
#8594=CARTESIAN_POINT('',(142.650068551302,88.,280.167121887207));
#8595=CARTESIAN_POINT('Ctrl Pts',(140.150068551302,92.,279.829467535019));
#8596=CARTESIAN_POINT('Ctrl Pts',(140.150068551302,84.,279.829467535019));
#8597=CARTESIAN_POINT('Ctrl Pts',(140.601988488509,92.,279.839312707398));
#8598=CARTESIAN_POINT('Ctrl Pts',(140.601988488509,84.,279.839312707398));
#8599=CARTESIAN_POINT('Ctrl Pts',(141.448532667755,92.,279.857754853197));
#8600=CARTESIAN_POINT('Ctrl Pts',(141.448532667755,84.,279.857754853197));
#8601=CARTESIAN_POINT('Ctrl Pts',(142.268045306755,92.,280.068759949202));
#8602=CARTESIAN_POINT('Ctrl Pts',(142.268045306755,84.,280.068759949202));
#8603=CARTESIAN_POINT('Ctrl Pts',(142.650068551302,92.,280.167121887207));
#8604=CARTESIAN_POINT('Ctrl Pts',(142.650068551302,84.,280.167121887207));
#8605=CARTESIAN_POINT('',(140.150068551302,84.,279.829467535019));
#8606=CARTESIAN_POINT('Ctrl Pts',(140.150068551302,84.,279.829467535019));
#8607=CARTESIAN_POINT('Ctrl Pts',(140.601988488509,84.,279.839312707398));
#8608=CARTESIAN_POINT('Ctrl Pts',(141.448532667755,84.,279.857754853197));
#8609=CARTESIAN_POINT('Ctrl Pts',(142.268045306755,84.,280.068759949202));
#8610=CARTESIAN_POINT('Ctrl Pts',(142.650068551302,84.,280.167121887207));
#8611=CARTESIAN_POINT('',(140.150068551302,88.,279.829467535019));
#8612=CARTESIAN_POINT('Ctrl Pts',(137.247612923384,92.,280.436562299728));
#8613=CARTESIAN_POINT('Ctrl Pts',(137.247612923384,84.,280.436562299728));
#8614=CARTESIAN_POINT('Ctrl Pts',(137.671003513454,92.,280.259840385127));
#8615=CARTESIAN_POINT('Ctrl Pts',(137.671003513454,84.,280.259840385127));
#8616=CARTESIAN_POINT('Ctrl Pts',(138.597834743336,92.,279.872983914298));
#8617=CARTESIAN_POINT('Ctrl Pts',(138.597834743336,84.,279.872983914298));
#8618=CARTESIAN_POINT('Ctrl Pts',(139.603698593269,92.,279.844784842372));
#8619=CARTESIAN_POINT('Ctrl Pts',(139.603698593269,84.,279.844784842372));
#8620=CARTESIAN_POINT('Ctrl Pts',(140.150068551302,92.,279.829467535019));
#8621=CARTESIAN_POINT('Ctrl Pts',(140.150068551302,84.,279.829467535019));
#8622=CARTESIAN_POINT('',(137.247612923384,84.,280.436562299728));
#8623=CARTESIAN_POINT('Ctrl Pts',(137.247612923384,84.,280.436562299728));
#8624=CARTESIAN_POINT('Ctrl Pts',(137.671003513454,84.,280.259840385127));
#8625=CARTESIAN_POINT('Ctrl Pts',(138.597834743336,84.,279.872983914298));
#8626=CARTESIAN_POINT('Ctrl Pts',(139.603698593269,84.,279.844784842372));
#8627=CARTESIAN_POINT('Ctrl Pts',(140.150068551302,84.,279.829467535019));
#8628=CARTESIAN_POINT('',(137.247612923384,88.,280.436562299728));
#8629=CARTESIAN_POINT('Ctrl Pts',(135.5081859231,92.,282.244201898575));
#8630=CARTESIAN_POINT('Ctrl Pts',(135.5081859231,84.,282.244201898575));
#8631=CARTESIAN_POINT('Ctrl Pts',(135.732090610415,92.,281.870334377931));
#8632=CARTESIAN_POINT('Ctrl Pts',(135.732090610415,84.,281.870334377931));
#8633=CARTESIAN_POINT('Ctrl Pts',(136.173234051795,92.,281.133729858149));
#8634=CARTESIAN_POINT('Ctrl Pts',(136.173234051795,84.,281.133729858149));
#8635=CARTESIAN_POINT('Ctrl Pts',(136.893112560112,92.,280.66659861118));
#8636=CARTESIAN_POINT('Ctrl Pts',(136.893112560112,84.,280.66659861118));
#8637=CARTESIAN_POINT('Ctrl Pts',(137.247612923384,92.,280.436562299728));
#8638=CARTESIAN_POINT('Ctrl Pts',(137.247612923384,84.,280.436562299728));
#8639=CARTESIAN_POINT('',(135.5081859231,84.,282.244201898575));
#8640=CARTESIAN_POINT('Ctrl Pts',(135.5081859231,84.,282.244201898575));
#8641=CARTESIAN_POINT('Ctrl Pts',(135.732090610415,84.,281.870334377931));
#8642=CARTESIAN_POINT('Ctrl Pts',(136.173234051795,84.,281.133729858149));
#8643=CARTESIAN_POINT('Ctrl Pts',(136.893112560112,84.,280.66659861118));
#8644=CARTESIAN_POINT('Ctrl Pts',(137.247612923384,84.,280.436562299728));
#8645=CARTESIAN_POINT('',(135.5081859231,88.,282.244201898575));
#8646=CARTESIAN_POINT('Ctrl Pts',(134.890859872103,92.,285.));
#8647=CARTESIAN_POINT('Ctrl Pts',(134.890859872103,84.,285.));
#8648=CARTESIAN_POINT('Ctrl Pts',(134.912572170612,92.,284.504342366162));
#8649=CARTESIAN_POINT('Ctrl Pts',(134.912572170612,84.,284.504342366162));
#8650=CARTESIAN_POINT('Ctrl Pts',(134.954453231172,92.,283.548263608755));
#8651=CARTESIAN_POINT('Ctrl Pts',(134.954453231172,84.,283.548263608755));
#8652=CARTESIAN_POINT('Ctrl Pts',(135.328199866201,92.,282.668075960174));
#8653=CARTESIAN_POINT('Ctrl Pts',(135.328199866201,84.,282.668075960174));
#8654=CARTESIAN_POINT('Ctrl Pts',(135.5081859231,92.,282.244201898575));
#8655=CARTESIAN_POINT('Ctrl Pts',(135.5081859231,84.,282.244201898575));
#8656=CARTESIAN_POINT('',(134.890859872103,84.,285.));
#8657=CARTESIAN_POINT('Ctrl Pts',(134.890859872103,84.,285.));
#8658=CARTESIAN_POINT('Ctrl Pts',(134.912572170612,84.,284.504342366162));
#8659=CARTESIAN_POINT('Ctrl Pts',(134.954453231172,84.,283.548263608755));
#8660=CARTESIAN_POINT('Ctrl Pts',(135.328199866201,84.,282.668075960174));
#8661=CARTESIAN_POINT('Ctrl Pts',(135.5081859231,84.,282.244201898575));
#8662=CARTESIAN_POINT('',(134.890859872103,88.,285.));
#8663=CARTESIAN_POINT('Ctrl Pts',(135.56616678834,92.,287.847884893417));
#8664=CARTESIAN_POINT('Ctrl Pts',(135.56616678834,84.,287.847884893417));
#8665=CARTESIAN_POINT('Ctrl Pts',(135.369304417828,92.,287.415579597369));
#8666=CARTESIAN_POINT('Ctrl Pts',(135.369304417828,84.,287.415579597369));
#8667=CARTESIAN_POINT('Ctrl Pts',(134.957664529709,92.,286.511627749));
#8668=CARTESIAN_POINT('Ctrl Pts',(134.957664529709,84.,286.511627749));
#8669=CARTESIAN_POINT('Ctrl Pts',(134.913764948485,92.,285.518286453263));
#8670=CARTESIAN_POINT('Ctrl Pts',(134.913764948485,84.,285.518286453263));
#8671=CARTESIAN_POINT('Ctrl Pts',(134.890859872103,92.,285.));
#8672=CARTESIAN_POINT('Ctrl Pts',(134.890859872103,84.,285.));
#8673=CARTESIAN_POINT('',(135.56616678834,84.,287.847884893417));
#8674=CARTESIAN_POINT('Ctrl Pts',(135.56616678834,84.,287.847884893417));
#8675=CARTESIAN_POINT('Ctrl Pts',(135.369304417828,84.,287.415579597369));
#8676=CARTESIAN_POINT('Ctrl Pts',(134.957664529709,84.,286.511627749));
#8677=CARTESIAN_POINT('Ctrl Pts',(134.913764948485,84.,285.518286453263));
#8678=CARTESIAN_POINT('Ctrl Pts',(134.890859872103,84.,285.));
#8679=CARTESIAN_POINT('',(135.56616678834,88.,287.847884893417));
#8680=CARTESIAN_POINT('Ctrl Pts',(137.544338852167,92.,289.686220288277));
#8681=CARTESIAN_POINT('Ctrl Pts',(137.544338852167,84.,289.686220288277));
#8682=CARTESIAN_POINT('Ctrl Pts',(137.137509060297,92.,289.455064084666));
#8683=CARTESIAN_POINT('Ctrl Pts',(137.137509060297,84.,289.455064084666));
#8684=CARTESIAN_POINT('Ctrl Pts',(136.332958499726,92.,288.997927324009));
#8685=CARTESIAN_POINT('Ctrl Pts',(136.332958499726,84.,288.997927324009));
#8686=CARTESIAN_POINT('Ctrl Pts',(135.819827489931,92.,288.228327933517));
#8687=CARTESIAN_POINT('Ctrl Pts',(135.819827489931,84.,288.228327933517));
#8688=CARTESIAN_POINT('Ctrl Pts',(135.56616678834,92.,287.847884893417));
#8689=CARTESIAN_POINT('Ctrl Pts',(135.56616678834,84.,287.847884893417));
#8690=CARTESIAN_POINT('',(137.544338852167,84.,289.686220288277));
#8691=CARTESIAN_POINT('Ctrl Pts',(137.544338852167,84.,289.686220288277));
#8692=CARTESIAN_POINT('Ctrl Pts',(137.137509060297,84.,289.455064084666));
#8693=CARTESIAN_POINT('Ctrl Pts',(136.332958499726,84.,288.997927324009));
#8694=CARTESIAN_POINT('Ctrl Pts',(135.819827489931,84.,288.228327933517));
#8695=CARTESIAN_POINT('Ctrl Pts',(135.56616678834,84.,287.847884893417));
#8696=CARTESIAN_POINT('',(137.544338852167,88.,289.686220288277));
#8697=CARTESIAN_POINT('Ctrl Pts',(140.279672890902,92.,290.170531272888));
#8698=CARTESIAN_POINT('Ctrl Pts',(140.279672890902,84.,290.170531272888));
#8699=CARTESIAN_POINT('Ctrl Pts',(139.759464984592,92.,290.160658475654));
#8700=CARTESIAN_POINT('Ctrl Pts',(139.759464984592,84.,290.160658475654));
#8701=CARTESIAN_POINT('Ctrl Pts',(138.820507537695,92.,290.14283841492));
#8702=CARTESIAN_POINT('Ctrl Pts',(138.820507537695,84.,290.14283841492));
#8703=CARTESIAN_POINT('Ctrl Pts',(137.937940016264,92.,289.827052317955));
#8704=CARTESIAN_POINT('Ctrl Pts',(137.937940016264,84.,289.827052317955));
#8705=CARTESIAN_POINT('Ctrl Pts',(137.544338852167,92.,289.686220288277));
#8706=CARTESIAN_POINT('Ctrl Pts',(137.544338852167,84.,289.686220288277));
#8707=CARTESIAN_POINT('',(140.279672890902,84.,290.170531272888));
#8708=CARTESIAN_POINT('Ctrl Pts',(140.279672890902,84.,290.170531272888));
#8709=CARTESIAN_POINT('Ctrl Pts',(139.759464984592,84.,290.160658475654));
#8710=CARTESIAN_POINT('Ctrl Pts',(138.820507537695,84.,290.14283841492));
#8711=CARTESIAN_POINT('Ctrl Pts',(137.937940016264,84.,289.827052317955));
#8712=CARTESIAN_POINT('Ctrl Pts',(137.544338852167,84.,289.686220288277));
#8713=CARTESIAN_POINT('',(140.279672890902,88.,290.170531272888));
#8714=CARTESIAN_POINT('Ctrl Pts',(142.759209424257,92.,289.870395064354));
#8715=CARTESIAN_POINT('Ctrl Pts',(142.759209424257,84.,289.870395064354));
#8716=CARTESIAN_POINT('Ctrl Pts',(142.417192892884,92.,289.957396827348));
#8717=CARTESIAN_POINT('Ctrl Pts',(142.417192892884,84.,289.957396827348));
#8718=CARTESIAN_POINT('Ctrl Pts',(141.604977949964,92.,290.164007109256));
#8719=CARTESIAN_POINT('Ctrl Pts',(141.604977949964,84.,290.164007109256));
#8720=CARTESIAN_POINT('Ctrl Pts',(140.765597597951,92.,290.168139180381));
#8721=CARTESIAN_POINT('Ctrl Pts',(140.765597597951,84.,290.168139180381));
#8722=CARTESIAN_POINT('Ctrl Pts',(140.279672890902,92.,290.170531272888));
#8723=CARTESIAN_POINT('Ctrl Pts',(140.279672890902,84.,290.170531272888));
#8724=CARTESIAN_POINT('',(142.759209424257,84.,289.870395064354));
#8725=CARTESIAN_POINT('Ctrl Pts',(142.759209424257,84.,289.870395064354));
#8726=CARTESIAN_POINT('Ctrl Pts',(142.417192892884,84.,289.957396827348));
#8727=CARTESIAN_POINT('Ctrl Pts',(141.604977949964,84.,290.164007109256));
#8728=CARTESIAN_POINT('Ctrl Pts',(140.765597597951,84.,290.168139180381));
#8729=CARTESIAN_POINT('Ctrl Pts',(140.279672890902,84.,290.170531272888));
#8730=CARTESIAN_POINT('',(142.759209424257,88.,289.870395064354));
#8731=CARTESIAN_POINT('Ctrl Pts',(144.123465567827,92.,288.939290046692));
#8732=CARTESIAN_POINT('Ctrl Pts',(144.123465567827,84.,288.939290046692));
#8733=CARTESIAN_POINT('Ctrl Pts',(143.929277353149,92.,289.136468865991));
#8734=CARTESIAN_POINT('Ctrl Pts',(143.929277353149,84.,289.136468865991));
#8735=CARTESIAN_POINT('Ctrl Pts',(143.535687447158,92.,289.536120271612));
#8736=CARTESIAN_POINT('Ctrl Pts',(143.535687447158,84.,289.536120271612));
#8737=CARTESIAN_POINT('Ctrl Pts',(143.020310984106,92.,289.757990505269));
#8738=CARTESIAN_POINT('Ctrl Pts',(143.020310984106,84.,289.757990505269));
#8739=CARTESIAN_POINT('Ctrl Pts',(142.759209424257,92.,289.870395064354));
#8740=CARTESIAN_POINT('Ctrl Pts',(142.759209424257,84.,289.870395064354));
#8741=CARTESIAN_POINT('',(144.123465567827,84.,288.939290046692));
#8742=CARTESIAN_POINT('Ctrl Pts',(144.123465567827,84.,288.939290046692));
#8743=CARTESIAN_POINT('Ctrl Pts',(143.929277353149,84.,289.136468865991));
#8744=CARTESIAN_POINT('Ctrl Pts',(143.535687447158,84.,289.536120271612));
#8745=CARTESIAN_POINT('Ctrl Pts',(143.020310984106,84.,289.757990505269));
#8746=CARTESIAN_POINT('Ctrl Pts',(142.759209424257,84.,289.870395064354));
#8747=CARTESIAN_POINT('',(144.123465567827,88.,288.939290046692));
#8748=CARTESIAN_POINT('Ctrl Pts',(144.938609153032,92.,287.339699268341));
#8749=CARTESIAN_POINT('Ctrl Pts',(144.938609153032,84.,287.339699268341));
#8750=CARTESIAN_POINT('Ctrl Pts',(144.841273155101,92.,287.642733268123));
#8751=CARTESIAN_POINT('Ctrl Pts',(144.841273155101,84.,287.642733268123));
#8752=CARTESIAN_POINT('Ctrl Pts',(144.655716422791,92.,288.220422920189));
#8753=CARTESIAN_POINT('Ctrl Pts',(144.655716422791,84.,288.220422920189));
#8754=CARTESIAN_POINT('Ctrl Pts',(144.294975523948,92.,288.707645760594));
#8755=CARTESIAN_POINT('Ctrl Pts',(144.294975523948,84.,288.707645760594));
#8756=CARTESIAN_POINT('Ctrl Pts',(144.123465567827,92.,288.939290046692));
#8757=CARTESIAN_POINT('Ctrl Pts',(144.123465567827,84.,288.939290046692));
#8758=CARTESIAN_POINT('',(144.938609153032,84.,287.339699268341));
#8759=CARTESIAN_POINT('Ctrl Pts',(144.938609153032,84.,287.339699268341));
#8760=CARTESIAN_POINT('Ctrl Pts',(144.841273155101,84.,287.642733268123));
#8761=CARTESIAN_POINT('Ctrl Pts',(144.655716422791,84.,288.220422920189));
#8762=CARTESIAN_POINT('Ctrl Pts',(144.294975523948,84.,288.707645760594));
#8763=CARTESIAN_POINT('Ctrl Pts',(144.123465567827,84.,288.939290046692));
#8764=CARTESIAN_POINT('',(144.938609153032,88.,287.339699268341));
#8765=CARTESIAN_POINT('Origin',(141.957708746195,88.,286.807639598846));
#8766=CARTESIAN_POINT('',(141.957708746195,84.,286.807639598846));
#8767=CARTESIAN_POINT('',(144.938609153032,84.,287.339699268341));
#8768=CARTESIAN_POINT('',(141.957708746195,88.,286.807639598846));
#8769=CARTESIAN_POINT('Ctrl Pts',(141.333561092615,92.,287.673942446709));
#8770=CARTESIAN_POINT('Ctrl Pts',(141.333561092615,84.,287.673942446709));
#8771=CARTESIAN_POINT('Ctrl Pts',(141.470413918408,92.,287.560111839906));
#8772=CARTESIAN_POINT('Ctrl Pts',(141.470413918408,84.,287.560111839906));
#8773=CARTESIAN_POINT('Ctrl Pts',(141.752637460033,92.,287.325365667799));
#8774=CARTESIAN_POINT('Ctrl Pts',(141.752637460033,84.,287.325365667799));
#8775=CARTESIAN_POINT('Ctrl Pts',(141.887989943508,92.,286.983652741998));
#8776=CARTESIAN_POINT('Ctrl Pts',(141.887989943508,84.,286.983652741998));
#8777=CARTESIAN_POINT('Ctrl Pts',(141.957708746195,92.,286.807639598846));
#8778=CARTESIAN_POINT('Ctrl Pts',(141.957708746195,84.,286.807639598846));
#8779=CARTESIAN_POINT('',(141.333561092615,84.,287.673942446709));
#8780=CARTESIAN_POINT('Ctrl Pts',(141.333561092615,84.,287.673942446709));
#8781=CARTESIAN_POINT('Ctrl Pts',(141.470413918408,84.,287.560111839906));
#8782=CARTESIAN_POINT('Ctrl Pts',(141.752637460033,84.,287.325365667799));
#8783=CARTESIAN_POINT('Ctrl Pts',(141.887989943508,84.,286.983652741998));
#8784=CARTESIAN_POINT('Ctrl Pts',(141.957708746195,84.,286.807639598846));
#8785=CARTESIAN_POINT('',(141.333561092615,88.,287.673942446709));
#8786=CARTESIAN_POINT('Ctrl Pts',(140.211460143328,92.,287.974078655243));
#8787=CARTESIAN_POINT('Ctrl Pts',(140.211460143328,84.,287.974078655243));
#8788=CARTESIAN_POINT('Ctrl Pts',(140.423148857201,92.,287.965211885435));
#8789=CARTESIAN_POINT('Ctrl Pts',(140.423148857201,84.,287.965211885435));
#8790=CARTESIAN_POINT('Ctrl Pts',(140.820390512658,92.,287.948573065855));
#8791=CARTESIAN_POINT('Ctrl Pts',(140.820390512658,84.,287.948573065855));
#8792=CARTESIAN_POINT('Ctrl Pts',(141.170175379829,92.,287.761380661631));
#8793=CARTESIAN_POINT('Ctrl Pts',(141.170175379829,84.,287.761380661631));
#8794=CARTESIAN_POINT('Ctrl Pts',(141.333561092615,92.,287.673942446709));
#8795=CARTESIAN_POINT('Ctrl Pts',(141.333561092615,84.,287.673942446709));
#8796=CARTESIAN_POINT('',(140.211460143328,84.,287.974078655243));
#8797=CARTESIAN_POINT('Ctrl Pts',(140.211460143328,84.,287.974078655243));
#8798=CARTESIAN_POINT('Ctrl Pts',(140.423148857201,84.,287.965211885435));
#8799=CARTESIAN_POINT('Ctrl Pts',(140.820390512658,84.,287.948573065855));
#8800=CARTESIAN_POINT('Ctrl Pts',(141.170175379829,84.,287.761380661631));
#8801=CARTESIAN_POINT('Ctrl Pts',(141.333561092615,84.,287.673942446709));
#8802=CARTESIAN_POINT('',(140.211460143328,88.,287.974078655243));
#8803=CARTESIAN_POINT('Ctrl Pts',(138.591405600309,92.,287.268075942993));
#8804=CARTESIAN_POINT('Ctrl Pts',(138.591405600309,84.,287.268075942993));
#8805=CARTESIAN_POINT('Ctrl Pts',(138.814012763596,92.,287.473955012046));
#8806=CARTESIAN_POINT('Ctrl Pts',(138.814012763596,84.,287.473955012046));
#8807=CARTESIAN_POINT('Ctrl Pts',(139.271051758822,92.,287.896649239263));
#8808=CARTESIAN_POINT('Ctrl Pts',(139.271051758822,84.,287.896649239263));
#8809=CARTESIAN_POINT('Ctrl Pts',(139.892630119428,92.,287.947827482929));
#8810=CARTESIAN_POINT('Ctrl Pts',(139.892630119428,84.,287.947827482929));
#8811=CARTESIAN_POINT('Ctrl Pts',(140.211460143328,92.,287.974078655243));
#8812=CARTESIAN_POINT('Ctrl Pts',(140.211460143328,84.,287.974078655243));
#8813=CARTESIAN_POINT('',(138.591405600309,84.,287.268075942993));
#8814=CARTESIAN_POINT('Ctrl Pts',(138.591405600309,84.,287.268075942993));
#8815=CARTESIAN_POINT('Ctrl Pts',(138.814012763596,84.,287.473955012046));
#8816=CARTESIAN_POINT('Ctrl Pts',(139.271051758822,84.,287.896649239263));
#8817=CARTESIAN_POINT('Ctrl Pts',(139.892630119428,84.,287.947827482929));
#8818=CARTESIAN_POINT('Ctrl Pts',(140.211460143328,84.,287.974078655243));
#8819=CARTESIAN_POINT('',(138.591405600309,88.,287.268075942993));
#8820=CARTESIAN_POINT('Ctrl Pts',(137.98772200942,92.,285.03410577774));
#8821=CARTESIAN_POINT('Ctrl Pts',(137.98772200942,84.,285.03410577774));
#8822=CARTESIAN_POINT('Ctrl Pts',(137.996355739337,92.,285.487245781388));
#8823=CARTESIAN_POINT('Ctrl Pts',(137.996355739337,84.,285.487245781388));
#8824=CARTESIAN_POINT('Ctrl Pts',(138.011590959889,92.,286.286864018654));
#8825=CARTESIAN_POINT('Ctrl Pts',(138.011590959889,84.,286.286864018654));
#8826=CARTESIAN_POINT('Ctrl Pts',(138.416120920928,92.,286.971444216968));
#8827=CARTESIAN_POINT('Ctrl Pts',(138.416120920928,84.,286.971444216968));
#8828=CARTESIAN_POINT('Ctrl Pts',(138.591405600309,92.,287.268075942993));
#8829=CARTESIAN_POINT('Ctrl Pts',(138.591405600309,84.,287.268075942993));
#8830=CARTESIAN_POINT('',(137.98772200942,84.,285.03410577774));
#8831=CARTESIAN_POINT('Ctrl Pts',(137.98772200942,84.,285.03410577774));
#8832=CARTESIAN_POINT('Ctrl Pts',(137.996355739337,84.,285.487245781388));
#8833=CARTESIAN_POINT('Ctrl Pts',(138.011590959889,84.,286.286864018654));
#8834=CARTESIAN_POINT('Ctrl Pts',(138.416120920928,84.,286.971444216968));
#8835=CARTESIAN_POINT('Ctrl Pts',(138.591405600309,84.,287.268075942993));
#8836=CARTESIAN_POINT('',(137.98772200942,88.,285.03410577774));
#8837=CARTESIAN_POINT('Ctrl Pts',(138.598226755857,92.,282.714869976044));
#8838=CARTESIAN_POINT('Ctrl Pts',(138.598226755857,84.,282.714869976044));
#8839=CARTESIAN_POINT('Ctrl Pts',(138.421159273298,92.,283.016970622505));
#8840=CARTESIAN_POINT('Ctrl Pts',(138.421159273298,84.,283.016970622505));
#8841=CARTESIAN_POINT('Ctrl Pts',(138.004492546995,92.,283.727859406574));
#8842=CARTESIAN_POINT('Ctrl Pts',(138.004492546995,84.,283.727859406574));
#8843=CARTESIAN_POINT('Ctrl Pts',(137.993844844221,92.,284.557202118312));
#8844=CARTESIAN_POINT('Ctrl Pts',(137.993844844221,84.,284.557202118312));
#8845=CARTESIAN_POINT('Ctrl Pts',(137.98772200942,92.,285.03410577774));
#8846=CARTESIAN_POINT('Ctrl Pts',(137.98772200942,84.,285.03410577774));
#8847=CARTESIAN_POINT('',(138.598226755857,84.,282.714869976044));
#8848=CARTESIAN_POINT('Ctrl Pts',(138.598226755857,84.,282.714869976044));
#8849=CARTESIAN_POINT('Ctrl Pts',(138.421159273298,84.,283.016970622505));
#8850=CARTESIAN_POINT('Ctrl Pts',(138.004492546995,84.,283.727859406574));
#8851=CARTESIAN_POINT('Ctrl Pts',(137.993844844221,84.,284.557202118312));
#8852=CARTESIAN_POINT('Ctrl Pts',(137.98772200942,84.,285.03410577774));
#8853=CARTESIAN_POINT('',(138.598226755857,88.,282.714869976044));
#8854=CARTESIAN_POINT('Ctrl Pts',(140.300136953592,92.,282.019098997116));
#8855=CARTESIAN_POINT('Ctrl Pts',(140.300136953592,84.,282.019098997116));
#8856=CARTESIAN_POINT('Ctrl Pts',(139.961728585093,92.,282.042226706137));
#8857=CARTESIAN_POINT('Ctrl Pts',(139.961728585093,84.,282.042226706137));
#8858=CARTESIAN_POINT('Ctrl Pts',(139.315338207803,92.,282.086402707534));
#8859=CARTESIAN_POINT('Ctrl Pts',(139.315338207803,84.,282.086402707534));
#8860=CARTESIAN_POINT('Ctrl Pts',(138.829643159683,92.,282.512059611204));
#8861=CARTESIAN_POINT('Ctrl Pts',(138.829643159683,84.,282.512059611204));
#8862=CARTESIAN_POINT('Ctrl Pts',(138.598226755857,92.,282.714869976044));
#8863=CARTESIAN_POINT('Ctrl Pts',(138.598226755857,84.,282.714869976044));
#8864=CARTESIAN_POINT('',(140.300136953592,84.,282.019098997116));
#8865=CARTESIAN_POINT('Ctrl Pts',(140.300136953592,84.,282.019098997116));
#8866=CARTESIAN_POINT('Ctrl Pts',(139.961728585093,84.,282.042226706137));
#8867=CARTESIAN_POINT('Ctrl Pts',(139.315338207803,84.,282.086402707534));
#8868=CARTESIAN_POINT('Ctrl Pts',(138.829643159683,84.,282.512059611204));
#8869=CARTESIAN_POINT('Ctrl Pts',(138.598226755857,84.,282.714869976044));
#8870=CARTESIAN_POINT('',(140.300136953592,88.,282.019098997116));
#8871=CARTESIAN_POINT('Ctrl Pts',(141.289222985506,92.,282.169167995453));
#8872=CARTESIAN_POINT('Ctrl Pts',(141.289222985506,84.,282.169167995453));
#8873=CARTESIAN_POINT('Ctrl Pts',(141.129308978378,92.,282.125399287253));
#8874=CARTESIAN_POINT('Ctrl Pts',(141.129308978378,84.,282.125399287253));
#8875=CARTESIAN_POINT('Ctrl Pts',(140.805508162414,92.,282.036774508952));
#8876=CARTESIAN_POINT('Ctrl Pts',(140.805508162414,84.,282.036774508952));
#8877=CARTESIAN_POINT('Ctrl Pts',(140.469966308449,92.,282.025038830489));
#8878=CARTESIAN_POINT('Ctrl Pts',(140.469966308449,84.,282.025038830489));
#8879=CARTESIAN_POINT('Ctrl Pts',(140.300136953592,92.,282.019098997116));
#8880=CARTESIAN_POINT('Ctrl Pts',(140.300136953592,84.,282.019098997116));
#8881=CARTESIAN_POINT('',(141.289222985506,84.,282.169167995453));
#8882=CARTESIAN_POINT('Ctrl Pts',(141.289222985506,84.,282.169167995453));
#8883=CARTESIAN_POINT('Ctrl Pts',(141.129308978378,84.,282.125399287253));
#8884=CARTESIAN_POINT('Ctrl Pts',(140.805508162414,84.,282.036774508952));
#8885=CARTESIAN_POINT('Ctrl Pts',(140.469966308449,84.,282.025038830489));
#8886=CARTESIAN_POINT('Ctrl Pts',(140.300136953592,84.,282.019098997116));
#8887=CARTESIAN_POINT('',(141.289222985506,88.,282.169167995453));
#8888=CARTESIAN_POINT('Ctrl Pts',(142.366985231638,92.,282.680764198303));
#8889=CARTESIAN_POINT('Ctrl Pts',(142.366985231638,84.,282.680764198303));
#8890=CARTESIAN_POINT('Ctrl Pts',(142.178792285877,92.,282.571894198892));
#8891=CARTESIAN_POINT('Ctrl Pts',(142.178792285877,84.,282.571894198892));
#8892=CARTESIAN_POINT('Ctrl Pts',(141.833287426445,92.,282.372018939535));
#8893=CARTESIAN_POINT('Ctrl Pts',(141.833287426445,84.,282.372018939535));
#8894=CARTESIAN_POINT('Ctrl Pts',(141.459439698517,92.,282.23263220729));
#8895=CARTESIAN_POINT('Ctrl Pts',(141.459439698517,84.,282.23263220729));
#8896=CARTESIAN_POINT('Ctrl Pts',(141.289222985506,92.,282.169167995453));
#8897=CARTESIAN_POINT('Ctrl Pts',(141.289222985506,84.,282.169167995453));
#8898=CARTESIAN_POINT('',(142.366985231638,84.,282.680764198303));
#8899=CARTESIAN_POINT('Ctrl Pts',(142.366985231638,84.,282.680764198303));
#8900=CARTESIAN_POINT('Ctrl Pts',(142.178792285877,84.,282.571894198892));
#8901=CARTESIAN_POINT('Ctrl Pts',(141.833287426445,84.,282.372018939535));
#8902=CARTESIAN_POINT('Ctrl Pts',(141.459439698517,84.,282.23263220729));
#8903=CARTESIAN_POINT('Ctrl Pts',(141.289222985506,84.,282.169167995453));
#8904=CARTESIAN_POINT('',(142.366985231638,88.,282.680764198303));
#8905=CARTESIAN_POINT('Origin',(142.366985231638,88.,283.622100353241));
#8906=CARTESIAN_POINT('',(142.366985231638,84.,283.622100353241));
#8907=CARTESIAN_POINT('',(142.366985231638,84.,282.680764198303));
#8908=CARTESIAN_POINT('',(142.366985231638,88.,283.622100353241));
#8909=CARTESIAN_POINT('Origin',(140.300136953592,88.,283.622100353241));
#8910=CARTESIAN_POINT('',(142.366985231638,84.,283.622100353241));
#8911=CARTESIAN_POINT('Origin',(139.982947260141,84.,284.999999403954));
#8912=CARTESIAN_POINT('Origin',(178.935880996287,92.,285.));
#8913=CARTESIAN_POINT('',(174.154162332416,92.,280.));
#8914=CARTESIAN_POINT('',(174.154162332416,92.,290.));
#8915=CARTESIAN_POINT('',(174.154162332416,92.,280.));
#8916=CARTESIAN_POINT('',(177.039564698935,92.,290.));
#8917=CARTESIAN_POINT('',(174.154162332416,92.,290.));
#8918=CARTESIAN_POINT('',(180.804913192987,92.,284.467513561249));
#8919=CARTESIAN_POINT('',(177.039564698935,92.,290.));
#8920=CARTESIAN_POINT('',(180.804913192987,92.,290.));
#8921=CARTESIAN_POINT('',(180.804913192987,92.,284.467513561249));
#8922=CARTESIAN_POINT('',(183.717599660158,92.,290.));
#8923=CARTESIAN_POINT('',(180.804913192987,92.,290.));
#8924=CARTESIAN_POINT('',(183.717599660158,92.,280.));
#8925=CARTESIAN_POINT('',(183.717599660158,92.,290.));
#8926=CARTESIAN_POINT('',(180.804913192987,92.,280.));
#8927=CARTESIAN_POINT('',(183.717599660158,92.,280.));
#8928=CARTESIAN_POINT('',(177.060028463602,92.,285.490705966949));
#8929=CARTESIAN_POINT('',(180.804913192987,92.,280.));
#8930=CARTESIAN_POINT('',(177.060028463602,92.,280.));
#8931=CARTESIAN_POINT('',(177.060028463602,92.,285.490705966949));
#8932=CARTESIAN_POINT('',(177.060028463602,92.,280.));
#8933=CARTESIAN_POINT('Origin',(177.039564698935,88.,290.));
#8934=CARTESIAN_POINT('',(174.154162332416,84.,290.));
#8935=CARTESIAN_POINT('',(174.154162332416,88.,290.));
#8936=CARTESIAN_POINT('',(177.039564698935,84.,290.));
#8937=CARTESIAN_POINT('',(174.154162332416,84.,290.));
#8938=CARTESIAN_POINT('',(177.039564698935,88.,290.));
#8939=CARTESIAN_POINT('Origin',(180.804913192987,88.,284.467513561249));
#8940=CARTESIAN_POINT('',(180.804913192987,84.,284.467513561249));
#8941=CARTESIAN_POINT('',(177.039564698935,84.,290.));
#8942=CARTESIAN_POINT('',(180.804913192987,88.,284.467513561249));
#8943=CARTESIAN_POINT('Origin',(180.804913192987,88.,290.));
#8944=CARTESIAN_POINT('',(180.804913192987,84.,290.));
#8945=CARTESIAN_POINT('',(180.804913192987,84.,284.467513561249));
#8946=CARTESIAN_POINT('',(180.804913192987,88.,290.));
#8947=CARTESIAN_POINT('Origin',(183.717599660158,88.,290.));
#8948=CARTESIAN_POINT('',(183.717599660158,84.,290.));
#8949=CARTESIAN_POINT('',(180.804913192987,84.,290.));
#8950=CARTESIAN_POINT('',(183.717599660158,88.,290.));
#8951=CARTESIAN_POINT('Origin',(183.717599660158,88.,280.));
#8952=CARTESIAN_POINT('',(183.717599660158,84.,280.));
#8953=CARTESIAN_POINT('',(183.717599660158,84.,290.));
#8954=CARTESIAN_POINT('',(183.717599660158,88.,280.));
#8955=CARTESIAN_POINT('Origin',(180.804913192987,88.,280.));
#8956=CARTESIAN_POINT('',(180.804913192987,84.,280.));
#8957=CARTESIAN_POINT('',(183.717599660158,84.,280.));
#8958=CARTESIAN_POINT('',(180.804913192987,88.,280.));
#8959=CARTESIAN_POINT('Origin',(177.060028463602,88.,285.490705966949));
#8960=CARTESIAN_POINT('',(177.060028463602,84.,285.490705966949));
#8961=CARTESIAN_POINT('',(180.804913192987,84.,280.));
#8962=CARTESIAN_POINT('',(177.060028463602,88.,285.490705966949));
#8963=CARTESIAN_POINT('Origin',(177.060028463602,88.,280.));
#8964=CARTESIAN_POINT('',(177.060028463602,84.,280.));
#8965=CARTESIAN_POINT('',(177.060028463602,84.,285.490705966949));
#8966=CARTESIAN_POINT('',(177.060028463602,88.,280.));
#8967=CARTESIAN_POINT('Origin',(174.154162332416,88.,280.));
#8968=CARTESIAN_POINT('',(174.154162332416,84.,280.));
#8969=CARTESIAN_POINT('',(177.060028463602,84.,280.));
#8970=CARTESIAN_POINT('',(174.154162332416,88.,280.));
#8971=CARTESIAN_POINT('Origin',(174.154162332416,88.,290.));
#8972=CARTESIAN_POINT('',(174.154162332416,84.,280.));
#8973=CARTESIAN_POINT('Origin',(178.935880996287,84.,285.));
#8974=CARTESIAN_POINT('Origin',(229.05184332747,92.,285.));
#8975=CARTESIAN_POINT('',(231.25938102603,92.,280.));
#8976=CARTESIAN_POINT('',(230.759082883596,92.,281.650750637054));
#8977=CARTESIAN_POINT('',(231.25938102603,92.,280.));
#8978=CARTESIAN_POINT('',(227.25091829896,92.,281.650750637054));
#8979=CARTESIAN_POINT('',(230.759082883596,92.,281.650750637054));
#8980=CARTESIAN_POINT('',(226.76351621747,92.,280.));
#8981=CARTESIAN_POINT('',(227.25091829896,92.,281.650750637054));
#8982=CARTESIAN_POINT('',(223.608460063115,92.,280.));
#8983=CARTESIAN_POINT('',(226.76351621747,92.,280.));
#8984=CARTESIAN_POINT('',(227.366986721754,92.,290.));
#8985=CARTESIAN_POINT('',(223.608460063115,92.,280.));
#8986=CARTESIAN_POINT('',(230.737553089857,92.,290.));
#8987=CARTESIAN_POINT('',(227.366986721754,92.,290.));
#8988=CARTESIAN_POINT('',(234.495226591825,92.,280.));
#8989=CARTESIAN_POINT('',(230.737553089857,92.,290.));
#8990=CARTESIAN_POINT('',(234.495226591825,92.,280.));
#8991=CARTESIAN_POINT('',(227.92206838727,92.,283.813097476959));
#8992=CARTESIAN_POINT('',(230.118095129728,92.,283.813097476959));
#8993=CARTESIAN_POINT('',(227.92206838727,92.,283.813097476959));
#8994=CARTESIAN_POINT('',(229.014326781034,92.,287.407912611961));
#8995=CARTESIAN_POINT('',(230.118095129728,92.,283.813097476959));
#8996=CARTESIAN_POINT('',(229.014326781034,92.,287.407912611961));
#8997=CARTESIAN_POINT('Origin',(229.014326781034,88.,287.407912611961));
#8998=CARTESIAN_POINT('',(230.118095129728,84.,283.813097476959));
#8999=CARTESIAN_POINT('',(230.118095129728,88.,283.813097476959));
#9000=CARTESIAN_POINT('',(229.014326781034,84.,287.407912611961));
#9001=CARTESIAN_POINT('',(230.118095129728,84.,283.813097476959));
#9002=CARTESIAN_POINT('',(229.014326781034,88.,287.407912611961));
#9003=CARTESIAN_POINT('Origin',(227.92206838727,88.,283.813097476959));
#9004=CARTESIAN_POINT('',(227.92206838727,84.,283.813097476959));
#9005=CARTESIAN_POINT('',(229.014326781034,84.,287.407912611961));
#9006=CARTESIAN_POINT('',(227.92206838727,88.,283.813097476959));
#9007=CARTESIAN_POINT('Origin',(230.118095129728,88.,283.813097476959));
#9008=CARTESIAN_POINT('',(227.92206838727,84.,283.813097476959));
#9009=CARTESIAN_POINT('Origin',(227.25091829896,88.,281.650750637054));
#9010=CARTESIAN_POINT('',(230.759082883596,84.,281.650750637054));
#9011=CARTESIAN_POINT('',(230.759082883596,88.,281.650750637054));
#9012=CARTESIAN_POINT('',(227.25091829896,84.,281.650750637054));
#9013=CARTESIAN_POINT('',(230.759082883596,84.,281.650750637054));
#9014=CARTESIAN_POINT('',(227.25091829896,88.,281.650750637054));
#9015=CARTESIAN_POINT('Origin',(226.76351621747,88.,280.));
#9016=CARTESIAN_POINT('',(226.76351621747,84.,280.));
#9017=CARTESIAN_POINT('',(227.25091829896,84.,281.650750637054));
#9018=CARTESIAN_POINT('',(226.76351621747,88.,280.));
#9019=CARTESIAN_POINT('Origin',(223.608460063115,88.,280.));
#9020=CARTESIAN_POINT('',(223.608460063115,84.,280.));
#9021=CARTESIAN_POINT('',(226.76351621747,84.,280.));
#9022=CARTESIAN_POINT('',(223.608460063115,88.,280.));
#9023=CARTESIAN_POINT('Origin',(227.366986721754,88.,290.));
#9024=CARTESIAN_POINT('',(227.366986721754,84.,290.));
#9025=CARTESIAN_POINT('',(223.608460063115,84.,280.));
#9026=CARTESIAN_POINT('',(227.366986721754,88.,290.));
#9027=CARTESIAN_POINT('Origin',(230.737553089857,88.,290.));
#9028=CARTESIAN_POINT('',(230.737553089857,84.,290.));
#9029=CARTESIAN_POINT('',(227.366986721754,84.,290.));
#9030=CARTESIAN_POINT('',(230.737553089857,88.,290.));
#9031=CARTESIAN_POINT('Origin',(234.495226591825,88.,280.));
#9032=CARTESIAN_POINT('',(234.495226591825,84.,280.));
#9033=CARTESIAN_POINT('',(230.737553089857,84.,290.));
#9034=CARTESIAN_POINT('',(234.495226591825,88.,280.));
#9035=CARTESIAN_POINT('Origin',(231.25938102603,88.,280.));
#9036=CARTESIAN_POINT('',(231.25938102603,84.,280.));
#9037=CARTESIAN_POINT('',(234.495226591825,84.,280.));
#9038=CARTESIAN_POINT('',(231.25938102603,88.,280.));
#9039=CARTESIAN_POINT('Origin',(230.759082883596,88.,281.650750637054));
#9040=CARTESIAN_POINT('',(231.25938102603,84.,280.));
#9041=CARTESIAN_POINT('Origin',(229.05184332747,84.,285.));
#9042=CARTESIAN_POINT('Origin',(270.743519887328,92.,285.));
#9043=CARTESIAN_POINT('',(268.929058760405,92.,280.));
#9044=CARTESIAN_POINT('',(265.825375318527,92.,280.));
#9045=CARTESIAN_POINT('',(268.929058760405,92.,280.));
#9046=CARTESIAN_POINT('',(265.825375318527,92.,290.));
#9047=CARTESIAN_POINT('',(265.825375318527,92.,280.));
#9048=CARTESIAN_POINT('',(270.975443571806,92.,290.));
#9049=CARTESIAN_POINT('',(265.825375318527,92.,290.));
#9050=CARTESIAN_POINT('',(273.165075033903,92.,289.754433631897));
#9051=CARTESIAN_POINT('Ctrl Pts',(270.975443571806,92.,290.));
#9052=CARTESIAN_POINT('Ctrl Pts',(271.398835145935,92.,289.99723131125));
#9053=CARTESIAN_POINT('Ctrl Pts',(272.138190027344,92.,289.992396440488));
#9054=CARTESIAN_POINT('Ctrl Pts',(272.857624649416,92.,289.825679931656));
#9055=CARTESIAN_POINT('Ctrl Pts',(273.165075033903,92.,289.754433631897));
#9056=CARTESIAN_POINT('',(274.386084526777,92.,288.843792676926));
#9057=CARTESIAN_POINT('Ctrl Pts',(273.165075033903,92.,289.754433631897));
#9058=CARTESIAN_POINT('Ctrl Pts',(273.405623435149,92.,289.654548615961));
#9059=CARTESIAN_POINT('Ctrl Pts',(273.889140554078,92.,289.453773574932));
#9060=CARTESIAN_POINT('Ctrl Pts',(274.219884673013,92.,289.047797034795));
#9061=CARTESIAN_POINT('Ctrl Pts',(274.386084526777,92.,288.843792676926));
#9062=CARTESIAN_POINT('',(274.849932640791,92.,287.223737835884));
#9063=CARTESIAN_POINT('Ctrl Pts',(274.386084526777,92.,288.843792676926));
#9064=CARTESIAN_POINT('Ctrl Pts',(274.521302691095,92.,288.603598267425));
#9065=CARTESIAN_POINT('Ctrl Pts',(274.80411042866,92.,288.101233530636));
#9066=CARTESIAN_POINT('Ctrl Pts',(274.834219529757,92.,287.524644026191));
#9067=CARTESIAN_POINT('Ctrl Pts',(274.849932640791,92.,287.223737835884));
#9068=CARTESIAN_POINT('',(274.495012015104,92.,285.787858366966));
#9069=CARTESIAN_POINT('Ctrl Pts',(274.849932640791,92.,287.223737835884));
#9070=CARTESIAN_POINT('Ctrl Pts',(274.838019664953,92.,286.960900573846));
#9071=CARTESIAN_POINT('Ctrl Pts',(274.815227817227,92.,286.458041596015));
#9072=CARTESIAN_POINT('Ctrl Pts',(274.598472431978,92.,286.004391829086));
#9073=CARTESIAN_POINT('Ctrl Pts',(274.495012015104,92.,285.787858366966));
#9074=CARTESIAN_POINT('',(273.519035428762,92.,284.809004068375));
#9075=CARTESIAN_POINT('Ctrl Pts',(274.495012015104,92.,285.787858366966));
#9076=CARTESIAN_POINT('Ctrl Pts',(274.364670590382,92.,285.595583614785));
#9077=CARTESIAN_POINT('Ctrl Pts',(274.101543672192,92.,285.20742871242));
#9078=CARTESIAN_POINT('Ctrl Pts',(273.714403500778,92.,284.94263214219));
#9079=CARTESIAN_POINT('Ctrl Pts',(273.519035428762,92.,284.809004068375));
#9080=CARTESIAN_POINT('',(272.433812469244,92.,284.413369894028));
#9081=CARTESIAN_POINT('Ctrl Pts',(273.519035428762,92.,284.809004068375));
#9082=CARTESIAN_POINT('Ctrl Pts',(273.364716568766,92.,284.730652944889));
#9083=CARTESIAN_POINT('Ctrl Pts',(273.019251826125,92.,284.555252798003));
#9084=CARTESIAN_POINT('Ctrl Pts',(272.642351617246,92.,284.463909953495));
#9085=CARTESIAN_POINT('Ctrl Pts',(272.433812469244,92.,284.413369894028));
#9086=CARTESIAN_POINT('',(273.238190859556,92.,284.044700860977));
#9087=CARTESIAN_POINT('Ctrl Pts',(272.433812469244,92.,284.413369894028));
#9088=CARTESIAN_POINT('Ctrl Pts',(272.59588270308,92.,284.358322524536));
#9089=CARTESIAN_POINT('Ctrl Pts',(272.876947974225,92.,284.262858333082));
#9090=CARTESIAN_POINT('Ctrl Pts',(273.130741783232,92.,284.109590218866));
#9091=CARTESIAN_POINT('Ctrl Pts',(273.238190859556,92.,284.044700860977));
#9092=CARTESIAN_POINT('',(273.732414096594,92.,283.518981933594));
#9093=CARTESIAN_POINT('Ctrl Pts',(273.238190859556,92.,284.044700860977));
#9094=CARTESIAN_POINT('Ctrl Pts',(273.309336096196,92.,283.981908682372));
#9095=CARTESIAN_POINT('Ctrl Pts',(273.490239422976,92.,283.822244950241));
#9096=CARTESIAN_POINT('Ctrl Pts',(273.640965324555,92.,283.633498575912));
#9097=CARTESIAN_POINT('Ctrl Pts',(273.732414096594,92.,283.518981933594));
#9098=CARTESIAN_POINT('',(274.165245741606,92.,282.897659540176));
#9099=CARTESIAN_POINT('Ctrl Pts',(273.732414096594,92.,283.518981933594));
#9100=CARTESIAN_POINT('Ctrl Pts',(273.825960299933,92.,283.402467569692));
#9101=CARTESIAN_POINT('Ctrl Pts',(273.984443025026,92.,283.205072985579));
#9102=CARTESIAN_POINT('Ctrl Pts',(274.112695660519,92.,282.987008869594));
#9103=CARTESIAN_POINT('Ctrl Pts',(274.165245741606,92.,282.897659540176));
#9104=CARTESIAN_POINT('',(275.661664456129,92.,280.));
#9105=CARTESIAN_POINT('',(274.165245741606,92.,282.897659540176));
#9106=CARTESIAN_POINT('',(272.170126885176,92.,280.));
#9107=CARTESIAN_POINT('',(275.661664456129,92.,280.));
#9108=CARTESIAN_POINT('',(270.518417805433,92.,283.055934906006));
#9109=CARTESIAN_POINT('',(272.170126885176,92.,280.));
#9110=CARTESIAN_POINT('',(269.959072321653,92.,283.826739788055));
#9111=CARTESIAN_POINT('Ctrl Pts',(270.518417805433,92.,283.055934906006));
#9112=CARTESIAN_POINT('Ctrl Pts',(270.428856351783,92.,283.226153201985));
#9113=CARTESIAN_POINT('Ctrl Pts',(270.279066840472,92.,283.510839463001));
#9114=CARTESIAN_POINT('Ctrl Pts',(270.050839160136,92.,283.736147067239));
#9115=CARTESIAN_POINT('Ctrl Pts',(269.959072321653,92.,283.826739788055));
#9116=CARTESIAN_POINT('',(269.201910346746,92.,284.058662652969));
#9117=CARTESIAN_POINT('Ctrl Pts',(269.959072321653,92.,283.826739788055));
#9118=CARTESIAN_POINT('Ctrl Pts',(269.843244855023,92.,283.894381742624));
#9119=CARTESIAN_POINT('Ctrl Pts',(269.60915688979,92.,284.03108651542));
#9120=CARTESIAN_POINT('Ctrl Pts',(269.338596565583,92.,284.049407134326));
#9121=CARTESIAN_POINT('Ctrl Pts',(269.201910346746,92.,284.058662652969));
#9122=CARTESIAN_POINT('',(268.929058760405,92.,284.058662652969));
#9123=CARTESIAN_POINT('',(269.201910346746,92.,284.058662652969));
#9124=CARTESIAN_POINT('',(268.929058760405,92.,284.058662652969));
#9125=CARTESIAN_POINT('',(268.929058760405,92.,287.980900406837));
#9126=CARTESIAN_POINT('',(268.929058760405,92.,285.948158502579));
#9127=CARTESIAN_POINT('',(268.929058760405,92.,287.980900406837));
#9128=CARTESIAN_POINT('',(270.231923907995,92.,285.948158502579));
#9129=CARTESIAN_POINT('',(268.929058760405,92.,285.948158502579));
#9130=CARTESIAN_POINT('',(271.050477474928,92.,286.084583997726));
#9131=CARTESIAN_POINT('Ctrl Pts',(270.231923907995,92.,285.948158502579));
#9132=CARTESIAN_POINT('Ctrl Pts',(270.335647671548,92.,285.957803191643));
#9133=CARTESIAN_POINT('Ctrl Pts',(270.611576598022,92.,285.983460269717));
#9134=CARTESIAN_POINT('Ctrl Pts',(270.881820372506,92.,286.045725030133));
#9135=CARTESIAN_POINT('Ctrl Pts',(271.050477474928,92.,286.084583997726));
#9136=CARTESIAN_POINT('',(271.551841944456,92.,286.398363113403));
#9137=CARTESIAN_POINT('Ctrl Pts',(271.050477474928,92.,286.084583997726));
#9138=CARTESIAN_POINT('Ctrl Pts',(271.148261933245,92.,286.113207965694));
#9139=CARTESIAN_POINT('Ctrl Pts',(271.344781001932,92.,286.170734035009));
#9140=CARTESIAN_POINT('Ctrl Pts',(271.482599516899,92.,286.322242577206));
#9141=CARTESIAN_POINT('Ctrl Pts',(271.551841944456,92.,286.398363113403));
#9142=CARTESIAN_POINT('',(271.746248453856,92.,286.978172063828));
#9143=CARTESIAN_POINT('Ctrl Pts',(271.551841944456,92.,286.398363113403));
#9144=CARTESIAN_POINT('Ctrl Pts',(271.608542957592,92.,286.486018151576));
#9145=CARTESIAN_POINT('Ctrl Pts',(271.722792748425,92.,286.66263880124));
#9146=CARTESIAN_POINT('Ctrl Pts',(271.738391303537,92.,286.872475294989));
#9147=CARTESIAN_POINT('Ctrl Pts',(271.746248453856,92.,286.978172063828));
#9148=CARTESIAN_POINT('',(271.439290493727,92.,287.721691727638));
#9149=CARTESIAN_POINT('Ctrl Pts',(271.746248453856,92.,286.978172063828));
#9150=CARTESIAN_POINT('Ctrl Pts',(271.736438574441,92.,287.127590486712));
#9151=CARTESIAN_POINT('Ctrl Pts',(271.717818337188,92.,287.411203196556));
#9152=CARTESIAN_POINT('Ctrl Pts',(271.528750090233,92.,287.62196676526));
#9153=CARTESIAN_POINT('Ctrl Pts',(271.439290493727,92.,287.721691727638));
#9154=CARTESIAN_POINT('',(270.286493748426,92.,287.980900406837));
#9155=CARTESIAN_POINT('Ctrl Pts',(271.439290493727,92.,287.721691727638));
#9156=CARTESIAN_POINT('Ctrl Pts',(271.294679202615,92.,287.796616886578));
#9157=CARTESIAN_POINT('Ctrl Pts',(270.936084144628,92.,287.982410067098));
#9158=CARTESIAN_POINT('Ctrl Pts',(270.529258227079,92.,287.981464596038));
#9159=CARTESIAN_POINT('Ctrl Pts',(270.286493748426,92.,287.980900406837));
#9160=CARTESIAN_POINT('',(270.286493748426,92.,287.980900406837));
#9161=CARTESIAN_POINT('Origin',(270.231923907995,88.,285.948158502579));
#9162=CARTESIAN_POINT('',(268.929058760405,84.,285.948158502579));
#9163=CARTESIAN_POINT('',(268.929058760405,88.,285.948158502579));
#9164=CARTESIAN_POINT('',(270.231923907995,84.,285.948158502579));
#9165=CARTESIAN_POINT('',(268.929058760405,84.,285.948158502579));
#9166=CARTESIAN_POINT('',(270.231923907995,88.,285.948158502579));
#9167=CARTESIAN_POINT('Ctrl Pts',(271.050477474928,92.,286.084583997726));
#9168=CARTESIAN_POINT('Ctrl Pts',(271.050477474928,84.,286.084583997726));
#9169=CARTESIAN_POINT('Ctrl Pts',(270.881820372506,92.,286.045725030133));
#9170=CARTESIAN_POINT('Ctrl Pts',(270.881820372506,84.,286.045725030133));
#9171=CARTESIAN_POINT('Ctrl Pts',(270.611576598022,92.,285.983460269717));
#9172=CARTESIAN_POINT('Ctrl Pts',(270.611576598022,84.,285.983460269717));
#9173=CARTESIAN_POINT('Ctrl Pts',(270.335647671548,92.,285.957803191643));
#9174=CARTESIAN_POINT('Ctrl Pts',(270.335647671548,84.,285.957803191643));
#9175=CARTESIAN_POINT('Ctrl Pts',(270.231923907995,92.,285.948158502579));
#9176=CARTESIAN_POINT('Ctrl Pts',(270.231923907995,84.,285.948158502579));
#9177=CARTESIAN_POINT('',(271.050477474928,84.,286.084583997726));
#9178=CARTESIAN_POINT('Ctrl Pts',(271.050477474928,84.,286.084583997726));
#9179=CARTESIAN_POINT('Ctrl Pts',(270.881820372506,84.,286.045725030133));
#9180=CARTESIAN_POINT('Ctrl Pts',(270.611576598022,84.,285.983460269717));
#9181=CARTESIAN_POINT('Ctrl Pts',(270.335647671548,84.,285.957803191643));
#9182=CARTESIAN_POINT('Ctrl Pts',(270.231923907995,84.,285.948158502579));
#9183=CARTESIAN_POINT('',(271.050477474928,88.,286.084583997726));
#9184=CARTESIAN_POINT('Ctrl Pts',(271.551841944456,92.,286.398363113403));
#9185=CARTESIAN_POINT('Ctrl Pts',(271.551841944456,84.,286.398363113403));
#9186=CARTESIAN_POINT('Ctrl Pts',(271.482599516899,92.,286.322242577206));
#9187=CARTESIAN_POINT('Ctrl Pts',(271.482599516899,84.,286.322242577206));
#9188=CARTESIAN_POINT('Ctrl Pts',(271.344781001932,92.,286.170734035009));
#9189=CARTESIAN_POINT('Ctrl Pts',(271.344781001932,84.,286.170734035009));
#9190=CARTESIAN_POINT('Ctrl Pts',(271.148261933245,92.,286.113207965694));
#9191=CARTESIAN_POINT('Ctrl Pts',(271.148261933245,84.,286.113207965694));
#9192=CARTESIAN_POINT('Ctrl Pts',(271.050477474928,92.,286.084583997726));
#9193=CARTESIAN_POINT('Ctrl Pts',(271.050477474928,84.,286.084583997726));
#9194=CARTESIAN_POINT('',(271.551841944456,84.,286.398363113403));
#9195=CARTESIAN_POINT('Ctrl Pts',(271.551841944456,84.,286.398363113403));
#9196=CARTESIAN_POINT('Ctrl Pts',(271.482599516899,84.,286.322242577206));
#9197=CARTESIAN_POINT('Ctrl Pts',(271.344781001932,84.,286.170734035009));
#9198=CARTESIAN_POINT('Ctrl Pts',(271.148261933245,84.,286.113207965694));
#9199=CARTESIAN_POINT('Ctrl Pts',(271.050477474928,84.,286.084583997726));
#9200=CARTESIAN_POINT('',(271.551841944456,88.,286.398363113403));
#9201=CARTESIAN_POINT('Ctrl Pts',(271.746248453856,92.,286.978172063828));
#9202=CARTESIAN_POINT('Ctrl Pts',(271.746248453856,84.,286.978172063828));
#9203=CARTESIAN_POINT('Ctrl Pts',(271.738391303537,92.,286.872475294989));
#9204=CARTESIAN_POINT('Ctrl Pts',(271.738391303537,84.,286.872475294989));
#9205=CARTESIAN_POINT('Ctrl Pts',(271.722792748425,92.,286.66263880124));
#9206=CARTESIAN_POINT('Ctrl Pts',(271.722792748425,84.,286.66263880124));
#9207=CARTESIAN_POINT('Ctrl Pts',(271.608542957592,92.,286.486018151576));
#9208=CARTESIAN_POINT('Ctrl Pts',(271.608542957592,84.,286.486018151576));
#9209=CARTESIAN_POINT('Ctrl Pts',(271.551841944456,92.,286.398363113403));
#9210=CARTESIAN_POINT('Ctrl Pts',(271.551841944456,84.,286.398363113403));
#9211=CARTESIAN_POINT('',(271.746248453856,84.,286.978172063828));
#9212=CARTESIAN_POINT('Ctrl Pts',(271.746248453856,84.,286.978172063828));
#9213=CARTESIAN_POINT('Ctrl Pts',(271.738391303537,84.,286.872475294989));
#9214=CARTESIAN_POINT('Ctrl Pts',(271.722792748425,84.,286.66263880124));
#9215=CARTESIAN_POINT('Ctrl Pts',(271.608542957592,84.,286.486018151576));
#9216=CARTESIAN_POINT('Ctrl Pts',(271.551841944456,84.,286.398363113403));
#9217=CARTESIAN_POINT('',(271.746248453856,88.,286.978172063828));
#9218=CARTESIAN_POINT('Ctrl Pts',(271.439290493727,92.,287.721691727638));
#9219=CARTESIAN_POINT('Ctrl Pts',(271.439290493727,84.,287.721691727638));
#9220=CARTESIAN_POINT('Ctrl Pts',(271.528750090233,92.,287.62196676526));
#9221=CARTESIAN_POINT('Ctrl Pts',(271.528750090233,84.,287.62196676526));
#9222=CARTESIAN_POINT('Ctrl Pts',(271.717818337188,92.,287.411203196556));
#9223=CARTESIAN_POINT('Ctrl Pts',(271.717818337188,84.,287.411203196556));
#9224=CARTESIAN_POINT('Ctrl Pts',(271.736438574441,92.,287.127590486712));
#9225=CARTESIAN_POINT('Ctrl Pts',(271.736438574441,84.,287.127590486712));
#9226=CARTESIAN_POINT('Ctrl Pts',(271.746248453856,92.,286.978172063828));
#9227=CARTESIAN_POINT('Ctrl Pts',(271.746248453856,84.,286.978172063828));
#9228=CARTESIAN_POINT('',(271.439290493727,84.,287.721691727638));
#9229=CARTESIAN_POINT('Ctrl Pts',(271.439290493727,84.,287.721691727638));
#9230=CARTESIAN_POINT('Ctrl Pts',(271.528750090233,84.,287.62196676526));
#9231=CARTESIAN_POINT('Ctrl Pts',(271.717818337188,84.,287.411203196556));
#9232=CARTESIAN_POINT('Ctrl Pts',(271.736438574441,84.,287.127590486712));
#9233=CARTESIAN_POINT('Ctrl Pts',(271.746248453856,84.,286.978172063828));
#9234=CARTESIAN_POINT('',(271.439290493727,88.,287.721691727638));
#9235=CARTESIAN_POINT('Ctrl Pts',(270.286493748426,92.,287.980900406837));
#9236=CARTESIAN_POINT('Ctrl Pts',(270.286493748426,84.,287.980900406837));
#9237=CARTESIAN_POINT('Ctrl Pts',(270.529258227079,92.,287.981464596038));
#9238=CARTESIAN_POINT('Ctrl Pts',(270.529258227079,84.,287.981464596038));
#9239=CARTESIAN_POINT('Ctrl Pts',(270.936084144628,92.,287.982410067098));
#9240=CARTESIAN_POINT('Ctrl Pts',(270.936084144628,84.,287.982410067098));
#9241=CARTESIAN_POINT('Ctrl Pts',(271.294679202615,92.,287.796616886578));
#9242=CARTESIAN_POINT('Ctrl Pts',(271.294679202615,84.,287.796616886578));
#9243=CARTESIAN_POINT('Ctrl Pts',(271.439290493727,92.,287.721691727638));
#9244=CARTESIAN_POINT('Ctrl Pts',(271.439290493727,84.,287.721691727638));
#9245=CARTESIAN_POINT('',(270.286493748426,84.,287.980900406837));
#9246=CARTESIAN_POINT('Ctrl Pts',(270.286493748426,84.,287.980900406837));
#9247=CARTESIAN_POINT('Ctrl Pts',(270.529258227079,84.,287.981464596038));
#9248=CARTESIAN_POINT('Ctrl Pts',(270.936084144628,84.,287.982410067098));
#9249=CARTESIAN_POINT('Ctrl Pts',(271.294679202615,84.,287.796616886578));
#9250=CARTESIAN_POINT('Ctrl Pts',(271.439290493727,84.,287.721691727638));
#9251=CARTESIAN_POINT('',(270.286493748426,88.,287.980900406837));
#9252=CARTESIAN_POINT('Origin',(268.929058760405,88.,287.980900406837));
#9253=CARTESIAN_POINT('',(268.929058760405,84.,287.980900406837));
#9254=CARTESIAN_POINT('',(270.286493748426,84.,287.980900406837));
#9255=CARTESIAN_POINT('',(268.929058760405,88.,287.980900406837));
#9256=CARTESIAN_POINT('Origin',(268.929058760405,88.,285.948158502579));
#9257=CARTESIAN_POINT('',(268.929058760405,84.,287.980900406837));
#9258=CARTESIAN_POINT('Origin',(265.825375318527,88.,290.));
#9259=CARTESIAN_POINT('',(265.825375318527,84.,280.));
#9260=CARTESIAN_POINT('',(265.825375318527,88.,280.));
#9261=CARTESIAN_POINT('',(265.825375318527,84.,290.));
#9262=CARTESIAN_POINT('',(265.825375318527,84.,280.));
#9263=CARTESIAN_POINT('',(265.825375318527,88.,290.));
#9264=CARTESIAN_POINT('Origin',(270.975443571806,88.,290.));
#9265=CARTESIAN_POINT('',(270.975443571806,84.,290.));
#9266=CARTESIAN_POINT('',(265.825375318527,84.,290.));
#9267=CARTESIAN_POINT('',(270.975443571806,88.,290.));
#9268=CARTESIAN_POINT('Ctrl Pts',(273.165075033903,92.,289.754433631897));
#9269=CARTESIAN_POINT('Ctrl Pts',(273.165075033903,84.,289.754433631897));
#9270=CARTESIAN_POINT('Ctrl Pts',(272.857624649416,92.,289.825679931656));
#9271=CARTESIAN_POINT('Ctrl Pts',(272.857624649416,84.,289.825679931656));
#9272=CARTESIAN_POINT('Ctrl Pts',(272.138190027344,92.,289.992396440488));
#9273=CARTESIAN_POINT('Ctrl Pts',(272.138190027344,84.,289.992396440488));
#9274=CARTESIAN_POINT('Ctrl Pts',(271.398835145935,92.,289.99723131125));
#9275=CARTESIAN_POINT('Ctrl Pts',(271.398835145935,84.,289.99723131125));
#9276=CARTESIAN_POINT('Ctrl Pts',(270.975443571806,92.,290.));
#9277=CARTESIAN_POINT('Ctrl Pts',(270.975443571806,84.,290.));
#9278=CARTESIAN_POINT('',(273.165075033903,84.,289.754433631897));
#9279=CARTESIAN_POINT('Ctrl Pts',(273.165075033903,84.,289.754433631897));
#9280=CARTESIAN_POINT('Ctrl Pts',(272.857624649416,84.,289.825679931656));
#9281=CARTESIAN_POINT('Ctrl Pts',(272.138190027344,84.,289.992396440488));
#9282=CARTESIAN_POINT('Ctrl Pts',(271.398835145935,84.,289.99723131125));
#9283=CARTESIAN_POINT('Ctrl Pts',(270.975443571806,84.,290.));
#9284=CARTESIAN_POINT('',(273.165075033903,88.,289.754433631897));
#9285=CARTESIAN_POINT('Ctrl Pts',(274.386084526777,92.,288.843792676926));
#9286=CARTESIAN_POINT('Ctrl Pts',(274.386084526777,84.,288.843792676926));
#9287=CARTESIAN_POINT('Ctrl Pts',(274.219884673013,92.,289.047797034795));
#9288=CARTESIAN_POINT('Ctrl Pts',(274.219884673013,84.,289.047797034795));
#9289=CARTESIAN_POINT('Ctrl Pts',(273.889140554078,92.,289.453773574932));
#9290=CARTESIAN_POINT('Ctrl Pts',(273.889140554078,84.,289.453773574932));
#9291=CARTESIAN_POINT('Ctrl Pts',(273.405623435149,92.,289.654548615961));
#9292=CARTESIAN_POINT('Ctrl Pts',(273.405623435149,84.,289.654548615961));
#9293=CARTESIAN_POINT('Ctrl Pts',(273.165075033903,92.,289.754433631897));
#9294=CARTESIAN_POINT('Ctrl Pts',(273.165075033903,84.,289.754433631897));
#9295=CARTESIAN_POINT('',(274.386084526777,84.,288.843792676926));
#9296=CARTESIAN_POINT('Ctrl Pts',(274.386084526777,84.,288.843792676926));
#9297=CARTESIAN_POINT('Ctrl Pts',(274.219884673013,84.,289.047797034795));
#9298=CARTESIAN_POINT('Ctrl Pts',(273.889140554078,84.,289.453773574932));
#9299=CARTESIAN_POINT('Ctrl Pts',(273.405623435149,84.,289.654548615961));
#9300=CARTESIAN_POINT('Ctrl Pts',(273.165075033903,84.,289.754433631897));
#9301=CARTESIAN_POINT('',(274.386084526777,88.,288.843792676926));
#9302=CARTESIAN_POINT('Ctrl Pts',(274.849932640791,92.,287.223737835884));
#9303=CARTESIAN_POINT('Ctrl Pts',(274.849932640791,84.,287.223737835884));
#9304=CARTESIAN_POINT('Ctrl Pts',(274.834219529757,92.,287.524644026191));
#9305=CARTESIAN_POINT('Ctrl Pts',(274.834219529757,84.,287.524644026191));
#9306=CARTESIAN_POINT('Ctrl Pts',(274.80411042866,92.,288.101233530636));
#9307=CARTESIAN_POINT('Ctrl Pts',(274.80411042866,84.,288.101233530636));
#9308=CARTESIAN_POINT('Ctrl Pts',(274.521302691095,92.,288.603598267425));
#9309=CARTESIAN_POINT('Ctrl Pts',(274.521302691095,84.,288.603598267425));
#9310=CARTESIAN_POINT('Ctrl Pts',(274.386084526777,92.,288.843792676926));
#9311=CARTESIAN_POINT('Ctrl Pts',(274.386084526777,84.,288.843792676926));
#9312=CARTESIAN_POINT('',(274.849932640791,84.,287.223737835884));
#9313=CARTESIAN_POINT('Ctrl Pts',(274.849932640791,84.,287.223737835884));
#9314=CARTESIAN_POINT('Ctrl Pts',(274.834219529757,84.,287.524644026191));
#9315=CARTESIAN_POINT('Ctrl Pts',(274.80411042866,84.,288.101233530636));
#9316=CARTESIAN_POINT('Ctrl Pts',(274.521302691095,84.,288.603598267425));
#9317=CARTESIAN_POINT('Ctrl Pts',(274.386084526777,84.,288.843792676926));
#9318=CARTESIAN_POINT('',(274.849932640791,88.,287.223737835884));
#9319=CARTESIAN_POINT('Ctrl Pts',(274.495012015104,92.,285.787858366966));
#9320=CARTESIAN_POINT('Ctrl Pts',(274.495012015104,84.,285.787858366966));
#9321=CARTESIAN_POINT('Ctrl Pts',(274.598472431978,92.,286.004391829086));
#9322=CARTESIAN_POINT('Ctrl Pts',(274.598472431978,84.,286.004391829086));
#9323=CARTESIAN_POINT('Ctrl Pts',(274.815227817227,92.,286.458041596015));
#9324=CARTESIAN_POINT('Ctrl Pts',(274.815227817227,84.,286.458041596015));
#9325=CARTESIAN_POINT('Ctrl Pts',(274.838019664953,92.,286.960900573846));
#9326=CARTESIAN_POINT('Ctrl Pts',(274.838019664953,84.,286.960900573846));
#9327=CARTESIAN_POINT('Ctrl Pts',(274.849932640791,92.,287.223737835884));
#9328=CARTESIAN_POINT('Ctrl Pts',(274.849932640791,84.,287.223737835884));
#9329=CARTESIAN_POINT('',(274.495012015104,84.,285.787858366966));
#9330=CARTESIAN_POINT('Ctrl Pts',(274.495012015104,84.,285.787858366966));
#9331=CARTESIAN_POINT('Ctrl Pts',(274.598472431978,84.,286.004391829086));
#9332=CARTESIAN_POINT('Ctrl Pts',(274.815227817227,84.,286.458041596015));
#9333=CARTESIAN_POINT('Ctrl Pts',(274.838019664953,84.,286.960900573846));
#9334=CARTESIAN_POINT('Ctrl Pts',(274.849932640791,84.,287.223737835884));
#9335=CARTESIAN_POINT('',(274.495012015104,88.,285.787858366966));
#9336=CARTESIAN_POINT('Ctrl Pts',(273.519035428762,92.,284.809004068375));
#9337=CARTESIAN_POINT('Ctrl Pts',(273.519035428762,84.,284.809004068375));
#9338=CARTESIAN_POINT('Ctrl Pts',(273.714403500778,92.,284.94263214219));
#9339=CARTESIAN_POINT('Ctrl Pts',(273.714403500778,84.,284.94263214219));
#9340=CARTESIAN_POINT('Ctrl Pts',(274.101543672192,92.,285.20742871242));
#9341=CARTESIAN_POINT('Ctrl Pts',(274.101543672192,84.,285.20742871242));
#9342=CARTESIAN_POINT('Ctrl Pts',(274.364670590382,92.,285.595583614785));
#9343=CARTESIAN_POINT('Ctrl Pts',(274.364670590382,84.,285.595583614785));
#9344=CARTESIAN_POINT('Ctrl Pts',(274.495012015104,92.,285.787858366966));
#9345=CARTESIAN_POINT('Ctrl Pts',(274.495012015104,84.,285.787858366966));
#9346=CARTESIAN_POINT('',(273.519035428762,84.,284.809004068375));
#9347=CARTESIAN_POINT('Ctrl Pts',(273.519035428762,84.,284.809004068375));
#9348=CARTESIAN_POINT('Ctrl Pts',(273.714403500778,84.,284.94263214219));
#9349=CARTESIAN_POINT('Ctrl Pts',(274.101543672192,84.,285.20742871242));
#9350=CARTESIAN_POINT('Ctrl Pts',(274.364670590382,84.,285.595583614785));
#9351=CARTESIAN_POINT('Ctrl Pts',(274.495012015104,84.,285.787858366966));
#9352=CARTESIAN_POINT('',(273.519035428762,88.,284.809004068375));
#9353=CARTESIAN_POINT('Ctrl Pts',(272.433812469244,92.,284.413369894028));
#9354=CARTESIAN_POINT('Ctrl Pts',(272.433812469244,84.,284.413369894028));
#9355=CARTESIAN_POINT('Ctrl Pts',(272.642351617246,92.,284.463909953495));
#9356=CARTESIAN_POINT('Ctrl Pts',(272.642351617246,84.,284.463909953495));
#9357=CARTESIAN_POINT('Ctrl Pts',(273.019251826125,92.,284.555252798003));
#9358=CARTESIAN_POINT('Ctrl Pts',(273.019251826125,84.,284.555252798003));
#9359=CARTESIAN_POINT('Ctrl Pts',(273.364716568766,92.,284.730652944889));
#9360=CARTESIAN_POINT('Ctrl Pts',(273.364716568766,84.,284.730652944889));
#9361=CARTESIAN_POINT('Ctrl Pts',(273.519035428762,92.,284.809004068375));
#9362=CARTESIAN_POINT('Ctrl Pts',(273.519035428762,84.,284.809004068375));
#9363=CARTESIAN_POINT('',(272.433812469244,84.,284.413369894028));
#9364=CARTESIAN_POINT('Ctrl Pts',(272.433812469244,84.,284.413369894028));
#9365=CARTESIAN_POINT('Ctrl Pts',(272.642351617246,84.,284.463909953495));
#9366=CARTESIAN_POINT('Ctrl Pts',(273.019251826125,84.,284.555252798003));
#9367=CARTESIAN_POINT('Ctrl Pts',(273.364716568766,84.,284.730652944889));
#9368=CARTESIAN_POINT('Ctrl Pts',(273.519035428762,84.,284.809004068375));
#9369=CARTESIAN_POINT('',(272.433812469244,88.,284.413369894028));
#9370=CARTESIAN_POINT('Ctrl Pts',(273.238190859556,92.,284.044700860977));
#9371=CARTESIAN_POINT('Ctrl Pts',(273.238190859556,84.,284.044700860977));
#9372=CARTESIAN_POINT('Ctrl Pts',(273.130741783232,92.,284.109590218866));
#9373=CARTESIAN_POINT('Ctrl Pts',(273.130741783232,84.,284.109590218866));
#9374=CARTESIAN_POINT('Ctrl Pts',(272.876947974225,92.,284.262858333082));
#9375=CARTESIAN_POINT('Ctrl Pts',(272.876947974225,84.,284.262858333082));
#9376=CARTESIAN_POINT('Ctrl Pts',(272.59588270308,92.,284.358322524536));
#9377=CARTESIAN_POINT('Ctrl Pts',(272.59588270308,84.,284.358322524536));
#9378=CARTESIAN_POINT('Ctrl Pts',(272.433812469244,92.,284.413369894028));
#9379=CARTESIAN_POINT('Ctrl Pts',(272.433812469244,84.,284.413369894028));
#9380=CARTESIAN_POINT('',(273.238190859556,84.,284.044700860977));
#9381=CARTESIAN_POINT('Ctrl Pts',(273.238190859556,84.,284.044700860977));
#9382=CARTESIAN_POINT('Ctrl Pts',(273.130741783232,84.,284.109590218866));
#9383=CARTESIAN_POINT('Ctrl Pts',(272.876947974225,84.,284.262858333082));
#9384=CARTESIAN_POINT('Ctrl Pts',(272.59588270308,84.,284.358322524536));
#9385=CARTESIAN_POINT('Ctrl Pts',(272.433812469244,84.,284.413369894028));
#9386=CARTESIAN_POINT('',(273.238190859556,88.,284.044700860977));
#9387=CARTESIAN_POINT('Ctrl Pts',(273.732414096594,92.,283.518981933594));
#9388=CARTESIAN_POINT('Ctrl Pts',(273.732414096594,84.,283.518981933594));
#9389=CARTESIAN_POINT('Ctrl Pts',(273.640965324555,92.,283.633498575912));
#9390=CARTESIAN_POINT('Ctrl Pts',(273.640965324555,84.,283.633498575912));
#9391=CARTESIAN_POINT('Ctrl Pts',(273.490239422976,92.,283.822244950241));
#9392=CARTESIAN_POINT('Ctrl Pts',(273.490239422976,84.,283.822244950241));
#9393=CARTESIAN_POINT('Ctrl Pts',(273.309336096196,92.,283.981908682372));
#9394=CARTESIAN_POINT('Ctrl Pts',(273.309336096196,84.,283.981908682372));
#9395=CARTESIAN_POINT('Ctrl Pts',(273.238190859556,92.,284.044700860977));
#9396=CARTESIAN_POINT('Ctrl Pts',(273.238190859556,84.,284.044700860977));
#9397=CARTESIAN_POINT('',(273.732414096594,84.,283.518981933594));
#9398=CARTESIAN_POINT('Ctrl Pts',(273.732414096594,84.,283.518981933594));
#9399=CARTESIAN_POINT('Ctrl Pts',(273.640965324555,84.,283.633498575912));
#9400=CARTESIAN_POINT('Ctrl Pts',(273.490239422976,84.,283.822244950241));
#9401=CARTESIAN_POINT('Ctrl Pts',(273.309336096196,84.,283.981908682372));
#9402=CARTESIAN_POINT('Ctrl Pts',(273.238190859556,84.,284.044700860977));
#9403=CARTESIAN_POINT('',(273.732414096594,88.,283.518981933594));
#9404=CARTESIAN_POINT('Ctrl Pts',(274.165245741606,92.,282.897659540176));
#9405=CARTESIAN_POINT('Ctrl Pts',(274.165245741606,84.,282.897659540176));
#9406=CARTESIAN_POINT('Ctrl Pts',(274.112695660519,92.,282.987008869594));
#9407=CARTESIAN_POINT('Ctrl Pts',(274.112695660519,84.,282.987008869594));
#9408=CARTESIAN_POINT('Ctrl Pts',(273.984443025026,92.,283.205072985579));
#9409=CARTESIAN_POINT('Ctrl Pts',(273.984443025026,84.,283.205072985579));
#9410=CARTESIAN_POINT('Ctrl Pts',(273.825960299933,92.,283.402467569692));
#9411=CARTESIAN_POINT('Ctrl Pts',(273.825960299933,84.,283.402467569692));
#9412=CARTESIAN_POINT('Ctrl Pts',(273.732414096594,92.,283.518981933594));
#9413=CARTESIAN_POINT('Ctrl Pts',(273.732414096594,84.,283.518981933594));
#9414=CARTESIAN_POINT('',(274.165245741606,84.,282.897659540176));
#9415=CARTESIAN_POINT('Ctrl Pts',(274.165245741606,84.,282.897659540176));
#9416=CARTESIAN_POINT('Ctrl Pts',(274.112695660519,84.,282.987008869594));
#9417=CARTESIAN_POINT('Ctrl Pts',(273.984443025026,84.,283.205072985579));
#9418=CARTESIAN_POINT('Ctrl Pts',(273.825960299933,84.,283.402467569692));
#9419=CARTESIAN_POINT('Ctrl Pts',(273.732414096594,84.,283.518981933594));
#9420=CARTESIAN_POINT('',(274.165245741606,88.,282.897659540176));
#9421=CARTESIAN_POINT('Origin',(275.661664456129,88.,280.));
#9422=CARTESIAN_POINT('',(275.661664456129,84.,280.));
#9423=CARTESIAN_POINT('',(274.165245741606,84.,282.897659540176));
#9424=CARTESIAN_POINT('',(275.661664456129,88.,280.));
#9425=CARTESIAN_POINT('Origin',(272.170126885176,88.,280.));
#9426=CARTESIAN_POINT('',(272.170126885176,84.,280.));
#9427=CARTESIAN_POINT('',(275.661664456129,84.,280.));
#9428=CARTESIAN_POINT('',(272.170126885176,88.,280.));
#9429=CARTESIAN_POINT('Origin',(270.518417805433,88.,283.055934906006));
#9430=CARTESIAN_POINT('',(270.518417805433,84.,283.055934906006));
#9431=CARTESIAN_POINT('',(272.170126885176,84.,280.));
#9432=CARTESIAN_POINT('',(270.518417805433,88.,283.055934906006));
#9433=CARTESIAN_POINT('Ctrl Pts',(269.959072321653,92.,283.826739788055));
#9434=CARTESIAN_POINT('Ctrl Pts',(269.959072321653,84.,283.826739788055));
#9435=CARTESIAN_POINT('Ctrl Pts',(270.050839160136,92.,283.736147067239));
#9436=CARTESIAN_POINT('Ctrl Pts',(270.050839160136,84.,283.736147067239));
#9437=CARTESIAN_POINT('Ctrl Pts',(270.279066840472,92.,283.510839463001));
#9438=CARTESIAN_POINT('Ctrl Pts',(270.279066840472,84.,283.510839463001));
#9439=CARTESIAN_POINT('Ctrl Pts',(270.428856351783,92.,283.226153201985));
#9440=CARTESIAN_POINT('Ctrl Pts',(270.428856351783,84.,283.226153201985));
#9441=CARTESIAN_POINT('Ctrl Pts',(270.518417805433,92.,283.055934906006));
#9442=CARTESIAN_POINT('Ctrl Pts',(270.518417805433,84.,283.055934906006));
#9443=CARTESIAN_POINT('',(269.959072321653,84.,283.826739788055));
#9444=CARTESIAN_POINT('Ctrl Pts',(269.959072321653,84.,283.826739788055));
#9445=CARTESIAN_POINT('Ctrl Pts',(270.050839160136,84.,283.736147067239));
#9446=CARTESIAN_POINT('Ctrl Pts',(270.279066840472,84.,283.510839463001));
#9447=CARTESIAN_POINT('Ctrl Pts',(270.428856351783,84.,283.226153201985));
#9448=CARTESIAN_POINT('Ctrl Pts',(270.518417805433,84.,283.055934906006));
#9449=CARTESIAN_POINT('',(269.959072321653,88.,283.826739788055));
#9450=CARTESIAN_POINT('Ctrl Pts',(269.201910346746,92.,284.058662652969));
#9451=CARTESIAN_POINT('Ctrl Pts',(269.201910346746,84.,284.058662652969));
#9452=CARTESIAN_POINT('Ctrl Pts',(269.338596565583,92.,284.049407134326));
#9453=CARTESIAN_POINT('Ctrl Pts',(269.338596565583,84.,284.049407134326));
#9454=CARTESIAN_POINT('Ctrl Pts',(269.60915688979,92.,284.03108651542));
#9455=CARTESIAN_POINT('Ctrl Pts',(269.60915688979,84.,284.03108651542));
#9456=CARTESIAN_POINT('Ctrl Pts',(269.843244855023,92.,283.894381742624));
#9457=CARTESIAN_POINT('Ctrl Pts',(269.843244855023,84.,283.894381742624));
#9458=CARTESIAN_POINT('Ctrl Pts',(269.959072321653,92.,283.826739788055));
#9459=CARTESIAN_POINT('Ctrl Pts',(269.959072321653,84.,283.826739788055));
#9460=CARTESIAN_POINT('',(269.201910346746,84.,284.058662652969));
#9461=CARTESIAN_POINT('Ctrl Pts',(269.201910346746,84.,284.058662652969));
#9462=CARTESIAN_POINT('Ctrl Pts',(269.338596565583,84.,284.049407134326));
#9463=CARTESIAN_POINT('Ctrl Pts',(269.60915688979,84.,284.03108651542));
#9464=CARTESIAN_POINT('Ctrl Pts',(269.843244855023,84.,283.894381742624));
#9465=CARTESIAN_POINT('Ctrl Pts',(269.959072321653,84.,283.826739788055));
#9466=CARTESIAN_POINT('',(269.201910346746,88.,284.058662652969));
#9467=CARTESIAN_POINT('Origin',(268.929058760405,88.,284.058662652969));
#9468=CARTESIAN_POINT('',(268.929058760405,84.,284.058662652969));
#9469=CARTESIAN_POINT('',(269.201910346746,84.,284.058662652969));
#9470=CARTESIAN_POINT('',(268.929058760405,88.,284.058662652969));
#9471=CARTESIAN_POINT('Origin',(268.929058760405,88.,280.));
#9472=CARTESIAN_POINT('',(268.929058760405,84.,280.));
#9473=CARTESIAN_POINT('',(268.929058760405,84.,284.058662652969));
#9474=CARTESIAN_POINT('',(268.929058760405,88.,280.));
#9475=CARTESIAN_POINT('Origin',(265.825375318527,88.,280.));
#9476=CARTESIAN_POINT('',(268.929058760405,84.,280.));
#9477=CARTESIAN_POINT('Origin',(270.743519887328,84.,285.));
#9478=CARTESIAN_POINT('Origin',(249.600955992937,92.,285.));
#9479=CARTESIAN_POINT('',(244.904503077269,92.,287.530695796013));
#9480=CARTESIAN_POINT('',(244.904503077269,92.,290.));
#9481=CARTESIAN_POINT('',(244.904503077269,92.,287.530695796013));
#9482=CARTESIAN_POINT('',(254.297408908606,92.,290.));
#9483=CARTESIAN_POINT('',(244.904503077269,92.,290.));
#9484=CARTESIAN_POINT('',(254.297408908606,92.,287.530695796013));
#9485=CARTESIAN_POINT('',(254.297408908606,92.,290.));
#9486=CARTESIAN_POINT('',(251.145976632833,92.,287.530695796013));
#9487=CARTESIAN_POINT('',(254.297408908606,92.,287.530695796013));
#9488=CARTESIAN_POINT('',(251.145976632833,92.,280.));
#9489=CARTESIAN_POINT('',(251.145976632833,92.,287.530695796013));
#9490=CARTESIAN_POINT('',(248.055935651064,92.,280.));
#9491=CARTESIAN_POINT('',(251.145976632833,92.,280.));
#9492=CARTESIAN_POINT('',(248.055935651064,92.,287.530695796013));
#9493=CARTESIAN_POINT('',(248.055935651064,92.,280.));
#9494=CARTESIAN_POINT('',(248.055935651064,92.,287.530695796013));
#9495=CARTESIAN_POINT('Origin',(254.297408908606,88.,290.));
#9496=CARTESIAN_POINT('',(244.904503077269,84.,290.));
#9497=CARTESIAN_POINT('',(244.904503077269,88.,290.));
#9498=CARTESIAN_POINT('',(254.297408908606,84.,290.));
#9499=CARTESIAN_POINT('',(244.904503077269,84.,290.));
#9500=CARTESIAN_POINT('',(254.297408908606,88.,290.));
#9501=CARTESIAN_POINT('Origin',(254.297408908606,88.,287.530695796013));
#9502=CARTESIAN_POINT('',(254.297408908606,84.,287.530695796013));
#9503=CARTESIAN_POINT('',(254.297408908606,84.,290.));
#9504=CARTESIAN_POINT('',(254.297408908606,88.,287.530695796013));
#9505=CARTESIAN_POINT('Origin',(251.145976632833,88.,287.530695796013));
#9506=CARTESIAN_POINT('',(251.145976632833,84.,287.530695796013));
#9507=CARTESIAN_POINT('',(254.297408908606,84.,287.530695796013));
#9508=CARTESIAN_POINT('',(251.145976632833,88.,287.530695796013));
#9509=CARTESIAN_POINT('Origin',(251.145976632833,88.,280.));
#9510=CARTESIAN_POINT('',(251.145976632833,84.,280.));
#9511=CARTESIAN_POINT('',(251.145976632833,84.,287.530695796013));
#9512=CARTESIAN_POINT('',(251.145976632833,88.,280.));
#9513=CARTESIAN_POINT('Origin',(248.055935651064,88.,280.));
#9514=CARTESIAN_POINT('',(248.055935651064,84.,280.));
#9515=CARTESIAN_POINT('',(251.145976632833,84.,280.));
#9516=CARTESIAN_POINT('',(248.055935651064,88.,280.));
#9517=CARTESIAN_POINT('Origin',(248.055935651064,88.,287.530695796013));
#9518=CARTESIAN_POINT('',(248.055935651064,84.,287.530695796013));
#9519=CARTESIAN_POINT('',(248.055935651064,84.,280.));
#9520=CARTESIAN_POINT('',(248.055935651064,88.,287.530695796013));
#9521=CARTESIAN_POINT('Origin',(244.904503077269,88.,287.530695796013));
#9522=CARTESIAN_POINT('',(244.904503077269,84.,287.530695796013));
#9523=CARTESIAN_POINT('',(248.055935651064,84.,287.530695796013));
#9524=CARTESIAN_POINT('',(244.904503077269,88.,287.530695796013));
#9525=CARTESIAN_POINT('Origin',(244.904503077269,88.,290.));
#9526=CARTESIAN_POINT('',(244.904503077269,84.,287.530695796013));
#9527=CARTESIAN_POINT('Origin',(249.600955992937,84.,285.));
#9528=CARTESIAN_POINT('Origin',(200.30013774056,92.,285.));
#9529=CARTESIAN_POINT('',(202.507675439119,92.,280.));
#9530=CARTESIAN_POINT('',(202.007377296686,92.,281.650750637054));
#9531=CARTESIAN_POINT('',(202.507675439119,92.,280.));
#9532=CARTESIAN_POINT('',(198.499212712049,92.,281.650750637054));
#9533=CARTESIAN_POINT('',(202.007377296686,92.,281.650750637054));
#9534=CARTESIAN_POINT('',(198.01181063056,92.,280.));
#9535=CARTESIAN_POINT('',(198.499212712049,92.,281.650750637054));
#9536=CARTESIAN_POINT('',(194.856754476205,92.,280.));
#9537=CARTESIAN_POINT('',(198.01181063056,92.,280.));
#9538=CARTESIAN_POINT('',(198.615281134844,92.,290.));
#9539=CARTESIAN_POINT('',(194.856754476205,92.,280.));
#9540=CARTESIAN_POINT('',(201.985847502947,92.,290.));
#9541=CARTESIAN_POINT('',(198.615281134844,92.,290.));
#9542=CARTESIAN_POINT('',(205.743521004915,92.,280.));
#9543=CARTESIAN_POINT('',(201.985847502947,92.,290.));
#9544=CARTESIAN_POINT('',(205.743521004915,92.,280.));
#9545=CARTESIAN_POINT('',(199.17036280036,92.,283.813097476959));
#9546=CARTESIAN_POINT('',(201.366389542818,92.,283.813097476959));
#9547=CARTESIAN_POINT('',(199.17036280036,92.,283.813097476959));
#9548=CARTESIAN_POINT('',(200.262621194124,92.,287.407912611961));
#9549=CARTESIAN_POINT('',(201.366389542818,92.,283.813097476959));
#9550=CARTESIAN_POINT('',(200.262621194124,92.,287.407912611961));
#9551=CARTESIAN_POINT('Origin',(200.262621194124,88.,287.407912611961));
#9552=CARTESIAN_POINT('',(201.366389542818,84.,283.813097476959));
#9553=CARTESIAN_POINT('',(201.366389542818,88.,283.813097476959));
#9554=CARTESIAN_POINT('',(200.262621194124,84.,287.407912611961));
#9555=CARTESIAN_POINT('',(201.366389542818,84.,283.813097476959));
#9556=CARTESIAN_POINT('',(200.262621194124,88.,287.407912611961));
#9557=CARTESIAN_POINT('Origin',(199.17036280036,88.,283.813097476959));
#9558=CARTESIAN_POINT('',(199.17036280036,84.,283.813097476959));
#9559=CARTESIAN_POINT('',(200.262621194124,84.,287.407912611961));
#9560=CARTESIAN_POINT('',(199.17036280036,88.,283.813097476959));
#9561=CARTESIAN_POINT('Origin',(201.366389542818,88.,283.813097476959));
#9562=CARTESIAN_POINT('',(199.17036280036,84.,283.813097476959));
#9563=CARTESIAN_POINT('Origin',(198.499212712049,88.,281.650750637054));
#9564=CARTESIAN_POINT('',(202.007377296686,84.,281.650750637054));
#9565=CARTESIAN_POINT('',(202.007377296686,88.,281.650750637054));
#9566=CARTESIAN_POINT('',(198.499212712049,84.,281.650750637054));
#9567=CARTESIAN_POINT('',(202.007377296686,84.,281.650750637054));
#9568=CARTESIAN_POINT('',(198.499212712049,88.,281.650750637054));
#9569=CARTESIAN_POINT('Origin',(198.01181063056,88.,280.));
#9570=CARTESIAN_POINT('',(198.01181063056,84.,280.));
#9571=CARTESIAN_POINT('',(198.499212712049,84.,281.650750637054));
#9572=CARTESIAN_POINT('',(198.01181063056,88.,280.));
#9573=CARTESIAN_POINT('Origin',(194.856754476205,88.,280.));
#9574=CARTESIAN_POINT('',(194.856754476205,84.,280.));
#9575=CARTESIAN_POINT('',(198.01181063056,84.,280.));
#9576=CARTESIAN_POINT('',(194.856754476205,88.,280.));
#9577=CARTESIAN_POINT('Origin',(198.615281134844,88.,290.));
#9578=CARTESIAN_POINT('',(198.615281134844,84.,290.));
#9579=CARTESIAN_POINT('',(194.856754476205,84.,280.));
#9580=CARTESIAN_POINT('',(198.615281134844,88.,290.));
#9581=CARTESIAN_POINT('Origin',(201.985847502947,88.,290.));
#9582=CARTESIAN_POINT('',(201.985847502947,84.,290.));
#9583=CARTESIAN_POINT('',(198.615281134844,84.,290.));
#9584=CARTESIAN_POINT('',(201.985847502947,88.,290.));
#9585=CARTESIAN_POINT('Origin',(205.743521004915,88.,280.));
#9586=CARTESIAN_POINT('',(205.743521004915,84.,280.));
#9587=CARTESIAN_POINT('',(201.985847502947,84.,290.));
#9588=CARTESIAN_POINT('',(205.743521004915,88.,280.));
#9589=CARTESIAN_POINT('Origin',(202.507675439119,88.,280.));
#9590=CARTESIAN_POINT('',(202.507675439119,84.,280.));
#9591=CARTESIAN_POINT('',(205.743521004915,84.,280.));
#9592=CARTESIAN_POINT('',(202.507675439119,88.,280.));
#9593=CARTESIAN_POINT('Origin',(202.007377296686,88.,281.650750637054));
#9594=CARTESIAN_POINT('',(202.507675439119,84.,280.));
#9595=CARTESIAN_POINT('Origin',(200.30013774056,84.,285.));
#9596=CARTESIAN_POINT('Origin',(156.783766681328,92.,285.));
#9597=CARTESIAN_POINT('',(155.140903443098,92.,280.));
#9598=CARTESIAN_POINT('',(151.364257652313,92.,290.));
#9599=CARTESIAN_POINT('',(155.140903443098,92.,280.));
#9600=CARTESIAN_POINT('',(154.594454914331,92.,290.));
#9601=CARTESIAN_POINT('',(151.364257652313,92.,290.));
#9602=CARTESIAN_POINT('',(156.845157891512,92.,282.803547382355));
#9603=CARTESIAN_POINT('',(154.594454914331,92.,290.));
#9604=CARTESIAN_POINT('',(159.067084342241,92.,290.));
#9605=CARTESIAN_POINT('',(156.845157891512,92.,282.803547382355));
#9606=CARTESIAN_POINT('',(162.203275710344,92.,290.));
#9607=CARTESIAN_POINT('',(159.067084342241,92.,290.));
#9608=CARTESIAN_POINT('',(158.490153104067,92.,280.));
#9609=CARTESIAN_POINT('',(162.203275710344,92.,290.));
#9610=CARTESIAN_POINT('',(158.490153104067,92.,280.));
#9611=CARTESIAN_POINT('Origin',(154.594454914331,88.,290.));
#9612=CARTESIAN_POINT('',(151.364257652313,84.,290.));
#9613=CARTESIAN_POINT('',(151.364257652313,88.,290.));
#9614=CARTESIAN_POINT('',(154.594454914331,84.,290.));
#9615=CARTESIAN_POINT('',(151.364257652313,84.,290.));
#9616=CARTESIAN_POINT('',(154.594454914331,88.,290.));
#9617=CARTESIAN_POINT('Origin',(156.845157891512,88.,282.803547382355));
#9618=CARTESIAN_POINT('',(156.845157891512,84.,282.803547382355));
#9619=CARTESIAN_POINT('',(154.594454914331,84.,290.));
#9620=CARTESIAN_POINT('',(156.845157891512,88.,282.803547382355));
#9621=CARTESIAN_POINT('Origin',(159.067084342241,88.,290.));
#9622=CARTESIAN_POINT('',(159.067084342241,84.,290.));
#9623=CARTESIAN_POINT('',(156.845157891512,84.,282.803547382355));
#9624=CARTESIAN_POINT('',(159.067084342241,88.,290.));
#9625=CARTESIAN_POINT('Origin',(162.203275710344,88.,290.));
#9626=CARTESIAN_POINT('',(162.203275710344,84.,290.));
#9627=CARTESIAN_POINT('',(159.067084342241,84.,290.));
#9628=CARTESIAN_POINT('',(162.203275710344,88.,290.));
#9629=CARTESIAN_POINT('Origin',(158.490153104067,88.,280.));
#9630=CARTESIAN_POINT('',(158.490153104067,84.,280.));
#9631=CARTESIAN_POINT('',(162.203275710344,84.,290.));
#9632=CARTESIAN_POINT('',(158.490153104067,88.,280.));
#9633=CARTESIAN_POINT('Origin',(155.140903443098,88.,280.));
#9634=CARTESIAN_POINT('',(155.140903443098,84.,280.));
#9635=CARTESIAN_POINT('',(158.490153104067,84.,280.));
#9636=CARTESIAN_POINT('',(155.140903443098,88.,280.));
#9637=CARTESIAN_POINT('Origin',(151.364257652313,88.,290.));
#9638=CARTESIAN_POINT('',(155.140903443098,84.,280.));
#9639=CARTESIAN_POINT('Origin',(156.783766681328,84.,285.));
#9640=CARTESIAN_POINT('Origin',(148.581174090505,92.,285.));
#9641=CARTESIAN_POINT('',(147.032743096352,92.,280.));
#9642=CARTESIAN_POINT('',(147.032743096352,92.,290.));
#9643=CARTESIAN_POINT('',(147.032743096352,92.,280.));
#9644=CARTESIAN_POINT('',(150.129605084658,92.,290.));
#9645=CARTESIAN_POINT('',(147.032743096352,92.,290.));
#9646=CARTESIAN_POINT('',(150.129605084658,92.,280.));
#9647=CARTESIAN_POINT('',(150.129605084658,92.,290.));
#9648=CARTESIAN_POINT('',(150.129605084658,92.,280.));
#9649=CARTESIAN_POINT('Origin',(150.129605084658,88.,290.));
#9650=CARTESIAN_POINT('',(147.032743096352,84.,290.));
#9651=CARTESIAN_POINT('',(147.032743096352,88.,290.));
#9652=CARTESIAN_POINT('',(150.129605084658,84.,290.));
#9653=CARTESIAN_POINT('',(147.032743096352,84.,290.));
#9654=CARTESIAN_POINT('',(150.129605084658,88.,290.));
#9655=CARTESIAN_POINT('Origin',(150.129605084658,88.,280.));
#9656=CARTESIAN_POINT('',(150.129605084658,84.,280.));
#9657=CARTESIAN_POINT('',(150.129605084658,84.,290.));
#9658=CARTESIAN_POINT('',(150.129605084658,88.,280.));
#9659=CARTESIAN_POINT('Origin',(147.032743096352,88.,280.));
#9660=CARTESIAN_POINT('',(147.032743096352,84.,280.));
#9661=CARTESIAN_POINT('',(150.129605084658,84.,280.));
#9662=CARTESIAN_POINT('',(147.032743096352,88.,280.));
#9663=CARTESIAN_POINT('Origin',(147.032743096352,88.,290.));
#9664=CARTESIAN_POINT('',(147.032743096352,84.,280.));
#9665=CARTESIAN_POINT('Origin',(148.581174090505,84.,285.));
#9666=CARTESIAN_POINT('Origin',(189.764667600393,92.,285.));
#9667=CARTESIAN_POINT('',(185.068214684725,92.,287.530695796013));
#9668=CARTESIAN_POINT('',(185.068214684725,92.,290.));
#9669=CARTESIAN_POINT('',(185.068214684725,92.,287.530695796013));
#9670=CARTESIAN_POINT('',(194.461120516062,92.,290.));
#9671=CARTESIAN_POINT('',(185.068214684725,92.,290.));
#9672=CARTESIAN_POINT('',(194.461120516062,92.,287.530695796013));
#9673=CARTESIAN_POINT('',(194.461120516062,92.,290.));
#9674=CARTESIAN_POINT('',(191.30968824029,92.,287.530695796013));
#9675=CARTESIAN_POINT('',(194.461120516062,92.,287.530695796013));
#9676=CARTESIAN_POINT('',(191.30968824029,92.,280.));
#9677=CARTESIAN_POINT('',(191.30968824029,92.,287.530695796013));
#9678=CARTESIAN_POINT('',(188.21964725852,92.,280.));
#9679=CARTESIAN_POINT('',(191.30968824029,92.,280.));
#9680=CARTESIAN_POINT('',(188.21964725852,92.,287.530695796013));
#9681=CARTESIAN_POINT('',(188.21964725852,92.,280.));
#9682=CARTESIAN_POINT('',(188.21964725852,92.,287.530695796013));
#9683=CARTESIAN_POINT('Origin',(194.461120516062,88.,290.));
#9684=CARTESIAN_POINT('',(185.068214684725,84.,290.));
#9685=CARTESIAN_POINT('',(185.068214684725,88.,290.));
#9686=CARTESIAN_POINT('',(194.461120516062,84.,290.));
#9687=CARTESIAN_POINT('',(185.068214684725,84.,290.));
#9688=CARTESIAN_POINT('',(194.461120516062,88.,290.));
#9689=CARTESIAN_POINT('Origin',(194.461120516062,88.,287.530695796013));
#9690=CARTESIAN_POINT('',(194.461120516062,84.,287.530695796013));
#9691=CARTESIAN_POINT('',(194.461120516062,84.,290.));
#9692=CARTESIAN_POINT('',(194.461120516062,88.,287.530695796013));
#9693=CARTESIAN_POINT('Origin',(191.30968824029,88.,287.530695796013));
#9694=CARTESIAN_POINT('',(191.30968824029,84.,287.530695796013));
#9695=CARTESIAN_POINT('',(194.461120516062,84.,287.530695796013));
#9696=CARTESIAN_POINT('',(191.30968824029,88.,287.530695796013));
#9697=CARTESIAN_POINT('Origin',(191.30968824029,88.,280.));
#9698=CARTESIAN_POINT('',(191.30968824029,84.,280.));
#9699=CARTESIAN_POINT('',(191.30968824029,84.,287.530695796013));
#9700=CARTESIAN_POINT('',(191.30968824029,88.,280.));
#9701=CARTESIAN_POINT('Origin',(188.21964725852,88.,280.));
#9702=CARTESIAN_POINT('',(188.21964725852,84.,280.));
#9703=CARTESIAN_POINT('',(191.30968824029,84.,280.));
#9704=CARTESIAN_POINT('',(188.21964725852,88.,280.));
#9705=CARTESIAN_POINT('Origin',(188.21964725852,88.,287.530695796013));
#9706=CARTESIAN_POINT('',(188.21964725852,84.,287.530695796013));
#9707=CARTESIAN_POINT('',(188.21964725852,84.,280.));
#9708=CARTESIAN_POINT('',(188.21964725852,88.,287.530695796013));
#9709=CARTESIAN_POINT('Origin',(185.068214684725,88.,287.530695796013));
#9710=CARTESIAN_POINT('',(185.068214684725,84.,287.530695796013));
#9711=CARTESIAN_POINT('',(188.21964725852,84.,287.530695796013));
#9712=CARTESIAN_POINT('',(185.068214684725,88.,287.530695796013));
#9713=CARTESIAN_POINT('Origin',(185.068214684725,88.,290.));
#9714=CARTESIAN_POINT('',(185.068214684725,84.,287.530695796013));
#9715=CARTESIAN_POINT('Origin',(189.764667600393,84.,285.));
#9716=CARTESIAN_POINT('Origin',(239.515690393746,92.,284.999999403954));
#9717=CARTESIAN_POINT('',(236.091406792402,92.,280.811733007431));
#9718=CARTESIAN_POINT('',(234.979537650943,92.,283.308321237564));
#9719=CARTESIAN_POINT('Ctrl Pts',(236.091406792402,92.,280.811733007431));
#9720=CARTESIAN_POINT('Ctrl Pts',(235.799048188269,92.,281.167269452808));
#9721=CARTESIAN_POINT('Ctrl Pts',(235.199559942771,92.,281.896305358837));
#9722=CARTESIAN_POINT('Ctrl Pts',(235.054073316476,92.,282.829980873096));
#9723=CARTESIAN_POINT('Ctrl Pts',(234.979537650943,92.,283.308321237564));
#9724=CARTESIAN_POINT('',(237.919510453939,92.,283.492496013641));
#9725=CARTESIAN_POINT('',(234.979537650943,92.,283.308321237564));
#9726=CARTESIAN_POINT('',(238.308323472738,92.,282.401090860367));
#9727=CARTESIAN_POINT('Ctrl Pts',(237.919510453939,92.,283.492496013641));
#9728=CARTESIAN_POINT('Ctrl Pts',(237.953231608169,92.,283.276738277213));
#9729=CARTESIAN_POINT('Ctrl Pts',(238.014091363737,92.,282.887339889139));
#9730=CARTESIAN_POINT('Ctrl Pts',(238.217582597705,92.,282.551049552858));
#9731=CARTESIAN_POINT('Ctrl Pts',(238.308323472738,92.,282.401090860367));
#9732=CARTESIAN_POINT('',(239.672580212355,92.,281.79399728775));
#9733=CARTESIAN_POINT('Ctrl Pts',(238.308323472738,92.,282.401090860367));
#9734=CARTESIAN_POINT('Ctrl Pts',(238.490076559718,92.,282.224100106503));
#9735=CARTESIAN_POINT('Ctrl Pts',(238.868812116212,92.,281.855288259766));
#9736=CARTESIAN_POINT('Ctrl Pts',(239.397570194703,92.,281.81496805205));
#9737=CARTESIAN_POINT('Ctrl Pts',(239.672580212355,92.,281.79399728775));
#9738=CARTESIAN_POINT('',(240.692361444235,92.,282.104365825653));
#9739=CARTESIAN_POINT('Ctrl Pts',(239.672580212355,92.,281.79399728775));
#9740=CARTESIAN_POINT('Ctrl Pts',(239.873752837228,92.,281.801526024246));
#9741=CARTESIAN_POINT('Ctrl Pts',(240.24259559571,92.,281.815329691315));
#9742=CARTESIAN_POINT('Ctrl Pts',(240.551801355137,92.,282.01403672457));
#9743=CARTESIAN_POINT('Ctrl Pts',(240.692361444235,92.,282.104365825653));
#9744=CARTESIAN_POINT('',(241.050478667021,92.,282.824010848999));
#9745=CARTESIAN_POINT('Ctrl Pts',(240.692361444235,92.,282.104365825653));
#9746=CARTESIAN_POINT('Ctrl Pts',(240.796757437551,92.,282.208842231891));
#9747=CARTESIAN_POINT('Ctrl Pts',(240.997134427533,92.,282.40937356591));
#9748=CARTESIAN_POINT('Ctrl Pts',(241.033202151782,92.,282.689722921969));
#9749=CARTESIAN_POINT('Ctrl Pts',(241.050478667021,92.,282.824010848999));
#9750=CARTESIAN_POINT('',(240.709414929152,92.,283.519780635834));
#9751=CARTESIAN_POINT('Ctrl Pts',(241.050478667021,92.,282.824010848999));
#9752=CARTESIAN_POINT('Ctrl Pts',(241.033769352235,92.,282.952384671711));
#9753=CARTESIAN_POINT('Ctrl Pts',(240.998697587113,92.,283.22183297739));
#9754=CARTESIAN_POINT('Ctrl Pts',(240.808825735401,92.,283.417392137488));
#9755=CARTESIAN_POINT('Ctrl Pts',(240.709414929152,92.,283.519780635834));
#9756=CARTESIAN_POINT('',(239.126877337694,92.,284.099590778351));
#9757=CARTESIAN_POINT('Ctrl Pts',(240.709414929152,92.,283.519780635834));
#9758=CARTESIAN_POINT('Ctrl Pts',(240.523880070149,92.,283.62729387566));
#9759=CARTESIAN_POINT('Ctrl Pts',(240.032620255051,92.,283.911967788699));
#9760=CARTESIAN_POINT('Ctrl Pts',(239.474322136706,92.,284.027618223357));
#9761=CARTESIAN_POINT('Ctrl Pts',(239.126877337694,92.,284.099590778351));
#9762=CARTESIAN_POINT('',(236.22783228755,92.,285.313777923584));
#9763=CARTESIAN_POINT('Ctrl Pts',(239.126877337694,92.,284.099590778351));
#9764=CARTESIAN_POINT('Ctrl Pts',(238.529961449044,92.,284.239352818515));
#9765=CARTESIAN_POINT('Ctrl Pts',(237.492428142426,92.,284.482281134596));
#9766=CARTESIAN_POINT('Ctrl Pts',(236.604791789095,92.,285.065919594851));
#9767=CARTESIAN_POINT('Ctrl Pts',(236.22783228755,92.,285.313777923584));
#9768=CARTESIAN_POINT('',(235.354708135128,92.,287.244201302528));
#9769=CARTESIAN_POINT('Ctrl Pts',(236.22783228755,92.,285.313777923584));
#9770=CARTESIAN_POINT('Ctrl Pts',(235.973172416331,92.,285.584342905025));
#9771=CARTESIAN_POINT('Ctrl Pts',(235.46163757963,92.,286.127826308733));
#9772=CARTESIAN_POINT('Ctrl Pts',(235.390454031767,92.,286.871003580192));
#9773=CARTESIAN_POINT('Ctrl Pts',(235.354708135128,92.,287.244201302528));
#9774=CARTESIAN_POINT('',(235.801502168179,92.,288.700545430183));
#9775=CARTESIAN_POINT('Ctrl Pts',(235.354708135128,92.,287.244201302528));
#9776=CARTESIAN_POINT('Ctrl Pts',(235.374481197227,92.,287.499342230252));
#9777=CARTESIAN_POINT('Ctrl Pts',(235.414666514991,92.,288.017871894697));
#9778=CARTESIAN_POINT('Ctrl Pts',(235.671196814244,92.,288.47058726596));
#9779=CARTESIAN_POINT('Ctrl Pts',(235.801502168179,92.,288.700545430183));
#9780=CARTESIAN_POINT('',(237.145294696093,92.,289.778307676315));
#9781=CARTESIAN_POINT('Ctrl Pts',(235.801502168179,92.,288.700545430183));
#9782=CARTESIAN_POINT('Ctrl Pts',(235.975745786706,92.,288.919613932942));
#9783=CARTESIAN_POINT('Ctrl Pts',(236.341659676245,92.,289.379660668639));
#9784=CARTESIAN_POINT('Ctrl Pts',(236.86904412632,92.,289.641272255647));
#9785=CARTESIAN_POINT('Ctrl Pts',(237.145294696093,92.,289.778307676315));
#9786=CARTESIAN_POINT('',(239.604367464781,92.,290.170531272888));
#9787=CARTESIAN_POINT('Ctrl Pts',(237.145294696093,92.,289.778307676315));
#9788=CARTESIAN_POINT('Ctrl Pts',(237.496981712379,92.,289.892297340308));
#9789=CARTESIAN_POINT('Ctrl Pts',(238.29472728346,92.,290.150864604348));
#9790=CARTESIAN_POINT('Ctrl Pts',(239.134698491646,92.,290.163478324949));
#9791=CARTESIAN_POINT('Ctrl Pts',(239.604367464781,92.,290.170531272888));
#9792=CARTESIAN_POINT('',(242.527286857367,92.,289.45770740509));
#9793=CARTESIAN_POINT('Ctrl Pts',(239.604367464781,92.,290.170531272888));
#9794=CARTESIAN_POINT('Ctrl Pts',(240.179560312857,92.,290.157370838943));
#9795=CARTESIAN_POINT('Ctrl Pts',(241.210116271382,92.,290.133791679947));
#9796=CARTESIAN_POINT('Ctrl Pts',(242.123637084274,92.,289.664894892452));
#9797=CARTESIAN_POINT('Ctrl Pts',(242.527286857367,92.,289.45770740509));
#9798=CARTESIAN_POINT('',(243.724421709776,92.,287.189631462097));
#9799=CARTESIAN_POINT('Ctrl Pts',(242.527286857367,92.,289.45770740509));
#9800=CARTESIAN_POINT('Ctrl Pts',(242.83029466688,92.,289.169343239938));
#9801=CARTESIAN_POINT('Ctrl Pts',(243.480421488833,92.,288.550635495881));
#9802=CARTESIAN_POINT('Ctrl Pts',(243.639490679926,92.,287.663366583208));
#9803=CARTESIAN_POINT('Ctrl Pts',(243.724421709776,92.,287.189631462097));
#9804=CARTESIAN_POINT('',(240.811734050512,92.,287.019098997116));
#9805=CARTESIAN_POINT('',(243.724421709776,92.,287.189631462097));
#9806=CARTESIAN_POINT('',(240.324012488127,92.,288.001363873482));
#9807=CARTESIAN_POINT('Ctrl Pts',(240.811734050512,92.,287.019098997116));
#9808=CARTESIAN_POINT('Ctrl Pts',(240.769370099741,92.,287.222629750889));
#9809=CARTESIAN_POINT('Ctrl Pts',(240.692025392889,92.,287.594219892967));
#9810=CARTESIAN_POINT('Ctrl Pts',(240.438620247757,92.,287.874569788682));
#9811=CARTESIAN_POINT('Ctrl Pts',(240.324012488127,92.,288.001363873482));
#9812=CARTESIAN_POINT('',(239.297409504652,92.,288.308321237564));
#9813=CARTESIAN_POINT('Ctrl Pts',(240.324012488127,92.,288.001363873482));
#9814=CARTESIAN_POINT('Ctrl Pts',(240.180479821176,92.,288.090730312566));
#9815=CARTESIAN_POINT('Ctrl Pts',(239.867443595166,92.,288.285633211101));
#9816=CARTESIAN_POINT('Ctrl Pts',(239.49764751635,92.,288.300351529464));
#9817=CARTESIAN_POINT('Ctrl Pts',(239.297409504652,92.,288.308321237564));
#9818=CARTESIAN_POINT('',(238.485676795244,92.,288.079808354378));
#9819=CARTESIAN_POINT('Ctrl Pts',(239.297409504652,92.,288.308321237564));
#9820=CARTESIAN_POINT('Ctrl Pts',(239.135537186156,92.,288.303857801984));
#9821=CARTESIAN_POINT('Ctrl Pts',(238.84432770831,92.,288.295828048924));
#9822=CARTESIAN_POINT('Ctrl Pts',(238.59597821295,92.,288.146244205209));
#9823=CARTESIAN_POINT('Ctrl Pts',(238.485676795244,92.,288.079808354378));
#9824=CARTESIAN_POINT('',(238.212825506926,92.,287.523874044418));
#9825=CARTESIAN_POINT('Ctrl Pts',(238.485676795244,92.,288.079808354378));
#9826=CARTESIAN_POINT('Ctrl Pts',(238.406108626523,92.,288.00088920401));
#9827=CARTESIAN_POINT('Ctrl Pts',(238.250712219186,92.,287.846760327672));
#9828=CARTESIAN_POINT('Ctrl Pts',(238.225250145509,92.,287.629761970126));
#9829=CARTESIAN_POINT('Ctrl Pts',(238.212825506926,92.,287.523874044418));
#9830=CARTESIAN_POINT('',(238.437927812338,92.,287.094133496284));
#9831=CARTESIAN_POINT('Ctrl Pts',(238.212825506926,92.,287.523874044418));
#9832=CARTESIAN_POINT('Ctrl Pts',(238.224291958463,92.,287.444580560783));
#9833=CARTESIAN_POINT('Ctrl Pts',(238.248711264998,92.,287.275714728418));
#9834=CARTESIAN_POINT('Ctrl Pts',(238.372347059169,92.,287.157067917888));
#9835=CARTESIAN_POINT('Ctrl Pts',(238.437927812338,92.,287.094133496284));
#9836=CARTESIAN_POINT('',(239.474762827158,92.,286.72578394413));
#9837=CARTESIAN_POINT('Ctrl Pts',(238.437927812338,92.,287.094133496284));
#9838=CARTESIAN_POINT('Ctrl Pts',(238.558667362008,92.,287.02518133848));
#9839=CARTESIAN_POINT('Ctrl Pts',(238.880661285553,92.,286.841296473172));
#9840=CARTESIAN_POINT('Ctrl Pts',(239.246256524579,92.,286.770212950056));
#9841=CARTESIAN_POINT('Ctrl Pts',(239.474762827158,92.,286.72578394413));
#9842=CARTESIAN_POINT('',(242.377218455076,92.,285.842428207397));
#9843=CARTESIAN_POINT('Ctrl Pts',(239.474762827158,92.,286.72578394413));
#9844=CARTESIAN_POINT('Ctrl Pts',(240.060511495153,92.,286.599110162967));
#9845=CARTESIAN_POINT('Ctrl Pts',(241.05319980039,92.,286.384431772711));
#9846=CARTESIAN_POINT('Ctrl Pts',(241.992262100114,92.,286.000014897087));
#9847=CARTESIAN_POINT('Ctrl Pts',(242.377218455076,92.,285.842428207397));
#9848=CARTESIAN_POINT('',(243.652798384428,92.,284.733970165253));
#9849=CARTESIAN_POINT('Ctrl Pts',(242.377218455076,92.,285.842428207397));
#9850=CARTESIAN_POINT('Ctrl Pts',(242.644518314814,92.,285.69244298012));
#9851=CARTESIAN_POINT('Ctrl Pts',(243.147115457322,92.,285.410429563721));
#9852=CARTESIAN_POINT('Ctrl Pts',(243.491547920114,92.,284.949677254114));
#9853=CARTESIAN_POINT('Ctrl Pts',(243.652798384428,92.,284.733970165253));
#9854=CARTESIAN_POINT('',(244.051843136549,92.,283.253750801086));
#9855=CARTESIAN_POINT('Ctrl Pts',(243.652798384428,92.,284.733970165253));
#9856=CARTESIAN_POINT('Ctrl Pts',(243.769178687671,92.,284.50485908171));
#9857=CARTESIAN_POINT('Ctrl Pts',(244.005540116921,92.,284.039548185846));
#9858=CARTESIAN_POINT('Ctrl Pts',(244.036252833481,92.,283.51833007641));
#9859=CARTESIAN_POINT('Ctrl Pts',(244.051843136549,92.,283.253750801086));
#9860=CARTESIAN_POINT('',(243.519783467054,92.,281.480218172073));
#9861=CARTESIAN_POINT('Ctrl Pts',(244.051843136549,92.,283.253750801086));
#9862=CARTESIAN_POINT('Ctrl Pts',(244.029460493813,92.,282.939078311612));
#9863=CARTESIAN_POINT('Ctrl Pts',(243.984586782399,92.,282.308208996962));
#9864=CARTESIAN_POINT('Ctrl Pts',(243.674967277839,92.,281.756659340324));
#9865=CARTESIAN_POINT('Ctrl Pts',(243.519783467054,92.,281.480218172073));
#9866=CARTESIAN_POINT('',(242.032743543386,92.,280.248976945877));
#9867=CARTESIAN_POINT('Ctrl Pts',(243.519783467054,92.,281.480218172073));
#9868=CARTESIAN_POINT('Ctrl Pts',(243.321860662307,92.,281.224705329897));
#9869=CARTESIAN_POINT('Ctrl Pts',(242.918281901295,92.,280.703696361781));
#9870=CARTESIAN_POINT('Ctrl Pts',(242.331669774345,92.,280.40247403601));
#9871=CARTESIAN_POINT('Ctrl Pts',(242.032743543386,92.,280.248976945877));
#9872=CARTESIAN_POINT('',(239.624830931425,92.,279.829467535019));
#9873=CARTESIAN_POINT('Ctrl Pts',(242.032743543386,92.,280.248976945877));
#9874=CARTESIAN_POINT('Ctrl Pts',(241.676080812705,92.,280.126851718336));
#9875=CARTESIAN_POINT('Ctrl Pts',(240.89671555011,92.,279.859988511601));
#9876=CARTESIAN_POINT('Ctrl Pts',(240.072084281923,92.,279.840200119434));
#9877=CARTESIAN_POINT('Ctrl Pts',(239.624830931425,92.,279.829467535019));
#9878=CARTESIAN_POINT('Ctrl Pts',(239.624830931425,92.,279.829467535019));
#9879=CARTESIAN_POINT('Ctrl Pts',(238.881528213039,92.,279.835553297764));
#9880=CARTESIAN_POINT('Ctrl Pts',(237.604753888957,92.,279.846006838997));
#9881=CARTESIAN_POINT('Ctrl Pts',(236.537383602677,92.,280.527137703963));
#9882=CARTESIAN_POINT('Ctrl Pts',(236.091406792402,92.,280.811733007431));
#9883=CARTESIAN_POINT('Origin',(237.919510453939,88.,283.492496013641));
#9884=CARTESIAN_POINT('',(234.979537650943,84.,283.308321237564));
#9885=CARTESIAN_POINT('',(234.979537650943,88.,283.308321237564));
#9886=CARTESIAN_POINT('',(237.919510453939,84.,283.492496013641));
#9887=CARTESIAN_POINT('',(234.979537650943,84.,283.308321237564));
#9888=CARTESIAN_POINT('',(237.919510453939,88.,283.492496013641));
#9889=CARTESIAN_POINT('Ctrl Pts',(238.308323472738,92.,282.401090860367));
#9890=CARTESIAN_POINT('Ctrl Pts',(238.308323472738,84.,282.401090860367));
#9891=CARTESIAN_POINT('Ctrl Pts',(238.217582597705,92.,282.551049552858));
#9892=CARTESIAN_POINT('Ctrl Pts',(238.217582597705,84.,282.551049552858));
#9893=CARTESIAN_POINT('Ctrl Pts',(238.014091363737,92.,282.887339889139));
#9894=CARTESIAN_POINT('Ctrl Pts',(238.014091363737,84.,282.887339889139));
#9895=CARTESIAN_POINT('Ctrl Pts',(237.953231608169,92.,283.276738277213));
#9896=CARTESIAN_POINT('Ctrl Pts',(237.953231608169,84.,283.276738277213));
#9897=CARTESIAN_POINT('Ctrl Pts',(237.919510453939,92.,283.492496013641));
#9898=CARTESIAN_POINT('Ctrl Pts',(237.919510453939,84.,283.492496013641));
#9899=CARTESIAN_POINT('',(238.308323472738,84.,282.401090860367));
#9900=CARTESIAN_POINT('Ctrl Pts',(238.308323472738,84.,282.401090860367));
#9901=CARTESIAN_POINT('Ctrl Pts',(238.217582597705,84.,282.551049552858));
#9902=CARTESIAN_POINT('Ctrl Pts',(238.014091363737,84.,282.887339889139));
#9903=CARTESIAN_POINT('Ctrl Pts',(237.953231608169,84.,283.276738277213));
#9904=CARTESIAN_POINT('Ctrl Pts',(237.919510453939,84.,283.492496013641));
#9905=CARTESIAN_POINT('',(238.308323472738,88.,282.401090860367));
#9906=CARTESIAN_POINT('Ctrl Pts',(239.672580212355,92.,281.79399728775));
#9907=CARTESIAN_POINT('Ctrl Pts',(239.672580212355,84.,281.79399728775));
#9908=CARTESIAN_POINT('Ctrl Pts',(239.397570194703,92.,281.81496805205));
#9909=CARTESIAN_POINT('Ctrl Pts',(239.397570194703,84.,281.81496805205));
#9910=CARTESIAN_POINT('Ctrl Pts',(238.868812116212,92.,281.855288259766));
#9911=CARTESIAN_POINT('Ctrl Pts',(238.868812116212,84.,281.855288259766));
#9912=CARTESIAN_POINT('Ctrl Pts',(238.490076559718,92.,282.224100106503));
#9913=CARTESIAN_POINT('Ctrl Pts',(238.490076559718,84.,282.224100106503));
#9914=CARTESIAN_POINT('Ctrl Pts',(238.308323472738,92.,282.401090860367));
#9915=CARTESIAN_POINT('Ctrl Pts',(238.308323472738,84.,282.401090860367));
#9916=CARTESIAN_POINT('',(239.672580212355,84.,281.79399728775));
#9917=CARTESIAN_POINT('Ctrl Pts',(239.672580212355,84.,281.79399728775));
#9918=CARTESIAN_POINT('Ctrl Pts',(239.397570194703,84.,281.81496805205));
#9919=CARTESIAN_POINT('Ctrl Pts',(238.868812116212,84.,281.855288259766));
#9920=CARTESIAN_POINT('Ctrl Pts',(238.490076559718,84.,282.224100106503));
#9921=CARTESIAN_POINT('Ctrl Pts',(238.308323472738,84.,282.401090860367));
#9922=CARTESIAN_POINT('',(239.672580212355,88.,281.79399728775));
#9923=CARTESIAN_POINT('Ctrl Pts',(240.692361444235,92.,282.104365825653));
#9924=CARTESIAN_POINT('Ctrl Pts',(240.692361444235,84.,282.104365825653));
#9925=CARTESIAN_POINT('Ctrl Pts',(240.551801355137,92.,282.01403672457));
#9926=CARTESIAN_POINT('Ctrl Pts',(240.551801355137,84.,282.01403672457));
#9927=CARTESIAN_POINT('Ctrl Pts',(240.24259559571,92.,281.815329691315));
#9928=CARTESIAN_POINT('Ctrl Pts',(240.24259559571,84.,281.815329691315));
#9929=CARTESIAN_POINT('Ctrl Pts',(239.873752837228,92.,281.801526024246));
#9930=CARTESIAN_POINT('Ctrl Pts',(239.873752837228,84.,281.801526024246));
#9931=CARTESIAN_POINT('Ctrl Pts',(239.672580212355,92.,281.79399728775));
#9932=CARTESIAN_POINT('Ctrl Pts',(239.672580212355,84.,281.79399728775));
#9933=CARTESIAN_POINT('',(240.692361444235,84.,282.104365825653));
#9934=CARTESIAN_POINT('Ctrl Pts',(240.692361444235,84.,282.104365825653));
#9935=CARTESIAN_POINT('Ctrl Pts',(240.551801355137,84.,282.01403672457));
#9936=CARTESIAN_POINT('Ctrl Pts',(240.24259559571,84.,281.815329691315));
#9937=CARTESIAN_POINT('Ctrl Pts',(239.873752837228,84.,281.801526024246));
#9938=CARTESIAN_POINT('Ctrl Pts',(239.672580212355,84.,281.79399728775));
#9939=CARTESIAN_POINT('',(240.692361444235,88.,282.104365825653));
#9940=CARTESIAN_POINT('Ctrl Pts',(241.050478667021,92.,282.824010848999));
#9941=CARTESIAN_POINT('Ctrl Pts',(241.050478667021,84.,282.824010848999));
#9942=CARTESIAN_POINT('Ctrl Pts',(241.033202151782,92.,282.689722921969));
#9943=CARTESIAN_POINT('Ctrl Pts',(241.033202151782,84.,282.689722921969));
#9944=CARTESIAN_POINT('Ctrl Pts',(240.997134427533,92.,282.40937356591));
#9945=CARTESIAN_POINT('Ctrl Pts',(240.997134427533,84.,282.40937356591));
#9946=CARTESIAN_POINT('Ctrl Pts',(240.796757437551,92.,282.208842231891));
#9947=CARTESIAN_POINT('Ctrl Pts',(240.796757437551,84.,282.208842231891));
#9948=CARTESIAN_POINT('Ctrl Pts',(240.692361444235,92.,282.104365825653));
#9949=CARTESIAN_POINT('Ctrl Pts',(240.692361444235,84.,282.104365825653));
#9950=CARTESIAN_POINT('',(241.050478667021,84.,282.824010848999));
#9951=CARTESIAN_POINT('Ctrl Pts',(241.050478667021,84.,282.824010848999));
#9952=CARTESIAN_POINT('Ctrl Pts',(241.033202151782,84.,282.689722921969));
#9953=CARTESIAN_POINT('Ctrl Pts',(240.997134427533,84.,282.40937356591));
#9954=CARTESIAN_POINT('Ctrl Pts',(240.796757437551,84.,282.208842231891));
#9955=CARTESIAN_POINT('Ctrl Pts',(240.692361444235,84.,282.104365825653));
#9956=CARTESIAN_POINT('',(241.050478667021,88.,282.824010848999));
#9957=CARTESIAN_POINT('Ctrl Pts',(240.709414929152,92.,283.519780635834));
#9958=CARTESIAN_POINT('Ctrl Pts',(240.709414929152,84.,283.519780635834));
#9959=CARTESIAN_POINT('Ctrl Pts',(240.808825735401,92.,283.417392137488));
#9960=CARTESIAN_POINT('Ctrl Pts',(240.808825735401,84.,283.417392137488));
#9961=CARTESIAN_POINT('Ctrl Pts',(240.998697587113,92.,283.22183297739));
#9962=CARTESIAN_POINT('Ctrl Pts',(240.998697587113,84.,283.22183297739));
#9963=CARTESIAN_POINT('Ctrl Pts',(241.033769352235,92.,282.952384671711));
#9964=CARTESIAN_POINT('Ctrl Pts',(241.033769352235,84.,282.952384671711));
#9965=CARTESIAN_POINT('Ctrl Pts',(241.050478667021,92.,282.824010848999));
#9966=CARTESIAN_POINT('Ctrl Pts',(241.050478667021,84.,282.824010848999));
#9967=CARTESIAN_POINT('',(240.709414929152,84.,283.519780635834));
#9968=CARTESIAN_POINT('Ctrl Pts',(240.709414929152,84.,283.519780635834));
#9969=CARTESIAN_POINT('Ctrl Pts',(240.808825735401,84.,283.417392137488));
#9970=CARTESIAN_POINT('Ctrl Pts',(240.998697587113,84.,283.22183297739));
#9971=CARTESIAN_POINT('Ctrl Pts',(241.033769352235,84.,282.952384671711));
#9972=CARTESIAN_POINT('Ctrl Pts',(241.050478667021,84.,282.824010848999));
#9973=CARTESIAN_POINT('',(240.709414929152,88.,283.519780635834));
#9974=CARTESIAN_POINT('Ctrl Pts',(239.126877337694,92.,284.099590778351));
#9975=CARTESIAN_POINT('Ctrl Pts',(239.126877337694,84.,284.099590778351));
#9976=CARTESIAN_POINT('Ctrl Pts',(239.474322136706,92.,284.027618223357));
#9977=CARTESIAN_POINT('Ctrl Pts',(239.474322136706,84.,284.027618223357));
#9978=CARTESIAN_POINT('Ctrl Pts',(240.032620255051,92.,283.911967788699));
#9979=CARTESIAN_POINT('Ctrl Pts',(240.032620255051,84.,283.911967788699));
#9980=CARTESIAN_POINT('Ctrl Pts',(240.523880070149,92.,283.62729387566));
#9981=CARTESIAN_POINT('Ctrl Pts',(240.523880070149,84.,283.62729387566));
#9982=CARTESIAN_POINT('Ctrl Pts',(240.709414929152,92.,283.519780635834));
#9983=CARTESIAN_POINT('Ctrl Pts',(240.709414929152,84.,283.519780635834));
#9984=CARTESIAN_POINT('',(239.126877337694,84.,284.099590778351));
#9985=CARTESIAN_POINT('Ctrl Pts',(239.126877337694,84.,284.099590778351));
#9986=CARTESIAN_POINT('Ctrl Pts',(239.474322136706,84.,284.027618223357));
#9987=CARTESIAN_POINT('Ctrl Pts',(240.032620255051,84.,283.911967788699));
#9988=CARTESIAN_POINT('Ctrl Pts',(240.523880070149,84.,283.62729387566));
#9989=CARTESIAN_POINT('Ctrl Pts',(240.709414929152,84.,283.519780635834));
#9990=CARTESIAN_POINT('',(239.126877337694,88.,284.099590778351));
#9991=CARTESIAN_POINT('Ctrl Pts',(236.22783228755,92.,285.313777923584));
#9992=CARTESIAN_POINT('Ctrl Pts',(236.22783228755,84.,285.313777923584));
#9993=CARTESIAN_POINT('Ctrl Pts',(236.604791789095,92.,285.065919594851));
#9994=CARTESIAN_POINT('Ctrl Pts',(236.604791789095,84.,285.065919594851));
#9995=CARTESIAN_POINT('Ctrl Pts',(237.492428142426,92.,284.482281134596));
#9996=CARTESIAN_POINT('Ctrl Pts',(237.492428142426,84.,284.482281134596));
#9997=CARTESIAN_POINT('Ctrl Pts',(238.529961449044,92.,284.239352818515));
#9998=CARTESIAN_POINT('Ctrl Pts',(238.529961449044,84.,284.239352818515));
#9999=CARTESIAN_POINT('Ctrl Pts',(239.126877337694,92.,284.099590778351));
#10000=CARTESIAN_POINT('Ctrl Pts',(239.126877337694,84.,284.099590778351));
#10001=CARTESIAN_POINT('',(236.22783228755,84.,285.313777923584));
#10002=CARTESIAN_POINT('Ctrl Pts',(236.22783228755,84.,285.313777923584));
#10003=CARTESIAN_POINT('Ctrl Pts',(236.604791789095,84.,285.065919594851));
#10004=CARTESIAN_POINT('Ctrl Pts',(237.492428142426,84.,284.482281134596));
#10005=CARTESIAN_POINT('Ctrl Pts',(238.529961449044,84.,284.239352818515));
#10006=CARTESIAN_POINT('Ctrl Pts',(239.126877337694,84.,284.099590778351));
#10007=CARTESIAN_POINT('',(236.22783228755,88.,285.313777923584));
#10008=CARTESIAN_POINT('Ctrl Pts',(235.354708135128,92.,287.244201302528));
#10009=CARTESIAN_POINT('Ctrl Pts',(235.354708135128,84.,287.244201302528));
#10010=CARTESIAN_POINT('Ctrl Pts',(235.390454031767,92.,286.871003580192));
#10011=CARTESIAN_POINT('Ctrl Pts',(235.390454031767,84.,286.871003580192));
#10012=CARTESIAN_POINT('Ctrl Pts',(235.46163757963,92.,286.127826308733));
#10013=CARTESIAN_POINT('Ctrl Pts',(235.46163757963,84.,286.127826308733));
#10014=CARTESIAN_POINT('Ctrl Pts',(235.973172416331,92.,285.584342905025));
#10015=CARTESIAN_POINT('Ctrl Pts',(235.973172416331,84.,285.584342905025));
#10016=CARTESIAN_POINT('Ctrl Pts',(236.22783228755,92.,285.313777923584));
#10017=CARTESIAN_POINT('Ctrl Pts',(236.22783228755,84.,285.313777923584));
#10018=CARTESIAN_POINT('',(235.354708135128,84.,287.244201302528));
#10019=CARTESIAN_POINT('Ctrl Pts',(235.354708135128,84.,287.244201302528));
#10020=CARTESIAN_POINT('Ctrl Pts',(235.390454031767,84.,286.871003580192));
#10021=CARTESIAN_POINT('Ctrl Pts',(235.46163757963,84.,286.127826308733));
#10022=CARTESIAN_POINT('Ctrl Pts',(235.973172416331,84.,285.584342905025));
#10023=CARTESIAN_POINT('Ctrl Pts',(236.22783228755,84.,285.313777923584));
#10024=CARTESIAN_POINT('',(235.354708135128,88.,287.244201302528));
#10025=CARTESIAN_POINT('Ctrl Pts',(235.801502168179,92.,288.700545430183));
#10026=CARTESIAN_POINT('Ctrl Pts',(235.801502168179,84.,288.700545430183));
#10027=CARTESIAN_POINT('Ctrl Pts',(235.671196814244,92.,288.47058726596));
#10028=CARTESIAN_POINT('Ctrl Pts',(235.671196814244,84.,288.47058726596));
#10029=CARTESIAN_POINT('Ctrl Pts',(235.414666514991,92.,288.017871894697));
#10030=CARTESIAN_POINT('Ctrl Pts',(235.414666514991,84.,288.017871894697));
#10031=CARTESIAN_POINT('Ctrl Pts',(235.374481197227,92.,287.499342230252));
#10032=CARTESIAN_POINT('Ctrl Pts',(235.374481197227,84.,287.499342230252));
#10033=CARTESIAN_POINT('Ctrl Pts',(235.354708135128,92.,287.244201302528));
#10034=CARTESIAN_POINT('Ctrl Pts',(235.354708135128,84.,287.244201302528));
#10035=CARTESIAN_POINT('',(235.801502168179,84.,288.700545430183));
#10036=CARTESIAN_POINT('Ctrl Pts',(235.801502168179,84.,288.700545430183));
#10037=CARTESIAN_POINT('Ctrl Pts',(235.671196814244,84.,288.47058726596));
#10038=CARTESIAN_POINT('Ctrl Pts',(235.414666514991,84.,288.017871894697));
#10039=CARTESIAN_POINT('Ctrl Pts',(235.374481197227,84.,287.499342230252));
#10040=CARTESIAN_POINT('Ctrl Pts',(235.354708135128,84.,287.244201302528));
#10041=CARTESIAN_POINT('',(235.801502168179,88.,288.700545430183));
#10042=CARTESIAN_POINT('Ctrl Pts',(237.145294696093,92.,289.778307676315));
#10043=CARTESIAN_POINT('Ctrl Pts',(237.145294696093,84.,289.778307676315));
#10044=CARTESIAN_POINT('Ctrl Pts',(236.86904412632,92.,289.641272255647));
#10045=CARTESIAN_POINT('Ctrl Pts',(236.86904412632,84.,289.641272255647));
#10046=CARTESIAN_POINT('Ctrl Pts',(236.341659676245,92.,289.379660668639));
#10047=CARTESIAN_POINT('Ctrl Pts',(236.341659676245,84.,289.379660668639));
#10048=CARTESIAN_POINT('Ctrl Pts',(235.975745786706,92.,288.919613932942));
#10049=CARTESIAN_POINT('Ctrl Pts',(235.975745786706,84.,288.919613932942));
#10050=CARTESIAN_POINT('Ctrl Pts',(235.801502168179,92.,288.700545430183));
#10051=CARTESIAN_POINT('Ctrl Pts',(235.801502168179,84.,288.700545430183));
#10052=CARTESIAN_POINT('',(237.145294696093,84.,289.778307676315));
#10053=CARTESIAN_POINT('Ctrl Pts',(237.145294696093,84.,289.778307676315));
#10054=CARTESIAN_POINT('Ctrl Pts',(236.86904412632,84.,289.641272255647));
#10055=CARTESIAN_POINT('Ctrl Pts',(236.341659676245,84.,289.379660668639));
#10056=CARTESIAN_POINT('Ctrl Pts',(235.975745786706,84.,288.919613932942));
#10057=CARTESIAN_POINT('Ctrl Pts',(235.801502168179,84.,288.700545430183));
#10058=CARTESIAN_POINT('',(237.145294696093,88.,289.778307676315));
#10059=CARTESIAN_POINT('Ctrl Pts',(239.604367464781,92.,290.170531272888));
#10060=CARTESIAN_POINT('Ctrl Pts',(239.604367464781,84.,290.170531272888));
#10061=CARTESIAN_POINT('Ctrl Pts',(239.134698491646,92.,290.163478324949));
#10062=CARTESIAN_POINT('Ctrl Pts',(239.134698491646,84.,290.163478324949));
#10063=CARTESIAN_POINT('Ctrl Pts',(238.29472728346,92.,290.150864604348));
#10064=CARTESIAN_POINT('Ctrl Pts',(238.29472728346,84.,290.150864604348));
#10065=CARTESIAN_POINT('Ctrl Pts',(237.496981712379,92.,289.892297340308));
#10066=CARTESIAN_POINT('Ctrl Pts',(237.496981712379,84.,289.892297340308));
#10067=CARTESIAN_POINT('Ctrl Pts',(237.145294696093,92.,289.778307676315));
#10068=CARTESIAN_POINT('Ctrl Pts',(237.145294696093,84.,289.778307676315));
#10069=CARTESIAN_POINT('',(239.604367464781,84.,290.170531272888));
#10070=CARTESIAN_POINT('Ctrl Pts',(239.604367464781,84.,290.170531272888));
#10071=CARTESIAN_POINT('Ctrl Pts',(239.134698491646,84.,290.163478324949));
#10072=CARTESIAN_POINT('Ctrl Pts',(238.29472728346,84.,290.150864604348));
#10073=CARTESIAN_POINT('Ctrl Pts',(237.496981712379,84.,289.892297340308));
#10074=CARTESIAN_POINT('Ctrl Pts',(237.145294696093,84.,289.778307676315));
#10075=CARTESIAN_POINT('',(239.604367464781,88.,290.170531272888));
#10076=CARTESIAN_POINT('Ctrl Pts',(242.527286857367,92.,289.45770740509));
#10077=CARTESIAN_POINT('Ctrl Pts',(242.527286857367,84.,289.45770740509));
#10078=CARTESIAN_POINT('Ctrl Pts',(242.123637084274,92.,289.664894892452));
#10079=CARTESIAN_POINT('Ctrl Pts',(242.123637084274,84.,289.664894892452));
#10080=CARTESIAN_POINT('Ctrl Pts',(241.210116271382,92.,290.133791679947));
#10081=CARTESIAN_POINT('Ctrl Pts',(241.210116271382,84.,290.133791679947));
#10082=CARTESIAN_POINT('Ctrl Pts',(240.179560312857,92.,290.157370838943));
#10083=CARTESIAN_POINT('Ctrl Pts',(240.179560312857,84.,290.157370838943));
#10084=CARTESIAN_POINT('Ctrl Pts',(239.604367464781,92.,290.170531272888));
#10085=CARTESIAN_POINT('Ctrl Pts',(239.604367464781,84.,290.170531272888));
#10086=CARTESIAN_POINT('',(242.527286857367,84.,289.45770740509));
#10087=CARTESIAN_POINT('Ctrl Pts',(242.527286857367,84.,289.45770740509));
#10088=CARTESIAN_POINT('Ctrl Pts',(242.123637084274,84.,289.664894892452));
#10089=CARTESIAN_POINT('Ctrl Pts',(241.210116271382,84.,290.133791679947));
#10090=CARTESIAN_POINT('Ctrl Pts',(240.179560312857,84.,290.157370838943));
#10091=CARTESIAN_POINT('Ctrl Pts',(239.604367464781,84.,290.170531272888));
#10092=CARTESIAN_POINT('',(242.527286857367,88.,289.45770740509));
#10093=CARTESIAN_POINT('Ctrl Pts',(243.724421709776,92.,287.189631462097));
#10094=CARTESIAN_POINT('Ctrl Pts',(243.724421709776,84.,287.189631462097));
#10095=CARTESIAN_POINT('Ctrl Pts',(243.639490679926,92.,287.663366583208));
#10096=CARTESIAN_POINT('Ctrl Pts',(243.639490679926,84.,287.663366583208));
#10097=CARTESIAN_POINT('Ctrl Pts',(243.480421488833,92.,288.550635495881));
#10098=CARTESIAN_POINT('Ctrl Pts',(243.480421488833,84.,288.550635495881));
#10099=CARTESIAN_POINT('Ctrl Pts',(242.83029466688,92.,289.169343239938));
#10100=CARTESIAN_POINT('Ctrl Pts',(242.83029466688,84.,289.169343239938));
#10101=CARTESIAN_POINT('Ctrl Pts',(242.527286857367,92.,289.45770740509));
#10102=CARTESIAN_POINT('Ctrl Pts',(242.527286857367,84.,289.45770740509));
#10103=CARTESIAN_POINT('',(243.724421709776,84.,287.189631462097));
#10104=CARTESIAN_POINT('Ctrl Pts',(243.724421709776,84.,287.189631462097));
#10105=CARTESIAN_POINT('Ctrl Pts',(243.639490679926,84.,287.663366583208));
#10106=CARTESIAN_POINT('Ctrl Pts',(243.480421488833,84.,288.550635495881));
#10107=CARTESIAN_POINT('Ctrl Pts',(242.83029466688,84.,289.169343239938));
#10108=CARTESIAN_POINT('Ctrl Pts',(242.527286857367,84.,289.45770740509));
#10109=CARTESIAN_POINT('',(243.724421709776,88.,287.189631462097));
#10110=CARTESIAN_POINT('Origin',(240.811734050512,88.,287.019098997116));
#10111=CARTESIAN_POINT('',(240.811734050512,84.,287.019098997116));
#10112=CARTESIAN_POINT('',(243.724421709776,84.,287.189631462097));
#10113=CARTESIAN_POINT('',(240.811734050512,88.,287.019098997116));
#10114=CARTESIAN_POINT('Ctrl Pts',(240.324012488127,92.,288.001363873482));
#10115=CARTESIAN_POINT('Ctrl Pts',(240.324012488127,84.,288.001363873482));
#10116=CARTESIAN_POINT('Ctrl Pts',(240.438620247757,92.,287.874569788682));
#10117=CARTESIAN_POINT('Ctrl Pts',(240.438620247757,84.,287.874569788682));
#10118=CARTESIAN_POINT('Ctrl Pts',(240.692025392889,92.,287.594219892967));
#10119=CARTESIAN_POINT('Ctrl Pts',(240.692025392889,84.,287.594219892967));
#10120=CARTESIAN_POINT('Ctrl Pts',(240.769370099741,92.,287.222629750889));
#10121=CARTESIAN_POINT('Ctrl Pts',(240.769370099741,84.,287.222629750889));
#10122=CARTESIAN_POINT('Ctrl Pts',(240.811734050512,92.,287.019098997116));
#10123=CARTESIAN_POINT('Ctrl Pts',(240.811734050512,84.,287.019098997116));
#10124=CARTESIAN_POINT('',(240.324012488127,84.,288.001363873482));
#10125=CARTESIAN_POINT('Ctrl Pts',(240.324012488127,84.,288.001363873482));
#10126=CARTESIAN_POINT('Ctrl Pts',(240.438620247757,84.,287.874569788682));
#10127=CARTESIAN_POINT('Ctrl Pts',(240.692025392889,84.,287.594219892967));
#10128=CARTESIAN_POINT('Ctrl Pts',(240.769370099741,84.,287.222629750889));
#10129=CARTESIAN_POINT('Ctrl Pts',(240.811734050512,84.,287.019098997116));
#10130=CARTESIAN_POINT('',(240.324012488127,88.,288.001363873482));
#10131=CARTESIAN_POINT('Ctrl Pts',(239.297409504652,92.,288.308321237564));
#10132=CARTESIAN_POINT('Ctrl Pts',(239.297409504652,84.,288.308321237564));
#10133=CARTESIAN_POINT('Ctrl Pts',(239.49764751635,92.,288.300351529464));
#10134=CARTESIAN_POINT('Ctrl Pts',(239.49764751635,84.,288.300351529464));
#10135=CARTESIAN_POINT('Ctrl Pts',(239.867443595166,92.,288.285633211101));
#10136=CARTESIAN_POINT('Ctrl Pts',(239.867443595166,84.,288.285633211101));
#10137=CARTESIAN_POINT('Ctrl Pts',(240.180479821176,92.,288.090730312566));
#10138=CARTESIAN_POINT('Ctrl Pts',(240.180479821176,84.,288.090730312566));
#10139=CARTESIAN_POINT('Ctrl Pts',(240.324012488127,92.,288.001363873482));
#10140=CARTESIAN_POINT('Ctrl Pts',(240.324012488127,84.,288.001363873482));
#10141=CARTESIAN_POINT('',(239.297409504652,84.,288.308321237564));
#10142=CARTESIAN_POINT('Ctrl Pts',(239.297409504652,84.,288.308321237564));
#10143=CARTESIAN_POINT('Ctrl Pts',(239.49764751635,84.,288.300351529464));
#10144=CARTESIAN_POINT('Ctrl Pts',(239.867443595166,84.,288.285633211101));
#10145=CARTESIAN_POINT('Ctrl Pts',(240.180479821176,84.,288.090730312566));
#10146=CARTESIAN_POINT('Ctrl Pts',(240.324012488127,84.,288.001363873482));
#10147=CARTESIAN_POINT('',(239.297409504652,88.,288.308321237564));
#10148=CARTESIAN_POINT('Ctrl Pts',(238.485676795244,92.,288.079808354378));
#10149=CARTESIAN_POINT('Ctrl Pts',(238.485676795244,84.,288.079808354378));
#10150=CARTESIAN_POINT('Ctrl Pts',(238.59597821295,92.,288.146244205209));
#10151=CARTESIAN_POINT('Ctrl Pts',(238.59597821295,84.,288.146244205209));
#10152=CARTESIAN_POINT('Ctrl Pts',(238.84432770831,92.,288.295828048924));
#10153=CARTESIAN_POINT('Ctrl Pts',(238.84432770831,84.,288.295828048924));
#10154=CARTESIAN_POINT('Ctrl Pts',(239.135537186156,92.,288.303857801984));
#10155=CARTESIAN_POINT('Ctrl Pts',(239.135537186156,84.,288.303857801984));
#10156=CARTESIAN_POINT('Ctrl Pts',(239.297409504652,92.,288.308321237564));
#10157=CARTESIAN_POINT('Ctrl Pts',(239.297409504652,84.,288.308321237564));
#10158=CARTESIAN_POINT('',(238.485676795244,84.,288.079808354378));
#10159=CARTESIAN_POINT('Ctrl Pts',(238.485676795244,84.,288.079808354378));
#10160=CARTESIAN_POINT('Ctrl Pts',(238.59597821295,84.,288.146244205209));
#10161=CARTESIAN_POINT('Ctrl Pts',(238.84432770831,84.,288.295828048924));
#10162=CARTESIAN_POINT('Ctrl Pts',(239.135537186156,84.,288.303857801984));
#10163=CARTESIAN_POINT('Ctrl Pts',(239.297409504652,84.,288.308321237564));
#10164=CARTESIAN_POINT('',(238.485676795244,88.,288.079808354378));
#10165=CARTESIAN_POINT('Ctrl Pts',(238.212825506926,92.,287.523874044418));
#10166=CARTESIAN_POINT('Ctrl Pts',(238.212825506926,84.,287.523874044418));
#10167=CARTESIAN_POINT('Ctrl Pts',(238.225250145509,92.,287.629761970126));
#10168=CARTESIAN_POINT('Ctrl Pts',(238.225250145509,84.,287.629761970126));
#10169=CARTESIAN_POINT('Ctrl Pts',(238.250712219186,92.,287.846760327672));
#10170=CARTESIAN_POINT('Ctrl Pts',(238.250712219186,84.,287.846760327672));
#10171=CARTESIAN_POINT('Ctrl Pts',(238.406108626523,92.,288.00088920401));
#10172=CARTESIAN_POINT('Ctrl Pts',(238.406108626523,84.,288.00088920401));
#10173=CARTESIAN_POINT('Ctrl Pts',(238.485676795244,92.,288.079808354378));
#10174=CARTESIAN_POINT('Ctrl Pts',(238.485676795244,84.,288.079808354378));
#10175=CARTESIAN_POINT('',(238.212825506926,84.,287.523874044418));
#10176=CARTESIAN_POINT('Ctrl Pts',(238.212825506926,84.,287.523874044418));
#10177=CARTESIAN_POINT('Ctrl Pts',(238.225250145509,84.,287.629761970126));
#10178=CARTESIAN_POINT('Ctrl Pts',(238.250712219186,84.,287.846760327672));
#10179=CARTESIAN_POINT('Ctrl Pts',(238.406108626523,84.,288.00088920401));
#10180=CARTESIAN_POINT('Ctrl Pts',(238.485676795244,84.,288.079808354378));
#10181=CARTESIAN_POINT('',(238.212825506926,88.,287.523874044418));
#10182=CARTESIAN_POINT('Ctrl Pts',(238.437927812338,92.,287.094133496284));
#10183=CARTESIAN_POINT('Ctrl Pts',(238.437927812338,84.,287.094133496284));
#10184=CARTESIAN_POINT('Ctrl Pts',(238.372347059169,92.,287.157067917888));
#10185=CARTESIAN_POINT('Ctrl Pts',(238.372347059169,84.,287.157067917888));
#10186=CARTESIAN_POINT('Ctrl Pts',(238.248711264998,92.,287.275714728418));
#10187=CARTESIAN_POINT('Ctrl Pts',(238.248711264998,84.,287.275714728418));
#10188=CARTESIAN_POINT('Ctrl Pts',(238.224291958463,92.,287.444580560783));
#10189=CARTESIAN_POINT('Ctrl Pts',(238.224291958463,84.,287.444580560783));
#10190=CARTESIAN_POINT('Ctrl Pts',(238.212825506926,92.,287.523874044418));
#10191=CARTESIAN_POINT('Ctrl Pts',(238.212825506926,84.,287.523874044418));
#10192=CARTESIAN_POINT('',(238.437927812338,84.,287.094133496284));
#10193=CARTESIAN_POINT('Ctrl Pts',(238.437927812338,84.,287.094133496284));
#10194=CARTESIAN_POINT('Ctrl Pts',(238.372347059169,84.,287.157067917888));
#10195=CARTESIAN_POINT('Ctrl Pts',(238.248711264998,84.,287.275714728418));
#10196=CARTESIAN_POINT('Ctrl Pts',(238.224291958463,84.,287.444580560783));
#10197=CARTESIAN_POINT('Ctrl Pts',(238.212825506926,84.,287.523874044418));
#10198=CARTESIAN_POINT('',(238.437927812338,88.,287.094133496284));
#10199=CARTESIAN_POINT('Ctrl Pts',(239.474762827158,92.,286.72578394413));
#10200=CARTESIAN_POINT('Ctrl Pts',(239.474762827158,84.,286.72578394413));
#10201=CARTESIAN_POINT('Ctrl Pts',(239.246256524579,92.,286.770212950056));
#10202=CARTESIAN_POINT('Ctrl Pts',(239.246256524579,84.,286.770212950056));
#10203=CARTESIAN_POINT('Ctrl Pts',(238.880661285553,92.,286.841296473172));
#10204=CARTESIAN_POINT('Ctrl Pts',(238.880661285553,84.,286.841296473172));
#10205=CARTESIAN_POINT('Ctrl Pts',(238.558667362008,92.,287.02518133848));
#10206=CARTESIAN_POINT('Ctrl Pts',(238.558667362008,84.,287.02518133848));
#10207=CARTESIAN_POINT('Ctrl Pts',(238.437927812338,92.,287.094133496284));
#10208=CARTESIAN_POINT('Ctrl Pts',(238.437927812338,84.,287.094133496284));
#10209=CARTESIAN_POINT('',(239.474762827158,84.,286.72578394413));
#10210=CARTESIAN_POINT('Ctrl Pts',(239.474762827158,84.,286.72578394413));
#10211=CARTESIAN_POINT('Ctrl Pts',(239.246256524579,84.,286.770212950056));
#10212=CARTESIAN_POINT('Ctrl Pts',(238.880661285553,84.,286.841296473172));
#10213=CARTESIAN_POINT('Ctrl Pts',(238.558667362008,84.,287.02518133848));
#10214=CARTESIAN_POINT('Ctrl Pts',(238.437927812338,84.,287.094133496284));
#10215=CARTESIAN_POINT('',(239.474762827158,88.,286.72578394413));
#10216=CARTESIAN_POINT('Ctrl Pts',(242.377218455076,92.,285.842428207397));
#10217=CARTESIAN_POINT('Ctrl Pts',(242.377218455076,84.,285.842428207397));
#10218=CARTESIAN_POINT('Ctrl Pts',(241.992262100114,92.,286.000014897087));
#10219=CARTESIAN_POINT('Ctrl Pts',(241.992262100114,84.,286.000014897087));
#10220=CARTESIAN_POINT('Ctrl Pts',(241.05319980039,92.,286.384431772711));
#10221=CARTESIAN_POINT('Ctrl Pts',(241.05319980039,84.,286.384431772711));
#10222=CARTESIAN_POINT('Ctrl Pts',(240.060511495153,92.,286.599110162967));
#10223=CARTESIAN_POINT('Ctrl Pts',(240.060511495153,84.,286.599110162967));
#10224=CARTESIAN_POINT('Ctrl Pts',(239.474762827158,92.,286.72578394413));
#10225=CARTESIAN_POINT('Ctrl Pts',(239.474762827158,84.,286.72578394413));
#10226=CARTESIAN_POINT('',(242.377218455076,84.,285.842428207397));
#10227=CARTESIAN_POINT('Ctrl Pts',(242.377218455076,84.,285.842428207397));
#10228=CARTESIAN_POINT('Ctrl Pts',(241.992262100114,84.,286.000014897087));
#10229=CARTESIAN_POINT('Ctrl Pts',(241.05319980039,84.,286.384431772711));
#10230=CARTESIAN_POINT('Ctrl Pts',(240.060511495153,84.,286.599110162967));
#10231=CARTESIAN_POINT('Ctrl Pts',(239.474762827158,84.,286.72578394413));
#10232=CARTESIAN_POINT('',(242.377218455076,88.,285.842428207397));
#10233=CARTESIAN_POINT('Ctrl Pts',(243.652798384428,92.,284.733970165253));
#10234=CARTESIAN_POINT('Ctrl Pts',(243.652798384428,84.,284.733970165253));
#10235=CARTESIAN_POINT('Ctrl Pts',(243.491547920114,92.,284.949677254114));
#10236=CARTESIAN_POINT('Ctrl Pts',(243.491547920114,84.,284.949677254114));
#10237=CARTESIAN_POINT('Ctrl Pts',(243.147115457322,92.,285.410429563721));
#10238=CARTESIAN_POINT('Ctrl Pts',(243.147115457322,84.,285.410429563721));
#10239=CARTESIAN_POINT('Ctrl Pts',(242.644518314814,92.,285.69244298012));
#10240=CARTESIAN_POINT('Ctrl Pts',(242.644518314814,84.,285.69244298012));
#10241=CARTESIAN_POINT('Ctrl Pts',(242.377218455076,92.,285.842428207397));
#10242=CARTESIAN_POINT('Ctrl Pts',(242.377218455076,84.,285.842428207397));
#10243=CARTESIAN_POINT('',(243.652798384428,84.,284.733970165253));
#10244=CARTESIAN_POINT('Ctrl Pts',(243.652798384428,84.,284.733970165253));
#10245=CARTESIAN_POINT('Ctrl Pts',(243.491547920114,84.,284.949677254114));
#10246=CARTESIAN_POINT('Ctrl Pts',(243.147115457322,84.,285.410429563721));
#10247=CARTESIAN_POINT('Ctrl Pts',(242.644518314814,84.,285.69244298012));
#10248=CARTESIAN_POINT('Ctrl Pts',(242.377218455076,84.,285.842428207397));
#10249=CARTESIAN_POINT('',(243.652798384428,88.,284.733970165253));
#10250=CARTESIAN_POINT('Ctrl Pts',(244.051843136549,92.,283.253750801086));
#10251=CARTESIAN_POINT('Ctrl Pts',(244.051843136549,84.,283.253750801086));
#10252=CARTESIAN_POINT('Ctrl Pts',(244.036252833481,92.,283.51833007641));
#10253=CARTESIAN_POINT('Ctrl Pts',(244.036252833481,84.,283.51833007641));
#10254=CARTESIAN_POINT('Ctrl Pts',(244.005540116921,92.,284.039548185846));
#10255=CARTESIAN_POINT('Ctrl Pts',(244.005540116921,84.,284.039548185846));
#10256=CARTESIAN_POINT('Ctrl Pts',(243.769178687671,92.,284.50485908171));
#10257=CARTESIAN_POINT('Ctrl Pts',(243.769178687671,84.,284.50485908171));
#10258=CARTESIAN_POINT('Ctrl Pts',(243.652798384428,92.,284.733970165253));
#10259=CARTESIAN_POINT('Ctrl Pts',(243.652798384428,84.,284.733970165253));
#10260=CARTESIAN_POINT('',(244.051843136549,84.,283.253750801086));
#10261=CARTESIAN_POINT('Ctrl Pts',(244.051843136549,84.,283.253750801086));
#10262=CARTESIAN_POINT('Ctrl Pts',(244.036252833481,84.,283.51833007641));
#10263=CARTESIAN_POINT('Ctrl Pts',(244.005540116921,84.,284.039548185846));
#10264=CARTESIAN_POINT('Ctrl Pts',(243.769178687671,84.,284.50485908171));
#10265=CARTESIAN_POINT('Ctrl Pts',(243.652798384428,84.,284.733970165253));
#10266=CARTESIAN_POINT('',(244.051843136549,88.,283.253750801086));
#10267=CARTESIAN_POINT('Ctrl Pts',(243.519783467054,92.,281.480218172073));
#10268=CARTESIAN_POINT('Ctrl Pts',(243.519783467054,84.,281.480218172073));
#10269=CARTESIAN_POINT('Ctrl Pts',(243.674967277839,92.,281.756659340324));
#10270=CARTESIAN_POINT('Ctrl Pts',(243.674967277839,84.,281.756659340324));
#10271=CARTESIAN_POINT('Ctrl Pts',(243.984586782399,92.,282.308208996962));
#10272=CARTESIAN_POINT('Ctrl Pts',(243.984586782399,84.,282.308208996962));
#10273=CARTESIAN_POINT('Ctrl Pts',(244.029460493813,92.,282.939078311612));
#10274=CARTESIAN_POINT('Ctrl Pts',(244.029460493813,84.,282.939078311612));
#10275=CARTESIAN_POINT('Ctrl Pts',(244.051843136549,92.,283.253750801086));
#10276=CARTESIAN_POINT('Ctrl Pts',(244.051843136549,84.,283.253750801086));
#10277=CARTESIAN_POINT('',(243.519783467054,84.,281.480218172073));
#10278=CARTESIAN_POINT('Ctrl Pts',(243.519783467054,84.,281.480218172073));
#10279=CARTESIAN_POINT('Ctrl Pts',(243.674967277839,84.,281.756659340324));
#10280=CARTESIAN_POINT('Ctrl Pts',(243.984586782399,84.,282.308208996962));
#10281=CARTESIAN_POINT('Ctrl Pts',(244.029460493813,84.,282.939078311612));
#10282=CARTESIAN_POINT('Ctrl Pts',(244.051843136549,84.,283.253750801086));
#10283=CARTESIAN_POINT('',(243.519783467054,88.,281.480218172073));
#10284=CARTESIAN_POINT('Ctrl Pts',(242.032743543386,92.,280.248976945877));
#10285=CARTESIAN_POINT('Ctrl Pts',(242.032743543386,84.,280.248976945877));
#10286=CARTESIAN_POINT('Ctrl Pts',(242.331669774345,92.,280.40247403601));
#10287=CARTESIAN_POINT('Ctrl Pts',(242.331669774345,84.,280.40247403601));
#10288=CARTESIAN_POINT('Ctrl Pts',(242.918281901295,92.,280.703696361781));
#10289=CARTESIAN_POINT('Ctrl Pts',(242.918281901295,84.,280.703696361781));
#10290=CARTESIAN_POINT('Ctrl Pts',(243.321860662307,92.,281.224705329897));
#10291=CARTESIAN_POINT('Ctrl Pts',(243.321860662307,84.,281.224705329897));
#10292=CARTESIAN_POINT('Ctrl Pts',(243.519783467054,92.,281.480218172073));
#10293=CARTESIAN_POINT('Ctrl Pts',(243.519783467054,84.,281.480218172073));
#10294=CARTESIAN_POINT('',(242.032743543386,84.,280.248976945877));
#10295=CARTESIAN_POINT('Ctrl Pts',(242.032743543386,84.,280.248976945877));
#10296=CARTESIAN_POINT('Ctrl Pts',(242.331669774345,84.,280.40247403601));
#10297=CARTESIAN_POINT('Ctrl Pts',(242.918281901295,84.,280.703696361781));
#10298=CARTESIAN_POINT('Ctrl Pts',(243.321860662307,84.,281.224705329897));
#10299=CARTESIAN_POINT('Ctrl Pts',(243.519783467054,84.,281.480218172073));
#10300=CARTESIAN_POINT('',(242.032743543386,88.,280.248976945877));
#10301=CARTESIAN_POINT('Ctrl Pts',(239.624830931425,92.,279.829467535019));
#10302=CARTESIAN_POINT('Ctrl Pts',(239.624830931425,84.,279.829467535019));
#10303=CARTESIAN_POINT('Ctrl Pts',(240.072084281923,92.,279.840200119434));
#10304=CARTESIAN_POINT('Ctrl Pts',(240.072084281923,84.,279.840200119434));
#10305=CARTESIAN_POINT('Ctrl Pts',(240.89671555011,92.,279.859988511601));
#10306=CARTESIAN_POINT('Ctrl Pts',(240.89671555011,84.,279.859988511601));
#10307=CARTESIAN_POINT('Ctrl Pts',(241.676080812705,92.,280.126851718336));
#10308=CARTESIAN_POINT('Ctrl Pts',(241.676080812705,84.,280.126851718336));
#10309=CARTESIAN_POINT('Ctrl Pts',(242.032743543386,92.,280.248976945877));
#10310=CARTESIAN_POINT('Ctrl Pts',(242.032743543386,84.,280.248976945877));
#10311=CARTESIAN_POINT('',(239.624830931425,84.,279.829467535019));
#10312=CARTESIAN_POINT('Ctrl Pts',(239.624830931425,84.,279.829467535019));
#10313=CARTESIAN_POINT('Ctrl Pts',(240.072084281923,84.,279.840200119434));
#10314=CARTESIAN_POINT('Ctrl Pts',(240.89671555011,84.,279.859988511601));
#10315=CARTESIAN_POINT('Ctrl Pts',(241.676080812705,84.,280.126851718336));
#10316=CARTESIAN_POINT('Ctrl Pts',(242.032743543386,84.,280.248976945877));
#10317=CARTESIAN_POINT('',(239.624830931425,88.,279.829467535019));
#10318=CARTESIAN_POINT('Ctrl Pts',(236.091406792402,92.,280.811733007431));
#10319=CARTESIAN_POINT('Ctrl Pts',(236.091406792402,84.,280.811733007431));
#10320=CARTESIAN_POINT('Ctrl Pts',(236.537383602677,92.,280.527137703963));
#10321=CARTESIAN_POINT('Ctrl Pts',(236.537383602677,84.,280.527137703963));
#10322=CARTESIAN_POINT('Ctrl Pts',(237.604753888957,92.,279.846006838997));
#10323=CARTESIAN_POINT('Ctrl Pts',(237.604753888957,84.,279.846006838997));
#10324=CARTESIAN_POINT('Ctrl Pts',(238.881528213039,92.,279.835553297764));
#10325=CARTESIAN_POINT('Ctrl Pts',(238.881528213039,84.,279.835553297764));
#10326=CARTESIAN_POINT('Ctrl Pts',(239.624830931425,92.,279.829467535019));
#10327=CARTESIAN_POINT('Ctrl Pts',(239.624830931425,84.,279.829467535019));
#10328=CARTESIAN_POINT('',(236.091406792402,84.,280.811733007431));
#10329=CARTESIAN_POINT('Ctrl Pts',(236.091406792402,84.,280.811733007431));
#10330=CARTESIAN_POINT('Ctrl Pts',(236.537383602677,84.,280.527137703963));
#10331=CARTESIAN_POINT('Ctrl Pts',(237.604753888957,84.,279.846006838997));
#10332=CARTESIAN_POINT('Ctrl Pts',(238.881528213039,84.,279.835553297764));
#10333=CARTESIAN_POINT('Ctrl Pts',(239.624830931425,84.,279.829467535019));
#10334=CARTESIAN_POINT('',(236.091406792402,88.,280.811733007431));
#10335=CARTESIAN_POINT('Ctrl Pts',(234.979537650943,92.,283.308321237564));
#10336=CARTESIAN_POINT('Ctrl Pts',(234.979537650943,84.,283.308321237564));
#10337=CARTESIAN_POINT('Ctrl Pts',(235.054073316476,92.,282.829980873096));
#10338=CARTESIAN_POINT('Ctrl Pts',(235.054073316476,84.,282.829980873096));
#10339=CARTESIAN_POINT('Ctrl Pts',(235.199559942771,92.,281.896305358837));
#10340=CARTESIAN_POINT('Ctrl Pts',(235.199559942771,84.,281.896305358837));
#10341=CARTESIAN_POINT('Ctrl Pts',(235.799048188269,92.,281.167269452808));
#10342=CARTESIAN_POINT('Ctrl Pts',(235.799048188269,84.,281.167269452808));
#10343=CARTESIAN_POINT('Ctrl Pts',(236.091406792402,92.,280.811733007431));
#10344=CARTESIAN_POINT('Ctrl Pts',(236.091406792402,84.,280.811733007431));
#10345=CARTESIAN_POINT('Ctrl Pts',(234.979537650943,84.,283.308321237564));
#10346=CARTESIAN_POINT('Ctrl Pts',(235.054073316476,84.,282.829980873096));
#10347=CARTESIAN_POINT('Ctrl Pts',(235.199559942771,84.,281.896305358837));
#10348=CARTESIAN_POINT('Ctrl Pts',(235.799048188269,84.,281.167269452808));
#10349=CARTESIAN_POINT('Ctrl Pts',(236.091406792402,84.,280.811733007431));
#10350=CARTESIAN_POINT('Origin',(239.515690393746,84.,284.999999403954));
#10351=CARTESIAN_POINT('Origin',(280.682128258049,92.,284.999999403954));
#10352=CARTESIAN_POINT('',(277.257844656706,92.,280.811733007431));
#10353=CARTESIAN_POINT('',(276.145975515246,92.,283.308321237564));
#10354=CARTESIAN_POINT('Ctrl Pts',(277.257844656706,92.,280.811733007431));
#10355=CARTESIAN_POINT('Ctrl Pts',(276.965486052573,92.,281.167269452808));
#10356=CARTESIAN_POINT('Ctrl Pts',(276.365997807074,92.,281.896305358837));
#10357=CARTESIAN_POINT('Ctrl Pts',(276.220511180779,92.,282.829980873096));
#10358=CARTESIAN_POINT('Ctrl Pts',(276.145975515246,92.,283.308321237564));
#10359=CARTESIAN_POINT('',(279.085948318243,92.,283.492496013641));
#10360=CARTESIAN_POINT('',(276.145975515246,92.,283.308321237564));
#10361=CARTESIAN_POINT('',(279.474761337042,92.,282.401090860367));
#10362=CARTESIAN_POINT('Ctrl Pts',(279.085948318243,92.,283.492496013641));
#10363=CARTESIAN_POINT('Ctrl Pts',(279.119669472472,92.,283.276738277213));
#10364=CARTESIAN_POINT('Ctrl Pts',(279.180529228041,92.,282.887339889139));
#10365=CARTESIAN_POINT('Ctrl Pts',(279.384020462009,92.,282.551049552858));
#10366=CARTESIAN_POINT('Ctrl Pts',(279.474761337042,92.,282.401090860367));
#10367=CARTESIAN_POINT('',(280.839018076658,92.,281.79399728775));
#10368=CARTESIAN_POINT('Ctrl Pts',(279.474761337042,92.,282.401090860367));
#10369=CARTESIAN_POINT('Ctrl Pts',(279.656514424021,92.,282.224100106503));
#10370=CARTESIAN_POINT('Ctrl Pts',(280.035249980515,92.,281.855288259766));
#10371=CARTESIAN_POINT('Ctrl Pts',(280.564008059006,92.,281.81496805205));
#10372=CARTESIAN_POINT('Ctrl Pts',(280.839018076658,92.,281.79399728775));
#10373=CARTESIAN_POINT('',(281.858799308538,92.,282.104365825653));
#10374=CARTESIAN_POINT('Ctrl Pts',(280.839018076658,92.,281.79399728775));
#10375=CARTESIAN_POINT('Ctrl Pts',(281.040190701532,92.,281.801526024246));
#10376=CARTESIAN_POINT('Ctrl Pts',(281.409033460014,92.,281.815329691315));
#10377=CARTESIAN_POINT('Ctrl Pts',(281.71823921944,92.,282.01403672457));
#10378=CARTESIAN_POINT('Ctrl Pts',(281.858799308538,92.,282.104365825653));
#10379=CARTESIAN_POINT('',(282.216916531324,92.,282.824010848999));
#10380=CARTESIAN_POINT('Ctrl Pts',(281.858799308538,92.,282.104365825653));
#10381=CARTESIAN_POINT('Ctrl Pts',(281.963195301855,92.,282.208842231891));
#10382=CARTESIAN_POINT('Ctrl Pts',(282.163572291837,92.,282.40937356591));
#10383=CARTESIAN_POINT('Ctrl Pts',(282.199640016086,92.,282.689722921969));
#10384=CARTESIAN_POINT('Ctrl Pts',(282.216916531324,92.,282.824010848999));
#10385=CARTESIAN_POINT('',(281.875852793455,92.,283.519780635834));
#10386=CARTESIAN_POINT('Ctrl Pts',(282.216916531324,92.,282.824010848999));
#10387=CARTESIAN_POINT('Ctrl Pts',(282.200207216539,92.,282.952384671711));
#10388=CARTESIAN_POINT('Ctrl Pts',(282.165135451416,92.,283.22183297739));
#10389=CARTESIAN_POINT('Ctrl Pts',(281.975263599705,92.,283.417392137488));
#10390=CARTESIAN_POINT('Ctrl Pts',(281.875852793455,92.,283.519780635834));
#10391=CARTESIAN_POINT('',(280.293315201998,92.,284.099590778351));
#10392=CARTESIAN_POINT('Ctrl Pts',(281.875852793455,92.,283.519780635834));
#10393=CARTESIAN_POINT('Ctrl Pts',(281.690317934453,92.,283.62729387566));
#10394=CARTESIAN_POINT('Ctrl Pts',(281.199058119355,92.,283.911967788699));
#10395=CARTESIAN_POINT('Ctrl Pts',(280.64076000101,92.,284.027618223357));
#10396=CARTESIAN_POINT('Ctrl Pts',(280.293315201998,92.,284.099590778351));
#10397=CARTESIAN_POINT('',(277.394270151854,92.,285.313777923584));
#10398=CARTESIAN_POINT('Ctrl Pts',(280.293315201998,92.,284.099590778351));
#10399=CARTESIAN_POINT('Ctrl Pts',(279.696399313347,92.,284.239352818515));
#10400=CARTESIAN_POINT('Ctrl Pts',(278.65886600673,92.,284.482281134596));
#10401=CARTESIAN_POINT('Ctrl Pts',(277.771229653398,92.,285.065919594851));
#10402=CARTESIAN_POINT('Ctrl Pts',(277.394270151854,92.,285.313777923584));
#10403=CARTESIAN_POINT('',(276.521145999432,92.,287.244201302528));
#10404=CARTESIAN_POINT('Ctrl Pts',(277.394270151854,92.,285.313777923584));
#10405=CARTESIAN_POINT('Ctrl Pts',(277.139610280634,92.,285.584342905025));
#10406=CARTESIAN_POINT('Ctrl Pts',(276.628075443933,92.,286.127826308733));
#10407=CARTESIAN_POINT('Ctrl Pts',(276.556891896071,92.,286.871003580192));
#10408=CARTESIAN_POINT('Ctrl Pts',(276.521145999432,92.,287.244201302528));
#10409=CARTESIAN_POINT('',(276.967940032482,92.,288.700545430183));
#10410=CARTESIAN_POINT('Ctrl Pts',(276.521145999432,92.,287.244201302528));
#10411=CARTESIAN_POINT('Ctrl Pts',(276.540919061531,92.,287.499342230252));
#10412=CARTESIAN_POINT('Ctrl Pts',(276.581104379295,92.,288.017871894697));
#10413=CARTESIAN_POINT('Ctrl Pts',(276.837634678548,92.,288.47058726596));
#10414=CARTESIAN_POINT('Ctrl Pts',(276.967940032482,92.,288.700545430183));
#10415=CARTESIAN_POINT('',(278.311732560396,92.,289.778307676315));
#10416=CARTESIAN_POINT('Ctrl Pts',(276.967940032482,92.,288.700545430183));
#10417=CARTESIAN_POINT('Ctrl Pts',(277.14218365101,92.,288.919613932942));
#10418=CARTESIAN_POINT('Ctrl Pts',(277.508097540549,92.,289.379660668639));
#10419=CARTESIAN_POINT('Ctrl Pts',(278.035481990624,92.,289.641272255647));
#10420=CARTESIAN_POINT('Ctrl Pts',(278.311732560396,92.,289.778307676315));
#10421=CARTESIAN_POINT('',(280.770805329084,92.,290.170531272888));
#10422=CARTESIAN_POINT('Ctrl Pts',(278.311732560396,92.,289.778307676315));
#10423=CARTESIAN_POINT('Ctrl Pts',(278.663419576682,92.,289.892297340308));
#10424=CARTESIAN_POINT('Ctrl Pts',(279.461165147764,92.,290.150864604348));
#10425=CARTESIAN_POINT('Ctrl Pts',(280.301136355949,92.,290.163478324949));
#10426=CARTESIAN_POINT('Ctrl Pts',(280.770805329084,92.,290.170531272888));
#10427=CARTESIAN_POINT('',(283.69372472167,92.,289.45770740509));
#10428=CARTESIAN_POINT('Ctrl Pts',(280.770805329084,92.,290.170531272888));
#10429=CARTESIAN_POINT('Ctrl Pts',(281.345998177161,92.,290.157370838943));
#10430=CARTESIAN_POINT('Ctrl Pts',(282.376554135685,92.,290.133791679947));
#10431=CARTESIAN_POINT('Ctrl Pts',(283.290074948578,92.,289.664894892452));
#10432=CARTESIAN_POINT('Ctrl Pts',(283.69372472167,92.,289.45770740509));
#10433=CARTESIAN_POINT('',(284.89085957408,92.,287.189631462097));
#10434=CARTESIAN_POINT('Ctrl Pts',(283.69372472167,92.,289.45770740509));
#10435=CARTESIAN_POINT('Ctrl Pts',(283.996732531184,92.,289.169343239938));
#10436=CARTESIAN_POINT('Ctrl Pts',(284.646859353137,92.,288.550635495881));
#10437=CARTESIAN_POINT('Ctrl Pts',(284.805928544229,92.,287.663366583208));
#10438=CARTESIAN_POINT('Ctrl Pts',(284.89085957408,92.,287.189631462097));
#10439=CARTESIAN_POINT('',(281.978171914816,92.,287.019098997116));
#10440=CARTESIAN_POINT('',(284.89085957408,92.,287.189631462097));
#10441=CARTESIAN_POINT('',(281.49045035243,92.,288.001363873482));
#10442=CARTESIAN_POINT('Ctrl Pts',(281.978171914816,92.,287.019098997116));
#10443=CARTESIAN_POINT('Ctrl Pts',(281.935807964045,92.,287.222629750889));
#10444=CARTESIAN_POINT('Ctrl Pts',(281.858463257193,92.,287.594219892967));
#10445=CARTESIAN_POINT('Ctrl Pts',(281.605058112061,92.,287.874569788682));
#10446=CARTESIAN_POINT('Ctrl Pts',(281.49045035243,92.,288.001363873482));
#10447=CARTESIAN_POINT('',(280.463847368956,92.,288.308321237564));
#10448=CARTESIAN_POINT('Ctrl Pts',(281.49045035243,92.,288.001363873482));
#10449=CARTESIAN_POINT('Ctrl Pts',(281.34691768548,92.,288.090730312566));
#10450=CARTESIAN_POINT('Ctrl Pts',(281.03388145947,92.,288.285633211101));
#10451=CARTESIAN_POINT('Ctrl Pts',(280.664085380654,92.,288.300351529464));
#10452=CARTESIAN_POINT('Ctrl Pts',(280.463847368956,92.,288.308321237564));
#10453=CARTESIAN_POINT('',(279.652114659548,92.,288.079808354378));
#10454=CARTESIAN_POINT('Ctrl Pts',(280.463847368956,92.,288.308321237564));
#10455=CARTESIAN_POINT('Ctrl Pts',(280.30197505046,92.,288.303857801984));
#10456=CARTESIAN_POINT('Ctrl Pts',(280.010765572614,92.,288.295828048924));
#10457=CARTESIAN_POINT('Ctrl Pts',(279.762416077254,92.,288.146244205209));
#10458=CARTESIAN_POINT('Ctrl Pts',(279.652114659548,92.,288.079808354378));
#10459=CARTESIAN_POINT('',(279.379263371229,92.,287.523874044418));
#10460=CARTESIAN_POINT('Ctrl Pts',(279.652114659548,92.,288.079808354378));
#10461=CARTESIAN_POINT('Ctrl Pts',(279.572546490827,92.,288.00088920401));
#10462=CARTESIAN_POINT('Ctrl Pts',(279.417150083489,92.,287.846760327672));
#10463=CARTESIAN_POINT('Ctrl Pts',(279.391688009813,92.,287.629761970126));
#10464=CARTESIAN_POINT('Ctrl Pts',(279.379263371229,92.,287.523874044418));
#10465=CARTESIAN_POINT('',(279.604365676641,92.,287.094133496284));
#10466=CARTESIAN_POINT('Ctrl Pts',(279.379263371229,92.,287.523874044418));
#10467=CARTESIAN_POINT('Ctrl Pts',(279.390729822767,92.,287.444580560783));
#10468=CARTESIAN_POINT('Ctrl Pts',(279.415149129302,92.,287.275714728418));
#10469=CARTESIAN_POINT('Ctrl Pts',(279.538784923473,92.,287.157067917888));
#10470=CARTESIAN_POINT('Ctrl Pts',(279.604365676641,92.,287.094133496284));
#10471=CARTESIAN_POINT('',(280.641200691462,92.,286.72578394413));
#10472=CARTESIAN_POINT('Ctrl Pts',(279.604365676641,92.,287.094133496284));
#10473=CARTESIAN_POINT('Ctrl Pts',(279.725105226311,92.,287.02518133848));
#10474=CARTESIAN_POINT('Ctrl Pts',(280.047099149856,92.,286.841296473172));
#10475=CARTESIAN_POINT('Ctrl Pts',(280.412694388883,92.,286.770212950056));
#10476=CARTESIAN_POINT('Ctrl Pts',(280.641200691462,92.,286.72578394413));
#10477=CARTESIAN_POINT('',(283.54365631938,92.,285.842428207397));
#10478=CARTESIAN_POINT('Ctrl Pts',(280.641200691462,92.,286.72578394413));
#10479=CARTESIAN_POINT('Ctrl Pts',(281.226949359456,92.,286.599110162967));
#10480=CARTESIAN_POINT('Ctrl Pts',(282.219637664693,92.,286.384431772711));
#10481=CARTESIAN_POINT('Ctrl Pts',(283.158699964418,92.,286.000014897087));
#10482=CARTESIAN_POINT('Ctrl Pts',(283.54365631938,92.,285.842428207397));
#10483=CARTESIAN_POINT('',(284.819236248732,92.,284.733970165253));
#10484=CARTESIAN_POINT('Ctrl Pts',(283.54365631938,92.,285.842428207397));
#10485=CARTESIAN_POINT('Ctrl Pts',(283.810956179118,92.,285.69244298012));
#10486=CARTESIAN_POINT('Ctrl Pts',(284.313553321625,92.,285.410429563721));
#10487=CARTESIAN_POINT('Ctrl Pts',(284.657985784417,92.,284.949677254114));
#10488=CARTESIAN_POINT('Ctrl Pts',(284.819236248732,92.,284.733970165253));
#10489=CARTESIAN_POINT('',(285.218281000853,92.,283.253750801086));
#10490=CARTESIAN_POINT('Ctrl Pts',(284.819236248732,92.,284.733970165253));
#10491=CARTESIAN_POINT('Ctrl Pts',(284.935616551975,92.,284.50485908171));
#10492=CARTESIAN_POINT('Ctrl Pts',(285.171977981225,92.,284.039548185846));
#10493=CARTESIAN_POINT('Ctrl Pts',(285.202690697785,92.,283.51833007641));
#10494=CARTESIAN_POINT('Ctrl Pts',(285.218281000853,92.,283.253750801086));
#10495=CARTESIAN_POINT('',(284.686221331358,92.,281.480218172073));
#10496=CARTESIAN_POINT('Ctrl Pts',(285.218281000853,92.,283.253750801086));
#10497=CARTESIAN_POINT('Ctrl Pts',(285.195898358117,92.,282.939078311612));
#10498=CARTESIAN_POINT('Ctrl Pts',(285.151024646702,92.,282.308208996962));
#10499=CARTESIAN_POINT('Ctrl Pts',(284.841405142142,92.,281.756659340324));
#10500=CARTESIAN_POINT('Ctrl Pts',(284.686221331358,92.,281.480218172073));
#10501=CARTESIAN_POINT('',(283.19918140769,92.,280.248976945877));
#10502=CARTESIAN_POINT('Ctrl Pts',(284.686221331358,92.,281.480218172073));
#10503=CARTESIAN_POINT('Ctrl Pts',(284.48829852661,92.,281.224705329897));
#10504=CARTESIAN_POINT('Ctrl Pts',(284.084719765598,92.,280.703696361781));
#10505=CARTESIAN_POINT('Ctrl Pts',(283.498107638649,92.,280.40247403601));
#10506=CARTESIAN_POINT('Ctrl Pts',(283.19918140769,92.,280.248976945877));
#10507=CARTESIAN_POINT('',(280.791268795729,92.,279.829467535019));
#10508=CARTESIAN_POINT('Ctrl Pts',(283.19918140769,92.,280.248976945877));
#10509=CARTESIAN_POINT('Ctrl Pts',(282.842518677009,92.,280.126851718336));
#10510=CARTESIAN_POINT('Ctrl Pts',(282.063153414413,92.,279.859988511601));
#10511=CARTESIAN_POINT('Ctrl Pts',(281.238522146227,92.,279.840200119434));
#10512=CARTESIAN_POINT('Ctrl Pts',(280.791268795729,92.,279.829467535019));
#10513=CARTESIAN_POINT('Ctrl Pts',(280.791268795729,92.,279.829467535019));
#10514=CARTESIAN_POINT('Ctrl Pts',(280.047966077343,92.,279.835553297764));
#10515=CARTESIAN_POINT('Ctrl Pts',(278.771191753261,92.,279.846006838997));
#10516=CARTESIAN_POINT('Ctrl Pts',(277.70382146698,92.,280.527137703963));
#10517=CARTESIAN_POINT('Ctrl Pts',(277.257844656706,92.,280.811733007431));
#10518=CARTESIAN_POINT('Origin',(279.085948318243,88.,283.492496013641));
#10519=CARTESIAN_POINT('',(276.145975515246,84.,283.308321237564));
#10520=CARTESIAN_POINT('',(276.145975515246,88.,283.308321237564));
#10521=CARTESIAN_POINT('',(279.085948318243,84.,283.492496013641));
#10522=CARTESIAN_POINT('',(276.145975515246,84.,283.308321237564));
#10523=CARTESIAN_POINT('',(279.085948318243,88.,283.492496013641));
#10524=CARTESIAN_POINT('Ctrl Pts',(279.474761337042,92.,282.401090860367));
#10525=CARTESIAN_POINT('Ctrl Pts',(279.474761337042,84.,282.401090860367));
#10526=CARTESIAN_POINT('Ctrl Pts',(279.384020462009,92.,282.551049552858));
#10527=CARTESIAN_POINT('Ctrl Pts',(279.384020462009,84.,282.551049552858));
#10528=CARTESIAN_POINT('Ctrl Pts',(279.180529228041,92.,282.887339889139));
#10529=CARTESIAN_POINT('Ctrl Pts',(279.180529228041,84.,282.887339889139));
#10530=CARTESIAN_POINT('Ctrl Pts',(279.119669472472,92.,283.276738277213));
#10531=CARTESIAN_POINT('Ctrl Pts',(279.119669472472,84.,283.276738277213));
#10532=CARTESIAN_POINT('Ctrl Pts',(279.085948318243,92.,283.492496013641));
#10533=CARTESIAN_POINT('Ctrl Pts',(279.085948318243,84.,283.492496013641));
#10534=CARTESIAN_POINT('',(279.474761337042,84.,282.401090860367));
#10535=CARTESIAN_POINT('Ctrl Pts',(279.474761337042,84.,282.401090860367));
#10536=CARTESIAN_POINT('Ctrl Pts',(279.384020462009,84.,282.551049552858));
#10537=CARTESIAN_POINT('Ctrl Pts',(279.180529228041,84.,282.887339889139));
#10538=CARTESIAN_POINT('Ctrl Pts',(279.119669472472,84.,283.276738277213));
#10539=CARTESIAN_POINT('Ctrl Pts',(279.085948318243,84.,283.492496013641));
#10540=CARTESIAN_POINT('',(279.474761337042,88.,282.401090860367));
#10541=CARTESIAN_POINT('Ctrl Pts',(280.839018076658,92.,281.79399728775));
#10542=CARTESIAN_POINT('Ctrl Pts',(280.839018076658,84.,281.79399728775));
#10543=CARTESIAN_POINT('Ctrl Pts',(280.564008059006,92.,281.81496805205));
#10544=CARTESIAN_POINT('Ctrl Pts',(280.564008059006,84.,281.81496805205));
#10545=CARTESIAN_POINT('Ctrl Pts',(280.035249980515,92.,281.855288259766));
#10546=CARTESIAN_POINT('Ctrl Pts',(280.035249980515,84.,281.855288259766));
#10547=CARTESIAN_POINT('Ctrl Pts',(279.656514424021,92.,282.224100106503));
#10548=CARTESIAN_POINT('Ctrl Pts',(279.656514424021,84.,282.224100106503));
#10549=CARTESIAN_POINT('Ctrl Pts',(279.474761337042,92.,282.401090860367));
#10550=CARTESIAN_POINT('Ctrl Pts',(279.474761337042,84.,282.401090860367));
#10551=CARTESIAN_POINT('',(280.839018076658,84.,281.79399728775));
#10552=CARTESIAN_POINT('Ctrl Pts',(280.839018076658,84.,281.79399728775));
#10553=CARTESIAN_POINT('Ctrl Pts',(280.564008059006,84.,281.81496805205));
#10554=CARTESIAN_POINT('Ctrl Pts',(280.035249980515,84.,281.855288259766));
#10555=CARTESIAN_POINT('Ctrl Pts',(279.656514424021,84.,282.224100106503));
#10556=CARTESIAN_POINT('Ctrl Pts',(279.474761337042,84.,282.401090860367));
#10557=CARTESIAN_POINT('',(280.839018076658,88.,281.79399728775));
#10558=CARTESIAN_POINT('Ctrl Pts',(281.858799308538,92.,282.104365825653));
#10559=CARTESIAN_POINT('Ctrl Pts',(281.858799308538,84.,282.104365825653));
#10560=CARTESIAN_POINT('Ctrl Pts',(281.71823921944,92.,282.01403672457));
#10561=CARTESIAN_POINT('Ctrl Pts',(281.71823921944,84.,282.01403672457));
#10562=CARTESIAN_POINT('Ctrl Pts',(281.409033460014,92.,281.815329691315));
#10563=CARTESIAN_POINT('Ctrl Pts',(281.409033460014,84.,281.815329691315));
#10564=CARTESIAN_POINT('Ctrl Pts',(281.040190701532,92.,281.801526024246));
#10565=CARTESIAN_POINT('Ctrl Pts',(281.040190701532,84.,281.801526024246));
#10566=CARTESIAN_POINT('Ctrl Pts',(280.839018076658,92.,281.79399728775));
#10567=CARTESIAN_POINT('Ctrl Pts',(280.839018076658,84.,281.79399728775));
#10568=CARTESIAN_POINT('',(281.858799308538,84.,282.104365825653));
#10569=CARTESIAN_POINT('Ctrl Pts',(281.858799308538,84.,282.104365825653));
#10570=CARTESIAN_POINT('Ctrl Pts',(281.71823921944,84.,282.01403672457));
#10571=CARTESIAN_POINT('Ctrl Pts',(281.409033460014,84.,281.815329691315));
#10572=CARTESIAN_POINT('Ctrl Pts',(281.040190701532,84.,281.801526024246));
#10573=CARTESIAN_POINT('Ctrl Pts',(280.839018076658,84.,281.79399728775));
#10574=CARTESIAN_POINT('',(281.858799308538,88.,282.104365825653));
#10575=CARTESIAN_POINT('Ctrl Pts',(282.216916531324,92.,282.824010848999));
#10576=CARTESIAN_POINT('Ctrl Pts',(282.216916531324,84.,282.824010848999));
#10577=CARTESIAN_POINT('Ctrl Pts',(282.199640016086,92.,282.689722921969));
#10578=CARTESIAN_POINT('Ctrl Pts',(282.199640016086,84.,282.689722921969));
#10579=CARTESIAN_POINT('Ctrl Pts',(282.163572291837,92.,282.40937356591));
#10580=CARTESIAN_POINT('Ctrl Pts',(282.163572291837,84.,282.40937356591));
#10581=CARTESIAN_POINT('Ctrl Pts',(281.963195301855,92.,282.208842231891));
#10582=CARTESIAN_POINT('Ctrl Pts',(281.963195301855,84.,282.208842231891));
#10583=CARTESIAN_POINT('Ctrl Pts',(281.858799308538,92.,282.104365825653));
#10584=CARTESIAN_POINT('Ctrl Pts',(281.858799308538,84.,282.104365825653));
#10585=CARTESIAN_POINT('',(282.216916531324,84.,282.824010848999));
#10586=CARTESIAN_POINT('Ctrl Pts',(282.216916531324,84.,282.824010848999));
#10587=CARTESIAN_POINT('Ctrl Pts',(282.199640016086,84.,282.689722921969));
#10588=CARTESIAN_POINT('Ctrl Pts',(282.163572291837,84.,282.40937356591));
#10589=CARTESIAN_POINT('Ctrl Pts',(281.963195301855,84.,282.208842231891));
#10590=CARTESIAN_POINT('Ctrl Pts',(281.858799308538,84.,282.104365825653));
#10591=CARTESIAN_POINT('',(282.216916531324,88.,282.824010848999));
#10592=CARTESIAN_POINT('Ctrl Pts',(281.875852793455,92.,283.519780635834));
#10593=CARTESIAN_POINT('Ctrl Pts',(281.875852793455,84.,283.519780635834));
#10594=CARTESIAN_POINT('Ctrl Pts',(281.975263599705,92.,283.417392137488));
#10595=CARTESIAN_POINT('Ctrl Pts',(281.975263599705,84.,283.417392137488));
#10596=CARTESIAN_POINT('Ctrl Pts',(282.165135451416,92.,283.22183297739));
#10597=CARTESIAN_POINT('Ctrl Pts',(282.165135451416,84.,283.22183297739));
#10598=CARTESIAN_POINT('Ctrl Pts',(282.200207216539,92.,282.952384671711));
#10599=CARTESIAN_POINT('Ctrl Pts',(282.200207216539,84.,282.952384671711));
#10600=CARTESIAN_POINT('Ctrl Pts',(282.216916531324,92.,282.824010848999));
#10601=CARTESIAN_POINT('Ctrl Pts',(282.216916531324,84.,282.824010848999));
#10602=CARTESIAN_POINT('',(281.875852793455,84.,283.519780635834));
#10603=CARTESIAN_POINT('Ctrl Pts',(281.875852793455,84.,283.519780635834));
#10604=CARTESIAN_POINT('Ctrl Pts',(281.975263599705,84.,283.417392137488));
#10605=CARTESIAN_POINT('Ctrl Pts',(282.165135451416,84.,283.22183297739));
#10606=CARTESIAN_POINT('Ctrl Pts',(282.200207216539,84.,282.952384671711));
#10607=CARTESIAN_POINT('Ctrl Pts',(282.216916531324,84.,282.824010848999));
#10608=CARTESIAN_POINT('',(281.875852793455,88.,283.519780635834));
#10609=CARTESIAN_POINT('Ctrl Pts',(280.293315201998,92.,284.099590778351));
#10610=CARTESIAN_POINT('Ctrl Pts',(280.293315201998,84.,284.099590778351));
#10611=CARTESIAN_POINT('Ctrl Pts',(280.64076000101,92.,284.027618223357));
#10612=CARTESIAN_POINT('Ctrl Pts',(280.64076000101,84.,284.027618223357));
#10613=CARTESIAN_POINT('Ctrl Pts',(281.199058119355,92.,283.911967788699));
#10614=CARTESIAN_POINT('Ctrl Pts',(281.199058119355,84.,283.911967788699));
#10615=CARTESIAN_POINT('Ctrl Pts',(281.690317934453,92.,283.62729387566));
#10616=CARTESIAN_POINT('Ctrl Pts',(281.690317934453,84.,283.62729387566));
#10617=CARTESIAN_POINT('Ctrl Pts',(281.875852793455,92.,283.519780635834));
#10618=CARTESIAN_POINT('Ctrl Pts',(281.875852793455,84.,283.519780635834));
#10619=CARTESIAN_POINT('',(280.293315201998,84.,284.099590778351));
#10620=CARTESIAN_POINT('Ctrl Pts',(280.293315201998,84.,284.099590778351));
#10621=CARTESIAN_POINT('Ctrl Pts',(280.64076000101,84.,284.027618223357));
#10622=CARTESIAN_POINT('Ctrl Pts',(281.199058119355,84.,283.911967788699));
#10623=CARTESIAN_POINT('Ctrl Pts',(281.690317934453,84.,283.62729387566));
#10624=CARTESIAN_POINT('Ctrl Pts',(281.875852793455,84.,283.519780635834));
#10625=CARTESIAN_POINT('',(280.293315201998,88.,284.099590778351));
#10626=CARTESIAN_POINT('Ctrl Pts',(277.394270151854,92.,285.313777923584));
#10627=CARTESIAN_POINT('Ctrl Pts',(277.394270151854,84.,285.313777923584));
#10628=CARTESIAN_POINT('Ctrl Pts',(277.771229653398,92.,285.065919594851));
#10629=CARTESIAN_POINT('Ctrl Pts',(277.771229653398,84.,285.065919594851));
#10630=CARTESIAN_POINT('Ctrl Pts',(278.65886600673,92.,284.482281134596));
#10631=CARTESIAN_POINT('Ctrl Pts',(278.65886600673,84.,284.482281134596));
#10632=CARTESIAN_POINT('Ctrl Pts',(279.696399313347,92.,284.239352818515));
#10633=CARTESIAN_POINT('Ctrl Pts',(279.696399313347,84.,284.239352818515));
#10634=CARTESIAN_POINT('Ctrl Pts',(280.293315201998,92.,284.099590778351));
#10635=CARTESIAN_POINT('Ctrl Pts',(280.293315201998,84.,284.099590778351));
#10636=CARTESIAN_POINT('',(277.394270151854,84.,285.313777923584));
#10637=CARTESIAN_POINT('Ctrl Pts',(277.394270151854,84.,285.313777923584));
#10638=CARTESIAN_POINT('Ctrl Pts',(277.771229653398,84.,285.065919594851));
#10639=CARTESIAN_POINT('Ctrl Pts',(278.65886600673,84.,284.482281134596));
#10640=CARTESIAN_POINT('Ctrl Pts',(279.696399313347,84.,284.239352818515));
#10641=CARTESIAN_POINT('Ctrl Pts',(280.293315201998,84.,284.099590778351));
#10642=CARTESIAN_POINT('',(277.394270151854,88.,285.313777923584));
#10643=CARTESIAN_POINT('Ctrl Pts',(276.521145999432,92.,287.244201302528));
#10644=CARTESIAN_POINT('Ctrl Pts',(276.521145999432,84.,287.244201302528));
#10645=CARTESIAN_POINT('Ctrl Pts',(276.556891896071,92.,286.871003580192));
#10646=CARTESIAN_POINT('Ctrl Pts',(276.556891896071,84.,286.871003580192));
#10647=CARTESIAN_POINT('Ctrl Pts',(276.628075443933,92.,286.127826308733));
#10648=CARTESIAN_POINT('Ctrl Pts',(276.628075443933,84.,286.127826308733));
#10649=CARTESIAN_POINT('Ctrl Pts',(277.139610280634,92.,285.584342905025));
#10650=CARTESIAN_POINT('Ctrl Pts',(277.139610280634,84.,285.584342905025));
#10651=CARTESIAN_POINT('Ctrl Pts',(277.394270151854,92.,285.313777923584));
#10652=CARTESIAN_POINT('Ctrl Pts',(277.394270151854,84.,285.313777923584));
#10653=CARTESIAN_POINT('',(276.521145999432,84.,287.244201302528));
#10654=CARTESIAN_POINT('Ctrl Pts',(276.521145999432,84.,287.244201302528));
#10655=CARTESIAN_POINT('Ctrl Pts',(276.556891896071,84.,286.871003580192));
#10656=CARTESIAN_POINT('Ctrl Pts',(276.628075443933,84.,286.127826308733));
#10657=CARTESIAN_POINT('Ctrl Pts',(277.139610280634,84.,285.584342905025));
#10658=CARTESIAN_POINT('Ctrl Pts',(277.394270151854,84.,285.313777923584));
#10659=CARTESIAN_POINT('',(276.521145999432,88.,287.244201302528));
#10660=CARTESIAN_POINT('Ctrl Pts',(276.967940032482,92.,288.700545430183));
#10661=CARTESIAN_POINT('Ctrl Pts',(276.967940032482,84.,288.700545430183));
#10662=CARTESIAN_POINT('Ctrl Pts',(276.837634678548,92.,288.47058726596));
#10663=CARTESIAN_POINT('Ctrl Pts',(276.837634678548,84.,288.47058726596));
#10664=CARTESIAN_POINT('Ctrl Pts',(276.581104379295,92.,288.017871894697));
#10665=CARTESIAN_POINT('Ctrl Pts',(276.581104379295,84.,288.017871894697));
#10666=CARTESIAN_POINT('Ctrl Pts',(276.540919061531,92.,287.499342230252));
#10667=CARTESIAN_POINT('Ctrl Pts',(276.540919061531,84.,287.499342230252));
#10668=CARTESIAN_POINT('Ctrl Pts',(276.521145999432,92.,287.244201302528));
#10669=CARTESIAN_POINT('Ctrl Pts',(276.521145999432,84.,287.244201302528));
#10670=CARTESIAN_POINT('',(276.967940032482,84.,288.700545430183));
#10671=CARTESIAN_POINT('Ctrl Pts',(276.967940032482,84.,288.700545430183));
#10672=CARTESIAN_POINT('Ctrl Pts',(276.837634678548,84.,288.47058726596));
#10673=CARTESIAN_POINT('Ctrl Pts',(276.581104379295,84.,288.017871894697));
#10674=CARTESIAN_POINT('Ctrl Pts',(276.540919061531,84.,287.499342230252));
#10675=CARTESIAN_POINT('Ctrl Pts',(276.521145999432,84.,287.244201302528));
#10676=CARTESIAN_POINT('',(276.967940032482,88.,288.700545430183));
#10677=CARTESIAN_POINT('Ctrl Pts',(278.311732560396,92.,289.778307676315));
#10678=CARTESIAN_POINT('Ctrl Pts',(278.311732560396,84.,289.778307676315));
#10679=CARTESIAN_POINT('Ctrl Pts',(278.035481990624,92.,289.641272255647));
#10680=CARTESIAN_POINT('Ctrl Pts',(278.035481990624,84.,289.641272255647));
#10681=CARTESIAN_POINT('Ctrl Pts',(277.508097540549,92.,289.379660668639));
#10682=CARTESIAN_POINT('Ctrl Pts',(277.508097540549,84.,289.379660668639));
#10683=CARTESIAN_POINT('Ctrl Pts',(277.14218365101,92.,288.919613932942));
#10684=CARTESIAN_POINT('Ctrl Pts',(277.14218365101,84.,288.919613932942));
#10685=CARTESIAN_POINT('Ctrl Pts',(276.967940032482,92.,288.700545430183));
#10686=CARTESIAN_POINT('Ctrl Pts',(276.967940032482,84.,288.700545430183));
#10687=CARTESIAN_POINT('',(278.311732560396,84.,289.778307676315));
#10688=CARTESIAN_POINT('Ctrl Pts',(278.311732560396,84.,289.778307676315));
#10689=CARTESIAN_POINT('Ctrl Pts',(278.035481990624,84.,289.641272255647));
#10690=CARTESIAN_POINT('Ctrl Pts',(277.508097540549,84.,289.379660668639));
#10691=CARTESIAN_POINT('Ctrl Pts',(277.14218365101,84.,288.919613932942));
#10692=CARTESIAN_POINT('Ctrl Pts',(276.967940032482,84.,288.700545430183));
#10693=CARTESIAN_POINT('',(278.311732560396,88.,289.778307676315));
#10694=CARTESIAN_POINT('Ctrl Pts',(280.770805329084,92.,290.170531272888));
#10695=CARTESIAN_POINT('Ctrl Pts',(280.770805329084,84.,290.170531272888));
#10696=CARTESIAN_POINT('Ctrl Pts',(280.301136355949,92.,290.163478324949));
#10697=CARTESIAN_POINT('Ctrl Pts',(280.301136355949,84.,290.163478324949));
#10698=CARTESIAN_POINT('Ctrl Pts',(279.461165147764,92.,290.150864604348));
#10699=CARTESIAN_POINT('Ctrl Pts',(279.461165147764,84.,290.150864604348));
#10700=CARTESIAN_POINT('Ctrl Pts',(278.663419576682,92.,289.892297340308));
#10701=CARTESIAN_POINT('Ctrl Pts',(278.663419576682,84.,289.892297340308));
#10702=CARTESIAN_POINT('Ctrl Pts',(278.311732560396,92.,289.778307676315));
#10703=CARTESIAN_POINT('Ctrl Pts',(278.311732560396,84.,289.778307676315));
#10704=CARTESIAN_POINT('',(280.770805329084,84.,290.170531272888));
#10705=CARTESIAN_POINT('Ctrl Pts',(280.770805329084,84.,290.170531272888));
#10706=CARTESIAN_POINT('Ctrl Pts',(280.301136355949,84.,290.163478324949));
#10707=CARTESIAN_POINT('Ctrl Pts',(279.461165147764,84.,290.150864604348));
#10708=CARTESIAN_POINT('Ctrl Pts',(278.663419576682,84.,289.892297340308));
#10709=CARTESIAN_POINT('Ctrl Pts',(278.311732560396,84.,289.778307676315));
#10710=CARTESIAN_POINT('',(280.770805329084,88.,290.170531272888));
#10711=CARTESIAN_POINT('Ctrl Pts',(283.69372472167,92.,289.45770740509));
#10712=CARTESIAN_POINT('Ctrl Pts',(283.69372472167,84.,289.45770740509));
#10713=CARTESIAN_POINT('Ctrl Pts',(283.290074948578,92.,289.664894892452));
#10714=CARTESIAN_POINT('Ctrl Pts',(283.290074948578,84.,289.664894892452));
#10715=CARTESIAN_POINT('Ctrl Pts',(282.376554135685,92.,290.133791679947));
#10716=CARTESIAN_POINT('Ctrl Pts',(282.376554135685,84.,290.133791679947));
#10717=CARTESIAN_POINT('Ctrl Pts',(281.345998177161,92.,290.157370838943));
#10718=CARTESIAN_POINT('Ctrl Pts',(281.345998177161,84.,290.157370838943));
#10719=CARTESIAN_POINT('Ctrl Pts',(280.770805329084,92.,290.170531272888));
#10720=CARTESIAN_POINT('Ctrl Pts',(280.770805329084,84.,290.170531272888));
#10721=CARTESIAN_POINT('',(283.69372472167,84.,289.45770740509));
#10722=CARTESIAN_POINT('Ctrl Pts',(283.69372472167,84.,289.45770740509));
#10723=CARTESIAN_POINT('Ctrl Pts',(283.290074948578,84.,289.664894892452));
#10724=CARTESIAN_POINT('Ctrl Pts',(282.376554135685,84.,290.133791679947));
#10725=CARTESIAN_POINT('Ctrl Pts',(281.345998177161,84.,290.157370838943));
#10726=CARTESIAN_POINT('Ctrl Pts',(280.770805329084,84.,290.170531272888));
#10727=CARTESIAN_POINT('',(283.69372472167,88.,289.45770740509));
#10728=CARTESIAN_POINT('Ctrl Pts',(284.89085957408,92.,287.189631462097));
#10729=CARTESIAN_POINT('Ctrl Pts',(284.89085957408,84.,287.189631462097));
#10730=CARTESIAN_POINT('Ctrl Pts',(284.805928544229,92.,287.663366583208));
#10731=CARTESIAN_POINT('Ctrl Pts',(284.805928544229,84.,287.663366583208));
#10732=CARTESIAN_POINT('Ctrl Pts',(284.646859353137,92.,288.550635495881));
#10733=CARTESIAN_POINT('Ctrl Pts',(284.646859353137,84.,288.550635495881));
#10734=CARTESIAN_POINT('Ctrl Pts',(283.996732531184,92.,289.169343239938));
#10735=CARTESIAN_POINT('Ctrl Pts',(283.996732531184,84.,289.169343239938));
#10736=CARTESIAN_POINT('Ctrl Pts',(283.69372472167,92.,289.45770740509));
#10737=CARTESIAN_POINT('Ctrl Pts',(283.69372472167,84.,289.45770740509));
#10738=CARTESIAN_POINT('',(284.89085957408,84.,287.189631462097));
#10739=CARTESIAN_POINT('Ctrl Pts',(284.89085957408,84.,287.189631462097));
#10740=CARTESIAN_POINT('Ctrl Pts',(284.805928544229,84.,287.663366583208));
#10741=CARTESIAN_POINT('Ctrl Pts',(284.646859353137,84.,288.550635495881));
#10742=CARTESIAN_POINT('Ctrl Pts',(283.996732531184,84.,289.169343239938));
#10743=CARTESIAN_POINT('Ctrl Pts',(283.69372472167,84.,289.45770740509));
#10744=CARTESIAN_POINT('',(284.89085957408,88.,287.189631462097));
#10745=CARTESIAN_POINT('Origin',(281.978171914816,88.,287.019098997116));
#10746=CARTESIAN_POINT('',(281.978171914816,84.,287.019098997116));
#10747=CARTESIAN_POINT('',(284.89085957408,84.,287.189631462097));
#10748=CARTESIAN_POINT('',(281.978171914816,88.,287.019098997116));
#10749=CARTESIAN_POINT('Ctrl Pts',(281.49045035243,92.,288.001363873482));
#10750=CARTESIAN_POINT('Ctrl Pts',(281.49045035243,84.,288.001363873482));
#10751=CARTESIAN_POINT('Ctrl Pts',(281.605058112061,92.,287.874569788682));
#10752=CARTESIAN_POINT('Ctrl Pts',(281.605058112061,84.,287.874569788682));
#10753=CARTESIAN_POINT('Ctrl Pts',(281.858463257193,92.,287.594219892967));
#10754=CARTESIAN_POINT('Ctrl Pts',(281.858463257193,84.,287.594219892967));
#10755=CARTESIAN_POINT('Ctrl Pts',(281.935807964045,92.,287.222629750889));
#10756=CARTESIAN_POINT('Ctrl Pts',(281.935807964045,84.,287.222629750889));
#10757=CARTESIAN_POINT('Ctrl Pts',(281.978171914816,92.,287.019098997116));
#10758=CARTESIAN_POINT('Ctrl Pts',(281.978171914816,84.,287.019098997116));
#10759=CARTESIAN_POINT('',(281.49045035243,84.,288.001363873482));
#10760=CARTESIAN_POINT('Ctrl Pts',(281.49045035243,84.,288.001363873482));
#10761=CARTESIAN_POINT('Ctrl Pts',(281.605058112061,84.,287.874569788682));
#10762=CARTESIAN_POINT('Ctrl Pts',(281.858463257193,84.,287.594219892967));
#10763=CARTESIAN_POINT('Ctrl Pts',(281.935807964045,84.,287.222629750889));
#10764=CARTESIAN_POINT('Ctrl Pts',(281.978171914816,84.,287.019098997116));
#10765=CARTESIAN_POINT('',(281.49045035243,88.,288.001363873482));
#10766=CARTESIAN_POINT('Ctrl Pts',(280.463847368956,92.,288.308321237564));
#10767=CARTESIAN_POINT('Ctrl Pts',(280.463847368956,84.,288.308321237564));
#10768=CARTESIAN_POINT('Ctrl Pts',(280.664085380654,92.,288.300351529464));
#10769=CARTESIAN_POINT('Ctrl Pts',(280.664085380654,84.,288.300351529464));
#10770=CARTESIAN_POINT('Ctrl Pts',(281.03388145947,92.,288.285633211101));
#10771=CARTESIAN_POINT('Ctrl Pts',(281.03388145947,84.,288.285633211101));
#10772=CARTESIAN_POINT('Ctrl Pts',(281.34691768548,92.,288.090730312566));
#10773=CARTESIAN_POINT('Ctrl Pts',(281.34691768548,84.,288.090730312566));
#10774=CARTESIAN_POINT('Ctrl Pts',(281.49045035243,92.,288.001363873482));
#10775=CARTESIAN_POINT('Ctrl Pts',(281.49045035243,84.,288.001363873482));
#10776=CARTESIAN_POINT('',(280.463847368956,84.,288.308321237564));
#10777=CARTESIAN_POINT('Ctrl Pts',(280.463847368956,84.,288.308321237564));
#10778=CARTESIAN_POINT('Ctrl Pts',(280.664085380654,84.,288.300351529464));
#10779=CARTESIAN_POINT('Ctrl Pts',(281.03388145947,84.,288.285633211101));
#10780=CARTESIAN_POINT('Ctrl Pts',(281.34691768548,84.,288.090730312566));
#10781=CARTESIAN_POINT('Ctrl Pts',(281.49045035243,84.,288.001363873482));
#10782=CARTESIAN_POINT('',(280.463847368956,88.,288.308321237564));
#10783=CARTESIAN_POINT('Ctrl Pts',(279.652114659548,92.,288.079808354378));
#10784=CARTESIAN_POINT('Ctrl Pts',(279.652114659548,84.,288.079808354378));
#10785=CARTESIAN_POINT('Ctrl Pts',(279.762416077254,92.,288.146244205209));
#10786=CARTESIAN_POINT('Ctrl Pts',(279.762416077254,84.,288.146244205209));
#10787=CARTESIAN_POINT('Ctrl Pts',(280.010765572614,92.,288.295828048924));
#10788=CARTESIAN_POINT('Ctrl Pts',(280.010765572614,84.,288.295828048924));
#10789=CARTESIAN_POINT('Ctrl Pts',(280.30197505046,92.,288.303857801984));
#10790=CARTESIAN_POINT('Ctrl Pts',(280.30197505046,84.,288.303857801984));
#10791=CARTESIAN_POINT('Ctrl Pts',(280.463847368956,92.,288.308321237564));
#10792=CARTESIAN_POINT('Ctrl Pts',(280.463847368956,84.,288.308321237564));
#10793=CARTESIAN_POINT('',(279.652114659548,84.,288.079808354378));
#10794=CARTESIAN_POINT('Ctrl Pts',(279.652114659548,84.,288.079808354378));
#10795=CARTESIAN_POINT('Ctrl Pts',(279.762416077254,84.,288.146244205209));
#10796=CARTESIAN_POINT('Ctrl Pts',(280.010765572614,84.,288.295828048924));
#10797=CARTESIAN_POINT('Ctrl Pts',(280.30197505046,84.,288.303857801984));
#10798=CARTESIAN_POINT('Ctrl Pts',(280.463847368956,84.,288.308321237564));
#10799=CARTESIAN_POINT('',(279.652114659548,88.,288.079808354378));
#10800=CARTESIAN_POINT('Ctrl Pts',(279.379263371229,92.,287.523874044418));
#10801=CARTESIAN_POINT('Ctrl Pts',(279.379263371229,84.,287.523874044418));
#10802=CARTESIAN_POINT('Ctrl Pts',(279.391688009813,92.,287.629761970126));
#10803=CARTESIAN_POINT('Ctrl Pts',(279.391688009813,84.,287.629761970126));
#10804=CARTESIAN_POINT('Ctrl Pts',(279.417150083489,92.,287.846760327672));
#10805=CARTESIAN_POINT('Ctrl Pts',(279.417150083489,84.,287.846760327672));
#10806=CARTESIAN_POINT('Ctrl Pts',(279.572546490827,92.,288.00088920401));
#10807=CARTESIAN_POINT('Ctrl Pts',(279.572546490827,84.,288.00088920401));
#10808=CARTESIAN_POINT('Ctrl Pts',(279.652114659548,92.,288.079808354378));
#10809=CARTESIAN_POINT('Ctrl Pts',(279.652114659548,84.,288.079808354378));
#10810=CARTESIAN_POINT('',(279.379263371229,84.,287.523874044418));
#10811=CARTESIAN_POINT('Ctrl Pts',(279.379263371229,84.,287.523874044418));
#10812=CARTESIAN_POINT('Ctrl Pts',(279.391688009813,84.,287.629761970126));
#10813=CARTESIAN_POINT('Ctrl Pts',(279.417150083489,84.,287.846760327672));
#10814=CARTESIAN_POINT('Ctrl Pts',(279.572546490827,84.,288.00088920401));
#10815=CARTESIAN_POINT('Ctrl Pts',(279.652114659548,84.,288.079808354378));
#10816=CARTESIAN_POINT('',(279.379263371229,88.,287.523874044418));
#10817=CARTESIAN_POINT('Ctrl Pts',(279.604365676641,92.,287.094133496284));
#10818=CARTESIAN_POINT('Ctrl Pts',(279.604365676641,84.,287.094133496284));
#10819=CARTESIAN_POINT('Ctrl Pts',(279.538784923473,92.,287.157067917888));
#10820=CARTESIAN_POINT('Ctrl Pts',(279.538784923473,84.,287.157067917888));
#10821=CARTESIAN_POINT('Ctrl Pts',(279.415149129302,92.,287.275714728418));
#10822=CARTESIAN_POINT('Ctrl Pts',(279.415149129302,84.,287.275714728418));
#10823=CARTESIAN_POINT('Ctrl Pts',(279.390729822767,92.,287.444580560783));
#10824=CARTESIAN_POINT('Ctrl Pts',(279.390729822767,84.,287.444580560783));
#10825=CARTESIAN_POINT('Ctrl Pts',(279.379263371229,92.,287.523874044418));
#10826=CARTESIAN_POINT('Ctrl Pts',(279.379263371229,84.,287.523874044418));
#10827=CARTESIAN_POINT('',(279.604365676641,84.,287.094133496284));
#10828=CARTESIAN_POINT('Ctrl Pts',(279.604365676641,84.,287.094133496284));
#10829=CARTESIAN_POINT('Ctrl Pts',(279.538784923473,84.,287.157067917888));
#10830=CARTESIAN_POINT('Ctrl Pts',(279.415149129302,84.,287.275714728418));
#10831=CARTESIAN_POINT('Ctrl Pts',(279.390729822767,84.,287.444580560783));
#10832=CARTESIAN_POINT('Ctrl Pts',(279.379263371229,84.,287.523874044418));
#10833=CARTESIAN_POINT('',(279.604365676641,88.,287.094133496284));
#10834=CARTESIAN_POINT('Ctrl Pts',(280.641200691462,92.,286.72578394413));
#10835=CARTESIAN_POINT('Ctrl Pts',(280.641200691462,84.,286.72578394413));
#10836=CARTESIAN_POINT('Ctrl Pts',(280.412694388883,92.,286.770212950056));
#10837=CARTESIAN_POINT('Ctrl Pts',(280.412694388883,84.,286.770212950056));
#10838=CARTESIAN_POINT('Ctrl Pts',(280.047099149856,92.,286.841296473172));
#10839=CARTESIAN_POINT('Ctrl Pts',(280.047099149856,84.,286.841296473172));
#10840=CARTESIAN_POINT('Ctrl Pts',(279.725105226311,92.,287.02518133848));
#10841=CARTESIAN_POINT('Ctrl Pts',(279.725105226311,84.,287.02518133848));
#10842=CARTESIAN_POINT('Ctrl Pts',(279.604365676641,92.,287.094133496284));
#10843=CARTESIAN_POINT('Ctrl Pts',(279.604365676641,84.,287.094133496284));
#10844=CARTESIAN_POINT('',(280.641200691462,84.,286.72578394413));
#10845=CARTESIAN_POINT('Ctrl Pts',(280.641200691462,84.,286.72578394413));
#10846=CARTESIAN_POINT('Ctrl Pts',(280.412694388883,84.,286.770212950056));
#10847=CARTESIAN_POINT('Ctrl Pts',(280.047099149856,84.,286.841296473172));
#10848=CARTESIAN_POINT('Ctrl Pts',(279.725105226311,84.,287.02518133848));
#10849=CARTESIAN_POINT('Ctrl Pts',(279.604365676641,84.,287.094133496284));
#10850=CARTESIAN_POINT('',(280.641200691462,88.,286.72578394413));
#10851=CARTESIAN_POINT('Ctrl Pts',(283.54365631938,92.,285.842428207397));
#10852=CARTESIAN_POINT('Ctrl Pts',(283.54365631938,84.,285.842428207397));
#10853=CARTESIAN_POINT('Ctrl Pts',(283.158699964418,92.,286.000014897087));
#10854=CARTESIAN_POINT('Ctrl Pts',(283.158699964418,84.,286.000014897087));
#10855=CARTESIAN_POINT('Ctrl Pts',(282.219637664693,92.,286.384431772711));
#10856=CARTESIAN_POINT('Ctrl Pts',(282.219637664693,84.,286.384431772711));
#10857=CARTESIAN_POINT('Ctrl Pts',(281.226949359456,92.,286.599110162967));
#10858=CARTESIAN_POINT('Ctrl Pts',(281.226949359456,84.,286.599110162967));
#10859=CARTESIAN_POINT('Ctrl Pts',(280.641200691462,92.,286.72578394413));
#10860=CARTESIAN_POINT('Ctrl Pts',(280.641200691462,84.,286.72578394413));
#10861=CARTESIAN_POINT('',(283.54365631938,84.,285.842428207397));
#10862=CARTESIAN_POINT('Ctrl Pts',(283.54365631938,84.,285.842428207397));
#10863=CARTESIAN_POINT('Ctrl Pts',(283.158699964418,84.,286.000014897087));
#10864=CARTESIAN_POINT('Ctrl Pts',(282.219637664693,84.,286.384431772711));
#10865=CARTESIAN_POINT('Ctrl Pts',(281.226949359456,84.,286.599110162967));
#10866=CARTESIAN_POINT('Ctrl Pts',(280.641200691462,84.,286.72578394413));
#10867=CARTESIAN_POINT('',(283.54365631938,88.,285.842428207397));
#10868=CARTESIAN_POINT('Ctrl Pts',(284.819236248732,92.,284.733970165253));
#10869=CARTESIAN_POINT('Ctrl Pts',(284.819236248732,84.,284.733970165253));
#10870=CARTESIAN_POINT('Ctrl Pts',(284.657985784417,92.,284.949677254114));
#10871=CARTESIAN_POINT('Ctrl Pts',(284.657985784417,84.,284.949677254114));
#10872=CARTESIAN_POINT('Ctrl Pts',(284.313553321625,92.,285.410429563721));
#10873=CARTESIAN_POINT('Ctrl Pts',(284.313553321625,84.,285.410429563721));
#10874=CARTESIAN_POINT('Ctrl Pts',(283.810956179118,92.,285.69244298012));
#10875=CARTESIAN_POINT('Ctrl Pts',(283.810956179118,84.,285.69244298012));
#10876=CARTESIAN_POINT('Ctrl Pts',(283.54365631938,92.,285.842428207397));
#10877=CARTESIAN_POINT('Ctrl Pts',(283.54365631938,84.,285.842428207397));
#10878=CARTESIAN_POINT('',(284.819236248732,84.,284.733970165253));
#10879=CARTESIAN_POINT('Ctrl Pts',(284.819236248732,84.,284.733970165253));
#10880=CARTESIAN_POINT('Ctrl Pts',(284.657985784417,84.,284.949677254114));
#10881=CARTESIAN_POINT('Ctrl Pts',(284.313553321625,84.,285.410429563721));
#10882=CARTESIAN_POINT('Ctrl Pts',(283.810956179118,84.,285.69244298012));
#10883=CARTESIAN_POINT('Ctrl Pts',(283.54365631938,84.,285.842428207397));
#10884=CARTESIAN_POINT('',(284.819236248732,88.,284.733970165253));
#10885=CARTESIAN_POINT('Ctrl Pts',(285.218281000853,92.,283.253750801086));
#10886=CARTESIAN_POINT('Ctrl Pts',(285.218281000853,84.,283.253750801086));
#10887=CARTESIAN_POINT('Ctrl Pts',(285.202690697785,92.,283.51833007641));
#10888=CARTESIAN_POINT('Ctrl Pts',(285.202690697785,84.,283.51833007641));
#10889=CARTESIAN_POINT('Ctrl Pts',(285.171977981225,92.,284.039548185846));
#10890=CARTESIAN_POINT('Ctrl Pts',(285.171977981225,84.,284.039548185846));
#10891=CARTESIAN_POINT('Ctrl Pts',(284.935616551975,92.,284.50485908171));
#10892=CARTESIAN_POINT('Ctrl Pts',(284.935616551975,84.,284.50485908171));
#10893=CARTESIAN_POINT('Ctrl Pts',(284.819236248732,92.,284.733970165253));
#10894=CARTESIAN_POINT('Ctrl Pts',(284.819236248732,84.,284.733970165253));
#10895=CARTESIAN_POINT('',(285.218281000853,84.,283.253750801086));
#10896=CARTESIAN_POINT('Ctrl Pts',(285.218281000853,84.,283.253750801086));
#10897=CARTESIAN_POINT('Ctrl Pts',(285.202690697785,84.,283.51833007641));
#10898=CARTESIAN_POINT('Ctrl Pts',(285.171977981225,84.,284.039548185846));
#10899=CARTESIAN_POINT('Ctrl Pts',(284.935616551975,84.,284.50485908171));
#10900=CARTESIAN_POINT('Ctrl Pts',(284.819236248732,84.,284.733970165253));
#10901=CARTESIAN_POINT('',(285.218281000853,88.,283.253750801086));
#10902=CARTESIAN_POINT('Ctrl Pts',(284.686221331358,92.,281.480218172073));
#10903=CARTESIAN_POINT('Ctrl Pts',(284.686221331358,84.,281.480218172073));
#10904=CARTESIAN_POINT('Ctrl Pts',(284.841405142142,92.,281.756659340324));
#10905=CARTESIAN_POINT('Ctrl Pts',(284.841405142142,84.,281.756659340324));
#10906=CARTESIAN_POINT('Ctrl Pts',(285.151024646702,92.,282.308208996962));
#10907=CARTESIAN_POINT('Ctrl Pts',(285.151024646702,84.,282.308208996962));
#10908=CARTESIAN_POINT('Ctrl Pts',(285.195898358117,92.,282.939078311612));
#10909=CARTESIAN_POINT('Ctrl Pts',(285.195898358117,84.,282.939078311612));
#10910=CARTESIAN_POINT('Ctrl Pts',(285.218281000853,92.,283.253750801086));
#10911=CARTESIAN_POINT('Ctrl Pts',(285.218281000853,84.,283.253750801086));
#10912=CARTESIAN_POINT('',(284.686221331358,84.,281.480218172073));
#10913=CARTESIAN_POINT('Ctrl Pts',(284.686221331358,84.,281.480218172073));
#10914=CARTESIAN_POINT('Ctrl Pts',(284.841405142142,84.,281.756659340324));
#10915=CARTESIAN_POINT('Ctrl Pts',(285.151024646702,84.,282.308208996962));
#10916=CARTESIAN_POINT('Ctrl Pts',(285.195898358117,84.,282.939078311612));
#10917=CARTESIAN_POINT('Ctrl Pts',(285.218281000853,84.,283.253750801086));
#10918=CARTESIAN_POINT('',(284.686221331358,88.,281.480218172073));
#10919=CARTESIAN_POINT('Ctrl Pts',(283.19918140769,92.,280.248976945877));
#10920=CARTESIAN_POINT('Ctrl Pts',(283.19918140769,84.,280.248976945877));
#10921=CARTESIAN_POINT('Ctrl Pts',(283.498107638649,92.,280.40247403601));
#10922=CARTESIAN_POINT('Ctrl Pts',(283.498107638649,84.,280.40247403601));
#10923=CARTESIAN_POINT('Ctrl Pts',(284.084719765598,92.,280.703696361781));
#10924=CARTESIAN_POINT('Ctrl Pts',(284.084719765598,84.,280.703696361781));
#10925=CARTESIAN_POINT('Ctrl Pts',(284.48829852661,92.,281.224705329897));
#10926=CARTESIAN_POINT('Ctrl Pts',(284.48829852661,84.,281.224705329897));
#10927=CARTESIAN_POINT('Ctrl Pts',(284.686221331358,92.,281.480218172073));
#10928=CARTESIAN_POINT('Ctrl Pts',(284.686221331358,84.,281.480218172073));
#10929=CARTESIAN_POINT('',(283.19918140769,84.,280.248976945877));
#10930=CARTESIAN_POINT('Ctrl Pts',(283.19918140769,84.,280.248976945877));
#10931=CARTESIAN_POINT('Ctrl Pts',(283.498107638649,84.,280.40247403601));
#10932=CARTESIAN_POINT('Ctrl Pts',(284.084719765598,84.,280.703696361781));
#10933=CARTESIAN_POINT('Ctrl Pts',(284.48829852661,84.,281.224705329897));
#10934=CARTESIAN_POINT('Ctrl Pts',(284.686221331358,84.,281.480218172073));
#10935=CARTESIAN_POINT('',(283.19918140769,88.,280.248976945877));
#10936=CARTESIAN_POINT('Ctrl Pts',(280.791268795729,92.,279.829467535019));
#10937=CARTESIAN_POINT('Ctrl Pts',(280.791268795729,84.,279.829467535019));
#10938=CARTESIAN_POINT('Ctrl Pts',(281.238522146227,92.,279.840200119434));
#10939=CARTESIAN_POINT('Ctrl Pts',(281.238522146227,84.,279.840200119434));
#10940=CARTESIAN_POINT('Ctrl Pts',(282.063153414413,92.,279.859988511601));
#10941=CARTESIAN_POINT('Ctrl Pts',(282.063153414413,84.,279.859988511601));
#10942=CARTESIAN_POINT('Ctrl Pts',(282.842518677009,92.,280.126851718336));
#10943=CARTESIAN_POINT('Ctrl Pts',(282.842518677009,84.,280.126851718336));
#10944=CARTESIAN_POINT('Ctrl Pts',(283.19918140769,92.,280.248976945877));
#10945=CARTESIAN_POINT('Ctrl Pts',(283.19918140769,84.,280.248976945877));
#10946=CARTESIAN_POINT('',(280.791268795729,84.,279.829467535019));
#10947=CARTESIAN_POINT('Ctrl Pts',(280.791268795729,84.,279.829467535019));
#10948=CARTESIAN_POINT('Ctrl Pts',(281.238522146227,84.,279.840200119434));
#10949=CARTESIAN_POINT('Ctrl Pts',(282.063153414413,84.,279.859988511601));
#10950=CARTESIAN_POINT('Ctrl Pts',(282.842518677009,84.,280.126851718336));
#10951=CARTESIAN_POINT('Ctrl Pts',(283.19918140769,84.,280.248976945877));
#10952=CARTESIAN_POINT('',(280.791268795729,88.,279.829467535019));
#10953=CARTESIAN_POINT('Ctrl Pts',(277.257844656706,92.,280.811733007431));
#10954=CARTESIAN_POINT('Ctrl Pts',(277.257844656706,84.,280.811733007431));
#10955=CARTESIAN_POINT('Ctrl Pts',(277.70382146698,92.,280.527137703963));
#10956=CARTESIAN_POINT('Ctrl Pts',(277.70382146698,84.,280.527137703963));
#10957=CARTESIAN_POINT('Ctrl Pts',(278.771191753261,92.,279.846006838997));
#10958=CARTESIAN_POINT('Ctrl Pts',(278.771191753261,84.,279.846006838997));
#10959=CARTESIAN_POINT('Ctrl Pts',(280.047966077343,92.,279.835553297764));
#10960=CARTESIAN_POINT('Ctrl Pts',(280.047966077343,84.,279.835553297764));
#10961=CARTESIAN_POINT('Ctrl Pts',(280.791268795729,92.,279.829467535019));
#10962=CARTESIAN_POINT('Ctrl Pts',(280.791268795729,84.,279.829467535019));
#10963=CARTESIAN_POINT('',(277.257844656706,84.,280.811733007431));
#10964=CARTESIAN_POINT('Ctrl Pts',(277.257844656706,84.,280.811733007431));
#10965=CARTESIAN_POINT('Ctrl Pts',(277.70382146698,84.,280.527137703963));
#10966=CARTESIAN_POINT('Ctrl Pts',(278.771191753261,84.,279.846006838997));
#10967=CARTESIAN_POINT('Ctrl Pts',(280.047966077343,84.,279.835553297764));
#10968=CARTESIAN_POINT('Ctrl Pts',(280.791268795729,84.,279.829467535019));
#10969=CARTESIAN_POINT('',(277.257844656706,88.,280.811733007431));
#10970=CARTESIAN_POINT('Ctrl Pts',(276.145975515246,92.,283.308321237564));
#10971=CARTESIAN_POINT('Ctrl Pts',(276.145975515246,84.,283.308321237564));
#10972=CARTESIAN_POINT('Ctrl Pts',(276.220511180779,92.,282.829980873096));
#10973=CARTESIAN_POINT('Ctrl Pts',(276.220511180779,84.,282.829980873096));
#10974=CARTESIAN_POINT('Ctrl Pts',(276.365997807074,92.,281.896305358837));
#10975=CARTESIAN_POINT('Ctrl Pts',(276.365997807074,84.,281.896305358837));
#10976=CARTESIAN_POINT('Ctrl Pts',(276.965486052573,92.,281.167269452808));
#10977=CARTESIAN_POINT('Ctrl Pts',(276.965486052573,84.,281.167269452808));
#10978=CARTESIAN_POINT('Ctrl Pts',(277.257844656706,92.,280.811733007431));
#10979=CARTESIAN_POINT('Ctrl Pts',(277.257844656706,84.,280.811733007431));
#10980=CARTESIAN_POINT('Ctrl Pts',(276.145975515246,84.,283.308321237564));
#10981=CARTESIAN_POINT('Ctrl Pts',(276.220511180779,84.,282.829980873096));
#10982=CARTESIAN_POINT('Ctrl Pts',(276.365997807074,84.,281.896305358837));
#10983=CARTESIAN_POINT('Ctrl Pts',(276.965486052573,84.,281.167269452808));
#10984=CARTESIAN_POINT('Ctrl Pts',(277.257844656706,84.,280.811733007431));
#10985=CARTESIAN_POINT('Origin',(280.682128258049,84.,284.999999403954));
#10986=UNCERTAINTY_MEASURE_WITH_UNIT(LENGTH_MEASURE(0.01),#10990,
'DISTANCE_ACCURACY_VALUE',
'Maximum model space distance between geometric entities at asserted c
onnectivities');
#10987=UNCERTAINTY_MEASURE_WITH_UNIT(LENGTH_MEASURE(0.01),#10990,
'DISTANCE_ACCURACY_VALUE',
'Maximum model space distance between geometric entities at asserted c
onnectivities');
#10988=(
GEOMETRIC_REPRESENTATION_CONTEXT(3)
GLOBAL_UNCERTAINTY_ASSIGNED_CONTEXT((#10986))
GLOBAL_UNIT_ASSIGNED_CONTEXT((#10990,#10992,#10993))
REPRESENTATION_CONTEXT('','3D')
);
#10989=(
GEOMETRIC_REPRESENTATION_CONTEXT(3)
GLOBAL_UNCERTAINTY_ASSIGNED_CONTEXT((#10987))
GLOBAL_UNIT_ASSIGNED_CONTEXT((#10990,#10992,#10993))
REPRESENTATION_CONTEXT('','3D')
);
#10990=(
LENGTH_UNIT()
NAMED_UNIT(*)
SI_UNIT(.MILLI.,.METRE.)
);
#10991=(
LENGTH_UNIT()
NAMED_UNIT(*)
SI_UNIT($,.METRE.)
);
#10992=(
NAMED_UNIT(*)
PLANE_ANGLE_UNIT()
SI_UNIT($,.RADIAN.)
);
#10993=(
NAMED_UNIT(*)
SI_UNIT($,.STERADIAN.)
SOLID_ANGLE_UNIT()
);
#10994=SHAPE_DEFINITION_REPRESENTATION(#10995,#10996);
#10995=PRODUCT_DEFINITION_SHAPE('',$,#10998);
#10996=SHAPE_REPRESENTATION('',(#6222),#10988);
#10997=PRODUCT_DEFINITION_CONTEXT('part definition',#11002,'design');
#10998=PRODUCT_DEFINITION('2026-08-18-16-42-38-640','(Unsaved)',#10999,
#10997);
#10999=PRODUCT_DEFINITION_FORMATION('',$,#11004);
#11000=PRODUCT_RELATED_PRODUCT_CATEGORY('(Unsaved)','(Unsaved)',(#11004));
#11001=APPLICATION_PROTOCOL_DEFINITION('international standard',
'automotive_design',2009,#11002);
#11002=APPLICATION_CONTEXT(
'Core Data for Automotive Mechanical Design Process');
#11003=PRODUCT_CONTEXT('part definition',#11002,'mechanical');
#11004=PRODUCT('2026-08-18-16-42-38-640','(Unsaved)',$,(#11003));
#11005=PRESENTATION_STYLE_ASSIGNMENT((#11010));
#11006=PRESENTATION_STYLE_ASSIGNMENT((#11011));
#11007=PRESENTATION_STYLE_ASSIGNMENT((#11012));
#11008=PRESENTATION_STYLE_ASSIGNMENT((#11013));
#11009=PRESENTATION_STYLE_ASSIGNMENT((#11014));
#11010=SURFACE_STYLE_USAGE(.BOTH.,#11015);
#11011=SURFACE_STYLE_USAGE(.BOTH.,#11016);
#11012=SURFACE_STYLE_USAGE(.BOTH.,#11017);
#11013=SURFACE_STYLE_USAGE(.BOTH.,#11018);
#11014=SURFACE_STYLE_USAGE(.BOTH.,#11019);
#11015=SURFACE_SIDE_STYLE('',(#11020));
#11016=SURFACE_SIDE_STYLE('',(#11021));
#11017=SURFACE_SIDE_STYLE('',(#11022));
#11018=SURFACE_SIDE_STYLE('',(#11023));
#11019=SURFACE_SIDE_STYLE('',(#11024));
#11020=SURFACE_STYLE_FILL_AREA(#11025);
#11021=SURFACE_STYLE_FILL_AREA(#11026);
#11022=SURFACE_STYLE_FILL_AREA(#11027);
#11023=SURFACE_STYLE_FILL_AREA(#11028);
#11024=SURFACE_STYLE_FILL_AREA(#11029);
#11025=FILL_AREA_STYLE('Steel - Satin',(#11030));
#11026=FILL_AREA_STYLE('gv_birch',(#11031));
#11027=FILL_AREA_STYLE('gv_graphite',(#11032));
#11028=FILL_AREA_STYLE('gv_white',(#11033));
#11029=FILL_AREA_STYLE('gv_orange',(#11034));
#11030=FILL_AREA_STYLE_COLOUR('Steel - Satin',#11035);
#11031=FILL_AREA_STYLE_COLOUR('gv_birch',#11036);
#11032=FILL_AREA_STYLE_COLOUR('gv_graphite',#11037);
#11033=FILL_AREA_STYLE_COLOUR('gv_white',#11038);
#11034=FILL_AREA_STYLE_COLOUR('gv_orange',#11039);
#11035=COLOUR_RGB('Steel - Satin',0.627450980392157,0.627450980392157,0.627450980392157);
#11036=COLOUR_RGB('gv_birch',0.886274509803922,0.803921568627451,0.63921568627451);
#11037=COLOUR_RGB('gv_graphite',0.243137254901961,0.254901960784314,0.266666666666667);
#11038=COLOUR_RGB('gv_white',0.933333333333333,0.925490196078431,0.901960784313726);
#11039=COLOUR_RGB('gv_orange',0.909803921568627,0.447058823529412,0.109803921568627);
ENDSEC;
END-ISO-10303-21;
