ISO-10303-21;
HEADER;
/* Generated by software containing ST-Developer
 * from STEP Tools, Inc. (www.steptools.com) 
 */

FILE_DESCRIPTION(
/* description */ (''),
/* implementation_level */ '2;1');

FILE_NAME(
/* name */ 'binstack-print-assembly.step',
/* time_stamp */ '2026-08-18T20:37:21+03:00',
/* author */ (''),
/* organization */ (''),
/* preprocessor_version */ 'ST-DEVELOPER v20.1',
/* originating_system */ 'Autodesk Translation Framework v15.8.0.0',
/* authorisation */ '');

FILE_SCHEMA (('AUTOMOTIVE_DESIGN { 1 0 10303 214 3 1 1 }'));
ENDSEC;

DATA;
#10=MECHANICAL_DESIGN_GEOMETRIC_PRESENTATION_REPRESENTATION('',(#346,#347,
#348,#349,#350,#351,#352,#353,#354,#355,#356,#357,#358,#359,#360,#361,#362,
#363,#364,#365),#20234);
#11=ITEM_DEFINED_TRANSFORMATION($,$,#12174,#12702);
#12=ITEM_DEFINED_TRANSFORMATION($,$,#12301,#12703);
#13=ITEM_DEFINED_TRANSFORMATION($,$,#12428,#12704);
#14=ITEM_DEFINED_TRANSFORMATION($,$,#12527,#12705);
#15=ITEM_DEFINED_TRANSFORMATION($,$,#12534,#12706);
#16=ITEM_DEFINED_TRANSFORMATION($,$,#12428,#12707);
#17=ITEM_DEFINED_TRANSFORMATION($,$,#12428,#12708);
#18=ITEM_DEFINED_TRANSFORMATION($,$,#12527,#12709);
#19=ITEM_DEFINED_TRANSFORMATION($,$,#12527,#12710);
#20=ITEM_DEFINED_TRANSFORMATION($,$,#12527,#12711);
#21=ITEM_DEFINED_TRANSFORMATION($,$,#12527,#12712);
#22=ITEM_DEFINED_TRANSFORMATION($,$,#12527,#12713);
#23=ITEM_DEFINED_TRANSFORMATION($,$,#12534,#12714);
#24=ITEM_DEFINED_TRANSFORMATION($,$,#12551,#12715);
#25=(
REPRESENTATION_RELATIONSHIP($,$,#20268,#20267)
REPRESENTATION_RELATIONSHIP_WITH_TRANSFORMATION(#11)
SHAPE_REPRESENTATION_RELATIONSHIP()
);
#26=(
REPRESENTATION_RELATIONSHIP($,$,#20269,#20267)
REPRESENTATION_RELATIONSHIP_WITH_TRANSFORMATION(#12)
SHAPE_REPRESENTATION_RELATIONSHIP()
);
#27=(
REPRESENTATION_RELATIONSHIP($,$,#20270,#20267)
REPRESENTATION_RELATIONSHIP_WITH_TRANSFORMATION(#13)
SHAPE_REPRESENTATION_RELATIONSHIP()
);
#28=(
REPRESENTATION_RELATIONSHIP($,$,#20271,#20267)
REPRESENTATION_RELATIONSHIP_WITH_TRANSFORMATION(#14)
SHAPE_REPRESENTATION_RELATIONSHIP()
);
#29=(
REPRESENTATION_RELATIONSHIP($,$,#20272,#20267)
REPRESENTATION_RELATIONSHIP_WITH_TRANSFORMATION(#15)
SHAPE_REPRESENTATION_RELATIONSHIP()
);
#30=(
REPRESENTATION_RELATIONSHIP($,$,#20270,#20267)
REPRESENTATION_RELATIONSHIP_WITH_TRANSFORMATION(#16)
SHAPE_REPRESENTATION_RELATIONSHIP()
);
#31=(
REPRESENTATION_RELATIONSHIP($,$,#20270,#20267)
REPRESENTATION_RELATIONSHIP_WITH_TRANSFORMATION(#17)
SHAPE_REPRESENTATION_RELATIONSHIP()
);
#32=(
REPRESENTATION_RELATIONSHIP($,$,#20271,#20267)
REPRESENTATION_RELATIONSHIP_WITH_TRANSFORMATION(#18)
SHAPE_REPRESENTATION_RELATIONSHIP()
);
#33=(
REPRESENTATION_RELATIONSHIP($,$,#20271,#20267)
REPRESENTATION_RELATIONSHIP_WITH_TRANSFORMATION(#19)
SHAPE_REPRESENTATION_RELATIONSHIP()
);
#34=(
REPRESENTATION_RELATIONSHIP($,$,#20271,#20267)
REPRESENTATION_RELATIONSHIP_WITH_TRANSFORMATION(#20)
SHAPE_REPRESENTATION_RELATIONSHIP()
);
#35=(
REPRESENTATION_RELATIONSHIP($,$,#20271,#20267)
REPRESENTATION_RELATIONSHIP_WITH_TRANSFORMATION(#21)
SHAPE_REPRESENTATION_RELATIONSHIP()
);
#36=(
REPRESENTATION_RELATIONSHIP($,$,#20271,#20267)
REPRESENTATION_RELATIONSHIP_WITH_TRANSFORMATION(#22)
SHAPE_REPRESENTATION_RELATIONSHIP()
);
#37=(
REPRESENTATION_RELATIONSHIP($,$,#20272,#20267)
REPRESENTATION_RELATIONSHIP_WITH_TRANSFORMATION(#23)
SHAPE_REPRESENTATION_RELATIONSHIP()
);
#38=(
REPRESENTATION_RELATIONSHIP($,$,#20273,#20267)
REPRESENTATION_RELATIONSHIP_WITH_TRANSFORMATION(#24)
SHAPE_REPRESENTATION_RELATIONSHIP()
);
#39=CONTEXT_DEPENDENT_SHAPE_REPRESENTATION(#25,#20253);
#40=CONTEXT_DEPENDENT_SHAPE_REPRESENTATION(#26,#20254);
#41=CONTEXT_DEPENDENT_SHAPE_REPRESENTATION(#27,#20255);
#42=CONTEXT_DEPENDENT_SHAPE_REPRESENTATION(#28,#20256);
#43=CONTEXT_DEPENDENT_SHAPE_REPRESENTATION(#29,#20257);
#44=CONTEXT_DEPENDENT_SHAPE_REPRESENTATION(#30,#20258);
#45=CONTEXT_DEPENDENT_SHAPE_REPRESENTATION(#31,#20259);
#46=CONTEXT_DEPENDENT_SHAPE_REPRESENTATION(#32,#20260);
#47=CONTEXT_DEPENDENT_SHAPE_REPRESENTATION(#33,#20261);
#48=CONTEXT_DEPENDENT_SHAPE_REPRESENTATION(#34,#20262);
#49=CONTEXT_DEPENDENT_SHAPE_REPRESENTATION(#35,#20263);
#50=CONTEXT_DEPENDENT_SHAPE_REPRESENTATION(#36,#20264);
#51=CONTEXT_DEPENDENT_SHAPE_REPRESENTATION(#37,#20265);
#52=CONTEXT_DEPENDENT_SHAPE_REPRESENTATION(#38,#20266);
#53=NEXT_ASSEMBLY_USAGE_OCCURRENCE('\X2\0411043E043A043E04320438043D0430\X0\ 
\X2\043B043504320430044F\X0\:1','\X2\0411043E043A043E04320438043D0430\X0\ 
\X2\043B043504320430044F\X0\:1','\X2\0411043E043A043E04320438043D0430\X0\ 
\X2\043B043504320430044F\X0\:1',#20275,#20276,
'\X2\0411043E043A043E04320438043D0430\X0\ \X2\043B043504320430044F\X0\:
1');
#54=NEXT_ASSEMBLY_USAGE_OCCURRENCE('\X2\0411043E043A043E04320438043D0430\X0\ 
\X2\043F0440043004320430044F\X0\:1','\X2\0411043E043A043E04320438043D0430\X0\ 
\X2\043F0440043004320430044F\X0\:1','\X2\0411043E043A043E04320438043D0430\X0\ 
\X2\043F0440043004320430044F\X0\:1',#20275,#20277,
'\X2\0411043E043A043E04320438043D0430\X0\ \X2\043F0440043004320430044F\X0\:
1');
#55=NEXT_ASSEMBLY_USAGE_OCCURRENCE('\X2\041B043E0442043E043A\X0\:1',
'\X2\041B043E0442043E043A\X0\:1','\X2\041B043E0442043E043A\X0\:1',#20275,
#20278,'\X2\041B043E0442043E043A\X0\:1');
#56=NEXT_ASSEMBLY_USAGE_OCCURRENCE('\X2\041F0435044004350433043E0440043E0434043A0430\X0\:
1','\X2\041F0435044004350433043E0440043E0434043A0430\X0\:1',
'\X2\041F0435044004350433043E0440043E0434043A0430\X0\:1',#20275,#20279,
'\X2\041F0435044004350433043E0440043E0434043A0430\X0\:1');
#57=NEXT_ASSEMBLY_USAGE_OCCURRENCE('\X2\042804420430043D04330430\X0\:1',
'\X2\042804420430043D04330430\X0\:1','\X2\042804420430043D04330430\X0\:
1',#20275,#20280,'\X2\042804420430043D04330430\X0\:1');
#58=NEXT_ASSEMBLY_USAGE_OCCURRENCE('\X2\041B043E0442043E043A\X0\:2',
'\X2\041B043E0442043E043A\X0\:2','\X2\041B043E0442043E043A\X0\:2',#20275,
#20278,'\X2\041B043E0442043E043A\X0\:2');
#59=NEXT_ASSEMBLY_USAGE_OCCURRENCE('\X2\041B043E0442043E043A\X0\:3',
'\X2\041B043E0442043E043A\X0\:3','\X2\041B043E0442043E043A\X0\:3',#20275,
#20278,'\X2\041B043E0442043E043A\X0\:3');
#60=NEXT_ASSEMBLY_USAGE_OCCURRENCE('\X2\041F0435044004350433043E0440043E0434043A0430\X0\:
2','\X2\041F0435044004350433043E0440043E0434043A0430\X0\:2',
'\X2\041F0435044004350433043E0440043E0434043A0430\X0\:2',#20275,#20279,
'\X2\041F0435044004350433043E0440043E0434043A0430\X0\:2');
#61=NEXT_ASSEMBLY_USAGE_OCCURRENCE('\X2\041F0435044004350433043E0440043E0434043A0430\X0\:
3','\X2\041F0435044004350433043E0440043E0434043A0430\X0\:3',
'\X2\041F0435044004350433043E0440043E0434043A0430\X0\:3',#20275,#20279,
'\X2\041F0435044004350433043E0440043E0434043A0430\X0\:3');
#62=NEXT_ASSEMBLY_USAGE_OCCURRENCE('\X2\041F0435044004350433043E0440043E0434043A0430\X0\:
4','\X2\041F0435044004350433043E0440043E0434043A0430\X0\:4',
'\X2\041F0435044004350433043E0440043E0434043A0430\X0\:4',#20275,#20279,
'\X2\041F0435044004350433043E0440043E0434043A0430\X0\:4');
#63=NEXT_ASSEMBLY_USAGE_OCCURRENCE('\X2\041F0435044004350433043E0440043E0434043A0430\X0\:
5','\X2\041F0435044004350433043E0440043E0434043A0430\X0\:5',
'\X2\041F0435044004350433043E0440043E0434043A0430\X0\:5',#20275,#20279,
'\X2\041F0435044004350433043E0440043E0434043A0430\X0\:5');
#64=NEXT_ASSEMBLY_USAGE_OCCURRENCE('\X2\041F0435044004350433043E0440043E0434043A0430\X0\:
6','\X2\041F0435044004350433043E0440043E0434043A0430\X0\:6',
'\X2\041F0435044004350433043E0440043E0434043A0430\X0\:6',#20275,#20279,
'\X2\041F0435044004350433043E0440043E0434043A0430\X0\:6');
#65=NEXT_ASSEMBLY_USAGE_OCCURRENCE('\X2\042804420430043D04330430\X0\:2',
'\X2\042804420430043D04330430\X0\:2','\X2\042804420430043D04330430\X0\:
2',#20275,#20280,'\X2\042804420430043D04330430\X0\:2');
#66=NEXT_ASSEMBLY_USAGE_OCCURRENCE('\X2\041F043B0430043D043A0430\X0\ \X2\043B043E0433043E04420438043F0430\X0\:
2','\X2\041F043B0430043D043A0430\X0\ \X2\043B043E0433043E04420438043F0430\X0\:
2','\X2\041F043B0430043D043A0430\X0\ \X2\043B043E0433043E04420438043F0430\X0\:
2',#20275,#20281,'\X2\041F043B0430043D043A0430\X0\ \X2\043B043E0433043E04420438043F0430\X0\:
2');
#67=B_SPLINE_CURVE_WITH_KNOTS('',3,(#17662,#17663,#17664,#17665,#17666),
 .UNSPECIFIED.,.F.,.F.,(4,1,4),(0.,0.120940112660382,0.219608110793109),
 .UNSPECIFIED.);
#68=B_SPLINE_CURVE_WITH_KNOTS('',3,(#17668,#17669,#17670,#17671,#17672),
 .UNSPECIFIED.,.F.,.F.,(4,1,4),(-0.219608110793109,-0.120940112660382,0.),
 .UNSPECIFIED.);
#69=B_SPLINE_CURVE_WITH_KNOTS('',3,(#17685,#17686,#17687,#17688,#17689),
 .UNSPECIFIED.,.F.,.F.,(4,1,4),(0.,0.0943560914188834,0.20241182120138),
 .UNSPECIFIED.);
#70=B_SPLINE_CURVE_WITH_KNOTS('',3,(#17691,#17692,#17693,#17694,#17695),
 .UNSPECIFIED.,.F.,.F.,(4,1,4),(-0.20241182120138,-0.0943560914188834,0.),
 .UNSPECIFIED.);
#71=B_SPLINE_CURVE_WITH_KNOTS('',3,(#17708,#17709,#17710,#17711,#17712),
 .UNSPECIFIED.,.F.,.F.,(4,1,4),(0.,0.129832287227505,0.23902049112886),
 .UNSPECIFIED.);
#72=B_SPLINE_CURVE_WITH_KNOTS('',3,(#17714,#17715,#17716,#17717,#17718),
 .UNSPECIFIED.,.F.,.F.,(4,1,4),(-0.23902049112886,-0.129832287227505,0.),
 .UNSPECIFIED.);
#73=B_SPLINE_CURVE_WITH_KNOTS('',3,(#17731,#17732,#17733,#17734,#17735),
 .UNSPECIFIED.,.F.,.F.,(4,1,4),(0.,0.100001440946935,0.203071458465796),
 .UNSPECIFIED.);
#74=B_SPLINE_CURVE_WITH_KNOTS('',3,(#17737,#17738,#17739,#17740,#17741),
 .UNSPECIFIED.,.F.,.F.,(4,1,4),(-0.203071458465796,-0.100001440946935,0.),
 .UNSPECIFIED.);
#75=B_SPLINE_CURVE_WITH_KNOTS('',3,(#17754,#17755,#17756,#17757,#17758),
 .UNSPECIFIED.,.F.,.F.,(4,1,4),(0.,0.109587156817816,0.227561018001584),
 .UNSPECIFIED.);
#76=B_SPLINE_CURVE_WITH_KNOTS('',3,(#17760,#17761,#17762,#17763,#17764),
 .UNSPECIFIED.,.F.,.F.,(4,1,4),(-0.227561018001584,-0.109587156817816,0.),
 .UNSPECIFIED.);
#77=B_SPLINE_CURVE_WITH_KNOTS('',3,(#17777,#17778,#17779,#17780,#17781),
 .UNSPECIFIED.,.F.,.F.,(4,1,4),(0.,0.123184661897841,0.236094175110729),
 .UNSPECIFIED.);
#78=B_SPLINE_CURVE_WITH_KNOTS('',3,(#17783,#17784,#17785,#17786,#17787),
 .UNSPECIFIED.,.F.,.F.,(4,1,4),(-0.236094175110729,-0.123184661897841,0.),
 .UNSPECIFIED.);
#79=B_SPLINE_CURVE_WITH_KNOTS('',3,(#17800,#17801,#17802,#17803,#17804),
 .UNSPECIFIED.,.F.,.F.,(4,1,4),(0.,0.108124885379591,0.218726158928402),
 .UNSPECIFIED.);
#80=B_SPLINE_CURVE_WITH_KNOTS('',3,(#17806,#17807,#17808,#17809,#17810),
 .UNSPECIFIED.,.F.,.F.,(4,1,4),(-0.218726158928402,-0.108124885379591,0.),
 .UNSPECIFIED.);
#81=B_SPLINE_CURVE_WITH_KNOTS('',3,(#17823,#17824,#17825,#17826,#17827),
 .UNSPECIFIED.,.F.,.F.,(4,1,4),(0.,0.0996906506878506,0.223535235601503),
 .UNSPECIFIED.);
#82=B_SPLINE_CURVE_WITH_KNOTS('',3,(#17829,#17830,#17831,#17832,#17833),
 .UNSPECIFIED.,.F.,.F.,(4,1,4),(-0.223535235601503,-0.0996906506878506,
0.),.UNSPECIFIED.);
#83=B_SPLINE_CURVE_WITH_KNOTS('',3,(#17846,#17847,#17848,#17849,#17850),
 .UNSPECIFIED.,.F.,.F.,(4,1,4),(0.,0.116048924425221,0.20046146596289),
 .UNSPECIFIED.);
#84=B_SPLINE_CURVE_WITH_KNOTS('',3,(#17852,#17853,#17854,#17855,#17856),
 .UNSPECIFIED.,.F.,.F.,(4,1,4),(-0.20046146596289,-0.116048924425221,0.),
 .UNSPECIFIED.);
#85=B_SPLINE_CURVE_WITH_KNOTS('',3,(#17869,#17870,#17871,#17872,#17873),
 .UNSPECIFIED.,.F.,.F.,(4,1,4),(0.,0.067510902155407,0.133256618980425),
 .UNSPECIFIED.);
#86=B_SPLINE_CURVE_WITH_KNOTS('',3,(#17875,#17876,#17877,#17878,#17879),
 .UNSPECIFIED.,.F.,.F.,(4,1,4),(-0.133256618980425,-0.067510902155407,0.),
 .UNSPECIFIED.);
#87=B_SPLINE_CURVE_WITH_KNOTS('',3,(#17892,#17893,#17894,#17895,#17896),
 .UNSPECIFIED.,.F.,.F.,(4,1,4),(0.,0.0686943676343694,0.144486541047176),
 .UNSPECIFIED.);
#88=B_SPLINE_CURVE_WITH_KNOTS('',3,(#17898,#17899,#17900,#17901,#17902),
 .UNSPECIFIED.,.F.,.F.,(4,1,4),(-0.144486541047176,-0.0686943676343694,
0.),.UNSPECIFIED.);
#89=B_SPLINE_CURVE_WITH_KNOTS('',3,(#17921,#17922,#17923,#17924,#17925),
 .UNSPECIFIED.,.F.,.F.,(4,1,4),(0.,0.0446299470052727,0.0866449382866376),
 .UNSPECIFIED.);
#90=B_SPLINE_CURVE_WITH_KNOTS('',3,(#17927,#17928,#17929,#17930,#17931),
 .UNSPECIFIED.,.F.,.F.,(4,1,4),(-0.0866449382866376,-0.0446299470052727,
0.),.UNSPECIFIED.);
#91=B_SPLINE_CURVE_WITH_KNOTS('',3,(#17944,#17945,#17946,#17947,#17948),
 .UNSPECIFIED.,.F.,.F.,(4,1,4),(0.,0.0439041403929406,0.0939922464739497),
 .UNSPECIFIED.);
#92=B_SPLINE_CURVE_WITH_KNOTS('',3,(#17950,#17951,#17952,#17953,#17954),
 .UNSPECIFIED.,.F.,.F.,(4,1,4),(-0.0939922464739497,-0.0439041403929406,
0.),.UNSPECIFIED.);
#93=B_SPLINE_CURVE_WITH_KNOTS('',3,(#17967,#17968,#17969,#17970,#17971),
 .UNSPECIFIED.,.F.,.F.,(4,1,4),(0.,0.0744079530590306,0.145062810135071),
 .UNSPECIFIED.);
#94=B_SPLINE_CURVE_WITH_KNOTS('',3,(#17973,#17974,#17975,#17976,#17977),
 .UNSPECIFIED.,.F.,.F.,(4,1,4),(-0.145062810135071,-0.0744079530590306,
0.),.UNSPECIFIED.);
#95=B_SPLINE_CURVE_WITH_KNOTS('',3,(#17990,#17991,#17992,#17993,#17994),
 .UNSPECIFIED.,.F.,.F.,(4,1,4),(0.,0.0814199753651504,0.187904797931089),
 .UNSPECIFIED.);
#96=B_SPLINE_CURVE_WITH_KNOTS('',3,(#17996,#17997,#17998,#17999,#18000),
 .UNSPECIFIED.,.F.,.F.,(4,1,4),(-0.187904797931089,-0.0814199753651504,
0.),.UNSPECIFIED.);
#97=B_SPLINE_CURVE_WITH_KNOTS('',3,(#18013,#18014,#18015,#18016,#18017),
 .UNSPECIFIED.,.F.,.F.,(4,1,4),(0.,0.111990905987798,0.19475395319866),
 .UNSPECIFIED.);
#98=B_SPLINE_CURVE_WITH_KNOTS('',3,(#18019,#18020,#18021,#18022,#18023),
 .UNSPECIFIED.,.F.,.F.,(4,1,4),(-0.19475395319866,-0.111990905987798,0.),
 .UNSPECIFIED.);
#99=B_SPLINE_CURVE_WITH_KNOTS('',3,(#18036,#18037,#18038,#18039,#18040),
 .UNSPECIFIED.,.F.,.F.,(4,1,4),(0.,0.0718340915794045,0.150764798885567),
 .UNSPECIFIED.);
#100=B_SPLINE_CURVE_WITH_KNOTS('',3,(#18042,#18043,#18044,#18045,#18046),
 .UNSPECIFIED.,.F.,.F.,(4,1,4),(-0.150764798885567,-0.0718340915794045,
0.),.UNSPECIFIED.);
#101=B_SPLINE_CURVE_WITH_KNOTS('',3,(#18059,#18060,#18061,#18062,#18063),
 .UNSPECIFIED.,.F.,.F.,(4,1,4),(0.,0.0406294400225668,0.0802739240435597),
 .UNSPECIFIED.);
#102=B_SPLINE_CURVE_WITH_KNOTS('',3,(#18065,#18066,#18067,#18068,#18069),
 .UNSPECIFIED.,.F.,.F.,(4,1,4),(-0.0802739240435597,-0.0406294400225668,
0.),.UNSPECIFIED.);
#103=B_SPLINE_CURVE_WITH_KNOTS('',3,(#18082,#18083,#18084,#18085,#18086),
 .UNSPECIFIED.,.F.,.F.,(4,1,4),(0.,0.0435232302477989,0.0955901088192),
 .UNSPECIFIED.);
#104=B_SPLINE_CURVE_WITH_KNOTS('',3,(#18088,#18089,#18090,#18091,#18092),
 .UNSPECIFIED.,.F.,.F.,(4,1,4),(-0.0955901088192,-0.0435232302477989,0.),
 .UNSPECIFIED.);
#105=B_SPLINE_CURVE_WITH_KNOTS('',3,(#18255,#18256,#18257,#18258,#18259),
 .UNSPECIFIED.,.F.,.F.,(4,1,4),(0.,0.0249789102602115,0.0664496266468548),
 .UNSPECIFIED.);
#106=B_SPLINE_CURVE_WITH_KNOTS('',3,(#18261,#18262,#18263,#18264,#18265),
 .UNSPECIFIED.,.F.,.F.,(4,1,4),(-0.0664496266468548,-0.0249789102602115,
0.),.UNSPECIFIED.);
#107=B_SPLINE_CURVE_WITH_KNOTS('',3,(#18278,#18279,#18280,#18281,#18282),
 .UNSPECIFIED.,.F.,.F.,(4,1,4),(0.,0.0239535749923024,0.0481399412479495),
 .UNSPECIFIED.);
#108=B_SPLINE_CURVE_WITH_KNOTS('',3,(#18284,#18285,#18286,#18287,#18288),
 .UNSPECIFIED.,.F.,.F.,(4,1,4),(-0.0481399412479495,-0.0239535749923024,
0.),.UNSPECIFIED.);
#109=B_SPLINE_CURVE_WITH_KNOTS('',3,(#18301,#18302,#18303,#18304,#18305),
 .UNSPECIFIED.,.F.,.F.,(4,1,4),(0.,0.0246289867123765,0.0496262936345728),
 .UNSPECIFIED.);
#110=B_SPLINE_CURVE_WITH_KNOTS('',3,(#18307,#18308,#18309,#18310,#18311),
 .UNSPECIFIED.,.F.,.F.,(4,1,4),(-0.0496262936345728,-0.0246289867123765,
0.),.UNSPECIFIED.);
#111=B_SPLINE_CURVE_WITH_KNOTS('',3,(#18324,#18325,#18326,#18327,#18328),
 .UNSPECIFIED.,.F.,.F.,(4,1,4),(0.,0.0347887802533609,0.0660329493474269),
 .UNSPECIFIED.);
#112=B_SPLINE_CURVE_WITH_KNOTS('',3,(#18330,#18331,#18332,#18333,#18334),
 .UNSPECIFIED.,.F.,.F.,(4,1,4),(-0.0660329493474269,-0.0347887802533609,
0.),.UNSPECIFIED.);
#113=B_SPLINE_CURVE_WITH_KNOTS('',3,(#18347,#18348,#18349,#18350,#18351),
 .UNSPECIFIED.,.F.,.F.,(4,1,4),(0.,0.0386055250948064,0.0957307501991118),
 .UNSPECIFIED.);
#114=B_SPLINE_CURVE_WITH_KNOTS('',3,(#18353,#18354,#18355,#18356,#18357),
 .UNSPECIFIED.,.F.,.F.,(4,1,4),(-0.0957307501991118,-0.0386055250948064,
0.),.UNSPECIFIED.);
#115=B_SPLINE_CURVE_WITH_KNOTS('',3,(#18394,#18395,#18396,#18397,#18398),
 .UNSPECIFIED.,.F.,.F.,(4,1,4),(0.,0.101210617035861,0.176740829370838),
 .UNSPECIFIED.);
#116=B_SPLINE_CURVE_WITH_KNOTS('',3,(#18400,#18401,#18402,#18403,#18404),
 .UNSPECIFIED.,.F.,.F.,(4,1,4),(-0.176740829370838,-0.101210617035861,0.),
 .UNSPECIFIED.);
#117=B_SPLINE_CURVE_WITH_KNOTS('',3,(#18417,#18418,#18419,#18420,#18421),
 .UNSPECIFIED.,.F.,.F.,(4,1,4),(0.,0.0614720208695461,0.123562509295286),
 .UNSPECIFIED.);
#118=B_SPLINE_CURVE_WITH_KNOTS('',3,(#18423,#18424,#18425,#18426,#18427),
 .UNSPECIFIED.,.F.,.F.,(4,1,4),(-0.123562509295286,-0.0614720208695461,
0.),.UNSPECIFIED.);
#119=B_SPLINE_CURVE_WITH_KNOTS('',3,(#18440,#18441,#18442,#18443,#18444),
 .UNSPECIFIED.,.F.,.F.,(4,1,4),(0.,0.0652382992800018,0.136445467237661),
 .UNSPECIFIED.);
#120=B_SPLINE_CURVE_WITH_KNOTS('',3,(#18446,#18447,#18448,#18449,#18450),
 .UNSPECIFIED.,.F.,.F.,(4,1,4),(-0.136445467237661,-0.0652382992800018,
0.),.UNSPECIFIED.);
#121=B_SPLINE_CURVE_WITH_KNOTS('',3,(#18463,#18464,#18465,#18466,#18467),
 .UNSPECIFIED.,.F.,.F.,(4,1,4),(0.,0.0624104482826222,0.119403309865668),
 .UNSPECIFIED.);
#122=B_SPLINE_CURVE_WITH_KNOTS('',3,(#18469,#18470,#18471,#18472,#18473),
 .UNSPECIFIED.,.F.,.F.,(4,1,4),(-0.119403309865668,-0.0624104482826222,
0.),.UNSPECIFIED.);
#123=B_SPLINE_CURVE_WITH_KNOTS('',3,(#18486,#18487,#18488,#18489,#18490),
 .UNSPECIFIED.,.F.,.F.,(4,1,4),(0.,0.0552142280932013,0.111463849344524),
 .UNSPECIFIED.);
#124=B_SPLINE_CURVE_WITH_KNOTS('',3,(#18492,#18493,#18494,#18495,#18496),
 .UNSPECIFIED.,.F.,.F.,(4,1,4),(-0.111463849344524,-0.0552142280932013,
0.),.UNSPECIFIED.);
#125=B_SPLINE_CURVE_WITH_KNOTS('',3,(#18509,#18510,#18511,#18512,#18513),
 .UNSPECIFIED.,.F.,.F.,(4,1,4),(0.,0.0414012840295838,0.0926826428736947),
 .UNSPECIFIED.);
#126=B_SPLINE_CURVE_WITH_KNOTS('',3,(#18515,#18516,#18517,#18518,#18519),
 .UNSPECIFIED.,.F.,.F.,(4,1,4),(-0.0926826428736947,-0.0414012840295838,
0.),.UNSPECIFIED.);
#127=B_SPLINE_CURVE_WITH_KNOTS('',3,(#18532,#18533,#18534,#18535,#18536),
 .UNSPECIFIED.,.F.,.F.,(4,1,4),(0.,0.0409217372771725,0.07096724888141),
 .UNSPECIFIED.);
#128=B_SPLINE_CURVE_WITH_KNOTS('',3,(#18538,#18539,#18540,#18541,#18542),
 .UNSPECIFIED.,.F.,.F.,(4,1,4),(-0.07096724888141,-0.0409217372771725,0.),
 .UNSPECIFIED.);
#129=B_SPLINE_CURVE_WITH_KNOTS('',3,(#18555,#18556,#18557,#18558,#18559),
 .UNSPECIFIED.,.F.,.F.,(4,1,4),(0.,0.0227382239763448,0.0578170462753378),
 .UNSPECIFIED.);
#130=B_SPLINE_CURVE_WITH_KNOTS('',3,(#18561,#18562,#18563,#18564,#18565),
 .UNSPECIFIED.,.F.,.F.,(4,1,4),(-0.0578170462753378,-0.0227382239763448,
0.),.UNSPECIFIED.);
#131=B_SPLINE_CURVE_WITH_KNOTS('',3,(#18578,#18579,#18580,#18581,#18582),
 .UNSPECIFIED.,.F.,.F.,(4,1,4),(0.,0.0357972521845316,0.0606462719886658),
 .UNSPECIFIED.);
#132=B_SPLINE_CURVE_WITH_KNOTS('',3,(#18584,#18585,#18586,#18587,#18588),
 .UNSPECIFIED.,.F.,.F.,(4,1,4),(-0.0606462719886658,-0.0357972521845316,
0.),.UNSPECIFIED.);
#133=B_SPLINE_CURVE_WITH_KNOTS('',3,(#18619,#18620,#18621,#18622,#18623),
 .UNSPECIFIED.,.F.,.F.,(4,1,4),(0.,0.0457880388666507,0.0765794068062774),
 .UNSPECIFIED.);
#134=B_SPLINE_CURVE_WITH_KNOTS('',3,(#18625,#18626,#18627,#18628,#18629),
 .UNSPECIFIED.,.F.,.F.,(4,1,4),(-0.0765794068062774,-0.0457880388666507,
0.),.UNSPECIFIED.);
#135=B_SPLINE_CURVE_WITH_KNOTS('',3,(#18642,#18643,#18644,#18645,#18646),
 .UNSPECIFIED.,.F.,.F.,(4,1,4),(0.,0.0317273933447237,0.0641212346879919),
 .UNSPECIFIED.);
#136=B_SPLINE_CURVE_WITH_KNOTS('',3,(#18648,#18649,#18650,#18651,#18652),
 .UNSPECIFIED.,.F.,.F.,(4,1,4),(-0.0641212346879919,-0.0317273933447237,
0.),.UNSPECIFIED.);
#137=B_SPLINE_CURVE_WITH_KNOTS('',3,(#18929,#18930,#18931,#18932,#18933),
 .UNSPECIFIED.,.F.,.F.,(4,1,4),(0.,0.0517923711867825,0.0934746200962836),
 .UNSPECIFIED.);
#138=B_SPLINE_CURVE_WITH_KNOTS('',3,(#18935,#18936,#18937,#18938,#18939),
 .UNSPECIFIED.,.F.,.F.,(4,1,4),(-0.0934746200962836,-0.0517923711867825,
0.),.UNSPECIFIED.);
#139=B_SPLINE_CURVE_WITH_KNOTS('',3,(#18952,#18953,#18954,#18955,#18956),
 .UNSPECIFIED.,.F.,.F.,(4,1,4),(0.,0.0589777480362377,0.122897334090037),
 .UNSPECIFIED.);
#140=B_SPLINE_CURVE_WITH_KNOTS('',3,(#18958,#18959,#18960,#18961,#18962),
 .UNSPECIFIED.,.F.,.F.,(4,1,4),(-0.122897334090037,-0.0589777480362377,
0.),.UNSPECIFIED.);
#141=B_SPLINE_CURVE_WITH_KNOTS('',3,(#18975,#18976,#18977,#18978,#18979),
 .UNSPECIFIED.,.F.,.F.,(4,1,4),(0.,0.0472715382872798,0.0866706024403323),
 .UNSPECIFIED.);
#142=B_SPLINE_CURVE_WITH_KNOTS('',3,(#18981,#18982,#18983,#18984,#18985),
 .UNSPECIFIED.,.F.,.F.,(4,1,4),(-0.0866706024403323,-0.0472715382872798,
0.),.UNSPECIFIED.);
#143=B_SPLINE_CURVE_WITH_KNOTS('',3,(#18998,#18999,#19000,#19001,#19002),
 .UNSPECIFIED.,.F.,.F.,(4,1,4),(0.,0.0343560501666166,0.0659428992779613),
 .UNSPECIFIED.);
#144=B_SPLINE_CURVE_WITH_KNOTS('',3,(#19004,#19005,#19006,#19007,#19008),
 .UNSPECIFIED.,.F.,.F.,(4,1,4),(-0.0659428992779613,-0.0343560501666166,
0.),.UNSPECIFIED.);
#145=B_SPLINE_CURVE_WITH_KNOTS('',3,(#19021,#19022,#19023,#19024,#19025),
 .UNSPECIFIED.,.F.,.F.,(4,1,4),(0.,0.0302471504410058,0.063486838930329),
 .UNSPECIFIED.);
#146=B_SPLINE_CURVE_WITH_KNOTS('',3,(#19027,#19028,#19029,#19030,#19031),
 .UNSPECIFIED.,.F.,.F.,(4,1,4),(-0.063486838930329,-0.0302471504410058,
0.),.UNSPECIFIED.);
#147=B_SPLINE_CURVE_WITH_KNOTS('',3,(#19044,#19045,#19046,#19047,#19048),
 .UNSPECIFIED.,.F.,.F.,(4,1,4),(0.,0.0512003229066847,0.135568437525785),
 .UNSPECIFIED.);
#148=B_SPLINE_CURVE_WITH_KNOTS('',3,(#19050,#19051,#19052,#19053,#19054),
 .UNSPECIFIED.,.F.,.F.,(4,1,4),(-0.135568437525785,-0.0512003229066847,
0.),.UNSPECIFIED.);
#149=B_SPLINE_CURVE_WITH_KNOTS('',3,(#19067,#19068,#19069,#19070,#19071),
 .UNSPECIFIED.,.F.,.F.,(4,1,4),(0.,0.145648982905573,0.253160783978276),
 .UNSPECIFIED.);
#150=B_SPLINE_CURVE_WITH_KNOTS('',3,(#19073,#19074,#19075,#19076,#19077),
 .UNSPECIFIED.,.F.,.F.,(4,1,4),(-0.253160783978276,-0.145648982905573,0.),
 .UNSPECIFIED.);
#151=B_SPLINE_CURVE_WITH_KNOTS('',3,(#19090,#19091,#19092,#19093,#19094),
 .UNSPECIFIED.,.F.,.F.,(4,1,4),(0.,0.0865503546363628,0.173853478198358),
 .UNSPECIFIED.);
#152=B_SPLINE_CURVE_WITH_KNOTS('',3,(#19096,#19097,#19098,#19099,#19100),
 .UNSPECIFIED.,.F.,.F.,(4,1,4),(-0.173853478198358,-0.0865503546363628,
0.),.UNSPECIFIED.);
#153=B_SPLINE_CURVE_WITH_KNOTS('',3,(#19113,#19114,#19115,#19116,#19117),
 .UNSPECIFIED.,.F.,.F.,(4,1,4),(0.,0.0606213272693043,0.123202257038118),
 .UNSPECIFIED.);
#154=B_SPLINE_CURVE_WITH_KNOTS('',3,(#19119,#19120,#19121,#19122,#19123),
 .UNSPECIFIED.,.F.,.F.,(4,1,4),(-0.123202257038118,-0.0606213272693043,
0.),.UNSPECIFIED.);
#155=B_SPLINE_CURVE_WITH_KNOTS('',3,(#19136,#19137,#19138,#19139,#19140),
 .UNSPECIFIED.,.F.,.F.,(4,1,4),(0.,0.0663406332536362,0.139316078735486),
 .UNSPECIFIED.);
#156=B_SPLINE_CURVE_WITH_KNOTS('',3,(#19142,#19143,#19144,#19145,#19146),
 .UNSPECIFIED.,.F.,.F.,(4,1,4),(-0.139316078735486,-0.0663406332536362,
0.),.UNSPECIFIED.);
#157=B_SPLINE_CURVE_WITH_KNOTS('',3,(#19159,#19160,#19161,#19162,#19163),
 .UNSPECIFIED.,.F.,.F.,(4,1,4),(0.,0.0882567874150927,0.200196374201196),
 .UNSPECIFIED.);
#158=B_SPLINE_CURVE_WITH_KNOTS('',3,(#19165,#19166,#19167,#19168,#19169),
 .UNSPECIFIED.,.F.,.F.,(4,1,4),(-0.200196374201196,-0.0882567874150927,
0.),.UNSPECIFIED.);
#159=B_SPLINE_CURVE_WITH_KNOTS('',3,(#19182,#19183,#19184,#19185,#19186),
 .UNSPECIFIED.,.F.,.F.,(4,1,4),(0.,0.135879535231412,0.243451372044145),
 .UNSPECIFIED.);
#160=B_SPLINE_CURVE_WITH_KNOTS('',3,(#19188,#19189,#19190,#19191,#19192),
 .UNSPECIFIED.,.F.,.F.,(4,1,4),(-0.243451372044145,-0.135879535231412,0.),
 .UNSPECIFIED.);
#161=B_SPLINE_CURVE_WITH_KNOTS('',3,(#19205,#19206,#19207,#19208,#19209),
 .UNSPECIFIED.,.F.,.F.,(4,1,4),(0.,0.0978650512248644,0.20997713275741),
 .UNSPECIFIED.);
#162=B_SPLINE_CURVE_WITH_KNOTS('',3,(#19211,#19212,#19213,#19214,#19215),
 .UNSPECIFIED.,.F.,.F.,(4,1,4),(-0.20997713275741,-0.0978650512248644,0.),
 .UNSPECIFIED.);
#163=B_SPLINE_CURVE_WITH_KNOTS('',3,(#19234,#19235,#19236,#19237,#19238),
 .UNSPECIFIED.,.F.,.F.,(4,1,4),(0.,0.0488270830857595,0.0891445447469502),
 .UNSPECIFIED.);
#164=B_SPLINE_CURVE_WITH_KNOTS('',3,(#19240,#19241,#19242,#19243,#19244),
 .UNSPECIFIED.,.F.,.F.,(4,1,4),(-0.0891445447469502,-0.0488270830857595,
0.),.UNSPECIFIED.);
#165=B_SPLINE_CURVE_WITH_KNOTS('',3,(#19257,#19258,#19259,#19260,#19261),
 .UNSPECIFIED.,.F.,.F.,(4,1,4),(0.,0.039906626569097,0.0870339539484971),
 .UNSPECIFIED.);
#166=B_SPLINE_CURVE_WITH_KNOTS('',3,(#19263,#19264,#19265,#19266,#19267),
 .UNSPECIFIED.,.F.,.F.,(4,1,4),(-0.0870339539484971,-0.039906626569097,
0.),.UNSPECIFIED.);
#167=B_SPLINE_CURVE_WITH_KNOTS('',3,(#19280,#19281,#19282,#19283,#19284),
 .UNSPECIFIED.,.F.,.F.,(4,1,4),(0.,0.0380652961946996,0.0684797523468431),
 .UNSPECIFIED.);
#168=B_SPLINE_CURVE_WITH_KNOTS('',3,(#19286,#19287,#19288,#19289,#19290),
 .UNSPECIFIED.,.F.,.F.,(4,1,4),(-0.0684797523468431,-0.0380652961946996,
0.),.UNSPECIFIED.);
#169=B_SPLINE_CURVE_WITH_KNOTS('',3,(#19303,#19304,#19305,#19306,#19307),
 .UNSPECIFIED.,.F.,.F.,(4,1,4),(0.,0.026047000738691,0.0508698383687423),
 .UNSPECIFIED.);
#170=B_SPLINE_CURVE_WITH_KNOTS('',3,(#19309,#19310,#19311,#19312,#19313),
 .UNSPECIFIED.,.F.,.F.,(4,1,4),(-0.0508698383687423,-0.026047000738691,
0.),.UNSPECIFIED.);
#171=B_SPLINE_CURVE_WITH_KNOTS('',3,(#19326,#19327,#19328,#19329,#19330),
 .UNSPECIFIED.,.F.,.F.,(4,1,4),(0.,0.0186947936448053,0.0398129977454742),
 .UNSPECIFIED.);
#172=B_SPLINE_CURVE_WITH_KNOTS('',3,(#19332,#19333,#19334,#19335,#19336),
 .UNSPECIFIED.,.F.,.F.,(4,1,4),(-0.0398129977454742,-0.0186947936448053,
0.),.UNSPECIFIED.);
#173=B_SPLINE_CURVE_WITH_KNOTS('',3,(#19349,#19350,#19351,#19352,#19353),
 .UNSPECIFIED.,.F.,.F.,(4,1,4),(0.,0.0331937830395205,0.0885227408397895),
 .UNSPECIFIED.);
#174=B_SPLINE_CURVE_WITH_KNOTS('',3,(#19355,#19356,#19357,#19358,#19359),
 .UNSPECIFIED.,.F.,.F.,(4,1,4),(-0.0885227408397895,-0.0331937830395205,
0.),.UNSPECIFIED.);
#175=B_SPLINE_CURVE_WITH_KNOTS('',3,(#19372,#19373,#19374,#19375,#19376),
 .UNSPECIFIED.,.F.,.F.,(4,1,4),(0.,0.14345377702184,0.243116105875152),
 .UNSPECIFIED.);
#176=B_SPLINE_CURVE_WITH_KNOTS('',3,(#19378,#19379,#19380,#19381,#19382),
 .UNSPECIFIED.,.F.,.F.,(4,1,4),(-0.243116105875152,-0.14345377702184,0.),
 .UNSPECIFIED.);
#177=B_SPLINE_CURVE_WITH_KNOTS('',3,(#19395,#19396,#19397,#19398,#19399),
 .UNSPECIFIED.,.F.,.F.,(4,1,4),(0.,0.072611022727125,0.136528791329089),
 .UNSPECIFIED.);
#178=B_SPLINE_CURVE_WITH_KNOTS('',3,(#19401,#19402,#19403,#19404,#19405),
 .UNSPECIFIED.,.F.,.F.,(4,1,4),(-0.136528791329089,-0.072611022727125,0.),
 .UNSPECIFIED.);
#179=B_SPLINE_CURVE_WITH_KNOTS('',3,(#19418,#19419,#19420,#19421,#19422),
 .UNSPECIFIED.,.F.,.F.,(4,1,4),(0.,0.0609688593394404,0.123824112159503),
 .UNSPECIFIED.);
#180=B_SPLINE_CURVE_WITH_KNOTS('',3,(#19424,#19425,#19426,#19427,#19428),
 .UNSPECIFIED.,.F.,.F.,(4,1,4),(-0.123824112159503,-0.0609688593394404,
0.),.UNSPECIFIED.);
#181=B_SPLINE_CURVE_WITH_KNOTS('',3,(#19441,#19442,#19443,#19444,#19445),
 .UNSPECIFIED.,.F.,.F.,(4,1,4),(0.,0.0747044268675716,0.149770815429873),
 .UNSPECIFIED.);
#182=B_SPLINE_CURVE_WITH_KNOTS('',3,(#19447,#19448,#19449,#19450,#19451),
 .UNSPECIFIED.,.F.,.F.,(4,1,4),(-0.149770815429873,-0.0747044268675716,
0.),.UNSPECIFIED.);
#183=B_SPLINE_CURVE_WITH_KNOTS('',3,(#19464,#19465,#19466,#19467,#19468),
 .UNSPECIFIED.,.F.,.F.,(4,1,4),(0.,0.0765708910834743,0.15613360673311),
 .UNSPECIFIED.);
#184=B_SPLINE_CURVE_WITH_KNOTS('',3,(#19470,#19471,#19472,#19473,#19474),
 .UNSPECIFIED.,.F.,.F.,(4,1,4),(-0.15613360673311,-0.0765708910834743,0.),
 .UNSPECIFIED.);
#185=B_SPLINE_CURVE_WITH_KNOTS('',3,(#19487,#19488,#19489,#19490,#19491),
 .UNSPECIFIED.,.F.,.F.,(4,1,4),(0.,0.0899509349424916,0.196557171095856),
 .UNSPECIFIED.);
#186=B_SPLINE_CURVE_WITH_KNOTS('',3,(#19493,#19494,#19495,#19496,#19497),
 .UNSPECIFIED.,.F.,.F.,(4,1,4),(-0.196557171095856,-0.0899509349424916,
0.),.UNSPECIFIED.);
#187=B_SPLINE_CURVE_WITH_KNOTS('',3,(#19510,#19511,#19512,#19513,#19514),
 .UNSPECIFIED.,.F.,.F.,(4,1,4),(0.,0.173828527696301,0.298586029298418),
 .UNSPECIFIED.);
#188=B_SPLINE_CURVE_WITH_KNOTS('',3,(#19516,#19517,#19518,#19519,#19520),
 .UNSPECIFIED.,.F.,.F.,(4,1,4),(-0.298586029298418,-0.173828527696301,0.),
 .UNSPECIFIED.);
#189=B_SPLINE_CURVE_WITH_KNOTS('',3,(#19532,#19533,#19534,#19535,#19536),
 .UNSPECIFIED.,.F.,.F.,(4,1,4),(0.,0.108380501037217,0.222236785474333),
 .UNSPECIFIED.);
#190=B_SPLINE_CURVE_WITH_KNOTS('',3,(#19537,#19538,#19539,#19540,#19541),
 .UNSPECIFIED.,.F.,.F.,(4,1,4),(-0.222236785474333,-0.108380501037217,0.),
 .UNSPECIFIED.);
#191=B_SPLINE_CURVE_WITH_KNOTS('',3,(#19564,#19565,#19566,#19567,#19568),
 .UNSPECIFIED.,.F.,.F.,(4,1,4),(0.,0.0517923711867825,0.0934746200962836),
 .UNSPECIFIED.);
#192=B_SPLINE_CURVE_WITH_KNOTS('',3,(#19570,#19571,#19572,#19573,#19574),
 .UNSPECIFIED.,.F.,.F.,(4,1,4),(-0.0934746200962836,-0.0517923711867825,
0.),.UNSPECIFIED.);
#193=B_SPLINE_CURVE_WITH_KNOTS('',3,(#19587,#19588,#19589,#19590,#19591),
 .UNSPECIFIED.,.F.,.F.,(4,1,4),(0.,0.0589777480362377,0.122897334090037),
 .UNSPECIFIED.);
#194=B_SPLINE_CURVE_WITH_KNOTS('',3,(#19593,#19594,#19595,#19596,#19597),
 .UNSPECIFIED.,.F.,.F.,(4,1,4),(-0.122897334090037,-0.0589777480362377,
0.),.UNSPECIFIED.);
#195=B_SPLINE_CURVE_WITH_KNOTS('',3,(#19610,#19611,#19612,#19613,#19614),
 .UNSPECIFIED.,.F.,.F.,(4,1,4),(0.,0.0472715382872798,0.0866706024403323),
 .UNSPECIFIED.);
#196=B_SPLINE_CURVE_WITH_KNOTS('',3,(#19616,#19617,#19618,#19619,#19620),
 .UNSPECIFIED.,.F.,.F.,(4,1,4),(-0.0866706024403323,-0.0472715382872798,
0.),.UNSPECIFIED.);
#197=B_SPLINE_CURVE_WITH_KNOTS('',3,(#19633,#19634,#19635,#19636,#19637),
 .UNSPECIFIED.,.F.,.F.,(4,1,4),(0.,0.0343560501666166,0.0659428992779613),
 .UNSPECIFIED.);
#198=B_SPLINE_CURVE_WITH_KNOTS('',3,(#19639,#19640,#19641,#19642,#19643),
 .UNSPECIFIED.,.F.,.F.,(4,1,4),(-0.0659428992779613,-0.0343560501666166,
0.),.UNSPECIFIED.);
#199=B_SPLINE_CURVE_WITH_KNOTS('',3,(#19656,#19657,#19658,#19659,#19660),
 .UNSPECIFIED.,.F.,.F.,(4,1,4),(0.,0.0302471504410058,0.063486838930329),
 .UNSPECIFIED.);
#200=B_SPLINE_CURVE_WITH_KNOTS('',3,(#19662,#19663,#19664,#19665,#19666),
 .UNSPECIFIED.,.F.,.F.,(4,1,4),(-0.063486838930329,-0.0302471504410058,
0.),.UNSPECIFIED.);
#201=B_SPLINE_CURVE_WITH_KNOTS('',3,(#19679,#19680,#19681,#19682,#19683),
 .UNSPECIFIED.,.F.,.F.,(4,1,4),(0.,0.0512003229066847,0.135568437525785),
 .UNSPECIFIED.);
#202=B_SPLINE_CURVE_WITH_KNOTS('',3,(#19685,#19686,#19687,#19688,#19689),
 .UNSPECIFIED.,.F.,.F.,(4,1,4),(-0.135568437525785,-0.0512003229066847,
0.),.UNSPECIFIED.);
#203=B_SPLINE_CURVE_WITH_KNOTS('',3,(#19702,#19703,#19704,#19705,#19706),
 .UNSPECIFIED.,.F.,.F.,(4,1,4),(0.,0.145648982905573,0.253160783978276),
 .UNSPECIFIED.);
#204=B_SPLINE_CURVE_WITH_KNOTS('',3,(#19708,#19709,#19710,#19711,#19712),
 .UNSPECIFIED.,.F.,.F.,(4,1,4),(-0.253160783978276,-0.145648982905573,0.),
 .UNSPECIFIED.);
#205=B_SPLINE_CURVE_WITH_KNOTS('',3,(#19725,#19726,#19727,#19728,#19729),
 .UNSPECIFIED.,.F.,.F.,(4,1,4),(0.,0.0865503546363628,0.173853478198358),
 .UNSPECIFIED.);
#206=B_SPLINE_CURVE_WITH_KNOTS('',3,(#19731,#19732,#19733,#19734,#19735),
 .UNSPECIFIED.,.F.,.F.,(4,1,4),(-0.173853478198358,-0.0865503546363628,
0.),.UNSPECIFIED.);
#207=B_SPLINE_CURVE_WITH_KNOTS('',3,(#19748,#19749,#19750,#19751,#19752),
 .UNSPECIFIED.,.F.,.F.,(4,1,4),(0.,0.0606213272693043,0.123202257038118),
 .UNSPECIFIED.);
#208=B_SPLINE_CURVE_WITH_KNOTS('',3,(#19754,#19755,#19756,#19757,#19758),
 .UNSPECIFIED.,.F.,.F.,(4,1,4),(-0.123202257038118,-0.0606213272693043,
0.),.UNSPECIFIED.);
#209=B_SPLINE_CURVE_WITH_KNOTS('',3,(#19771,#19772,#19773,#19774,#19775),
 .UNSPECIFIED.,.F.,.F.,(4,1,4),(0.,0.0663406332536362,0.139316078735486),
 .UNSPECIFIED.);
#210=B_SPLINE_CURVE_WITH_KNOTS('',3,(#19777,#19778,#19779,#19780,#19781),
 .UNSPECIFIED.,.F.,.F.,(4,1,4),(-0.139316078735486,-0.0663406332536362,
0.),.UNSPECIFIED.);
#211=B_SPLINE_CURVE_WITH_KNOTS('',3,(#19794,#19795,#19796,#19797,#19798),
 .UNSPECIFIED.,.F.,.F.,(4,1,4),(0.,0.0882567874150927,0.200196374201196),
 .UNSPECIFIED.);
#212=B_SPLINE_CURVE_WITH_KNOTS('',3,(#19800,#19801,#19802,#19803,#19804),
 .UNSPECIFIED.,.F.,.F.,(4,1,4),(-0.200196374201196,-0.0882567874150927,
0.),.UNSPECIFIED.);
#213=B_SPLINE_CURVE_WITH_KNOTS('',3,(#19817,#19818,#19819,#19820,#19821),
 .UNSPECIFIED.,.F.,.F.,(4,1,4),(0.,0.135879535231412,0.243451372044145),
 .UNSPECIFIED.);
#214=B_SPLINE_CURVE_WITH_KNOTS('',3,(#19823,#19824,#19825,#19826,#19827),
 .UNSPECIFIED.,.F.,.F.,(4,1,4),(-0.243451372044145,-0.135879535231412,0.),
 .UNSPECIFIED.);
#215=B_SPLINE_CURVE_WITH_KNOTS('',3,(#19840,#19841,#19842,#19843,#19844),
 .UNSPECIFIED.,.F.,.F.,(4,1,4),(0.,0.0978650512248644,0.20997713275741),
 .UNSPECIFIED.);
#216=B_SPLINE_CURVE_WITH_KNOTS('',3,(#19846,#19847,#19848,#19849,#19850),
 .UNSPECIFIED.,.F.,.F.,(4,1,4),(-0.20997713275741,-0.0978650512248644,0.),
 .UNSPECIFIED.);
#217=B_SPLINE_CURVE_WITH_KNOTS('',3,(#19869,#19870,#19871,#19872,#19873),
 .UNSPECIFIED.,.F.,.F.,(4,1,4),(0.,0.0488270830857595,0.0891445447469502),
 .UNSPECIFIED.);
#218=B_SPLINE_CURVE_WITH_KNOTS('',3,(#19875,#19876,#19877,#19878,#19879),
 .UNSPECIFIED.,.F.,.F.,(4,1,4),(-0.0891445447469502,-0.0488270830857595,
0.),.UNSPECIFIED.);
#219=B_SPLINE_CURVE_WITH_KNOTS('',3,(#19892,#19893,#19894,#19895,#19896),
 .UNSPECIFIED.,.F.,.F.,(4,1,4),(0.,0.039906626569097,0.0870339539484971),
 .UNSPECIFIED.);
#220=B_SPLINE_CURVE_WITH_KNOTS('',3,(#19898,#19899,#19900,#19901,#19902),
 .UNSPECIFIED.,.F.,.F.,(4,1,4),(-0.0870339539484971,-0.039906626569097,
0.),.UNSPECIFIED.);
#221=B_SPLINE_CURVE_WITH_KNOTS('',3,(#19915,#19916,#19917,#19918,#19919),
 .UNSPECIFIED.,.F.,.F.,(4,1,4),(0.,0.0380652961946996,0.0684797523468431),
 .UNSPECIFIED.);
#222=B_SPLINE_CURVE_WITH_KNOTS('',3,(#19921,#19922,#19923,#19924,#19925),
 .UNSPECIFIED.,.F.,.F.,(4,1,4),(-0.0684797523468431,-0.0380652961946996,
0.),.UNSPECIFIED.);
#223=B_SPLINE_CURVE_WITH_KNOTS('',3,(#19938,#19939,#19940,#19941,#19942),
 .UNSPECIFIED.,.F.,.F.,(4,1,4),(0.,0.026047000738691,0.0508698383687423),
 .UNSPECIFIED.);
#224=B_SPLINE_CURVE_WITH_KNOTS('',3,(#19944,#19945,#19946,#19947,#19948),
 .UNSPECIFIED.,.F.,.F.,(4,1,4),(-0.0508698383687423,-0.026047000738691,
0.),.UNSPECIFIED.);
#225=B_SPLINE_CURVE_WITH_KNOTS('',3,(#19961,#19962,#19963,#19964,#19965),
 .UNSPECIFIED.,.F.,.F.,(4,1,4),(0.,0.0186947936448053,0.0398129977454742),
 .UNSPECIFIED.);
#226=B_SPLINE_CURVE_WITH_KNOTS('',3,(#19967,#19968,#19969,#19970,#19971),
 .UNSPECIFIED.,.F.,.F.,(4,1,4),(-0.0398129977454742,-0.0186947936448053,
0.),.UNSPECIFIED.);
#227=B_SPLINE_CURVE_WITH_KNOTS('',3,(#19984,#19985,#19986,#19987,#19988),
 .UNSPECIFIED.,.F.,.F.,(4,1,4),(0.,0.0331937830395205,0.0885227408397895),
 .UNSPECIFIED.);
#228=B_SPLINE_CURVE_WITH_KNOTS('',3,(#19990,#19991,#19992,#19993,#19994),
 .UNSPECIFIED.,.F.,.F.,(4,1,4),(-0.0885227408397895,-0.0331937830395205,
0.),.UNSPECIFIED.);
#229=B_SPLINE_CURVE_WITH_KNOTS('',3,(#20007,#20008,#20009,#20010,#20011),
 .UNSPECIFIED.,.F.,.F.,(4,1,4),(0.,0.14345377702184,0.243116105875152),
 .UNSPECIFIED.);
#230=B_SPLINE_CURVE_WITH_KNOTS('',3,(#20013,#20014,#20015,#20016,#20017),
 .UNSPECIFIED.,.F.,.F.,(4,1,4),(-0.243116105875152,-0.14345377702184,0.),
 .UNSPECIFIED.);
#231=B_SPLINE_CURVE_WITH_KNOTS('',3,(#20030,#20031,#20032,#20033,#20034),
 .UNSPECIFIED.,.F.,.F.,(4,1,4),(0.,0.072611022727125,0.136528791329089),
 .UNSPECIFIED.);
#232=B_SPLINE_CURVE_WITH_KNOTS('',3,(#20036,#20037,#20038,#20039,#20040),
 .UNSPECIFIED.,.F.,.F.,(4,1,4),(-0.136528791329089,-0.072611022727125,0.),
 .UNSPECIFIED.);
#233=B_SPLINE_CURVE_WITH_KNOTS('',3,(#20053,#20054,#20055,#20056,#20057),
 .UNSPECIFIED.,.F.,.F.,(4,1,4),(0.,0.0609688593394404,0.123824112159503),
 .UNSPECIFIED.);
#234=B_SPLINE_CURVE_WITH_KNOTS('',3,(#20059,#20060,#20061,#20062,#20063),
 .UNSPECIFIED.,.F.,.F.,(4,1,4),(-0.123824112159503,-0.0609688593394404,
0.),.UNSPECIFIED.);
#235=B_SPLINE_CURVE_WITH_KNOTS('',3,(#20076,#20077,#20078,#20079,#20080),
 .UNSPECIFIED.,.F.,.F.,(4,1,4),(0.,0.0747044268675716,0.149770815429873),
 .UNSPECIFIED.);
#236=B_SPLINE_CURVE_WITH_KNOTS('',3,(#20082,#20083,#20084,#20085,#20086),
 .UNSPECIFIED.,.F.,.F.,(4,1,4),(-0.149770815429873,-0.0747044268675716,
0.),.UNSPECIFIED.);
#237=B_SPLINE_CURVE_WITH_KNOTS('',3,(#20099,#20100,#20101,#20102,#20103),
 .UNSPECIFIED.,.F.,.F.,(4,1,4),(0.,0.0765708910834743,0.15613360673311),
 .UNSPECIFIED.);
#238=B_SPLINE_CURVE_WITH_KNOTS('',3,(#20105,#20106,#20107,#20108,#20109),
 .UNSPECIFIED.,.F.,.F.,(4,1,4),(-0.15613360673311,-0.0765708910834743,0.),
 .UNSPECIFIED.);
#239=B_SPLINE_CURVE_WITH_KNOTS('',3,(#20122,#20123,#20124,#20125,#20126),
 .UNSPECIFIED.,.F.,.F.,(4,1,4),(0.,0.0899509349424916,0.196557171095856),
 .UNSPECIFIED.);
#240=B_SPLINE_CURVE_WITH_KNOTS('',3,(#20128,#20129,#20130,#20131,#20132),
 .UNSPECIFIED.,.F.,.F.,(4,1,4),(-0.196557171095856,-0.0899509349424916,
0.),.UNSPECIFIED.);
#241=B_SPLINE_CURVE_WITH_KNOTS('',3,(#20145,#20146,#20147,#20148,#20149),
 .UNSPECIFIED.,.F.,.F.,(4,1,4),(0.,0.173828527696301,0.298586029298418),
 .UNSPECIFIED.);
#242=B_SPLINE_CURVE_WITH_KNOTS('',3,(#20151,#20152,#20153,#20154,#20155),
 .UNSPECIFIED.,.F.,.F.,(4,1,4),(-0.298586029298418,-0.173828527696301,0.),
 .UNSPECIFIED.);
#243=B_SPLINE_CURVE_WITH_KNOTS('',3,(#20167,#20168,#20169,#20170,#20171),
 .UNSPECIFIED.,.F.,.F.,(4,1,4),(0.,0.108380501037217,0.222236785474333),
 .UNSPECIFIED.);
#244=B_SPLINE_CURVE_WITH_KNOTS('',3,(#20172,#20173,#20174,#20175,#20176),
 .UNSPECIFIED.,.F.,.F.,(4,1,4),(-0.222236785474333,-0.108380501037217,0.),
 .UNSPECIFIED.);
#245=B_SPLINE_SURFACE_WITH_KNOTS('',3,1,((#17651,#17652),(#17653,#17654),
(#17655,#17656),(#17657,#17658),(#17659,#17660)),.UNSPECIFIED.,.F.,.F.,
 .F.,(4,1,4),(2,2),(-0.219608110793109,-0.120940112660382,0.),(0.,0.08),
 .UNSPECIFIED.);
#246=B_SPLINE_SURFACE_WITH_KNOTS('',3,1,((#17674,#17675),(#17676,#17677),
(#17678,#17679),(#17680,#17681),(#17682,#17683)),.UNSPECIFIED.,.F.,.F.,
 .F.,(4,1,4),(2,2),(-0.20241182120138,-0.0943560914188834,0.),(0.,0.08),
 .UNSPECIFIED.);
#247=B_SPLINE_SURFACE_WITH_KNOTS('',3,1,((#17697,#17698),(#17699,#17700),
(#17701,#17702),(#17703,#17704),(#17705,#17706)),.UNSPECIFIED.,.F.,.F.,
 .F.,(4,1,4),(2,2),(-0.23902049112886,-0.129832287227505,0.),(0.,0.08),
 .UNSPECIFIED.);
#248=B_SPLINE_SURFACE_WITH_KNOTS('',3,1,((#17720,#17721),(#17722,#17723),
(#17724,#17725),(#17726,#17727),(#17728,#17729)),.UNSPECIFIED.,.F.,.F.,
 .F.,(4,1,4),(2,2),(-0.203071458465796,-0.100001440946935,0.),(0.,0.08),
 .UNSPECIFIED.);
#249=B_SPLINE_SURFACE_WITH_KNOTS('',3,1,((#17743,#17744),(#17745,#17746),
(#17747,#17748),(#17749,#17750),(#17751,#17752)),.UNSPECIFIED.,.F.,.F.,
 .F.,(4,1,4),(2,2),(-0.227561018001584,-0.109587156817816,0.),(0.,0.08),
 .UNSPECIFIED.);
#250=B_SPLINE_SURFACE_WITH_KNOTS('',3,1,((#17766,#17767),(#17768,#17769),
(#17770,#17771),(#17772,#17773),(#17774,#17775)),.UNSPECIFIED.,.F.,.F.,
 .F.,(4,1,4),(2,2),(-0.236094175110729,-0.123184661897841,0.),(0.,0.08),
 .UNSPECIFIED.);
#251=B_SPLINE_SURFACE_WITH_KNOTS('',3,1,((#17789,#17790),(#17791,#17792),
(#17793,#17794),(#17795,#17796),(#17797,#17798)),.UNSPECIFIED.,.F.,.F.,
 .F.,(4,1,4),(2,2),(-0.218726158928402,-0.108124885379591,0.),(0.,0.08),
 .UNSPECIFIED.);
#252=B_SPLINE_SURFACE_WITH_KNOTS('',3,1,((#17812,#17813),(#17814,#17815),
(#17816,#17817),(#17818,#17819),(#17820,#17821)),.UNSPECIFIED.,.F.,.F.,
 .F.,(4,1,4),(2,2),(-0.223535235601503,-0.0996906506878506,0.),(0.,0.08),
 .UNSPECIFIED.);
#253=B_SPLINE_SURFACE_WITH_KNOTS('',3,1,((#17835,#17836),(#17837,#17838),
(#17839,#17840),(#17841,#17842),(#17843,#17844)),.UNSPECIFIED.,.F.,.F.,
 .F.,(4,1,4),(2,2),(-0.20046146596289,-0.116048924425221,0.),(0.,0.08),
 .UNSPECIFIED.);
#254=B_SPLINE_SURFACE_WITH_KNOTS('',3,1,((#17858,#17859),(#17860,#17861),
(#17862,#17863),(#17864,#17865),(#17866,#17867)),.UNSPECIFIED.,.F.,.F.,
 .F.,(4,1,4),(2,2),(-0.133256618980425,-0.067510902155407,0.),(0.,0.08),
 .UNSPECIFIED.);
#255=B_SPLINE_SURFACE_WITH_KNOTS('',3,1,((#17881,#17882),(#17883,#17884),
(#17885,#17886),(#17887,#17888),(#17889,#17890)),.UNSPECIFIED.,.F.,.F.,
 .F.,(4,1,4),(2,2),(-0.144486541047176,-0.0686943676343694,0.),(0.,0.08),
 .UNSPECIFIED.);
#256=B_SPLINE_SURFACE_WITH_KNOTS('',3,1,((#17910,#17911),(#17912,#17913),
(#17914,#17915),(#17916,#17917),(#17918,#17919)),.UNSPECIFIED.,.F.,.F.,
 .F.,(4,1,4),(2,2),(-0.0866449382866376,-0.0446299470052727,0.),(0.,0.08),
 .UNSPECIFIED.);
#257=B_SPLINE_SURFACE_WITH_KNOTS('',3,1,((#17933,#17934),(#17935,#17936),
(#17937,#17938),(#17939,#17940),(#17941,#17942)),.UNSPECIFIED.,.F.,.F.,
 .F.,(4,1,4),(2,2),(-0.0939922464739497,-0.0439041403929406,0.),(0.,0.08),
 .UNSPECIFIED.);
#258=B_SPLINE_SURFACE_WITH_KNOTS('',3,1,((#17956,#17957),(#17958,#17959),
(#17960,#17961),(#17962,#17963),(#17964,#17965)),.UNSPECIFIED.,.F.,.F.,
 .F.,(4,1,4),(2,2),(-0.145062810135071,-0.0744079530590306,0.),(0.,0.08),
 .UNSPECIFIED.);
#259=B_SPLINE_SURFACE_WITH_KNOTS('',3,1,((#17979,#17980),(#17981,#17982),
(#17983,#17984),(#17985,#17986),(#17987,#17988)),.UNSPECIFIED.,.F.,.F.,
 .F.,(4,1,4),(2,2),(-0.187904797931089,-0.0814199753651504,0.),(0.,0.08),
 .UNSPECIFIED.);
#260=B_SPLINE_SURFACE_WITH_KNOTS('',3,1,((#18002,#18003),(#18004,#18005),
(#18006,#18007),(#18008,#18009),(#18010,#18011)),.UNSPECIFIED.,.F.,.F.,
 .F.,(4,1,4),(2,2),(-0.19475395319866,-0.111990905987798,0.),(0.,0.08),
 .UNSPECIFIED.);
#261=B_SPLINE_SURFACE_WITH_KNOTS('',3,1,((#18025,#18026),(#18027,#18028),
(#18029,#18030),(#18031,#18032),(#18033,#18034)),.UNSPECIFIED.,.F.,.F.,
 .F.,(4,1,4),(2,2),(-0.150764798885567,-0.0718340915794045,0.),(0.,0.08),
 .UNSPECIFIED.);
#262=B_SPLINE_SURFACE_WITH_KNOTS('',3,1,((#18048,#18049),(#18050,#18051),
(#18052,#18053),(#18054,#18055),(#18056,#18057)),.UNSPECIFIED.,.F.,.F.,
 .F.,(4,1,4),(2,2),(-0.0802739240435597,-0.0406294400225668,0.),(0.,0.08),
 .UNSPECIFIED.);
#263=B_SPLINE_SURFACE_WITH_KNOTS('',3,1,((#18071,#18072),(#18073,#18074),
(#18075,#18076),(#18077,#18078),(#18079,#18080)),.UNSPECIFIED.,.F.,.F.,
 .F.,(4,1,4),(2,2),(-0.0955901088192,-0.0435232302477989,0.),(0.,0.08),
 .UNSPECIFIED.);
#264=B_SPLINE_SURFACE_WITH_KNOTS('',3,1,((#18244,#18245),(#18246,#18247),
(#18248,#18249),(#18250,#18251),(#18252,#18253)),.UNSPECIFIED.,.F.,.F.,
 .F.,(4,1,4),(2,2),(-0.0664496266468548,-0.0249789102602115,0.),(0.,0.08),
 .UNSPECIFIED.);
#265=B_SPLINE_SURFACE_WITH_KNOTS('',3,1,((#18267,#18268),(#18269,#18270),
(#18271,#18272),(#18273,#18274),(#18275,#18276)),.UNSPECIFIED.,.F.,.F.,
 .F.,(4,1,4),(2,2),(-0.0481399412479495,-0.0239535749923024,0.),(0.,0.08),
 .UNSPECIFIED.);
#266=B_SPLINE_SURFACE_WITH_KNOTS('',3,1,((#18290,#18291),(#18292,#18293),
(#18294,#18295),(#18296,#18297),(#18298,#18299)),.UNSPECIFIED.,.F.,.F.,
 .F.,(4,1,4),(2,2),(-0.0496262936345728,-0.0246289867123765,0.),(0.,0.08),
 .UNSPECIFIED.);
#267=B_SPLINE_SURFACE_WITH_KNOTS('',3,1,((#18313,#18314),(#18315,#18316),
(#18317,#18318),(#18319,#18320),(#18321,#18322)),.UNSPECIFIED.,.F.,.F.,
 .F.,(4,1,4),(2,2),(-0.0660329493474269,-0.0347887802533609,0.),(0.,0.08),
 .UNSPECIFIED.);
#268=B_SPLINE_SURFACE_WITH_KNOTS('',3,1,((#18336,#18337),(#18338,#18339),
(#18340,#18341),(#18342,#18343),(#18344,#18345)),.UNSPECIFIED.,.F.,.F.,
 .F.,(4,1,4),(2,2),(-0.0957307501991118,-0.0386055250948064,0.),(0.,0.08),
 .UNSPECIFIED.);
#269=B_SPLINE_SURFACE_WITH_KNOTS('',3,1,((#18383,#18384),(#18385,#18386),
(#18387,#18388),(#18389,#18390),(#18391,#18392)),.UNSPECIFIED.,.F.,.F.,
 .F.,(4,1,4),(2,2),(-0.176740829370838,-0.101210617035861,0.),(0.,0.08),
 .UNSPECIFIED.);
#270=B_SPLINE_SURFACE_WITH_KNOTS('',3,1,((#18406,#18407),(#18408,#18409),
(#18410,#18411),(#18412,#18413),(#18414,#18415)),.UNSPECIFIED.,.F.,.F.,
 .F.,(4,1,4),(2,2),(-0.123562509295286,-0.0614720208695461,0.),(0.,0.08),
 .UNSPECIFIED.);
#271=B_SPLINE_SURFACE_WITH_KNOTS('',3,1,((#18429,#18430),(#18431,#18432),
(#18433,#18434),(#18435,#18436),(#18437,#18438)),.UNSPECIFIED.,.F.,.F.,
 .F.,(4,1,4),(2,2),(-0.136445467237661,-0.0652382992800018,0.),(0.,0.08),
 .UNSPECIFIED.);
#272=B_SPLINE_SURFACE_WITH_KNOTS('',3,1,((#18452,#18453),(#18454,#18455),
(#18456,#18457),(#18458,#18459),(#18460,#18461)),.UNSPECIFIED.,.F.,.F.,
 .F.,(4,1,4),(2,2),(-0.119403309865668,-0.0624104482826222,0.),(0.,0.08),
 .UNSPECIFIED.);
#273=B_SPLINE_SURFACE_WITH_KNOTS('',3,1,((#18475,#18476),(#18477,#18478),
(#18479,#18480),(#18481,#18482),(#18483,#18484)),.UNSPECIFIED.,.F.,.F.,
 .F.,(4,1,4),(2,2),(-0.111463849344524,-0.0552142280932013,0.),(0.,0.08),
 .UNSPECIFIED.);
#274=B_SPLINE_SURFACE_WITH_KNOTS('',3,1,((#18498,#18499),(#18500,#18501),
(#18502,#18503),(#18504,#18505),(#18506,#18507)),.UNSPECIFIED.,.F.,.F.,
 .F.,(4,1,4),(2,2),(-0.0926826428736947,-0.0414012840295838,0.),(0.,0.08),
 .UNSPECIFIED.);
#275=B_SPLINE_SURFACE_WITH_KNOTS('',3,1,((#18521,#18522),(#18523,#18524),
(#18525,#18526),(#18527,#18528),(#18529,#18530)),.UNSPECIFIED.,.F.,.F.,
 .F.,(4,1,4),(2,2),(-0.07096724888141,-0.0409217372771725,0.),(0.,0.08),
 .UNSPECIFIED.);
#276=B_SPLINE_SURFACE_WITH_KNOTS('',3,1,((#18544,#18545),(#18546,#18547),
(#18548,#18549),(#18550,#18551),(#18552,#18553)),.UNSPECIFIED.,.F.,.F.,
 .F.,(4,1,4),(2,2),(-0.0578170462753378,-0.0227382239763448,0.),(0.,0.08),
 .UNSPECIFIED.);
#277=B_SPLINE_SURFACE_WITH_KNOTS('',3,1,((#18567,#18568),(#18569,#18570),
(#18571,#18572),(#18573,#18574),(#18575,#18576)),.UNSPECIFIED.,.F.,.F.,
 .F.,(4,1,4),(2,2),(-0.0606462719886658,-0.0357972521845316,0.),(0.,0.08),
 .UNSPECIFIED.);
#278=B_SPLINE_SURFACE_WITH_KNOTS('',3,1,((#18608,#18609),(#18610,#18611),
(#18612,#18613),(#18614,#18615),(#18616,#18617)),.UNSPECIFIED.,.F.,.F.,
 .F.,(4,1,4),(2,2),(-0.0765794068062774,-0.0457880388666507,0.),(0.,0.08),
 .UNSPECIFIED.);
#279=B_SPLINE_SURFACE_WITH_KNOTS('',3,1,((#18631,#18632),(#18633,#18634),
(#18635,#18636),(#18637,#18638),(#18639,#18640)),.UNSPECIFIED.,.F.,.F.,
 .F.,(4,1,4),(2,2),(-0.0641212346879919,-0.0317273933447237,0.),(0.,0.08),
 .UNSPECIFIED.);
#280=B_SPLINE_SURFACE_WITH_KNOTS('',3,1,((#18918,#18919),(#18920,#18921),
(#18922,#18923),(#18924,#18925),(#18926,#18927)),.UNSPECIFIED.,.F.,.F.,
 .F.,(4,1,4),(2,2),(-0.0934746200962836,-0.0517923711867825,0.),(0.,0.08),
 .UNSPECIFIED.);
#281=B_SPLINE_SURFACE_WITH_KNOTS('',3,1,((#18941,#18942),(#18943,#18944),
(#18945,#18946),(#18947,#18948),(#18949,#18950)),.UNSPECIFIED.,.F.,.F.,
 .F.,(4,1,4),(2,2),(-0.122897334090037,-0.0589777480362377,0.),(0.,0.08),
 .UNSPECIFIED.);
#282=B_SPLINE_SURFACE_WITH_KNOTS('',3,1,((#18964,#18965),(#18966,#18967),
(#18968,#18969),(#18970,#18971),(#18972,#18973)),.UNSPECIFIED.,.F.,.F.,
 .F.,(4,1,4),(2,2),(-0.0866706024403323,-0.0472715382872798,0.),(0.,0.08),
 .UNSPECIFIED.);
#283=B_SPLINE_SURFACE_WITH_KNOTS('',3,1,((#18987,#18988),(#18989,#18990),
(#18991,#18992),(#18993,#18994),(#18995,#18996)),.UNSPECIFIED.,.F.,.F.,
 .F.,(4,1,4),(2,2),(-0.0659428992779613,-0.0343560501666166,0.),(0.,0.08),
 .UNSPECIFIED.);
#284=B_SPLINE_SURFACE_WITH_KNOTS('',3,1,((#19010,#19011),(#19012,#19013),
(#19014,#19015),(#19016,#19017),(#19018,#19019)),.UNSPECIFIED.,.F.,.F.,
 .F.,(4,1,4),(2,2),(-0.063486838930329,-0.0302471504410058,0.),(0.,0.08),
 .UNSPECIFIED.);
#285=B_SPLINE_SURFACE_WITH_KNOTS('',3,1,((#19033,#19034),(#19035,#19036),
(#19037,#19038),(#19039,#19040),(#19041,#19042)),.UNSPECIFIED.,.F.,.F.,
 .F.,(4,1,4),(2,2),(-0.135568437525785,-0.0512003229066847,0.),(0.,0.08),
 .UNSPECIFIED.);
#286=B_SPLINE_SURFACE_WITH_KNOTS('',3,1,((#19056,#19057),(#19058,#19059),
(#19060,#19061),(#19062,#19063),(#19064,#19065)),.UNSPECIFIED.,.F.,.F.,
 .F.,(4,1,4),(2,2),(-0.253160783978276,-0.145648982905573,0.),(0.,0.08),
 .UNSPECIFIED.);
#287=B_SPLINE_SURFACE_WITH_KNOTS('',3,1,((#19079,#19080),(#19081,#19082),
(#19083,#19084),(#19085,#19086),(#19087,#19088)),.UNSPECIFIED.,.F.,.F.,
 .F.,(4,1,4),(2,2),(-0.173853478198358,-0.0865503546363628,0.),(0.,0.08),
 .UNSPECIFIED.);
#288=B_SPLINE_SURFACE_WITH_KNOTS('',3,1,((#19102,#19103),(#19104,#19105),
(#19106,#19107),(#19108,#19109),(#19110,#19111)),.UNSPECIFIED.,.F.,.F.,
 .F.,(4,1,4),(2,2),(-0.123202257038118,-0.0606213272693043,0.),(0.,0.08),
 .UNSPECIFIED.);
#289=B_SPLINE_SURFACE_WITH_KNOTS('',3,1,((#19125,#19126),(#19127,#19128),
(#19129,#19130),(#19131,#19132),(#19133,#19134)),.UNSPECIFIED.,.F.,.F.,
 .F.,(4,1,4),(2,2),(-0.139316078735486,-0.0663406332536362,0.),(0.,0.08),
 .UNSPECIFIED.);
#290=B_SPLINE_SURFACE_WITH_KNOTS('',3,1,((#19148,#19149),(#19150,#19151),
(#19152,#19153),(#19154,#19155),(#19156,#19157)),.UNSPECIFIED.,.F.,.F.,
 .F.,(4,1,4),(2,2),(-0.200196374201196,-0.0882567874150927,0.),(0.,0.08),
 .UNSPECIFIED.);
#291=B_SPLINE_SURFACE_WITH_KNOTS('',3,1,((#19171,#19172),(#19173,#19174),
(#19175,#19176),(#19177,#19178),(#19179,#19180)),.UNSPECIFIED.,.F.,.F.,
 .F.,(4,1,4),(2,2),(-0.243451372044145,-0.135879535231412,0.),(0.,0.08),
 .UNSPECIFIED.);
#292=B_SPLINE_SURFACE_WITH_KNOTS('',3,1,((#19194,#19195),(#19196,#19197),
(#19198,#19199),(#19200,#19201),(#19202,#19203)),.UNSPECIFIED.,.F.,.F.,
 .F.,(4,1,4),(2,2),(-0.20997713275741,-0.0978650512248644,0.),(0.,0.08),
 .UNSPECIFIED.);
#293=B_SPLINE_SURFACE_WITH_KNOTS('',3,1,((#19223,#19224),(#19225,#19226),
(#19227,#19228),(#19229,#19230),(#19231,#19232)),.UNSPECIFIED.,.F.,.F.,
 .F.,(4,1,4),(2,2),(-0.0891445447469502,-0.0488270830857595,0.),(0.,0.08),
 .UNSPECIFIED.);
#294=B_SPLINE_SURFACE_WITH_KNOTS('',3,1,((#19246,#19247),(#19248,#19249),
(#19250,#19251),(#19252,#19253),(#19254,#19255)),.UNSPECIFIED.,.F.,.F.,
 .F.,(4,1,4),(2,2),(-0.0870339539484971,-0.039906626569097,0.),(0.,0.08),
 .UNSPECIFIED.);
#295=B_SPLINE_SURFACE_WITH_KNOTS('',3,1,((#19269,#19270),(#19271,#19272),
(#19273,#19274),(#19275,#19276),(#19277,#19278)),.UNSPECIFIED.,.F.,.F.,
 .F.,(4,1,4),(2,2),(-0.0684797523468431,-0.0380652961946996,0.),(0.,0.08),
 .UNSPECIFIED.);
#296=B_SPLINE_SURFACE_WITH_KNOTS('',3,1,((#19292,#19293),(#19294,#19295),
(#19296,#19297),(#19298,#19299),(#19300,#19301)),.UNSPECIFIED.,.F.,.F.,
 .F.,(4,1,4),(2,2),(-0.0508698383687423,-0.026047000738691,0.),(0.,0.08),
 .UNSPECIFIED.);
#297=B_SPLINE_SURFACE_WITH_KNOTS('',3,1,((#19315,#19316),(#19317,#19318),
(#19319,#19320),(#19321,#19322),(#19323,#19324)),.UNSPECIFIED.,.F.,.F.,
 .F.,(4,1,4),(2,2),(-0.0398129977454742,-0.0186947936448053,0.),(0.,0.08),
 .UNSPECIFIED.);
#298=B_SPLINE_SURFACE_WITH_KNOTS('',3,1,((#19338,#19339),(#19340,#19341),
(#19342,#19343),(#19344,#19345),(#19346,#19347)),.UNSPECIFIED.,.F.,.F.,
 .F.,(4,1,4),(2,2),(-0.0885227408397895,-0.0331937830395205,0.),(0.,0.08),
 .UNSPECIFIED.);
#299=B_SPLINE_SURFACE_WITH_KNOTS('',3,1,((#19361,#19362),(#19363,#19364),
(#19365,#19366),(#19367,#19368),(#19369,#19370)),.UNSPECIFIED.,.F.,.F.,
 .F.,(4,1,4),(2,2),(-0.243116105875152,-0.14345377702184,0.),(0.,0.08),
 .UNSPECIFIED.);
#300=B_SPLINE_SURFACE_WITH_KNOTS('',3,1,((#19384,#19385),(#19386,#19387),
(#19388,#19389),(#19390,#19391),(#19392,#19393)),.UNSPECIFIED.,.F.,.F.,
 .F.,(4,1,4),(2,2),(-0.136528791329089,-0.072611022727125,0.),(0.,0.08),
 .UNSPECIFIED.);
#301=B_SPLINE_SURFACE_WITH_KNOTS('',3,1,((#19407,#19408),(#19409,#19410),
(#19411,#19412),(#19413,#19414),(#19415,#19416)),.UNSPECIFIED.,.F.,.F.,
 .F.,(4,1,4),(2,2),(-0.123824112159503,-0.0609688593394404,0.),(0.,0.08),
 .UNSPECIFIED.);
#302=B_SPLINE_SURFACE_WITH_KNOTS('',3,1,((#19430,#19431),(#19432,#19433),
(#19434,#19435),(#19436,#19437),(#19438,#19439)),.UNSPECIFIED.,.F.,.F.,
 .F.,(4,1,4),(2,2),(-0.149770815429873,-0.0747044268675716,0.),(0.,0.08),
 .UNSPECIFIED.);
#303=B_SPLINE_SURFACE_WITH_KNOTS('',3,1,((#19453,#19454),(#19455,#19456),
(#19457,#19458),(#19459,#19460),(#19461,#19462)),.UNSPECIFIED.,.F.,.F.,
 .F.,(4,1,4),(2,2),(-0.15613360673311,-0.0765708910834743,0.),(0.,0.08),
 .UNSPECIFIED.);
#304=B_SPLINE_SURFACE_WITH_KNOTS('',3,1,((#19476,#19477),(#19478,#19479),
(#19480,#19481),(#19482,#19483),(#19484,#19485)),.UNSPECIFIED.,.F.,.F.,
 .F.,(4,1,4),(2,2),(-0.196557171095856,-0.0899509349424916,0.),(0.,0.08),
 .UNSPECIFIED.);
#305=B_SPLINE_SURFACE_WITH_KNOTS('',3,1,((#19499,#19500),(#19501,#19502),
(#19503,#19504),(#19505,#19506),(#19507,#19508)),.UNSPECIFIED.,.F.,.F.,
 .F.,(4,1,4),(2,2),(-0.298586029298418,-0.173828527696301,0.),(0.,0.08),
 .UNSPECIFIED.);
#306=B_SPLINE_SURFACE_WITH_KNOTS('',3,1,((#19522,#19523),(#19524,#19525),
(#19526,#19527),(#19528,#19529),(#19530,#19531)),.UNSPECIFIED.,.F.,.F.,
 .F.,(4,1,4),(2,2),(-0.222236785474333,-0.108380501037217,0.),(0.,0.08),
 .UNSPECIFIED.);
#307=B_SPLINE_SURFACE_WITH_KNOTS('',3,1,((#19553,#19554),(#19555,#19556),
(#19557,#19558),(#19559,#19560),(#19561,#19562)),.UNSPECIFIED.,.F.,.F.,
 .F.,(4,1,4),(2,2),(-0.0934746200962836,-0.0517923711867825,0.),(0.,0.08),
 .UNSPECIFIED.);
#308=B_SPLINE_SURFACE_WITH_KNOTS('',3,1,((#19576,#19577),(#19578,#19579),
(#19580,#19581),(#19582,#19583),(#19584,#19585)),.UNSPECIFIED.,.F.,.F.,
 .F.,(4,1,4),(2,2),(-0.122897334090037,-0.0589777480362377,0.),(0.,0.08),
 .UNSPECIFIED.);
#309=B_SPLINE_SURFACE_WITH_KNOTS('',3,1,((#19599,#19600),(#19601,#19602),
(#19603,#19604),(#19605,#19606),(#19607,#19608)),.UNSPECIFIED.,.F.,.F.,
 .F.,(4,1,4),(2,2),(-0.0866706024403323,-0.0472715382872798,0.),(0.,0.08),
 .UNSPECIFIED.);
#310=B_SPLINE_SURFACE_WITH_KNOTS('',3,1,((#19622,#19623),(#19624,#19625),
(#19626,#19627),(#19628,#19629),(#19630,#19631)),.UNSPECIFIED.,.F.,.F.,
 .F.,(4,1,4),(2,2),(-0.0659428992779613,-0.0343560501666166,0.),(0.,0.08),
 .UNSPECIFIED.);
#311=B_SPLINE_SURFACE_WITH_KNOTS('',3,1,((#19645,#19646),(#19647,#19648),
(#19649,#19650),(#19651,#19652),(#19653,#19654)),.UNSPECIFIED.,.F.,.F.,
 .F.,(4,1,4),(2,2),(-0.063486838930329,-0.0302471504410058,0.),(0.,0.08),
 .UNSPECIFIED.);
#312=B_SPLINE_SURFACE_WITH_KNOTS('',3,1,((#19668,#19669),(#19670,#19671),
(#19672,#19673),(#19674,#19675),(#19676,#19677)),.UNSPECIFIED.,.F.,.F.,
 .F.,(4,1,4),(2,2),(-0.135568437525785,-0.0512003229066847,0.),(0.,0.08),
 .UNSPECIFIED.);
#313=B_SPLINE_SURFACE_WITH_KNOTS('',3,1,((#19691,#19692),(#19693,#19694),
(#19695,#19696),(#19697,#19698),(#19699,#19700)),.UNSPECIFIED.,.F.,.F.,
 .F.,(4,1,4),(2,2),(-0.253160783978276,-0.145648982905573,0.),(0.,0.08),
 .UNSPECIFIED.);
#314=B_SPLINE_SURFACE_WITH_KNOTS('',3,1,((#19714,#19715),(#19716,#19717),
(#19718,#19719),(#19720,#19721),(#19722,#19723)),.UNSPECIFIED.,.F.,.F.,
 .F.,(4,1,4),(2,2),(-0.173853478198358,-0.0865503546363628,0.),(0.,0.08),
 .UNSPECIFIED.);
#315=B_SPLINE_SURFACE_WITH_KNOTS('',3,1,((#19737,#19738),(#19739,#19740),
(#19741,#19742),(#19743,#19744),(#19745,#19746)),.UNSPECIFIED.,.F.,.F.,
 .F.,(4,1,4),(2,2),(-0.123202257038118,-0.0606213272693043,0.),(0.,0.08),
 .UNSPECIFIED.);
#316=B_SPLINE_SURFACE_WITH_KNOTS('',3,1,((#19760,#19761),(#19762,#19763),
(#19764,#19765),(#19766,#19767),(#19768,#19769)),.UNSPECIFIED.,.F.,.F.,
 .F.,(4,1,4),(2,2),(-0.139316078735486,-0.0663406332536362,0.),(0.,0.08),
 .UNSPECIFIED.);
#317=B_SPLINE_SURFACE_WITH_KNOTS('',3,1,((#19783,#19784),(#19785,#19786),
(#19787,#19788),(#19789,#19790),(#19791,#19792)),.UNSPECIFIED.,.F.,.F.,
 .F.,(4,1,4),(2,2),(-0.200196374201196,-0.0882567874150927,0.),(0.,0.08),
 .UNSPECIFIED.);
#318=B_SPLINE_SURFACE_WITH_KNOTS('',3,1,((#19806,#19807),(#19808,#19809),
(#19810,#19811),(#19812,#19813),(#19814,#19815)),.UNSPECIFIED.,.F.,.F.,
 .F.,(4,1,4),(2,2),(-0.243451372044145,-0.135879535231412,0.),(0.,0.08),
 .UNSPECIFIED.);
#319=B_SPLINE_SURFACE_WITH_KNOTS('',3,1,((#19829,#19830),(#19831,#19832),
(#19833,#19834),(#19835,#19836),(#19837,#19838)),.UNSPECIFIED.,.F.,.F.,
 .F.,(4,1,4),(2,2),(-0.20997713275741,-0.0978650512248644,0.),(0.,0.08),
 .UNSPECIFIED.);
#320=B_SPLINE_SURFACE_WITH_KNOTS('',3,1,((#19858,#19859),(#19860,#19861),
(#19862,#19863),(#19864,#19865),(#19866,#19867)),.UNSPECIFIED.,.F.,.F.,
 .F.,(4,1,4),(2,2),(-0.0891445447469502,-0.0488270830857595,0.),(0.,0.08),
 .UNSPECIFIED.);
#321=B_SPLINE_SURFACE_WITH_KNOTS('',3,1,((#19881,#19882),(#19883,#19884),
(#19885,#19886),(#19887,#19888),(#19889,#19890)),.UNSPECIFIED.,.F.,.F.,
 .F.,(4,1,4),(2,2),(-0.0870339539484971,-0.039906626569097,0.),(0.,0.08),
 .UNSPECIFIED.);
#322=B_SPLINE_SURFACE_WITH_KNOTS('',3,1,((#19904,#19905),(#19906,#19907),
(#19908,#19909),(#19910,#19911),(#19912,#19913)),.UNSPECIFIED.,.F.,.F.,
 .F.,(4,1,4),(2,2),(-0.0684797523468431,-0.0380652961946996,0.),(0.,0.08),
 .UNSPECIFIED.);
#323=B_SPLINE_SURFACE_WITH_KNOTS('',3,1,((#19927,#19928),(#19929,#19930),
(#19931,#19932),(#19933,#19934),(#19935,#19936)),.UNSPECIFIED.,.F.,.F.,
 .F.,(4,1,4),(2,2),(-0.0508698383687423,-0.026047000738691,0.),(0.,0.08),
 .UNSPECIFIED.);
#324=B_SPLINE_SURFACE_WITH_KNOTS('',3,1,((#19950,#19951),(#19952,#19953),
(#19954,#19955),(#19956,#19957),(#19958,#19959)),.UNSPECIFIED.,.F.,.F.,
 .F.,(4,1,4),(2,2),(-0.0398129977454742,-0.0186947936448053,0.),(0.,0.08),
 .UNSPECIFIED.);
#325=B_SPLINE_SURFACE_WITH_KNOTS('',3,1,((#19973,#19974),(#19975,#19976),
(#19977,#19978),(#19979,#19980),(#19981,#19982)),.UNSPECIFIED.,.F.,.F.,
 .F.,(4,1,4),(2,2),(-0.0885227408397895,-0.0331937830395205,0.),(0.,0.08),
 .UNSPECIFIED.);
#326=B_SPLINE_SURFACE_WITH_KNOTS('',3,1,((#19996,#19997),(#19998,#19999),
(#20000,#20001),(#20002,#20003),(#20004,#20005)),.UNSPECIFIED.,.F.,.F.,
 .F.,(4,1,4),(2,2),(-0.243116105875152,-0.14345377702184,0.),(0.,0.08),
 .UNSPECIFIED.);
#327=B_SPLINE_SURFACE_WITH_KNOTS('',3,1,((#20019,#20020),(#20021,#20022),
(#20023,#20024),(#20025,#20026),(#20027,#20028)),.UNSPECIFIED.,.F.,.F.,
 .F.,(4,1,4),(2,2),(-0.136528791329089,-0.072611022727125,0.),(0.,0.08),
 .UNSPECIFIED.);
#328=B_SPLINE_SURFACE_WITH_KNOTS('',3,1,((#20042,#20043),(#20044,#20045),
(#20046,#20047),(#20048,#20049),(#20050,#20051)),.UNSPECIFIED.,.F.,.F.,
 .F.,(4,1,4),(2,2),(-0.123824112159503,-0.0609688593394404,0.),(0.,0.08),
 .UNSPECIFIED.);
#329=B_SPLINE_SURFACE_WITH_KNOTS('',3,1,((#20065,#20066),(#20067,#20068),
(#20069,#20070),(#20071,#20072),(#20073,#20074)),.UNSPECIFIED.,.F.,.F.,
 .F.,(4,1,4),(2,2),(-0.149770815429873,-0.0747044268675716,0.),(0.,0.08),
 .UNSPECIFIED.);
#330=B_SPLINE_SURFACE_WITH_KNOTS('',3,1,((#20088,#20089),(#20090,#20091),
(#20092,#20093),(#20094,#20095),(#20096,#20097)),.UNSPECIFIED.,.F.,.F.,
 .F.,(4,1,4),(2,2),(-0.15613360673311,-0.0765708910834743,0.),(0.,0.08),
 .UNSPECIFIED.);
#331=B_SPLINE_SURFACE_WITH_KNOTS('',3,1,((#20111,#20112),(#20113,#20114),
(#20115,#20116),(#20117,#20118),(#20119,#20120)),.UNSPECIFIED.,.F.,.F.,
 .F.,(4,1,4),(2,2),(-0.196557171095856,-0.0899509349424916,0.),(0.,0.08),
 .UNSPECIFIED.);
#332=B_SPLINE_SURFACE_WITH_KNOTS('',3,1,((#20134,#20135),(#20136,#20137),
(#20138,#20139),(#20140,#20141),(#20142,#20143)),.UNSPECIFIED.,.F.,.F.,
 .F.,(4,1,4),(2,2),(-0.298586029298418,-0.173828527696301,0.),(0.,0.08),
 .UNSPECIFIED.);
#333=B_SPLINE_SURFACE_WITH_KNOTS('',3,1,((#20157,#20158),(#20159,#20160),
(#20161,#20162),(#20163,#20164),(#20165,#20166)),.UNSPECIFIED.,.F.,.F.,
 .F.,(4,1,4),(2,2),(-0.222236785474333,-0.108380501037217,0.),(0.,0.08),
 .UNSPECIFIED.);
#334=SHAPE_REPRESENTATION_RELATIONSHIP('SRR','None',#20268,#340);
#335=SHAPE_REPRESENTATION_RELATIONSHIP('SRR','None',#20269,#341);
#336=SHAPE_REPRESENTATION_RELATIONSHIP('SRR','None',#20270,#342);
#337=SHAPE_REPRESENTATION_RELATIONSHIP('SRR','None',#20271,#343);
#338=SHAPE_REPRESENTATION_RELATIONSHIP('SRR','None',#20272,#344);
#339=SHAPE_REPRESENTATION_RELATIONSHIP('SRR','None',#20273,#345);
#340=ADVANCED_BREP_SHAPE_REPRESENTATION('',(#366),#20228);
#341=ADVANCED_BREP_SHAPE_REPRESENTATION('',(#367),#20229);
#342=ADVANCED_BREP_SHAPE_REPRESENTATION('',(#368),#20230);
#343=ADVANCED_BREP_SHAPE_REPRESENTATION('',(#369),#20231);
#344=ADVANCED_BREP_SHAPE_REPRESENTATION('',(#370),#20232);
#345=ADVANCED_BREP_SHAPE_REPRESENTATION('',(#371,#372,#373,#374,#375,#376,
#377,#378,#379,#380,#381,#382,#383,#384,#385),#20233);
#346=STYLED_ITEM('',(#20307),#366);
#347=STYLED_ITEM('',(#20307),#367);
#348=STYLED_ITEM('',(#20308),#368);
#349=STYLED_ITEM('',(#20309),#369);
#350=STYLED_ITEM('',(#20307),#370);
#351=STYLED_ITEM('',(#20308),#371);
#352=STYLED_ITEM('',(#20308),#372);
#353=STYLED_ITEM('',(#20308),#373);
#354=STYLED_ITEM('',(#20308),#374);
#355=STYLED_ITEM('',(#20308),#375);
#356=STYLED_ITEM('',(#20308),#376);
#357=STYLED_ITEM('',(#20308),#377);
#358=STYLED_ITEM('',(#20308),#378);
#359=STYLED_ITEM('',(#20308),#379);
#360=STYLED_ITEM('',(#20308),#380);
#361=STYLED_ITEM('',(#20308),#381);
#362=STYLED_ITEM('',(#20308),#382);
#363=STYLED_ITEM('',(#20308),#383);
#364=STYLED_ITEM('',(#20308),#384);
#365=STYLED_ITEM('',(#20307),#385);
#366=MANIFOLD_SOLID_BREP('\X2\04220435043B043E\X0\',#12086);
#367=MANIFOLD_SOLID_BREP('\X2\04220435043B043E\X0\',#12087);
#368=MANIFOLD_SOLID_BREP('\X2\04220435043B043E\X0\',#12088);
#369=MANIFOLD_SOLID_BREP('\X2\04220435043B043E\X0\',#12089);
#370=MANIFOLD_SOLID_BREP('\X2\04220435043B043E\X0\',#12090);
#371=MANIFOLD_SOLID_BREP('\X2\041B043E0433043E04420438043F\X0\ (2-\X2\0439\X0\ 
\X2\0446043204350442\X0\)',#12091);
#372=MANIFOLD_SOLID_BREP('\X2\041B043E0433043E04420438043F\X0\',#12092);
#373=MANIFOLD_SOLID_BREP('\X2\041B043E0433043E04420438043F\X0\ (1)',#12093);
#374=MANIFOLD_SOLID_BREP('\X2\041B043E0433043E04420438043F\X0\ (2)',#12094);
#375=MANIFOLD_SOLID_BREP('\X2\041B043E0433043E04420438043F\X0\ (3)',#12095);
#376=MANIFOLD_SOLID_BREP('\X2\041B043E0433043E04420438043F\X0\ (4)',#12096);
#377=MANIFOLD_SOLID_BREP('\X2\041B043E0433043E04420438043F\X0\ (5)',#12097);
#378=MANIFOLD_SOLID_BREP('\X2\041B043E0433043E04420438043F\X0\ (6)',#12098);
#379=MANIFOLD_SOLID_BREP('\X2\041B043E0433043E04420438043F\X0\ (7)',#12099);
#380=MANIFOLD_SOLID_BREP('\X2\041B043E0433043E04420438043F\X0\ (8)',#12100);
#381=MANIFOLD_SOLID_BREP('\X2\041B043E0433043E04420438043F\X0\ (9)',#12101);
#382=MANIFOLD_SOLID_BREP('\X2\041B043E0433043E04420438043F\X0\ (10)',#12102);
#383=MANIFOLD_SOLID_BREP('\X2\041B043E0433043E04420438043F\X0\ (11)',#12103);
#384=MANIFOLD_SOLID_BREP('\X2\041B043E0433043E04420438043F\X0\ (12)',#12104);
#385=MANIFOLD_SOLID_BREP('\X2\04220435043B043E\X0\',#12105);
#386=FACE_BOUND('',#1201,.T.);
#387=FACE_BOUND('',#1202,.T.);
#388=FACE_BOUND('',#1203,.T.);
#389=FACE_BOUND('',#1204,.T.);
#390=FACE_BOUND('',#1205,.T.);
#391=FACE_BOUND('',#1206,.T.);
#392=FACE_BOUND('',#1207,.T.);
#393=FACE_BOUND('',#1208,.T.);
#394=FACE_BOUND('',#1209,.T.);
#395=FACE_BOUND('',#1210,.T.);
#396=FACE_BOUND('',#1211,.T.);
#397=FACE_BOUND('',#1212,.T.);
#398=FACE_BOUND('',#1213,.T.);
#399=FACE_BOUND('',#1214,.T.);
#400=FACE_BOUND('',#1215,.T.);
#401=FACE_BOUND('',#1216,.T.);
#402=FACE_BOUND('',#1217,.T.);
#403=FACE_BOUND('',#1218,.T.);
#404=FACE_BOUND('',#1219,.T.);
#405=FACE_BOUND('',#1220,.T.);
#406=FACE_BOUND('',#1221,.T.);
#407=FACE_BOUND('',#1222,.T.);
#408=FACE_BOUND('',#1223,.T.);
#409=FACE_BOUND('',#1224,.T.);
#410=FACE_BOUND('',#1225,.T.);
#411=FACE_BOUND('',#1226,.T.);
#412=FACE_BOUND('',#1227,.T.);
#413=FACE_BOUND('',#1228,.T.);
#414=FACE_BOUND('',#1229,.T.);
#415=FACE_BOUND('',#1230,.T.);
#416=FACE_BOUND('',#1231,.T.);
#417=FACE_BOUND('',#1276,.T.);
#418=FACE_BOUND('',#1277,.T.);
#419=FACE_BOUND('',#1278,.T.);
#420=FACE_BOUND('',#1279,.T.);
#421=FACE_BOUND('',#1280,.T.);
#422=FACE_BOUND('',#1281,.T.);
#423=FACE_BOUND('',#1282,.T.);
#424=FACE_BOUND('',#1283,.T.);
#425=FACE_BOUND('',#1284,.T.);
#426=FACE_BOUND('',#1285,.T.);
#427=FACE_BOUND('',#1286,.T.);
#428=FACE_BOUND('',#1287,.T.);
#429=FACE_BOUND('',#1288,.T.);
#430=FACE_BOUND('',#1289,.T.);
#431=FACE_BOUND('',#1290,.T.);
#432=FACE_BOUND('',#1291,.T.);
#433=FACE_BOUND('',#1292,.T.);
#434=FACE_BOUND('',#1293,.T.);
#435=FACE_BOUND('',#1294,.T.);
#436=FACE_BOUND('',#1295,.T.);
#437=FACE_BOUND('',#1296,.T.);
#438=FACE_BOUND('',#1297,.T.);
#439=FACE_BOUND('',#1298,.T.);
#440=FACE_BOUND('',#1299,.T.);
#441=FACE_BOUND('',#1300,.T.);
#442=FACE_BOUND('',#1383,.T.);
#443=FACE_BOUND('',#1384,.T.);
#444=FACE_BOUND('',#1385,.T.);
#445=FACE_BOUND('',#1386,.T.);
#446=FACE_BOUND('',#1387,.T.);
#447=FACE_BOUND('',#1388,.T.);
#448=FACE_BOUND('',#1389,.T.);
#449=FACE_BOUND('',#1390,.T.);
#450=FACE_BOUND('',#1391,.T.);
#451=FACE_BOUND('',#1392,.T.);
#452=FACE_BOUND('',#1393,.T.);
#453=FACE_BOUND('',#1394,.T.);
#454=FACE_BOUND('',#1395,.T.);
#455=FACE_BOUND('',#1396,.T.);
#456=FACE_BOUND('',#1397,.T.);
#457=FACE_BOUND('',#1398,.T.);
#458=FACE_BOUND('',#1399,.T.);
#459=FACE_BOUND('',#1400,.T.);
#460=FACE_BOUND('',#1401,.T.);
#461=FACE_BOUND('',#1402,.T.);
#462=FACE_BOUND('',#1403,.T.);
#463=FACE_BOUND('',#1404,.T.);
#464=FACE_BOUND('',#1405,.T.);
#465=FACE_BOUND('',#1406,.T.);
#466=FACE_BOUND('',#1407,.T.);
#467=FACE_BOUND('',#1408,.T.);
#468=FACE_BOUND('',#1409,.T.);
#469=FACE_BOUND('',#1410,.T.);
#470=FACE_BOUND('',#1411,.T.);
#471=FACE_BOUND('',#1412,.T.);
#472=FACE_BOUND('',#1413,.T.);
#473=FACE_BOUND('',#1458,.T.);
#474=FACE_BOUND('',#1459,.T.);
#475=FACE_BOUND('',#1460,.T.);
#476=FACE_BOUND('',#1461,.T.);
#477=FACE_BOUND('',#1462,.T.);
#478=FACE_BOUND('',#1463,.T.);
#479=FACE_BOUND('',#1464,.T.);
#480=FACE_BOUND('',#1465,.T.);
#481=FACE_BOUND('',#1466,.T.);
#482=FACE_BOUND('',#1467,.T.);
#483=FACE_BOUND('',#1468,.T.);
#484=FACE_BOUND('',#1469,.T.);
#485=FACE_BOUND('',#1470,.T.);
#486=FACE_BOUND('',#1471,.T.);
#487=FACE_BOUND('',#1472,.T.);
#488=FACE_BOUND('',#1473,.T.);
#489=FACE_BOUND('',#1474,.T.);
#490=FACE_BOUND('',#1475,.T.);
#491=FACE_BOUND('',#1476,.T.);
#492=FACE_BOUND('',#1477,.T.);
#493=FACE_BOUND('',#1478,.T.);
#494=FACE_BOUND('',#1479,.T.);
#495=FACE_BOUND('',#1480,.T.);
#496=FACE_BOUND('',#1481,.T.);
#497=FACE_BOUND('',#1482,.T.);
#498=FACE_BOUND('',#1599,.T.);
#499=FACE_BOUND('',#1602,.T.);
#500=FACE_BOUND('',#1646,.T.);
#501=FACE_BOUND('',#1648,.T.);
#502=FACE_BOUND('',#1700,.T.);
#503=FACE_BOUND('',#1702,.T.);
#504=FACE_BOUND('',#1731,.T.);
#505=FACE_BOUND('',#1733,.T.);
#506=FACE_BOUND('',#1756,.T.);
#507=FACE_BOUND('',#1758,.T.);
#508=FACE_OUTER_BOUND('',#1119,.T.);
#509=FACE_OUTER_BOUND('',#1120,.T.);
#510=FACE_OUTER_BOUND('',#1121,.T.);
#511=FACE_OUTER_BOUND('',#1122,.T.);
#512=FACE_OUTER_BOUND('',#1123,.T.);
#513=FACE_OUTER_BOUND('',#1124,.T.);
#514=FACE_OUTER_BOUND('',#1125,.T.);
#515=FACE_OUTER_BOUND('',#1126,.T.);
#516=FACE_OUTER_BOUND('',#1127,.T.);
#517=FACE_OUTER_BOUND('',#1128,.T.);
#518=FACE_OUTER_BOUND('',#1129,.T.);
#519=FACE_OUTER_BOUND('',#1130,.T.);
#520=FACE_OUTER_BOUND('',#1131,.T.);
#521=FACE_OUTER_BOUND('',#1132,.T.);
#522=FACE_OUTER_BOUND('',#1133,.T.);
#523=FACE_OUTER_BOUND('',#1134,.T.);
#524=FACE_OUTER_BOUND('',#1135,.T.);
#525=FACE_OUTER_BOUND('',#1136,.T.);
#526=FACE_OUTER_BOUND('',#1137,.T.);
#527=FACE_OUTER_BOUND('',#1138,.T.);
#528=FACE_OUTER_BOUND('',#1139,.T.);
#529=FACE_OUTER_BOUND('',#1140,.T.);
#530=FACE_OUTER_BOUND('',#1141,.T.);
#531=FACE_OUTER_BOUND('',#1142,.T.);
#532=FACE_OUTER_BOUND('',#1143,.T.);
#533=FACE_OUTER_BOUND('',#1144,.T.);
#534=FACE_OUTER_BOUND('',#1145,.T.);
#535=FACE_OUTER_BOUND('',#1146,.T.);
#536=FACE_OUTER_BOUND('',#1147,.T.);
#537=FACE_OUTER_BOUND('',#1148,.T.);
#538=FACE_OUTER_BOUND('',#1149,.T.);
#539=FACE_OUTER_BOUND('',#1150,.T.);
#540=FACE_OUTER_BOUND('',#1151,.T.);
#541=FACE_OUTER_BOUND('',#1152,.T.);
#542=FACE_OUTER_BOUND('',#1153,.T.);
#543=FACE_OUTER_BOUND('',#1154,.T.);
#544=FACE_OUTER_BOUND('',#1155,.T.);
#545=FACE_OUTER_BOUND('',#1156,.T.);
#546=FACE_OUTER_BOUND('',#1157,.T.);
#547=FACE_OUTER_BOUND('',#1158,.T.);
#548=FACE_OUTER_BOUND('',#1159,.T.);
#549=FACE_OUTER_BOUND('',#1160,.T.);
#550=FACE_OUTER_BOUND('',#1161,.T.);
#551=FACE_OUTER_BOUND('',#1162,.T.);
#552=FACE_OUTER_BOUND('',#1163,.T.);
#553=FACE_OUTER_BOUND('',#1164,.T.);
#554=FACE_OUTER_BOUND('',#1165,.T.);
#555=FACE_OUTER_BOUND('',#1166,.T.);
#556=FACE_OUTER_BOUND('',#1167,.T.);
#557=FACE_OUTER_BOUND('',#1168,.T.);
#558=FACE_OUTER_BOUND('',#1169,.T.);
#559=FACE_OUTER_BOUND('',#1170,.T.);
#560=FACE_OUTER_BOUND('',#1171,.T.);
#561=FACE_OUTER_BOUND('',#1172,.T.);
#562=FACE_OUTER_BOUND('',#1173,.T.);
#563=FACE_OUTER_BOUND('',#1174,.T.);
#564=FACE_OUTER_BOUND('',#1175,.T.);
#565=FACE_OUTER_BOUND('',#1176,.T.);
#566=FACE_OUTER_BOUND('',#1177,.T.);
#567=FACE_OUTER_BOUND('',#1178,.T.);
#568=FACE_OUTER_BOUND('',#1179,.T.);
#569=FACE_OUTER_BOUND('',#1180,.T.);
#570=FACE_OUTER_BOUND('',#1181,.T.);
#571=FACE_OUTER_BOUND('',#1182,.T.);
#572=FACE_OUTER_BOUND('',#1183,.T.);
#573=FACE_OUTER_BOUND('',#1184,.T.);
#574=FACE_OUTER_BOUND('',#1185,.T.);
#575=FACE_OUTER_BOUND('',#1186,.T.);
#576=FACE_OUTER_BOUND('',#1187,.T.);
#577=FACE_OUTER_BOUND('',#1188,.T.);
#578=FACE_OUTER_BOUND('',#1189,.T.);
#579=FACE_OUTER_BOUND('',#1190,.T.);
#580=FACE_OUTER_BOUND('',#1191,.T.);
#581=FACE_OUTER_BOUND('',#1192,.T.);
#582=FACE_OUTER_BOUND('',#1193,.T.);
#583=FACE_OUTER_BOUND('',#1194,.T.);
#584=FACE_OUTER_BOUND('',#1195,.T.);
#585=FACE_OUTER_BOUND('',#1196,.T.);
#586=FACE_OUTER_BOUND('',#1197,.T.);
#587=FACE_OUTER_BOUND('',#1198,.T.);
#588=FACE_OUTER_BOUND('',#1199,.T.);
#589=FACE_OUTER_BOUND('',#1200,.T.);
#590=FACE_OUTER_BOUND('',#1232,.T.);
#591=FACE_OUTER_BOUND('',#1233,.T.);
#592=FACE_OUTER_BOUND('',#1234,.T.);
#593=FACE_OUTER_BOUND('',#1235,.T.);
#594=FACE_OUTER_BOUND('',#1236,.T.);
#595=FACE_OUTER_BOUND('',#1237,.T.);
#596=FACE_OUTER_BOUND('',#1238,.T.);
#597=FACE_OUTER_BOUND('',#1239,.T.);
#598=FACE_OUTER_BOUND('',#1240,.T.);
#599=FACE_OUTER_BOUND('',#1241,.T.);
#600=FACE_OUTER_BOUND('',#1242,.T.);
#601=FACE_OUTER_BOUND('',#1243,.T.);
#602=FACE_OUTER_BOUND('',#1244,.T.);
#603=FACE_OUTER_BOUND('',#1245,.T.);
#604=FACE_OUTER_BOUND('',#1246,.T.);
#605=FACE_OUTER_BOUND('',#1247,.T.);
#606=FACE_OUTER_BOUND('',#1248,.T.);
#607=FACE_OUTER_BOUND('',#1249,.T.);
#608=FACE_OUTER_BOUND('',#1250,.T.);
#609=FACE_OUTER_BOUND('',#1251,.T.);
#610=FACE_OUTER_BOUND('',#1252,.T.);
#611=FACE_OUTER_BOUND('',#1253,.T.);
#612=FACE_OUTER_BOUND('',#1254,.T.);
#613=FACE_OUTER_BOUND('',#1255,.T.);
#614=FACE_OUTER_BOUND('',#1256,.T.);
#615=FACE_OUTER_BOUND('',#1257,.T.);
#616=FACE_OUTER_BOUND('',#1258,.T.);
#617=FACE_OUTER_BOUND('',#1259,.T.);
#618=FACE_OUTER_BOUND('',#1260,.T.);
#619=FACE_OUTER_BOUND('',#1261,.T.);
#620=FACE_OUTER_BOUND('',#1262,.T.);
#621=FACE_OUTER_BOUND('',#1263,.T.);
#622=FACE_OUTER_BOUND('',#1264,.T.);
#623=FACE_OUTER_BOUND('',#1265,.T.);
#624=FACE_OUTER_BOUND('',#1266,.T.);
#625=FACE_OUTER_BOUND('',#1267,.T.);
#626=FACE_OUTER_BOUND('',#1268,.T.);
#627=FACE_OUTER_BOUND('',#1269,.T.);
#628=FACE_OUTER_BOUND('',#1270,.T.);
#629=FACE_OUTER_BOUND('',#1271,.T.);
#630=FACE_OUTER_BOUND('',#1272,.T.);
#631=FACE_OUTER_BOUND('',#1273,.T.);
#632=FACE_OUTER_BOUND('',#1274,.T.);
#633=FACE_OUTER_BOUND('',#1275,.T.);
#634=FACE_OUTER_BOUND('',#1301,.T.);
#635=FACE_OUTER_BOUND('',#1302,.T.);
#636=FACE_OUTER_BOUND('',#1303,.T.);
#637=FACE_OUTER_BOUND('',#1304,.T.);
#638=FACE_OUTER_BOUND('',#1305,.T.);
#639=FACE_OUTER_BOUND('',#1306,.T.);
#640=FACE_OUTER_BOUND('',#1307,.T.);
#641=FACE_OUTER_BOUND('',#1308,.T.);
#642=FACE_OUTER_BOUND('',#1309,.T.);
#643=FACE_OUTER_BOUND('',#1310,.T.);
#644=FACE_OUTER_BOUND('',#1311,.T.);
#645=FACE_OUTER_BOUND('',#1312,.T.);
#646=FACE_OUTER_BOUND('',#1313,.T.);
#647=FACE_OUTER_BOUND('',#1314,.T.);
#648=FACE_OUTER_BOUND('',#1315,.T.);
#649=FACE_OUTER_BOUND('',#1316,.T.);
#650=FACE_OUTER_BOUND('',#1317,.T.);
#651=FACE_OUTER_BOUND('',#1318,.T.);
#652=FACE_OUTER_BOUND('',#1319,.T.);
#653=FACE_OUTER_BOUND('',#1320,.T.);
#654=FACE_OUTER_BOUND('',#1321,.T.);
#655=FACE_OUTER_BOUND('',#1322,.T.);
#656=FACE_OUTER_BOUND('',#1323,.T.);
#657=FACE_OUTER_BOUND('',#1324,.T.);
#658=FACE_OUTER_BOUND('',#1325,.T.);
#659=FACE_OUTER_BOUND('',#1326,.T.);
#660=FACE_OUTER_BOUND('',#1327,.T.);
#661=FACE_OUTER_BOUND('',#1328,.T.);
#662=FACE_OUTER_BOUND('',#1329,.T.);
#663=FACE_OUTER_BOUND('',#1330,.T.);
#664=FACE_OUTER_BOUND('',#1331,.T.);
#665=FACE_OUTER_BOUND('',#1332,.T.);
#666=FACE_OUTER_BOUND('',#1333,.T.);
#667=FACE_OUTER_BOUND('',#1334,.T.);
#668=FACE_OUTER_BOUND('',#1335,.T.);
#669=FACE_OUTER_BOUND('',#1336,.T.);
#670=FACE_OUTER_BOUND('',#1337,.T.);
#671=FACE_OUTER_BOUND('',#1338,.T.);
#672=FACE_OUTER_BOUND('',#1339,.T.);
#673=FACE_OUTER_BOUND('',#1340,.T.);
#674=FACE_OUTER_BOUND('',#1341,.T.);
#675=FACE_OUTER_BOUND('',#1342,.T.);
#676=FACE_OUTER_BOUND('',#1343,.T.);
#677=FACE_OUTER_BOUND('',#1344,.T.);
#678=FACE_OUTER_BOUND('',#1345,.T.);
#679=FACE_OUTER_BOUND('',#1346,.T.);
#680=FACE_OUTER_BOUND('',#1347,.T.);
#681=FACE_OUTER_BOUND('',#1348,.T.);
#682=FACE_OUTER_BOUND('',#1349,.T.);
#683=FACE_OUTER_BOUND('',#1350,.T.);
#684=FACE_OUTER_BOUND('',#1351,.T.);
#685=FACE_OUTER_BOUND('',#1352,.T.);
#686=FACE_OUTER_BOUND('',#1353,.T.);
#687=FACE_OUTER_BOUND('',#1354,.T.);
#688=FACE_OUTER_BOUND('',#1355,.T.);
#689=FACE_OUTER_BOUND('',#1356,.T.);
#690=FACE_OUTER_BOUND('',#1357,.T.);
#691=FACE_OUTER_BOUND('',#1358,.T.);
#692=FACE_OUTER_BOUND('',#1359,.T.);
#693=FACE_OUTER_BOUND('',#1360,.T.);
#694=FACE_OUTER_BOUND('',#1361,.T.);
#695=FACE_OUTER_BOUND('',#1362,.T.);
#696=FACE_OUTER_BOUND('',#1363,.T.);
#697=FACE_OUTER_BOUND('',#1364,.T.);
#698=FACE_OUTER_BOUND('',#1365,.T.);
#699=FACE_OUTER_BOUND('',#1366,.T.);
#700=FACE_OUTER_BOUND('',#1367,.T.);
#701=FACE_OUTER_BOUND('',#1368,.T.);
#702=FACE_OUTER_BOUND('',#1369,.T.);
#703=FACE_OUTER_BOUND('',#1370,.T.);
#704=FACE_OUTER_BOUND('',#1371,.T.);
#705=FACE_OUTER_BOUND('',#1372,.T.);
#706=FACE_OUTER_BOUND('',#1373,.T.);
#707=FACE_OUTER_BOUND('',#1374,.T.);
#708=FACE_OUTER_BOUND('',#1375,.T.);
#709=FACE_OUTER_BOUND('',#1376,.T.);
#710=FACE_OUTER_BOUND('',#1377,.T.);
#711=FACE_OUTER_BOUND('',#1378,.T.);
#712=FACE_OUTER_BOUND('',#1379,.T.);
#713=FACE_OUTER_BOUND('',#1380,.T.);
#714=FACE_OUTER_BOUND('',#1381,.T.);
#715=FACE_OUTER_BOUND('',#1382,.T.);
#716=FACE_OUTER_BOUND('',#1414,.T.);
#717=FACE_OUTER_BOUND('',#1415,.T.);
#718=FACE_OUTER_BOUND('',#1416,.T.);
#719=FACE_OUTER_BOUND('',#1417,.T.);
#720=FACE_OUTER_BOUND('',#1418,.T.);
#721=FACE_OUTER_BOUND('',#1419,.T.);
#722=FACE_OUTER_BOUND('',#1420,.T.);
#723=FACE_OUTER_BOUND('',#1421,.T.);
#724=FACE_OUTER_BOUND('',#1422,.T.);
#725=FACE_OUTER_BOUND('',#1423,.T.);
#726=FACE_OUTER_BOUND('',#1424,.T.);
#727=FACE_OUTER_BOUND('',#1425,.T.);
#728=FACE_OUTER_BOUND('',#1426,.T.);
#729=FACE_OUTER_BOUND('',#1427,.T.);
#730=FACE_OUTER_BOUND('',#1428,.T.);
#731=FACE_OUTER_BOUND('',#1429,.T.);
#732=FACE_OUTER_BOUND('',#1430,.T.);
#733=FACE_OUTER_BOUND('',#1431,.T.);
#734=FACE_OUTER_BOUND('',#1432,.T.);
#735=FACE_OUTER_BOUND('',#1433,.T.);
#736=FACE_OUTER_BOUND('',#1434,.T.);
#737=FACE_OUTER_BOUND('',#1435,.T.);
#738=FACE_OUTER_BOUND('',#1436,.T.);
#739=FACE_OUTER_BOUND('',#1437,.T.);
#740=FACE_OUTER_BOUND('',#1438,.T.);
#741=FACE_OUTER_BOUND('',#1439,.T.);
#742=FACE_OUTER_BOUND('',#1440,.T.);
#743=FACE_OUTER_BOUND('',#1441,.T.);
#744=FACE_OUTER_BOUND('',#1442,.T.);
#745=FACE_OUTER_BOUND('',#1443,.T.);
#746=FACE_OUTER_BOUND('',#1444,.T.);
#747=FACE_OUTER_BOUND('',#1445,.T.);
#748=FACE_OUTER_BOUND('',#1446,.T.);
#749=FACE_OUTER_BOUND('',#1447,.T.);
#750=FACE_OUTER_BOUND('',#1448,.T.);
#751=FACE_OUTER_BOUND('',#1449,.T.);
#752=FACE_OUTER_BOUND('',#1450,.T.);
#753=FACE_OUTER_BOUND('',#1451,.T.);
#754=FACE_OUTER_BOUND('',#1452,.T.);
#755=FACE_OUTER_BOUND('',#1453,.T.);
#756=FACE_OUTER_BOUND('',#1454,.T.);
#757=FACE_OUTER_BOUND('',#1455,.T.);
#758=FACE_OUTER_BOUND('',#1456,.T.);
#759=FACE_OUTER_BOUND('',#1457,.T.);
#760=FACE_OUTER_BOUND('',#1483,.T.);
#761=FACE_OUTER_BOUND('',#1484,.T.);
#762=FACE_OUTER_BOUND('',#1485,.T.);
#763=FACE_OUTER_BOUND('',#1486,.T.);
#764=FACE_OUTER_BOUND('',#1487,.T.);
#765=FACE_OUTER_BOUND('',#1488,.T.);
#766=FACE_OUTER_BOUND('',#1489,.T.);
#767=FACE_OUTER_BOUND('',#1490,.T.);
#768=FACE_OUTER_BOUND('',#1491,.T.);
#769=FACE_OUTER_BOUND('',#1492,.T.);
#770=FACE_OUTER_BOUND('',#1493,.T.);
#771=FACE_OUTER_BOUND('',#1494,.T.);
#772=FACE_OUTER_BOUND('',#1495,.T.);
#773=FACE_OUTER_BOUND('',#1496,.T.);
#774=FACE_OUTER_BOUND('',#1497,.T.);
#775=FACE_OUTER_BOUND('',#1498,.T.);
#776=FACE_OUTER_BOUND('',#1499,.T.);
#777=FACE_OUTER_BOUND('',#1500,.T.);
#778=FACE_OUTER_BOUND('',#1501,.T.);
#779=FACE_OUTER_BOUND('',#1502,.T.);
#780=FACE_OUTER_BOUND('',#1503,.T.);
#781=FACE_OUTER_BOUND('',#1504,.T.);
#782=FACE_OUTER_BOUND('',#1505,.T.);
#783=FACE_OUTER_BOUND('',#1506,.T.);
#784=FACE_OUTER_BOUND('',#1507,.T.);
#785=FACE_OUTER_BOUND('',#1508,.T.);
#786=FACE_OUTER_BOUND('',#1509,.T.);
#787=FACE_OUTER_BOUND('',#1510,.T.);
#788=FACE_OUTER_BOUND('',#1511,.T.);
#789=FACE_OUTER_BOUND('',#1512,.T.);
#790=FACE_OUTER_BOUND('',#1513,.T.);
#791=FACE_OUTER_BOUND('',#1514,.T.);
#792=FACE_OUTER_BOUND('',#1515,.T.);
#793=FACE_OUTER_BOUND('',#1516,.T.);
#794=FACE_OUTER_BOUND('',#1517,.T.);
#795=FACE_OUTER_BOUND('',#1518,.T.);
#796=FACE_OUTER_BOUND('',#1519,.T.);
#797=FACE_OUTER_BOUND('',#1520,.T.);
#798=FACE_OUTER_BOUND('',#1521,.T.);
#799=FACE_OUTER_BOUND('',#1522,.T.);
#800=FACE_OUTER_BOUND('',#1523,.T.);
#801=FACE_OUTER_BOUND('',#1524,.T.);
#802=FACE_OUTER_BOUND('',#1525,.T.);
#803=FACE_OUTER_BOUND('',#1526,.T.);
#804=FACE_OUTER_BOUND('',#1527,.T.);
#805=FACE_OUTER_BOUND('',#1528,.T.);
#806=FACE_OUTER_BOUND('',#1529,.T.);
#807=FACE_OUTER_BOUND('',#1530,.T.);
#808=FACE_OUTER_BOUND('',#1531,.T.);
#809=FACE_OUTER_BOUND('',#1532,.T.);
#810=FACE_OUTER_BOUND('',#1533,.T.);
#811=FACE_OUTER_BOUND('',#1534,.T.);
#812=FACE_OUTER_BOUND('',#1535,.T.);
#813=FACE_OUTER_BOUND('',#1536,.T.);
#814=FACE_OUTER_BOUND('',#1537,.T.);
#815=FACE_OUTER_BOUND('',#1538,.T.);
#816=FACE_OUTER_BOUND('',#1539,.T.);
#817=FACE_OUTER_BOUND('',#1540,.T.);
#818=FACE_OUTER_BOUND('',#1541,.T.);
#819=FACE_OUTER_BOUND('',#1542,.T.);
#820=FACE_OUTER_BOUND('',#1543,.T.);
#821=FACE_OUTER_BOUND('',#1544,.T.);
#822=FACE_OUTER_BOUND('',#1545,.T.);
#823=FACE_OUTER_BOUND('',#1546,.T.);
#824=FACE_OUTER_BOUND('',#1547,.T.);
#825=FACE_OUTER_BOUND('',#1548,.T.);
#826=FACE_OUTER_BOUND('',#1549,.T.);
#827=FACE_OUTER_BOUND('',#1550,.T.);
#828=FACE_OUTER_BOUND('',#1551,.T.);
#829=FACE_OUTER_BOUND('',#1552,.T.);
#830=FACE_OUTER_BOUND('',#1553,.T.);
#831=FACE_OUTER_BOUND('',#1554,.T.);
#832=FACE_OUTER_BOUND('',#1555,.T.);
#833=FACE_OUTER_BOUND('',#1556,.T.);
#834=FACE_OUTER_BOUND('',#1557,.T.);
#835=FACE_OUTER_BOUND('',#1558,.T.);
#836=FACE_OUTER_BOUND('',#1559,.T.);
#837=FACE_OUTER_BOUND('',#1560,.T.);
#838=FACE_OUTER_BOUND('',#1561,.T.);
#839=FACE_OUTER_BOUND('',#1562,.T.);
#840=FACE_OUTER_BOUND('',#1563,.T.);
#841=FACE_OUTER_BOUND('',#1564,.T.);
#842=FACE_OUTER_BOUND('',#1565,.T.);
#843=FACE_OUTER_BOUND('',#1566,.T.);
#844=FACE_OUTER_BOUND('',#1567,.T.);
#845=FACE_OUTER_BOUND('',#1568,.T.);
#846=FACE_OUTER_BOUND('',#1569,.T.);
#847=FACE_OUTER_BOUND('',#1570,.T.);
#848=FACE_OUTER_BOUND('',#1571,.T.);
#849=FACE_OUTER_BOUND('',#1572,.T.);
#850=FACE_OUTER_BOUND('',#1573,.T.);
#851=FACE_OUTER_BOUND('',#1574,.T.);
#852=FACE_OUTER_BOUND('',#1575,.T.);
#853=FACE_OUTER_BOUND('',#1576,.T.);
#854=FACE_OUTER_BOUND('',#1577,.T.);
#855=FACE_OUTER_BOUND('',#1578,.T.);
#856=FACE_OUTER_BOUND('',#1579,.T.);
#857=FACE_OUTER_BOUND('',#1580,.T.);
#858=FACE_OUTER_BOUND('',#1581,.T.);
#859=FACE_OUTER_BOUND('',#1582,.T.);
#860=FACE_OUTER_BOUND('',#1583,.T.);
#861=FACE_OUTER_BOUND('',#1584,.T.);
#862=FACE_OUTER_BOUND('',#1585,.T.);
#863=FACE_OUTER_BOUND('',#1586,.T.);
#864=FACE_OUTER_BOUND('',#1587,.T.);
#865=FACE_OUTER_BOUND('',#1588,.T.);
#866=FACE_OUTER_BOUND('',#1589,.T.);
#867=FACE_OUTER_BOUND('',#1590,.T.);
#868=FACE_OUTER_BOUND('',#1591,.T.);
#869=FACE_OUTER_BOUND('',#1592,.T.);
#870=FACE_OUTER_BOUND('',#1593,.T.);
#871=FACE_OUTER_BOUND('',#1594,.T.);
#872=FACE_OUTER_BOUND('',#1595,.T.);
#873=FACE_OUTER_BOUND('',#1596,.T.);
#874=FACE_OUTER_BOUND('',#1597,.T.);
#875=FACE_OUTER_BOUND('',#1598,.T.);
#876=FACE_OUTER_BOUND('',#1600,.T.);
#877=FACE_OUTER_BOUND('',#1601,.T.);
#878=FACE_OUTER_BOUND('',#1603,.T.);
#879=FACE_OUTER_BOUND('',#1604,.T.);
#880=FACE_OUTER_BOUND('',#1605,.T.);
#881=FACE_OUTER_BOUND('',#1606,.T.);
#882=FACE_OUTER_BOUND('',#1607,.T.);
#883=FACE_OUTER_BOUND('',#1608,.T.);
#884=FACE_OUTER_BOUND('',#1609,.T.);
#885=FACE_OUTER_BOUND('',#1610,.T.);
#886=FACE_OUTER_BOUND('',#1611,.T.);
#887=FACE_OUTER_BOUND('',#1612,.T.);
#888=FACE_OUTER_BOUND('',#1613,.T.);
#889=FACE_OUTER_BOUND('',#1614,.T.);
#890=FACE_OUTER_BOUND('',#1615,.T.);
#891=FACE_OUTER_BOUND('',#1616,.T.);
#892=FACE_OUTER_BOUND('',#1617,.T.);
#893=FACE_OUTER_BOUND('',#1618,.T.);
#894=FACE_OUTER_BOUND('',#1619,.T.);
#895=FACE_OUTER_BOUND('',#1620,.T.);
#896=FACE_OUTER_BOUND('',#1621,.T.);
#897=FACE_OUTER_BOUND('',#1622,.T.);
#898=FACE_OUTER_BOUND('',#1623,.T.);
#899=FACE_OUTER_BOUND('',#1624,.T.);
#900=FACE_OUTER_BOUND('',#1625,.T.);
#901=FACE_OUTER_BOUND('',#1626,.T.);
#902=FACE_OUTER_BOUND('',#1627,.T.);
#903=FACE_OUTER_BOUND('',#1628,.T.);
#904=FACE_OUTER_BOUND('',#1629,.T.);
#905=FACE_OUTER_BOUND('',#1630,.T.);
#906=FACE_OUTER_BOUND('',#1631,.T.);
#907=FACE_OUTER_BOUND('',#1632,.T.);
#908=FACE_OUTER_BOUND('',#1633,.T.);
#909=FACE_OUTER_BOUND('',#1634,.T.);
#910=FACE_OUTER_BOUND('',#1635,.T.);
#911=FACE_OUTER_BOUND('',#1636,.T.);
#912=FACE_OUTER_BOUND('',#1637,.T.);
#913=FACE_OUTER_BOUND('',#1638,.T.);
#914=FACE_OUTER_BOUND('',#1639,.T.);
#915=FACE_OUTER_BOUND('',#1640,.T.);
#916=FACE_OUTER_BOUND('',#1641,.T.);
#917=FACE_OUTER_BOUND('',#1642,.T.);
#918=FACE_OUTER_BOUND('',#1643,.T.);
#919=FACE_OUTER_BOUND('',#1644,.T.);
#920=FACE_OUTER_BOUND('',#1645,.T.);
#921=FACE_OUTER_BOUND('',#1647,.T.);
#922=FACE_OUTER_BOUND('',#1649,.T.);
#923=FACE_OUTER_BOUND('',#1650,.T.);
#924=FACE_OUTER_BOUND('',#1651,.T.);
#925=FACE_OUTER_BOUND('',#1652,.T.);
#926=FACE_OUTER_BOUND('',#1653,.T.);
#927=FACE_OUTER_BOUND('',#1654,.T.);
#928=FACE_OUTER_BOUND('',#1655,.T.);
#929=FACE_OUTER_BOUND('',#1656,.T.);
#930=FACE_OUTER_BOUND('',#1657,.T.);
#931=FACE_OUTER_BOUND('',#1658,.T.);
#932=FACE_OUTER_BOUND('',#1659,.T.);
#933=FACE_OUTER_BOUND('',#1660,.T.);
#934=FACE_OUTER_BOUND('',#1661,.T.);
#935=FACE_OUTER_BOUND('',#1662,.T.);
#936=FACE_OUTER_BOUND('',#1663,.T.);
#937=FACE_OUTER_BOUND('',#1664,.T.);
#938=FACE_OUTER_BOUND('',#1665,.T.);
#939=FACE_OUTER_BOUND('',#1666,.T.);
#940=FACE_OUTER_BOUND('',#1667,.T.);
#941=FACE_OUTER_BOUND('',#1668,.T.);
#942=FACE_OUTER_BOUND('',#1669,.T.);
#943=FACE_OUTER_BOUND('',#1670,.T.);
#944=FACE_OUTER_BOUND('',#1671,.T.);
#945=FACE_OUTER_BOUND('',#1672,.T.);
#946=FACE_OUTER_BOUND('',#1673,.T.);
#947=FACE_OUTER_BOUND('',#1674,.T.);
#948=FACE_OUTER_BOUND('',#1675,.T.);
#949=FACE_OUTER_BOUND('',#1676,.T.);
#950=FACE_OUTER_BOUND('',#1677,.T.);
#951=FACE_OUTER_BOUND('',#1678,.T.);
#952=FACE_OUTER_BOUND('',#1679,.T.);
#953=FACE_OUTER_BOUND('',#1680,.T.);
#954=FACE_OUTER_BOUND('',#1681,.T.);
#955=FACE_OUTER_BOUND('',#1682,.T.);
#956=FACE_OUTER_BOUND('',#1683,.T.);
#957=FACE_OUTER_BOUND('',#1684,.T.);
#958=FACE_OUTER_BOUND('',#1685,.T.);
#959=FACE_OUTER_BOUND('',#1686,.T.);
#960=FACE_OUTER_BOUND('',#1687,.T.);
#961=FACE_OUTER_BOUND('',#1688,.T.);
#962=FACE_OUTER_BOUND('',#1689,.T.);
#963=FACE_OUTER_BOUND('',#1690,.T.);
#964=FACE_OUTER_BOUND('',#1691,.T.);
#965=FACE_OUTER_BOUND('',#1692,.T.);
#966=FACE_OUTER_BOUND('',#1693,.T.);
#967=FACE_OUTER_BOUND('',#1694,.T.);
#968=FACE_OUTER_BOUND('',#1695,.T.);
#969=FACE_OUTER_BOUND('',#1696,.T.);
#970=FACE_OUTER_BOUND('',#1697,.T.);
#971=FACE_OUTER_BOUND('',#1698,.T.);
#972=FACE_OUTER_BOUND('',#1699,.T.);
#973=FACE_OUTER_BOUND('',#1701,.T.);
#974=FACE_OUTER_BOUND('',#1703,.T.);
#975=FACE_OUTER_BOUND('',#1704,.T.);
#976=FACE_OUTER_BOUND('',#1705,.T.);
#977=FACE_OUTER_BOUND('',#1706,.T.);
#978=FACE_OUTER_BOUND('',#1707,.T.);
#979=FACE_OUTER_BOUND('',#1708,.T.);
#980=FACE_OUTER_BOUND('',#1709,.T.);
#981=FACE_OUTER_BOUND('',#1710,.T.);
#982=FACE_OUTER_BOUND('',#1711,.T.);
#983=FACE_OUTER_BOUND('',#1712,.T.);
#984=FACE_OUTER_BOUND('',#1713,.T.);
#985=FACE_OUTER_BOUND('',#1714,.T.);
#986=FACE_OUTER_BOUND('',#1715,.T.);
#987=FACE_OUTER_BOUND('',#1716,.T.);
#988=FACE_OUTER_BOUND('',#1717,.T.);
#989=FACE_OUTER_BOUND('',#1718,.T.);
#990=FACE_OUTER_BOUND('',#1719,.T.);
#991=FACE_OUTER_BOUND('',#1720,.T.);
#992=FACE_OUTER_BOUND('',#1721,.T.);
#993=FACE_OUTER_BOUND('',#1722,.T.);
#994=FACE_OUTER_BOUND('',#1723,.T.);
#995=FACE_OUTER_BOUND('',#1724,.T.);
#996=FACE_OUTER_BOUND('',#1725,.T.);
#997=FACE_OUTER_BOUND('',#1726,.T.);
#998=FACE_OUTER_BOUND('',#1727,.T.);
#999=FACE_OUTER_BOUND('',#1728,.T.);
#1000=FACE_OUTER_BOUND('',#1729,.T.);
#1001=FACE_OUTER_BOUND('',#1730,.T.);
#1002=FACE_OUTER_BOUND('',#1732,.T.);
#1003=FACE_OUTER_BOUND('',#1734,.T.);
#1004=FACE_OUTER_BOUND('',#1735,.T.);
#1005=FACE_OUTER_BOUND('',#1736,.T.);
#1006=FACE_OUTER_BOUND('',#1737,.T.);
#1007=FACE_OUTER_BOUND('',#1738,.T.);
#1008=FACE_OUTER_BOUND('',#1739,.T.);
#1009=FACE_OUTER_BOUND('',#1740,.T.);
#1010=FACE_OUTER_BOUND('',#1741,.T.);
#1011=FACE_OUTER_BOUND('',#1742,.T.);
#1012=FACE_OUTER_BOUND('',#1743,.T.);
#1013=FACE_OUTER_BOUND('',#1744,.T.);
#1014=FACE_OUTER_BOUND('',#1745,.T.);
#1015=FACE_OUTER_BOUND('',#1746,.T.);
#1016=FACE_OUTER_BOUND('',#1747,.T.);
#1017=FACE_OUTER_BOUND('',#1748,.T.);
#1018=FACE_OUTER_BOUND('',#1749,.T.);
#1019=FACE_OUTER_BOUND('',#1750,.T.);
#1020=FACE_OUTER_BOUND('',#1751,.T.);
#1021=FACE_OUTER_BOUND('',#1752,.T.);
#1022=FACE_OUTER_BOUND('',#1753,.T.);
#1023=FACE_OUTER_BOUND('',#1754,.T.);
#1024=FACE_OUTER_BOUND('',#1755,.T.);
#1025=FACE_OUTER_BOUND('',#1757,.T.);
#1026=FACE_OUTER_BOUND('',#1759,.T.);
#1027=FACE_OUTER_BOUND('',#1760,.T.);
#1028=FACE_OUTER_BOUND('',#1761,.T.);
#1029=FACE_OUTER_BOUND('',#1762,.T.);
#1030=FACE_OUTER_BOUND('',#1763,.T.);
#1031=FACE_OUTER_BOUND('',#1764,.T.);
#1032=FACE_OUTER_BOUND('',#1765,.T.);
#1033=FACE_OUTER_BOUND('',#1766,.T.);
#1034=FACE_OUTER_BOUND('',#1767,.T.);
#1035=FACE_OUTER_BOUND('',#1768,.T.);
#1036=FACE_OUTER_BOUND('',#1769,.T.);
#1037=FACE_OUTER_BOUND('',#1770,.T.);
#1038=FACE_OUTER_BOUND('',#1771,.T.);
#1039=FACE_OUTER_BOUND('',#1772,.T.);
#1040=FACE_OUTER_BOUND('',#1773,.T.);
#1041=FACE_OUTER_BOUND('',#1774,.T.);
#1042=FACE_OUTER_BOUND('',#1775,.T.);
#1043=FACE_OUTER_BOUND('',#1776,.T.);
#1044=FACE_OUTER_BOUND('',#1777,.T.);
#1045=FACE_OUTER_BOUND('',#1778,.T.);
#1046=FACE_OUTER_BOUND('',#1779,.T.);
#1047=FACE_OUTER_BOUND('',#1780,.T.);
#1048=FACE_OUTER_BOUND('',#1781,.T.);
#1049=FACE_OUTER_BOUND('',#1782,.T.);
#1050=FACE_OUTER_BOUND('',#1783,.T.);
#1051=FACE_OUTER_BOUND('',#1784,.T.);
#1052=FACE_OUTER_BOUND('',#1785,.T.);
#1053=FACE_OUTER_BOUND('',#1786,.T.);
#1054=FACE_OUTER_BOUND('',#1787,.T.);
#1055=FACE_OUTER_BOUND('',#1788,.T.);
#1056=FACE_OUTER_BOUND('',#1789,.T.);
#1057=FACE_OUTER_BOUND('',#1790,.T.);
#1058=FACE_OUTER_BOUND('',#1791,.T.);
#1059=FACE_OUTER_BOUND('',#1792,.T.);
#1060=FACE_OUTER_BOUND('',#1793,.T.);
#1061=FACE_OUTER_BOUND('',#1794,.T.);
#1062=FACE_OUTER_BOUND('',#1795,.T.);
#1063=FACE_OUTER_BOUND('',#1796,.T.);
#1064=FACE_OUTER_BOUND('',#1797,.T.);
#1065=FACE_OUTER_BOUND('',#1798,.T.);
#1066=FACE_OUTER_BOUND('',#1799,.T.);
#1067=FACE_OUTER_BOUND('',#1800,.T.);
#1068=FACE_OUTER_BOUND('',#1801,.T.);
#1069=FACE_OUTER_BOUND('',#1802,.T.);
#1070=FACE_OUTER_BOUND('',#1803,.T.);
#1071=FACE_OUTER_BOUND('',#1804,.T.);
#1072=FACE_OUTER_BOUND('',#1805,.T.);
#1073=FACE_OUTER_BOUND('',#1806,.T.);
#1074=FACE_OUTER_BOUND('',#1807,.T.);
#1075=FACE_OUTER_BOUND('',#1808,.T.);
#1076=FACE_OUTER_BOUND('',#1809,.T.);
#1077=FACE_OUTER_BOUND('',#1810,.T.);
#1078=FACE_OUTER_BOUND('',#1811,.T.);
#1079=FACE_OUTER_BOUND('',#1812,.T.);
#1080=FACE_OUTER_BOUND('',#1813,.T.);
#1081=FACE_OUTER_BOUND('',#1814,.T.);
#1082=FACE_OUTER_BOUND('',#1815,.T.);
#1083=FACE_OUTER_BOUND('',#1816,.T.);
#1084=FACE_OUTER_BOUND('',#1817,.T.);
#1085=FACE_OUTER_BOUND('',#1818,.T.);
#1086=FACE_OUTER_BOUND('',#1819,.T.);
#1087=FACE_OUTER_BOUND('',#1820,.T.);
#1088=FACE_OUTER_BOUND('',#1821,.T.);
#1089=FACE_OUTER_BOUND('',#1822,.T.);
#1090=FACE_OUTER_BOUND('',#1823,.T.);
#1091=FACE_OUTER_BOUND('',#1824,.T.);
#1092=FACE_OUTER_BOUND('',#1825,.T.);
#1093=FACE_OUTER_BOUND('',#1826,.T.);
#1094=FACE_OUTER_BOUND('',#1827,.T.);
#1095=FACE_OUTER_BOUND('',#1828,.T.);
#1096=FACE_OUTER_BOUND('',#1829,.T.);
#1097=FACE_OUTER_BOUND('',#1830,.T.);
#1098=FACE_OUTER_BOUND('',#1831,.T.);
#1099=FACE_OUTER_BOUND('',#1832,.T.);
#1100=FACE_OUTER_BOUND('',#1833,.T.);
#1101=FACE_OUTER_BOUND('',#1834,.T.);
#1102=FACE_OUTER_BOUND('',#1835,.T.);
#1103=FACE_OUTER_BOUND('',#1836,.T.);
#1104=FACE_OUTER_BOUND('',#1837,.T.);
#1105=FACE_OUTER_BOUND('',#1838,.T.);
#1106=FACE_OUTER_BOUND('',#1839,.T.);
#1107=FACE_OUTER_BOUND('',#1840,.T.);
#1108=FACE_OUTER_BOUND('',#1841,.T.);
#1109=FACE_OUTER_BOUND('',#1842,.T.);
#1110=FACE_OUTER_BOUND('',#1843,.T.);
#1111=FACE_OUTER_BOUND('',#1844,.T.);
#1112=FACE_OUTER_BOUND('',#1845,.T.);
#1113=FACE_OUTER_BOUND('',#1846,.T.);
#1114=FACE_OUTER_BOUND('',#1847,.T.);
#1115=FACE_OUTER_BOUND('',#1848,.T.);
#1116=FACE_OUTER_BOUND('',#1849,.T.);
#1117=FACE_OUTER_BOUND('',#1850,.T.);
#1118=FACE_OUTER_BOUND('',#1851,.T.);
#1119=EDGE_LOOP('',(#7615,#7616,#7617,#7618));
#1120=EDGE_LOOP('',(#7619,#7620,#7621,#7622));
#1121=EDGE_LOOP('',(#7623,#7624,#7625,#7626));
#1122=EDGE_LOOP('',(#7627,#7628,#7629,#7630));
#1123=EDGE_LOOP('',(#7631,#7632,#7633,#7634));
#1124=EDGE_LOOP('',(#7635,#7636,#7637,#7638));
#1125=EDGE_LOOP('',(#7639,#7640,#7641,#7642));
#1126=EDGE_LOOP('',(#7643,#7644,#7645,#7646));
#1127=EDGE_LOOP('',(#7647,#7648,#7649,#7650));
#1128=EDGE_LOOP('',(#7651,#7652,#7653,#7654));
#1129=EDGE_LOOP('',(#7655,#7656,#7657,#7658));
#1130=EDGE_LOOP('',(#7659,#7660,#7661,#7662));
#1131=EDGE_LOOP('',(#7663,#7664,#7665,#7666));
#1132=EDGE_LOOP('',(#7667,#7668,#7669,#7670));
#1133=EDGE_LOOP('',(#7671,#7672,#7673,#7674));
#1134=EDGE_LOOP('',(#7675,#7676,#7677,#7678));
#1135=EDGE_LOOP('',(#7679,#7680,#7681,#7682));
#1136=EDGE_LOOP('',(#7683,#7684,#7685,#7686));
#1137=EDGE_LOOP('',(#7687,#7688,#7689,#7690));
#1138=EDGE_LOOP('',(#7691,#7692,#7693,#7694));
#1139=EDGE_LOOP('',(#7695,#7696,#7697,#7698));
#1140=EDGE_LOOP('',(#7699,#7700,#7701,#7702));
#1141=EDGE_LOOP('',(#7703,#7704,#7705,#7706));
#1142=EDGE_LOOP('',(#7707,#7708,#7709,#7710));
#1143=EDGE_LOOP('',(#7711,#7712,#7713,#7714));
#1144=EDGE_LOOP('',(#7715,#7716,#7717,#7718));
#1145=EDGE_LOOP('',(#7719,#7720,#7721,#7722));
#1146=EDGE_LOOP('',(#7723,#7724,#7725,#7726));
#1147=EDGE_LOOP('',(#7727,#7728,#7729,#7730));
#1148=EDGE_LOOP('',(#7731,#7732,#7733,#7734));
#1149=EDGE_LOOP('',(#7735,#7736,#7737,#7738));
#1150=EDGE_LOOP('',(#7739,#7740,#7741,#7742));
#1151=EDGE_LOOP('',(#7743,#7744,#7745,#7746));
#1152=EDGE_LOOP('',(#7747,#7748,#7749,#7750));
#1153=EDGE_LOOP('',(#7751,#7752,#7753,#7754));
#1154=EDGE_LOOP('',(#7755,#7756,#7757,#7758));
#1155=EDGE_LOOP('',(#7759,#7760,#7761,#7762));
#1156=EDGE_LOOP('',(#7763,#7764,#7765,#7766));
#1157=EDGE_LOOP('',(#7767,#7768,#7769,#7770));
#1158=EDGE_LOOP('',(#7771,#7772,#7773,#7774));
#1159=EDGE_LOOP('',(#7775,#7776,#7777,#7778));
#1160=EDGE_LOOP('',(#7779,#7780,#7781,#7782));
#1161=EDGE_LOOP('',(#7783,#7784,#7785,#7786));
#1162=EDGE_LOOP('',(#7787,#7788,#7789,#7790));
#1163=EDGE_LOOP('',(#7791,#7792,#7793,#7794));
#1164=EDGE_LOOP('',(#7795,#7796,#7797,#7798));
#1165=EDGE_LOOP('',(#7799,#7800,#7801,#7802));
#1166=EDGE_LOOP('',(#7803,#7804,#7805,#7806));
#1167=EDGE_LOOP('',(#7807,#7808,#7809,#7810));
#1168=EDGE_LOOP('',(#7811,#7812,#7813,#7814));
#1169=EDGE_LOOP('',(#7815,#7816,#7817,#7818));
#1170=EDGE_LOOP('',(#7819,#7820,#7821,#7822));
#1171=EDGE_LOOP('',(#7823,#7824,#7825,#7826));
#1172=EDGE_LOOP('',(#7827,#7828,#7829,#7830));
#1173=EDGE_LOOP('',(#7831,#7832,#7833,#7834));
#1174=EDGE_LOOP('',(#7835,#7836,#7837,#7838));
#1175=EDGE_LOOP('',(#7839,#7840,#7841,#7842));
#1176=EDGE_LOOP('',(#7843,#7844,#7845,#7846));
#1177=EDGE_LOOP('',(#7847,#7848,#7849,#7850));
#1178=EDGE_LOOP('',(#7851,#7852,#7853,#7854));
#1179=EDGE_LOOP('',(#7855,#7856,#7857,#7858));
#1180=EDGE_LOOP('',(#7859,#7860,#7861,#7862));
#1181=EDGE_LOOP('',(#7863,#7864,#7865,#7866));
#1182=EDGE_LOOP('',(#7867,#7868,#7869,#7870));
#1183=EDGE_LOOP('',(#7871,#7872,#7873,#7874));
#1184=EDGE_LOOP('',(#7875,#7876,#7877,#7878));
#1185=EDGE_LOOP('',(#7879,#7880,#7881,#7882));
#1186=EDGE_LOOP('',(#7883,#7884,#7885,#7886));
#1187=EDGE_LOOP('',(#7887,#7888,#7889,#7890));
#1188=EDGE_LOOP('',(#7891,#7892,#7893,#7894));
#1189=EDGE_LOOP('',(#7895,#7896,#7897,#7898));
#1190=EDGE_LOOP('',(#7899,#7900,#7901,#7902));
#1191=EDGE_LOOP('',(#7903,#7904,#7905,#7906));
#1192=EDGE_LOOP('',(#7907,#7908,#7909,#7910));
#1193=EDGE_LOOP('',(#7911,#7912,#7913,#7914));
#1194=EDGE_LOOP('',(#7915,#7916,#7917,#7918));
#1195=EDGE_LOOP('',(#7919,#7920,#7921,#7922));
#1196=EDGE_LOOP('',(#7923,#7924,#7925,#7926));
#1197=EDGE_LOOP('',(#7927,#7928,#7929,#7930));
#1198=EDGE_LOOP('',(#7931,#7932,#7933,#7934));
#1199=EDGE_LOOP('',(#7935,#7936,#7937,#7938));
#1200=EDGE_LOOP('',(#7939,#7940,#7941,#7942,#7943));
#1201=EDGE_LOOP('',(#7944,#7945,#7946,#7947));
#1202=EDGE_LOOP('',(#7948,#7949,#7950,#7951));
#1203=EDGE_LOOP('',(#7952,#7953,#7954,#7955));
#1204=EDGE_LOOP('',(#7956,#7957,#7958,#7959,#7960,#7961,#7962,#7963));
#1205=EDGE_LOOP('',(#7964,#7965,#7966,#7967,#7968,#7969,#7970,#7971));
#1206=EDGE_LOOP('',(#7972,#7973,#7974,#7975));
#1207=EDGE_LOOP('',(#7976,#7977,#7978,#7979,#7980,#7981,#7982,#7983));
#1208=EDGE_LOOP('',(#7984,#7985,#7986,#7987));
#1209=EDGE_LOOP('',(#7988,#7989,#7990));
#1210=EDGE_LOOP('',(#7991,#7992,#7993));
#1211=EDGE_LOOP('',(#7994,#7995,#7996));
#1212=EDGE_LOOP('',(#7997,#7998,#7999));
#1213=EDGE_LOOP('',(#8000,#8001,#8002));
#1214=EDGE_LOOP('',(#8003,#8004,#8005));
#1215=EDGE_LOOP('',(#8006,#8007,#8008));
#1216=EDGE_LOOP('',(#8009,#8010,#8011));
#1217=EDGE_LOOP('',(#8012,#8013,#8014));
#1218=EDGE_LOOP('',(#8015,#8016,#8017));
#1219=EDGE_LOOP('',(#8018,#8019,#8020));
#1220=EDGE_LOOP('',(#8021,#8022,#8023));
#1221=EDGE_LOOP('',(#8024,#8025,#8026));
#1222=EDGE_LOOP('',(#8027,#8028,#8029));
#1223=EDGE_LOOP('',(#8030,#8031,#8032));
#1224=EDGE_LOOP('',(#8033,#8034,#8035));
#1225=EDGE_LOOP('',(#8036,#8037,#8038));
#1226=EDGE_LOOP('',(#8039,#8040,#8041));
#1227=EDGE_LOOP('',(#8042,#8043,#8044));
#1228=EDGE_LOOP('',(#8045,#8046,#8047));
#1229=EDGE_LOOP('',(#8048,#8049,#8050));
#1230=EDGE_LOOP('',(#8051,#8052,#8053));
#1231=EDGE_LOOP('',(#8054,#8055,#8056));
#1232=EDGE_LOOP('',(#8057,#8058,#8059,#8060));
#1233=EDGE_LOOP('',(#8061,#8062,#8063,#8064));
#1234=EDGE_LOOP('',(#8065,#8066,#8067,#8068));
#1235=EDGE_LOOP('',(#8069,#8070,#8071,#8072));
#1236=EDGE_LOOP('',(#8073,#8074,#8075,#8076));
#1237=EDGE_LOOP('',(#8077,#8078,#8079,#8080));
#1238=EDGE_LOOP('',(#8081,#8082,#8083,#8084));
#1239=EDGE_LOOP('',(#8085,#8086,#8087,#8088));
#1240=EDGE_LOOP('',(#8089,#8090,#8091,#8092));
#1241=EDGE_LOOP('',(#8093,#8094,#8095,#8096,#8097,#8098,#8099,#8100));
#1242=EDGE_LOOP('',(#8101,#8102,#8103,#8104));
#1243=EDGE_LOOP('',(#8105,#8106,#8107,#8108));
#1244=EDGE_LOOP('',(#8109,#8110,#8111,#8112));
#1245=EDGE_LOOP('',(#8113,#8114,#8115,#8116));
#1246=EDGE_LOOP('',(#8117,#8118,#8119,#8120));
#1247=EDGE_LOOP('',(#8121,#8122,#8123,#8124));
#1248=EDGE_LOOP('',(#8125,#8126,#8127,#8128));
#1249=EDGE_LOOP('',(#8129,#8130,#8131,#8132));
#1250=EDGE_LOOP('',(#8133,#8134,#8135,#8136));
#1251=EDGE_LOOP('',(#8137,#8138,#8139,#8140));
#1252=EDGE_LOOP('',(#8141,#8142,#8143,#8144));
#1253=EDGE_LOOP('',(#8145,#8146,#8147,#8148));
#1254=EDGE_LOOP('',(#8149,#8150,#8151,#8152));
#1255=EDGE_LOOP('',(#8153,#8154,#8155,#8156,#8157,#8158,#8159,#8160));
#1256=EDGE_LOOP('',(#8161,#8162,#8163,#8164));
#1257=EDGE_LOOP('',(#8165,#8166,#8167,#8168));
#1258=EDGE_LOOP('',(#8169,#8170,#8171,#8172));
#1259=EDGE_LOOP('',(#8173,#8174,#8175,#8176));
#1260=EDGE_LOOP('',(#8177,#8178,#8179,#8180));
#1261=EDGE_LOOP('',(#8181,#8182,#8183,#8184));
#1262=EDGE_LOOP('',(#8185,#8186,#8187,#8188));
#1263=EDGE_LOOP('',(#8189,#8190,#8191,#8192));
#1264=EDGE_LOOP('',(#8193,#8194,#8195,#8196));
#1265=EDGE_LOOP('',(#8197,#8198,#8199,#8200));
#1266=EDGE_LOOP('',(#8201,#8202,#8203,#8204));
#1267=EDGE_LOOP('',(#8205,#8206,#8207,#8208));
#1268=EDGE_LOOP('',(#8209,#8210,#8211,#8212));
#1269=EDGE_LOOP('',(#8213,#8214,#8215,#8216,#8217,#8218,#8219,#8220));
#1270=EDGE_LOOP('',(#8221,#8222,#8223,#8224));
#1271=EDGE_LOOP('',(#8225,#8226,#8227,#8228));
#1272=EDGE_LOOP('',(#8229,#8230,#8231,#8232));
#1273=EDGE_LOOP('',(#8233,#8234,#8235,#8236));
#1274=EDGE_LOOP('',(#8237,#8238,#8239,#8240));
#1275=EDGE_LOOP('',(#8241,#8242,#8243,#8244,#8245));
#1276=EDGE_LOOP('',(#8246,#8247,#8248,#8249));
#1277=EDGE_LOOP('',(#8250,#8251,#8252,#8253));
#1278=EDGE_LOOP('',(#8254,#8255,#8256));
#1279=EDGE_LOOP('',(#8257,#8258,#8259));
#1280=EDGE_LOOP('',(#8260,#8261,#8262));
#1281=EDGE_LOOP('',(#8263,#8264,#8265));
#1282=EDGE_LOOP('',(#8266,#8267,#8268));
#1283=EDGE_LOOP('',(#8269,#8270,#8271));
#1284=EDGE_LOOP('',(#8272,#8273,#8274));
#1285=EDGE_LOOP('',(#8275,#8276,#8277));
#1286=EDGE_LOOP('',(#8278,#8279,#8280));
#1287=EDGE_LOOP('',(#8281,#8282,#8283));
#1288=EDGE_LOOP('',(#8284,#8285,#8286));
#1289=EDGE_LOOP('',(#8287,#8288,#8289));
#1290=EDGE_LOOP('',(#8290,#8291,#8292));
#1291=EDGE_LOOP('',(#8293,#8294,#8295));
#1292=EDGE_LOOP('',(#8296,#8297,#8298));
#1293=EDGE_LOOP('',(#8299,#8300,#8301));
#1294=EDGE_LOOP('',(#8302,#8303,#8304));
#1295=EDGE_LOOP('',(#8305,#8306,#8307));
#1296=EDGE_LOOP('',(#8308,#8309,#8310));
#1297=EDGE_LOOP('',(#8311,#8312,#8313));
#1298=EDGE_LOOP('',(#8314,#8315,#8316));
#1299=EDGE_LOOP('',(#8317,#8318,#8319));
#1300=EDGE_LOOP('',(#8320,#8321,#8322));
#1301=EDGE_LOOP('',(#8323,#8324,#8325,#8326));
#1302=EDGE_LOOP('',(#8327,#8328,#8329,#8330));
#1303=EDGE_LOOP('',(#8331,#8332,#8333,#8334));
#1304=EDGE_LOOP('',(#8335,#8336,#8337,#8338));
#1305=EDGE_LOOP('',(#8339,#8340,#8341,#8342));
#1306=EDGE_LOOP('',(#8343,#8344,#8345,#8346));
#1307=EDGE_LOOP('',(#8347,#8348,#8349,#8350));
#1308=EDGE_LOOP('',(#8351,#8352,#8353,#8354));
#1309=EDGE_LOOP('',(#8355,#8356,#8357,#8358));
#1310=EDGE_LOOP('',(#8359,#8360,#8361,#8362));
#1311=EDGE_LOOP('',(#8363,#8364,#8365,#8366));
#1312=EDGE_LOOP('',(#8367,#8368,#8369,#8370));
#1313=EDGE_LOOP('',(#8371,#8372,#8373,#8374));
#1314=EDGE_LOOP('',(#8375,#8376,#8377,#8378));
#1315=EDGE_LOOP('',(#8379,#8380,#8381,#8382));
#1316=EDGE_LOOP('',(#8383,#8384,#8385,#8386));
#1317=EDGE_LOOP('',(#8387,#8388,#8389,#8390));
#1318=EDGE_LOOP('',(#8391,#8392,#8393,#8394));
#1319=EDGE_LOOP('',(#8395,#8396,#8397,#8398));
#1320=EDGE_LOOP('',(#8399,#8400,#8401,#8402));
#1321=EDGE_LOOP('',(#8403,#8404,#8405,#8406));
#1322=EDGE_LOOP('',(#8407,#8408,#8409,#8410));
#1323=EDGE_LOOP('',(#8411,#8412,#8413,#8414));
#1324=EDGE_LOOP('',(#8415,#8416,#8417,#8418));
#1325=EDGE_LOOP('',(#8419,#8420,#8421,#8422));
#1326=EDGE_LOOP('',(#8423,#8424,#8425,#8426));
#1327=EDGE_LOOP('',(#8427,#8428,#8429,#8430));
#1328=EDGE_LOOP('',(#8431,#8432,#8433,#8434));
#1329=EDGE_LOOP('',(#8435,#8436,#8437,#8438));
#1330=EDGE_LOOP('',(#8439,#8440,#8441,#8442));
#1331=EDGE_LOOP('',(#8443,#8444,#8445,#8446));
#1332=EDGE_LOOP('',(#8447,#8448,#8449,#8450));
#1333=EDGE_LOOP('',(#8451,#8452,#8453,#8454));
#1334=EDGE_LOOP('',(#8455,#8456,#8457,#8458));
#1335=EDGE_LOOP('',(#8459,#8460,#8461,#8462));
#1336=EDGE_LOOP('',(#8463,#8464,#8465,#8466));
#1337=EDGE_LOOP('',(#8467,#8468,#8469,#8470));
#1338=EDGE_LOOP('',(#8471,#8472,#8473,#8474));
#1339=EDGE_LOOP('',(#8475,#8476,#8477,#8478));
#1340=EDGE_LOOP('',(#8479,#8480,#8481,#8482));
#1341=EDGE_LOOP('',(#8483,#8484,#8485,#8486));
#1342=EDGE_LOOP('',(#8487,#8488,#8489,#8490));
#1343=EDGE_LOOP('',(#8491,#8492,#8493,#8494));
#1344=EDGE_LOOP('',(#8495,#8496,#8497,#8498));
#1345=EDGE_LOOP('',(#8499,#8500,#8501,#8502));
#1346=EDGE_LOOP('',(#8503,#8504,#8505,#8506));
#1347=EDGE_LOOP('',(#8507,#8508,#8509,#8510));
#1348=EDGE_LOOP('',(#8511,#8512,#8513,#8514));
#1349=EDGE_LOOP('',(#8515,#8516,#8517,#8518));
#1350=EDGE_LOOP('',(#8519,#8520,#8521,#8522));
#1351=EDGE_LOOP('',(#8523,#8524,#8525,#8526));
#1352=EDGE_LOOP('',(#8527,#8528,#8529,#8530));
#1353=EDGE_LOOP('',(#8531,#8532,#8533,#8534));
#1354=EDGE_LOOP('',(#8535,#8536,#8537,#8538));
#1355=EDGE_LOOP('',(#8539,#8540,#8541,#8542));
#1356=EDGE_LOOP('',(#8543,#8544,#8545,#8546));
#1357=EDGE_LOOP('',(#8547,#8548,#8549,#8550));
#1358=EDGE_LOOP('',(#8551,#8552,#8553,#8554));
#1359=EDGE_LOOP('',(#8555,#8556,#8557,#8558));
#1360=EDGE_LOOP('',(#8559,#8560,#8561,#8562));
#1361=EDGE_LOOP('',(#8563,#8564,#8565,#8566));
#1362=EDGE_LOOP('',(#8567,#8568,#8569,#8570));
#1363=EDGE_LOOP('',(#8571,#8572,#8573,#8574));
#1364=EDGE_LOOP('',(#8575,#8576,#8577,#8578));
#1365=EDGE_LOOP('',(#8579,#8580,#8581,#8582));
#1366=EDGE_LOOP('',(#8583,#8584,#8585,#8586));
#1367=EDGE_LOOP('',(#8587,#8588,#8589,#8590));
#1368=EDGE_LOOP('',(#8591,#8592,#8593,#8594));
#1369=EDGE_LOOP('',(#8595,#8596,#8597,#8598));
#1370=EDGE_LOOP('',(#8599,#8600,#8601,#8602));
#1371=EDGE_LOOP('',(#8603,#8604,#8605,#8606));
#1372=EDGE_LOOP('',(#8607,#8608,#8609,#8610));
#1373=EDGE_LOOP('',(#8611,#8612,#8613,#8614));
#1374=EDGE_LOOP('',(#8615,#8616,#8617,#8618));
#1375=EDGE_LOOP('',(#8619,#8620,#8621,#8622));
#1376=EDGE_LOOP('',(#8623,#8624,#8625,#8626));
#1377=EDGE_LOOP('',(#8627,#8628,#8629,#8630));
#1378=EDGE_LOOP('',(#8631,#8632,#8633,#8634));
#1379=EDGE_LOOP('',(#8635,#8636,#8637,#8638));
#1380=EDGE_LOOP('',(#8639,#8640,#8641,#8642));
#1381=EDGE_LOOP('',(#8643,#8644,#8645,#8646));
#1382=EDGE_LOOP('',(#8647,#8648,#8649,#8650,#8651));
#1383=EDGE_LOOP('',(#8652,#8653,#8654,#8655));
#1384=EDGE_LOOP('',(#8656,#8657,#8658,#8659));
#1385=EDGE_LOOP('',(#8660,#8661,#8662,#8663));
#1386=EDGE_LOOP('',(#8664,#8665,#8666,#8667,#8668,#8669,#8670,#8671));
#1387=EDGE_LOOP('',(#8672,#8673,#8674,#8675,#8676,#8677,#8678,#8679));
#1388=EDGE_LOOP('',(#8680,#8681,#8682,#8683));
#1389=EDGE_LOOP('',(#8684,#8685,#8686,#8687,#8688,#8689,#8690,#8691));
#1390=EDGE_LOOP('',(#8692,#8693,#8694,#8695));
#1391=EDGE_LOOP('',(#8696,#8697,#8698));
#1392=EDGE_LOOP('',(#8699,#8700,#8701));
#1393=EDGE_LOOP('',(#8702,#8703,#8704));
#1394=EDGE_LOOP('',(#8705,#8706,#8707));
#1395=EDGE_LOOP('',(#8708,#8709,#8710));
#1396=EDGE_LOOP('',(#8711,#8712,#8713));
#1397=EDGE_LOOP('',(#8714,#8715,#8716));
#1398=EDGE_LOOP('',(#8717,#8718,#8719));
#1399=EDGE_LOOP('',(#8720,#8721,#8722));
#1400=EDGE_LOOP('',(#8723,#8724,#8725));
#1401=EDGE_LOOP('',(#8726,#8727,#8728));
#1402=EDGE_LOOP('',(#8729,#8730,#8731));
#1403=EDGE_LOOP('',(#8732,#8733,#8734));
#1404=EDGE_LOOP('',(#8735,#8736,#8737));
#1405=EDGE_LOOP('',(#8738,#8739,#8740));
#1406=EDGE_LOOP('',(#8741,#8742,#8743));
#1407=EDGE_LOOP('',(#8744,#8745,#8746));
#1408=EDGE_LOOP('',(#8747,#8748,#8749));
#1409=EDGE_LOOP('',(#8750,#8751,#8752));
#1410=EDGE_LOOP('',(#8753,#8754,#8755));
#1411=EDGE_LOOP('',(#8756,#8757,#8758));
#1412=EDGE_LOOP('',(#8759,#8760,#8761));
#1413=EDGE_LOOP('',(#8762,#8763,#8764));
#1414=EDGE_LOOP('',(#8765,#8766,#8767,#8768));
#1415=EDGE_LOOP('',(#8769,#8770,#8771,#8772));
#1416=EDGE_LOOP('',(#8773,#8774,#8775,#8776));
#1417=EDGE_LOOP('',(#8777,#8778,#8779,#8780));
#1418=EDGE_LOOP('',(#8781,#8782,#8783,#8784));
#1419=EDGE_LOOP('',(#8785,#8786,#8787,#8788));
#1420=EDGE_LOOP('',(#8789,#8790,#8791,#8792));
#1421=EDGE_LOOP('',(#8793,#8794,#8795,#8796));
#1422=EDGE_LOOP('',(#8797,#8798,#8799,#8800));
#1423=EDGE_LOOP('',(#8801,#8802,#8803,#8804,#8805,#8806,#8807,#8808));
#1424=EDGE_LOOP('',(#8809,#8810,#8811,#8812));
#1425=EDGE_LOOP('',(#8813,#8814,#8815,#8816));
#1426=EDGE_LOOP('',(#8817,#8818,#8819,#8820));
#1427=EDGE_LOOP('',(#8821,#8822,#8823,#8824));
#1428=EDGE_LOOP('',(#8825,#8826,#8827,#8828));
#1429=EDGE_LOOP('',(#8829,#8830,#8831,#8832));
#1430=EDGE_LOOP('',(#8833,#8834,#8835,#8836));
#1431=EDGE_LOOP('',(#8837,#8838,#8839,#8840));
#1432=EDGE_LOOP('',(#8841,#8842,#8843,#8844));
#1433=EDGE_LOOP('',(#8845,#8846,#8847,#8848));
#1434=EDGE_LOOP('',(#8849,#8850,#8851,#8852));
#1435=EDGE_LOOP('',(#8853,#8854,#8855,#8856));
#1436=EDGE_LOOP('',(#8857,#8858,#8859,#8860));
#1437=EDGE_LOOP('',(#8861,#8862,#8863,#8864,#8865,#8866,#8867,#8868));
#1438=EDGE_LOOP('',(#8869,#8870,#8871,#8872));
#1439=EDGE_LOOP('',(#8873,#8874,#8875,#8876));
#1440=EDGE_LOOP('',(#8877,#8878,#8879,#8880));
#1441=EDGE_LOOP('',(#8881,#8882,#8883,#8884));
#1442=EDGE_LOOP('',(#8885,#8886,#8887,#8888));
#1443=EDGE_LOOP('',(#8889,#8890,#8891,#8892));
#1444=EDGE_LOOP('',(#8893,#8894,#8895,#8896));
#1445=EDGE_LOOP('',(#8897,#8898,#8899,#8900));
#1446=EDGE_LOOP('',(#8901,#8902,#8903,#8904));
#1447=EDGE_LOOP('',(#8905,#8906,#8907,#8908));
#1448=EDGE_LOOP('',(#8909,#8910,#8911,#8912));
#1449=EDGE_LOOP('',(#8913,#8914,#8915,#8916));
#1450=EDGE_LOOP('',(#8917,#8918,#8919,#8920));
#1451=EDGE_LOOP('',(#8921,#8922,#8923,#8924,#8925,#8926,#8927,#8928));
#1452=EDGE_LOOP('',(#8929,#8930,#8931,#8932));
#1453=EDGE_LOOP('',(#8933,#8934,#8935,#8936));
#1454=EDGE_LOOP('',(#8937,#8938,#8939,#8940));
#1455=EDGE_LOOP('',(#8941,#8942,#8943,#8944));
#1456=EDGE_LOOP('',(#8945,#8946,#8947,#8948));
#1457=EDGE_LOOP('',(#8949,#8950,#8951,#8952,#8953));
#1458=EDGE_LOOP('',(#8954,#8955,#8956,#8957));
#1459=EDGE_LOOP('',(#8958,#8959,#8960,#8961));
#1460=EDGE_LOOP('',(#8962,#8963,#8964));
#1461=EDGE_LOOP('',(#8965,#8966,#8967));
#1462=EDGE_LOOP('',(#8968,#8969,#8970));
#1463=EDGE_LOOP('',(#8971,#8972,#8973));
#1464=EDGE_LOOP('',(#8974,#8975,#8976));
#1465=EDGE_LOOP('',(#8977,#8978,#8979));
#1466=EDGE_LOOP('',(#8980,#8981,#8982));
#1467=EDGE_LOOP('',(#8983,#8984,#8985));
#1468=EDGE_LOOP('',(#8986,#8987,#8988));
#1469=EDGE_LOOP('',(#8989,#8990,#8991));
#1470=EDGE_LOOP('',(#8992,#8993,#8994));
#1471=EDGE_LOOP('',(#8995,#8996,#8997));
#1472=EDGE_LOOP('',(#8998,#8999,#9000));
#1473=EDGE_LOOP('',(#9001,#9002,#9003));
#1474=EDGE_LOOP('',(#9004,#9005,#9006));
#1475=EDGE_LOOP('',(#9007,#9008,#9009));
#1476=EDGE_LOOP('',(#9010,#9011,#9012));
#1477=EDGE_LOOP('',(#9013,#9014,#9015));
#1478=EDGE_LOOP('',(#9016,#9017,#9018));
#1479=EDGE_LOOP('',(#9019,#9020,#9021));
#1480=EDGE_LOOP('',(#9022,#9023,#9024));
#1481=EDGE_LOOP('',(#9025,#9026,#9027));
#1482=EDGE_LOOP('',(#9028,#9029,#9030));
#1483=EDGE_LOOP('',(#9031,#9032,#9033,#9034));
#1484=EDGE_LOOP('',(#9035,#9036,#9037,#9038));
#1485=EDGE_LOOP('',(#9039,#9040,#9041,#9042));
#1486=EDGE_LOOP('',(#9043,#9044,#9045,#9046,#9047,#9048));
#1487=EDGE_LOOP('',(#9049,#9050,#9051,#9052));
#1488=EDGE_LOOP('',(#9053,#9054,#9055,#9056));
#1489=EDGE_LOOP('',(#9057,#9058,#9059,#9060));
#1490=EDGE_LOOP('',(#9061,#9062,#9063,#9064));
#1491=EDGE_LOOP('',(#9065,#9066,#9067,#9068));
#1492=EDGE_LOOP('',(#9069,#9070,#9071,#9072));
#1493=EDGE_LOOP('',(#9073,#9074,#9075,#9076));
#1494=EDGE_LOOP('',(#9077,#9078,#9079,#9080));
#1495=EDGE_LOOP('',(#9081,#9082,#9083,#9084));
#1496=EDGE_LOOP('',(#9085,#9086,#9087,#9088));
#1497=EDGE_LOOP('',(#9089,#9090,#9091,#9092));
#1498=EDGE_LOOP('',(#9093,#9094,#9095,#9096));
#1499=EDGE_LOOP('',(#9097,#9098,#9099,#9100));
#1500=EDGE_LOOP('',(#9101,#9102,#9103,#9104));
#1501=EDGE_LOOP('',(#9105,#9106,#9107,#9108));
#1502=EDGE_LOOP('',(#9109,#9110,#9111,#9112));
#1503=EDGE_LOOP('',(#9113,#9114,#9115,#9116));
#1504=EDGE_LOOP('',(#9117,#9118,#9119,#9120));
#1505=EDGE_LOOP('',(#9121,#9122,#9123,#9124));
#1506=EDGE_LOOP('',(#9125,#9126,#9127,#9128));
#1507=EDGE_LOOP('',(#9129,#9130,#9131,#9132));
#1508=EDGE_LOOP('',(#9133,#9134,#9135,#9136));
#1509=EDGE_LOOP('',(#9137,#9138,#9139,#9140));
#1510=EDGE_LOOP('',(#9141,#9142,#9143,#9144));
#1511=EDGE_LOOP('',(#9145,#9146,#9147,#9148));
#1512=EDGE_LOOP('',(#9149,#9150,#9151,#9152));
#1513=EDGE_LOOP('',(#9153,#9154,#9155,#9156));
#1514=EDGE_LOOP('',(#9157,#9158,#9159,#9160));
#1515=EDGE_LOOP('',(#9161,#9162,#9163,#9164));
#1516=EDGE_LOOP('',(#9165,#9166,#9167,#9168));
#1517=EDGE_LOOP('',(#9169,#9170,#9171,#9172));
#1518=EDGE_LOOP('',(#9173,#9174,#9175,#9176));
#1519=EDGE_LOOP('',(#9177,#9178,#9179,#9180));
#1520=EDGE_LOOP('',(#9181,#9182,#9183,#9184));
#1521=EDGE_LOOP('',(#9185,#9186,#9187,#9188));
#1522=EDGE_LOOP('',(#9189,#9190,#9191,#9192));
#1523=EDGE_LOOP('',(#9193,#9194,#9195,#9196));
#1524=EDGE_LOOP('',(#9197,#9198,#9199,#9200));
#1525=EDGE_LOOP('',(#9201,#9202,#9203,#9204));
#1526=EDGE_LOOP('',(#9205,#9206,#9207,#9208));
#1527=EDGE_LOOP('',(#9209,#9210,#9211,#9212));
#1528=EDGE_LOOP('',(#9213,#9214,#9215,#9216));
#1529=EDGE_LOOP('',(#9217,#9218,#9219,#9220));
#1530=EDGE_LOOP('',(#9221,#9222,#9223,#9224));
#1531=EDGE_LOOP('',(#9225,#9226,#9227,#9228));
#1532=EDGE_LOOP('',(#9229,#9230,#9231,#9232));
#1533=EDGE_LOOP('',(#9233,#9234,#9235,#9236));
#1534=EDGE_LOOP('',(#9237,#9238,#9239,#9240));
#1535=EDGE_LOOP('',(#9241,#9242,#9243,#9244));
#1536=EDGE_LOOP('',(#9245,#9246,#9247,#9248));
#1537=EDGE_LOOP('',(#9249,#9250,#9251,#9252));
#1538=EDGE_LOOP('',(#9253,#9254,#9255,#9256));
#1539=EDGE_LOOP('',(#9257,#9258,#9259,#9260));
#1540=EDGE_LOOP('',(#9261,#9262,#9263,#9264));
#1541=EDGE_LOOP('',(#9265,#9266,#9267,#9268));
#1542=EDGE_LOOP('',(#9269,#9270,#9271,#9272));
#1543=EDGE_LOOP('',(#9273,#9274,#9275,#9276));
#1544=EDGE_LOOP('',(#9277,#9278,#9279,#9280));
#1545=EDGE_LOOP('',(#9281,#9282,#9283,#9284));
#1546=EDGE_LOOP('',(#9285,#9286,#9287,#9288));
#1547=EDGE_LOOP('',(#9289,#9290,#9291,#9292));
#1548=EDGE_LOOP('',(#9293,#9294,#9295,#9296));
#1549=EDGE_LOOP('',(#9297,#9298,#9299,#9300));
#1550=EDGE_LOOP('',(#9301,#9302,#9303,#9304));
#1551=EDGE_LOOP('',(#9305,#9306,#9307,#9308));
#1552=EDGE_LOOP('',(#9309,#9310,#9311,#9312));
#1553=EDGE_LOOP('',(#9313,#9314,#9315,#9316));
#1554=EDGE_LOOP('',(#9317,#9318,#9319,#9320));
#1555=EDGE_LOOP('',(#9321,#9322,#9323,#9324));
#1556=EDGE_LOOP('',(#9325,#9326,#9327,#9328));
#1557=EDGE_LOOP('',(#9329,#9330,#9331,#9332));
#1558=EDGE_LOOP('',(#9333,#9334,#9335,#9336));
#1559=EDGE_LOOP('',(#9337,#9338,#9339,#9340,#9341,#9342));
#1560=EDGE_LOOP('',(#9343,#9344,#9345,#9346));
#1561=EDGE_LOOP('',(#9347,#9348,#9349,#9350));
#1562=EDGE_LOOP('',(#9351,#9352,#9353,#9354));
#1563=EDGE_LOOP('',(#9355,#9356,#9357,#9358));
#1564=EDGE_LOOP('',(#9359,#9360,#9361,#9362));
#1565=EDGE_LOOP('',(#9363,#9364,#9365,#9366,#9367));
#1566=EDGE_LOOP('',(#9368,#9369,#9370,#9371,#9372,#9373,#9374,#9375,#9376,
#9377));
#1567=EDGE_LOOP('',(#9378,#9379,#9380,#9381,#9382,#9383,#9384,#9385,#9386,
#9387,#9388,#9389,#9390,#9391,#9392,#9393,#9394,#9395,#9396,#9397,#9398,
#9399,#9400,#9401,#9402,#9403,#9404,#9405,#9406,#9407,#9408,#9409,#9410,
#9411,#9412,#9413,#9414,#9415,#9416,#9417,#9418,#9419,#9420,#9421,#9422,
#9423,#9424,#9425,#9426,#9427,#9428,#9429,#9430,#9431,#9432,#9433,#9434,
#9435,#9436,#9437,#9438,#9439,#9440,#9441,#9442,#9443,#9444,#9445,#9446,
#9447,#9448,#9449,#9450,#9451,#9452,#9453,#9454,#9455,#9456,#9457,#9458,
#9459,#9460,#9461));
#1568=EDGE_LOOP('',(#9462,#9463,#9464,#9465));
#1569=EDGE_LOOP('',(#9466,#9467,#9468,#9469,#9470,#9471,#9472,#9473,#9474,
#9475,#9476,#9477,#9478,#9479,#9480,#9481,#9482,#9483,#9484,#9485,#9486,
#9487,#9488,#9489,#9490,#9491,#9492,#9493,#9494,#9495,#9496,#9497,#9498,
#9499,#9500,#9501,#9502,#9503,#9504,#9505,#9506,#9507,#9508,#9509));
#1570=EDGE_LOOP('',(#9510,#9511,#9512,#9513));
#1571=EDGE_LOOP('',(#9514,#9515,#9516,#9517,#9518));
#1572=EDGE_LOOP('',(#9519,#9520,#9521,#9522));
#1573=EDGE_LOOP('',(#9523,#9524,#9525,#9526,#9527,#9528));
#1574=EDGE_LOOP('',(#9529,#9530,#9531,#9532));
#1575=EDGE_LOOP('',(#9533,#9534,#9535,#9536,#9537,#9538));
#1576=EDGE_LOOP('',(#9539,#9540,#9541,#9542,#9543,#9544,#9545,#9546,#9547,
#9548,#9549,#9550,#9551,#9552,#9553,#9554,#9555,#9556,#9557,#9558,#9559,
#9560,#9561,#9562,#9563,#9564,#9565,#9566,#9567,#9568,#9569,#9570,#9571,
#9572,#9573,#9574,#9575,#9576,#9577,#9578,#9579,#9580,#9581,#9582));
#1577=EDGE_LOOP('',(#9583,#9584,#9585,#9586,#9587,#9588,#9589,#9590));
#1578=EDGE_LOOP('',(#9591,#9592,#9593,#9594));
#1579=EDGE_LOOP('',(#9595,#9596,#9597,#9598));
#1580=EDGE_LOOP('',(#9599,#9600,#9601,#9602));
#1581=EDGE_LOOP('',(#9603,#9604,#9605,#9606));
#1582=EDGE_LOOP('',(#9607,#9608,#9609,#9610));
#1583=EDGE_LOOP('',(#9611,#9612,#9613,#9614));
#1584=EDGE_LOOP('',(#9615,#9616,#9617,#9618));
#1585=EDGE_LOOP('',(#9619,#9620,#9621,#9622));
#1586=EDGE_LOOP('',(#9623,#9624,#9625,#9626));
#1587=EDGE_LOOP('',(#9627,#9628,#9629,#9630));
#1588=EDGE_LOOP('',(#9631,#9632,#9633,#9634));
#1589=EDGE_LOOP('',(#9635,#9636,#9637,#9638));
#1590=EDGE_LOOP('',(#9639,#9640,#9641,#9642));
#1591=EDGE_LOOP('',(#9643,#9644,#9645,#9646));
#1592=EDGE_LOOP('',(#9647,#9648,#9649,#9650));
#1593=EDGE_LOOP('',(#9651,#9652,#9653,#9654));
#1594=EDGE_LOOP('',(#9655,#9656,#9657,#9658));
#1595=EDGE_LOOP('',(#9659,#9660,#9661,#9662));
#1596=EDGE_LOOP('',(#9663,#9664,#9665,#9666));
#1597=EDGE_LOOP('',(#9667,#9668,#9669,#9670));
#1598=EDGE_LOOP('',(#9671,#9672,#9673,#9674));
#1599=EDGE_LOOP('',(#9675,#9676,#9677,#9678));
#1600=EDGE_LOOP('',(#9679,#9680,#9681,#9682));
#1601=EDGE_LOOP('',(#9683,#9684,#9685,#9686));
#1602=EDGE_LOOP('',(#9687,#9688,#9689,#9690));
#1603=EDGE_LOOP('',(#9691,#9692,#9693,#9694));
#1604=EDGE_LOOP('',(#9695,#9696,#9697,#9698));
#1605=EDGE_LOOP('',(#9699,#9700,#9701,#9702));
#1606=EDGE_LOOP('',(#9703,#9704,#9705,#9706));
#1607=EDGE_LOOP('',(#9707,#9708,#9709,#9710));
#1608=EDGE_LOOP('',(#9711,#9712,#9713,#9714));
#1609=EDGE_LOOP('',(#9715,#9716,#9717,#9718));
#1610=EDGE_LOOP('',(#9719,#9720,#9721,#9722));
#1611=EDGE_LOOP('',(#9723,#9724,#9725,#9726));
#1612=EDGE_LOOP('',(#9727,#9728,#9729,#9730));
#1613=EDGE_LOOP('',(#9731,#9732,#9733,#9734));
#1614=EDGE_LOOP('',(#9735,#9736,#9737,#9738));
#1615=EDGE_LOOP('',(#9739,#9740,#9741,#9742));
#1616=EDGE_LOOP('',(#9743,#9744,#9745,#9746));
#1617=EDGE_LOOP('',(#9747,#9748,#9749,#9750,#9751,#9752,#9753,#9754,#9755,
#9756,#9757,#9758));
#1618=EDGE_LOOP('',(#9759,#9760,#9761,#9762,#9763,#9764,#9765,#9766,#9767,
#9768,#9769,#9770));
#1619=EDGE_LOOP('',(#9771,#9772,#9773,#9774));
#1620=EDGE_LOOP('',(#9775,#9776,#9777,#9778));
#1621=EDGE_LOOP('',(#9779,#9780,#9781,#9782));
#1622=EDGE_LOOP('',(#9783,#9784,#9785,#9786));
#1623=EDGE_LOOP('',(#9787,#9788,#9789,#9790));
#1624=EDGE_LOOP('',(#9791,#9792,#9793,#9794));
#1625=EDGE_LOOP('',(#9795,#9796,#9797,#9798));
#1626=EDGE_LOOP('',(#9799,#9800,#9801,#9802));
#1627=EDGE_LOOP('',(#9803,#9804,#9805,#9806));
#1628=EDGE_LOOP('',(#9807,#9808,#9809,#9810));
#1629=EDGE_LOOP('',(#9811,#9812,#9813,#9814));
#1630=EDGE_LOOP('',(#9815,#9816,#9817,#9818));
#1631=EDGE_LOOP('',(#9819,#9820,#9821,#9822));
#1632=EDGE_LOOP('',(#9823,#9824,#9825,#9826,#9827,#9828,#9829,#9830,#9831,
#9832,#9833,#9834,#9835));
#1633=EDGE_LOOP('',(#9836,#9837,#9838,#9839,#9840,#9841,#9842,#9843,#9844,
#9845,#9846,#9847,#9848));
#1634=EDGE_LOOP('',(#9849,#9850,#9851,#9852));
#1635=EDGE_LOOP('',(#9853,#9854,#9855,#9856));
#1636=EDGE_LOOP('',(#9857,#9858,#9859,#9860));
#1637=EDGE_LOOP('',(#9861,#9862,#9863,#9864));
#1638=EDGE_LOOP('',(#9865,#9866,#9867,#9868));
#1639=EDGE_LOOP('',(#9869,#9870,#9871,#9872));
#1640=EDGE_LOOP('',(#9873,#9874,#9875,#9876));
#1641=EDGE_LOOP('',(#9877,#9878,#9879,#9880));
#1642=EDGE_LOOP('',(#9881,#9882,#9883,#9884));
#1643=EDGE_LOOP('',(#9885,#9886,#9887,#9888));
#1644=EDGE_LOOP('',(#9889,#9890,#9891,#9892));
#1645=EDGE_LOOP('',(#9893,#9894,#9895,#9896,#9897,#9898,#9899,#9900));
#1646=EDGE_LOOP('',(#9901,#9902,#9903));
#1647=EDGE_LOOP('',(#9904,#9905,#9906,#9907,#9908,#9909,#9910,#9911));
#1648=EDGE_LOOP('',(#9912,#9913,#9914));
#1649=EDGE_LOOP('',(#9915,#9916,#9917,#9918));
#1650=EDGE_LOOP('',(#9919,#9920,#9921,#9922));
#1651=EDGE_LOOP('',(#9923,#9924,#9925,#9926));
#1652=EDGE_LOOP('',(#9927,#9928,#9929,#9930));
#1653=EDGE_LOOP('',(#9931,#9932,#9933,#9934));
#1654=EDGE_LOOP('',(#9935,#9936,#9937,#9938));
#1655=EDGE_LOOP('',(#9939,#9940,#9941,#9942));
#1656=EDGE_LOOP('',(#9943,#9944,#9945,#9946));
#1657=EDGE_LOOP('',(#9947,#9948,#9949,#9950));
#1658=EDGE_LOOP('',(#9951,#9952,#9953,#9954));
#1659=EDGE_LOOP('',(#9955,#9956,#9957,#9958));
#1660=EDGE_LOOP('',(#9959,#9960,#9961,#9962));
#1661=EDGE_LOOP('',(#9963,#9964,#9965,#9966));
#1662=EDGE_LOOP('',(#9967,#9968,#9969,#9970));
#1663=EDGE_LOOP('',(#9971,#9972,#9973,#9974));
#1664=EDGE_LOOP('',(#9975,#9976,#9977,#9978));
#1665=EDGE_LOOP('',(#9979,#9980,#9981,#9982));
#1666=EDGE_LOOP('',(#9983,#9984,#9985,#9986));
#1667=EDGE_LOOP('',(#9987,#9988,#9989,#9990));
#1668=EDGE_LOOP('',(#9991,#9992,#9993,#9994));
#1669=EDGE_LOOP('',(#9995,#9996,#9997,#9998));
#1670=EDGE_LOOP('',(#9999,#10000,#10001,#10002));
#1671=EDGE_LOOP('',(#10003,#10004,#10005,#10006));
#1672=EDGE_LOOP('',(#10007,#10008,#10009,#10010));
#1673=EDGE_LOOP('',(#10011,#10012,#10013,#10014));
#1674=EDGE_LOOP('',(#10015,#10016,#10017,#10018,#10019,#10020,#10021,#10022,
#10023,#10024,#10025,#10026,#10027,#10028,#10029,#10030,#10031,#10032,#10033,
#10034,#10035,#10036,#10037,#10038,#10039));
#1675=EDGE_LOOP('',(#10040,#10041,#10042,#10043,#10044,#10045,#10046,#10047,
#10048,#10049,#10050,#10051,#10052,#10053,#10054,#10055,#10056,#10057,#10058,
#10059,#10060,#10061,#10062,#10063,#10064));
#1676=EDGE_LOOP('',(#10065,#10066,#10067,#10068));
#1677=EDGE_LOOP('',(#10069,#10070,#10071,#10072));
#1678=EDGE_LOOP('',(#10073,#10074,#10075,#10076));
#1679=EDGE_LOOP('',(#10077,#10078,#10079,#10080));
#1680=EDGE_LOOP('',(#10081,#10082,#10083,#10084));
#1681=EDGE_LOOP('',(#10085,#10086,#10087,#10088));
#1682=EDGE_LOOP('',(#10089,#10090,#10091,#10092));
#1683=EDGE_LOOP('',(#10093,#10094,#10095,#10096));
#1684=EDGE_LOOP('',(#10097,#10098,#10099,#10100));
#1685=EDGE_LOOP('',(#10101,#10102,#10103,#10104));
#1686=EDGE_LOOP('',(#10105,#10106,#10107,#10108,#10109,#10110,#10111,#10112,
#10113,#10114));
#1687=EDGE_LOOP('',(#10115,#10116,#10117,#10118,#10119,#10120,#10121,#10122,
#10123,#10124));
#1688=EDGE_LOOP('',(#10125,#10126,#10127,#10128));
#1689=EDGE_LOOP('',(#10129,#10130,#10131,#10132));
#1690=EDGE_LOOP('',(#10133,#10134,#10135,#10136));
#1691=EDGE_LOOP('',(#10137,#10138,#10139,#10140));
#1692=EDGE_LOOP('',(#10141,#10142,#10143,#10144));
#1693=EDGE_LOOP('',(#10145,#10146,#10147,#10148));
#1694=EDGE_LOOP('',(#10149,#10150,#10151,#10152));
#1695=EDGE_LOOP('',(#10153,#10154,#10155,#10156));
#1696=EDGE_LOOP('',(#10157,#10158,#10159,#10160));
#1697=EDGE_LOOP('',(#10161,#10162,#10163,#10164));
#1698=EDGE_LOOP('',(#10165,#10166,#10167,#10168));
#1699=EDGE_LOOP('',(#10169,#10170,#10171,#10172,#10173,#10174,#10175,#10176));
#1700=EDGE_LOOP('',(#10177,#10178,#10179));
#1701=EDGE_LOOP('',(#10180,#10181,#10182,#10183,#10184,#10185,#10186,#10187));
#1702=EDGE_LOOP('',(#10188,#10189,#10190));
#1703=EDGE_LOOP('',(#10191,#10192,#10193,#10194));
#1704=EDGE_LOOP('',(#10195,#10196,#10197,#10198));
#1705=EDGE_LOOP('',(#10199,#10200,#10201,#10202));
#1706=EDGE_LOOP('',(#10203,#10204,#10205,#10206));
#1707=EDGE_LOOP('',(#10207,#10208,#10209,#10210));
#1708=EDGE_LOOP('',(#10211,#10212,#10213,#10214));
#1709=EDGE_LOOP('',(#10215,#10216,#10217,#10218));
#1710=EDGE_LOOP('',(#10219,#10220,#10221,#10222));
#1711=EDGE_LOOP('',(#10223,#10224,#10225,#10226));
#1712=EDGE_LOOP('',(#10227,#10228,#10229,#10230));
#1713=EDGE_LOOP('',(#10231,#10232,#10233,#10234));
#1714=EDGE_LOOP('',(#10235,#10236,#10237,#10238));
#1715=EDGE_LOOP('',(#10239,#10240,#10241,#10242));
#1716=EDGE_LOOP('',(#10243,#10244,#10245,#10246));
#1717=EDGE_LOOP('',(#10247,#10248,#10249,#10250));
#1718=EDGE_LOOP('',(#10251,#10252,#10253,#10254));
#1719=EDGE_LOOP('',(#10255,#10256,#10257,#10258));
#1720=EDGE_LOOP('',(#10259,#10260,#10261,#10262));
#1721=EDGE_LOOP('',(#10263,#10264,#10265,#10266));
#1722=EDGE_LOOP('',(#10267,#10268,#10269,#10270));
#1723=EDGE_LOOP('',(#10271,#10272,#10273,#10274));
#1724=EDGE_LOOP('',(#10275,#10276,#10277,#10278));
#1725=EDGE_LOOP('',(#10279,#10280,#10281,#10282));
#1726=EDGE_LOOP('',(#10283,#10284,#10285,#10286));
#1727=EDGE_LOOP('',(#10287,#10288,#10289,#10290));
#1728=EDGE_LOOP('',(#10291,#10292,#10293,#10294));
#1729=EDGE_LOOP('',(#10295,#10296,#10297,#10298));
#1730=EDGE_LOOP('',(#10299,#10300,#10301,#10302,#10303,#10304,#10305,#10306,
#10307,#10308,#10309,#10310,#10311,#10312,#10313,#10314,#10315,#10316,#10317));
#1731=EDGE_LOOP('',(#10318,#10319,#10320,#10321,#10322,#10323,#10324,#10325));
#1732=EDGE_LOOP('',(#10326,#10327,#10328,#10329,#10330,#10331,#10332,#10333,
#10334,#10335,#10336,#10337,#10338,#10339,#10340,#10341,#10342,#10343,#10344));
#1733=EDGE_LOOP('',(#10345,#10346,#10347,#10348,#10349,#10350,#10351,#10352));
#1734=EDGE_LOOP('',(#10353,#10354,#10355,#10356));
#1735=EDGE_LOOP('',(#10357,#10358,#10359,#10360));
#1736=EDGE_LOOP('',(#10361,#10362,#10363,#10364));
#1737=EDGE_LOOP('',(#10365,#10366,#10367,#10368));
#1738=EDGE_LOOP('',(#10369,#10370,#10371,#10372));
#1739=EDGE_LOOP('',(#10373,#10374,#10375,#10376));
#1740=EDGE_LOOP('',(#10377,#10378,#10379,#10380));
#1741=EDGE_LOOP('',(#10381,#10382,#10383,#10384));
#1742=EDGE_LOOP('',(#10385,#10386,#10387,#10388,#10389,#10390,#10391,#10392));
#1743=EDGE_LOOP('',(#10393,#10394,#10395,#10396,#10397,#10398,#10399,#10400));
#1744=EDGE_LOOP('',(#10401,#10402,#10403,#10404));
#1745=EDGE_LOOP('',(#10405,#10406,#10407,#10408));
#1746=EDGE_LOOP('',(#10409,#10410,#10411,#10412));
#1747=EDGE_LOOP('',(#10413,#10414,#10415,#10416));
#1748=EDGE_LOOP('',(#10417,#10418,#10419,#10420));
#1749=EDGE_LOOP('',(#10421,#10422,#10423,#10424));
#1750=EDGE_LOOP('',(#10425,#10426,#10427,#10428));
#1751=EDGE_LOOP('',(#10429,#10430,#10431,#10432));
#1752=EDGE_LOOP('',(#10433,#10434,#10435,#10436));
#1753=EDGE_LOOP('',(#10437,#10438,#10439,#10440));
#1754=EDGE_LOOP('',(#10441,#10442,#10443,#10444));
#1755=EDGE_LOOP('',(#10445,#10446,#10447,#10448,#10449,#10450,#10451,#10452));
#1756=EDGE_LOOP('',(#10453,#10454,#10455));
#1757=EDGE_LOOP('',(#10456,#10457,#10458,#10459,#10460,#10461,#10462,#10463));
#1758=EDGE_LOOP('',(#10464,#10465,#10466));
#1759=EDGE_LOOP('',(#10467,#10468,#10469,#10470));
#1760=EDGE_LOOP('',(#10471,#10472,#10473,#10474));
#1761=EDGE_LOOP('',(#10475,#10476,#10477,#10478));
#1762=EDGE_LOOP('',(#10479,#10480,#10481,#10482));
#1763=EDGE_LOOP('',(#10483,#10484,#10485,#10486));
#1764=EDGE_LOOP('',(#10487,#10488,#10489,#10490));
#1765=EDGE_LOOP('',(#10491,#10492,#10493,#10494));
#1766=EDGE_LOOP('',(#10495,#10496,#10497,#10498,#10499,#10500,#10501));
#1767=EDGE_LOOP('',(#10502,#10503,#10504,#10505,#10506,#10507,#10508));
#1768=EDGE_LOOP('',(#10509,#10510,#10511,#10512));
#1769=EDGE_LOOP('',(#10513,#10514,#10515,#10516));
#1770=EDGE_LOOP('',(#10517,#10518,#10519,#10520));
#1771=EDGE_LOOP('',(#10521,#10522,#10523,#10524));
#1772=EDGE_LOOP('',(#10525,#10526,#10527,#10528));
#1773=EDGE_LOOP('',(#10529,#10530,#10531,#10532));
#1774=EDGE_LOOP('',(#10533,#10534,#10535,#10536));
#1775=EDGE_LOOP('',(#10537,#10538,#10539,#10540));
#1776=EDGE_LOOP('',(#10541,#10542,#10543,#10544));
#1777=EDGE_LOOP('',(#10545,#10546,#10547,#10548));
#1778=EDGE_LOOP('',(#10549,#10550,#10551,#10552));
#1779=EDGE_LOOP('',(#10553,#10554,#10555,#10556));
#1780=EDGE_LOOP('',(#10557,#10558,#10559,#10560));
#1781=EDGE_LOOP('',(#10561,#10562,#10563,#10564));
#1782=EDGE_LOOP('',(#10565,#10566,#10567,#10568,#10569,#10570,#10571,#10572));
#1783=EDGE_LOOP('',(#10573,#10574,#10575,#10576,#10577,#10578,#10579,#10580));
#1784=EDGE_LOOP('',(#10581,#10582,#10583,#10584));
#1785=EDGE_LOOP('',(#10585,#10586,#10587,#10588));
#1786=EDGE_LOOP('',(#10589,#10590,#10591,#10592));
#1787=EDGE_LOOP('',(#10593,#10594,#10595,#10596));
#1788=EDGE_LOOP('',(#10597,#10598,#10599,#10600));
#1789=EDGE_LOOP('',(#10601,#10602,#10603,#10604));
#1790=EDGE_LOOP('',(#10605,#10606,#10607,#10608));
#1791=EDGE_LOOP('',(#10609,#10610,#10611,#10612));
#1792=EDGE_LOOP('',(#10613,#10614,#10615,#10616));
#1793=EDGE_LOOP('',(#10617,#10618,#10619,#10620));
#1794=EDGE_LOOP('',(#10621,#10622,#10623,#10624));
#1795=EDGE_LOOP('',(#10625,#10626,#10627,#10628));
#1796=EDGE_LOOP('',(#10629,#10630,#10631,#10632));
#1797=EDGE_LOOP('',(#10633,#10634,#10635,#10636));
#1798=EDGE_LOOP('',(#10637,#10638,#10639,#10640));
#1799=EDGE_LOOP('',(#10641,#10642,#10643,#10644));
#1800=EDGE_LOOP('',(#10645,#10646,#10647,#10648));
#1801=EDGE_LOOP('',(#10649,#10650,#10651,#10652));
#1802=EDGE_LOOP('',(#10653,#10654,#10655,#10656));
#1803=EDGE_LOOP('',(#10657,#10658,#10659,#10660));
#1804=EDGE_LOOP('',(#10661,#10662,#10663,#10664));
#1805=EDGE_LOOP('',(#10665,#10666,#10667,#10668));
#1806=EDGE_LOOP('',(#10669,#10670,#10671,#10672));
#1807=EDGE_LOOP('',(#10673,#10674,#10675,#10676));
#1808=EDGE_LOOP('',(#10677,#10678,#10679,#10680));
#1809=EDGE_LOOP('',(#10681,#10682,#10683,#10684));
#1810=EDGE_LOOP('',(#10685,#10686,#10687,#10688));
#1811=EDGE_LOOP('',(#10689,#10690,#10691,#10692));
#1812=EDGE_LOOP('',(#10693,#10694,#10695,#10696));
#1813=EDGE_LOOP('',(#10697,#10698,#10699,#10700,#10701,#10702,#10703,#10704,
#10705,#10706,#10707,#10708,#10709,#10710,#10711,#10712,#10713,#10714,#10715,
#10716,#10717,#10718,#10719,#10720,#10721,#10722,#10723,#10724,#10725));
#1814=EDGE_LOOP('',(#10726,#10727,#10728,#10729,#10730,#10731,#10732,#10733,
#10734,#10735,#10736,#10737,#10738,#10739,#10740,#10741,#10742,#10743,#10744,
#10745,#10746,#10747,#10748,#10749,#10750,#10751,#10752,#10753,#10754));
#1815=EDGE_LOOP('',(#10755,#10756,#10757,#10758));
#1816=EDGE_LOOP('',(#10759,#10760,#10761,#10762));
#1817=EDGE_LOOP('',(#10763,#10764,#10765,#10766));
#1818=EDGE_LOOP('',(#10767,#10768,#10769,#10770));
#1819=EDGE_LOOP('',(#10771,#10772,#10773,#10774));
#1820=EDGE_LOOP('',(#10775,#10776,#10777,#10778));
#1821=EDGE_LOOP('',(#10779,#10780,#10781,#10782));
#1822=EDGE_LOOP('',(#10783,#10784,#10785,#10786));
#1823=EDGE_LOOP('',(#10787,#10788,#10789,#10790));
#1824=EDGE_LOOP('',(#10791,#10792,#10793,#10794));
#1825=EDGE_LOOP('',(#10795,#10796,#10797,#10798));
#1826=EDGE_LOOP('',(#10799,#10800,#10801,#10802));
#1827=EDGE_LOOP('',(#10803,#10804,#10805,#10806));
#1828=EDGE_LOOP('',(#10807,#10808,#10809,#10810));
#1829=EDGE_LOOP('',(#10811,#10812,#10813,#10814));
#1830=EDGE_LOOP('',(#10815,#10816,#10817,#10818));
#1831=EDGE_LOOP('',(#10819,#10820,#10821,#10822));
#1832=EDGE_LOOP('',(#10823,#10824,#10825,#10826));
#1833=EDGE_LOOP('',(#10827,#10828,#10829,#10830));
#1834=EDGE_LOOP('',(#10831,#10832,#10833,#10834));
#1835=EDGE_LOOP('',(#10835,#10836,#10837,#10838));
#1836=EDGE_LOOP('',(#10839,#10840,#10841,#10842));
#1837=EDGE_LOOP('',(#10843,#10844,#10845,#10846));
#1838=EDGE_LOOP('',(#10847,#10848,#10849,#10850));
#1839=EDGE_LOOP('',(#10851,#10852,#10853,#10854));
#1840=EDGE_LOOP('',(#10855,#10856,#10857,#10858));
#1841=EDGE_LOOP('',(#10859,#10860,#10861,#10862));
#1842=EDGE_LOOP('',(#10863,#10864,#10865,#10866));
#1843=EDGE_LOOP('',(#10867,#10868,#10869,#10870));
#1844=EDGE_LOOP('',(#10871,#10872,#10873,#10874,#10875,#10876,#10877,#10878,
#10879,#10880,#10881,#10882,#10883,#10884,#10885,#10886,#10887,#10888,#10889,
#10890,#10891,#10892,#10893,#10894,#10895,#10896,#10897,#10898,#10899));
#1845=EDGE_LOOP('',(#10900,#10901,#10902,#10903,#10904,#10905,#10906,#10907,
#10908,#10909,#10910,#10911,#10912,#10913,#10914,#10915,#10916,#10917,#10918,
#10919,#10920,#10921,#10922,#10923,#10924,#10925,#10926,#10927,#10928));
#1846=EDGE_LOOP('',(#10929,#10930,#10931,#10932));
#1847=EDGE_LOOP('',(#10933,#10934,#10935,#10936));
#1848=EDGE_LOOP('',(#10937,#10938,#10939,#10940));
#1849=EDGE_LOOP('',(#10941,#10942,#10943,#10944));
#1850=EDGE_LOOP('',(#10945,#10946,#10947,#10948));
#1851=EDGE_LOOP('',(#10949,#10950,#10951,#10952));
#1852=LINE('',#15298,#3343);
#1853=LINE('',#15300,#3344);
#1854=LINE('',#15302,#3345);
#1855=LINE('',#15303,#3346);
#1856=LINE('',#15306,#3347);
#1857=LINE('',#15308,#3348);
#1858=LINE('',#15309,#3349);
#1859=LINE('',#15311,#3350);
#1860=LINE('',#15312,#3351);
#1861=LINE('',#15316,#3352);
#1862=LINE('',#15318,#3353);
#1863=LINE('',#15320,#3354);
#1864=LINE('',#15321,#3355);
#1865=LINE('',#15324,#3356);
#1866=LINE('',#15326,#3357);
#1867=LINE('',#15327,#3358);
#1868=LINE('',#15329,#3359);
#1869=LINE('',#15330,#3360);
#1870=LINE('',#15334,#3361);
#1871=LINE('',#15336,#3362);
#1872=LINE('',#15338,#3363);
#1873=LINE('',#15339,#3364);
#1874=LINE('',#15342,#3365);
#1875=LINE('',#15344,#3366);
#1876=LINE('',#15345,#3367);
#1877=LINE('',#15347,#3368);
#1878=LINE('',#15348,#3369);
#1879=LINE('',#15352,#3370);
#1880=LINE('',#15354,#3371);
#1881=LINE('',#15356,#3372);
#1882=LINE('',#15357,#3373);
#1883=LINE('',#15360,#3374);
#1884=LINE('',#15362,#3375);
#1885=LINE('',#15363,#3376);
#1886=LINE('',#15365,#3377);
#1887=LINE('',#15366,#3378);
#1888=LINE('',#15370,#3379);
#1889=LINE('',#15372,#3380);
#1890=LINE('',#15374,#3381);
#1891=LINE('',#15375,#3382);
#1892=LINE('',#15378,#3383);
#1893=LINE('',#15380,#3384);
#1894=LINE('',#15381,#3385);
#1895=LINE('',#15383,#3386);
#1896=LINE('',#15384,#3387);
#1897=LINE('',#15388,#3388);
#1898=LINE('',#15390,#3389);
#1899=LINE('',#15392,#3390);
#1900=LINE('',#15393,#3391);
#1901=LINE('',#15396,#3392);
#1902=LINE('',#15398,#3393);
#1903=LINE('',#15399,#3394);
#1904=LINE('',#15401,#3395);
#1905=LINE('',#15402,#3396);
#1906=LINE('',#15406,#3397);
#1907=LINE('',#15408,#3398);
#1908=LINE('',#15410,#3399);
#1909=LINE('',#15411,#3400);
#1910=LINE('',#15414,#3401);
#1911=LINE('',#15416,#3402);
#1912=LINE('',#15417,#3403);
#1913=LINE('',#15419,#3404);
#1914=LINE('',#15420,#3405);
#1915=LINE('',#15424,#3406);
#1916=LINE('',#15426,#3407);
#1917=LINE('',#15428,#3408);
#1918=LINE('',#15429,#3409);
#1919=LINE('',#15432,#3410);
#1920=LINE('',#15434,#3411);
#1921=LINE('',#15435,#3412);
#1922=LINE('',#15437,#3413);
#1923=LINE('',#15438,#3414);
#1924=LINE('',#15442,#3415);
#1925=LINE('',#15444,#3416);
#1926=LINE('',#15446,#3417);
#1927=LINE('',#15447,#3418);
#1928=LINE('',#15450,#3419);
#1929=LINE('',#15452,#3420);
#1930=LINE('',#15453,#3421);
#1931=LINE('',#15455,#3422);
#1932=LINE('',#15456,#3423);
#1933=LINE('',#15460,#3424);
#1934=LINE('',#15462,#3425);
#1935=LINE('',#15464,#3426);
#1936=LINE('',#15465,#3427);
#1937=LINE('',#15468,#3428);
#1938=LINE('',#15470,#3429);
#1939=LINE('',#15471,#3430);
#1940=LINE('',#15473,#3431);
#1941=LINE('',#15474,#3432);
#1942=LINE('',#15478,#3433);
#1943=LINE('',#15480,#3434);
#1944=LINE('',#15482,#3435);
#1945=LINE('',#15483,#3436);
#1946=LINE('',#15486,#3437);
#1947=LINE('',#15488,#3438);
#1948=LINE('',#15489,#3439);
#1949=LINE('',#15491,#3440);
#1950=LINE('',#15492,#3441);
#1951=LINE('',#15496,#3442);
#1952=LINE('',#15498,#3443);
#1953=LINE('',#15500,#3444);
#1954=LINE('',#15501,#3445);
#1955=LINE('',#15504,#3446);
#1956=LINE('',#15506,#3447);
#1957=LINE('',#15507,#3448);
#1958=LINE('',#15509,#3449);
#1959=LINE('',#15510,#3450);
#1960=LINE('',#15514,#3451);
#1961=LINE('',#15516,#3452);
#1962=LINE('',#15518,#3453);
#1963=LINE('',#15519,#3454);
#1964=LINE('',#15522,#3455);
#1965=LINE('',#15524,#3456);
#1966=LINE('',#15525,#3457);
#1967=LINE('',#15527,#3458);
#1968=LINE('',#15528,#3459);
#1969=LINE('',#15532,#3460);
#1970=LINE('',#15534,#3461);
#1971=LINE('',#15536,#3462);
#1972=LINE('',#15537,#3463);
#1973=LINE('',#15540,#3464);
#1974=LINE('',#15542,#3465);
#1975=LINE('',#15543,#3466);
#1976=LINE('',#15545,#3467);
#1977=LINE('',#15546,#3468);
#1978=LINE('',#15550,#3469);
#1979=LINE('',#15552,#3470);
#1980=LINE('',#15554,#3471);
#1981=LINE('',#15555,#3472);
#1982=LINE('',#15558,#3473);
#1983=LINE('',#15560,#3474);
#1984=LINE('',#15561,#3475);
#1985=LINE('',#15563,#3476);
#1986=LINE('',#15564,#3477);
#1987=LINE('',#15568,#3478);
#1988=LINE('',#15570,#3479);
#1989=LINE('',#15572,#3480);
#1990=LINE('',#15573,#3481);
#1991=LINE('',#15576,#3482);
#1992=LINE('',#15578,#3483);
#1993=LINE('',#15579,#3484);
#1994=LINE('',#15581,#3485);
#1995=LINE('',#15582,#3486);
#1996=LINE('',#15586,#3487);
#1997=LINE('',#15588,#3488);
#1998=LINE('',#15590,#3489);
#1999=LINE('',#15591,#3490);
#2000=LINE('',#15594,#3491);
#2001=LINE('',#15596,#3492);
#2002=LINE('',#15597,#3493);
#2003=LINE('',#15599,#3494);
#2004=LINE('',#15600,#3495);
#2005=LINE('',#15604,#3496);
#2006=LINE('',#15606,#3497);
#2007=LINE('',#15608,#3498);
#2008=LINE('',#15609,#3499);
#2009=LINE('',#15612,#3500);
#2010=LINE('',#15614,#3501);
#2011=LINE('',#15615,#3502);
#2012=LINE('',#15617,#3503);
#2013=LINE('',#15618,#3504);
#2014=LINE('',#15622,#3505);
#2015=LINE('',#15624,#3506);
#2016=LINE('',#15626,#3507);
#2017=LINE('',#15627,#3508);
#2018=LINE('',#15630,#3509);
#2019=LINE('',#15632,#3510);
#2020=LINE('',#15633,#3511);
#2021=LINE('',#15635,#3512);
#2022=LINE('',#15636,#3513);
#2023=LINE('',#15640,#3514);
#2024=LINE('',#15642,#3515);
#2025=LINE('',#15644,#3516);
#2026=LINE('',#15645,#3517);
#2027=LINE('',#15648,#3518);
#2028=LINE('',#15650,#3519);
#2029=LINE('',#15651,#3520);
#2030=LINE('',#15653,#3521);
#2031=LINE('',#15654,#3522);
#2032=LINE('',#15658,#3523);
#2033=LINE('',#15660,#3524);
#2034=LINE('',#15662,#3525);
#2035=LINE('',#15663,#3526);
#2036=LINE('',#15666,#3527);
#2037=LINE('',#15668,#3528);
#2038=LINE('',#15669,#3529);
#2039=LINE('',#15671,#3530);
#2040=LINE('',#15672,#3531);
#2041=LINE('',#15676,#3532);
#2042=LINE('',#15678,#3533);
#2043=LINE('',#15680,#3534);
#2044=LINE('',#15681,#3535);
#2045=LINE('',#15684,#3536);
#2046=LINE('',#15686,#3537);
#2047=LINE('',#15687,#3538);
#2048=LINE('',#15689,#3539);
#2049=LINE('',#15690,#3540);
#2050=LINE('',#15694,#3541);
#2051=LINE('',#15696,#3542);
#2052=LINE('',#15698,#3543);
#2053=LINE('',#15699,#3544);
#2054=LINE('',#15702,#3545);
#2055=LINE('',#15704,#3546);
#2056=LINE('',#15705,#3547);
#2057=LINE('',#15707,#3548);
#2058=LINE('',#15708,#3549);
#2059=LINE('',#15712,#3550);
#2060=LINE('',#15714,#3551);
#2061=LINE('',#15716,#3552);
#2062=LINE('',#15717,#3553);
#2063=LINE('',#15720,#3554);
#2064=LINE('',#15722,#3555);
#2065=LINE('',#15723,#3556);
#2066=LINE('',#15726,#3557);
#2067=LINE('',#15728,#3558);
#2068=LINE('',#15729,#3559);
#2069=LINE('',#15731,#3560);
#2070=LINE('',#15732,#3561);
#2071=LINE('',#15736,#3562);
#2072=LINE('',#15738,#3563);
#2073=LINE('',#15740,#3564);
#2074=LINE('',#15741,#3565);
#2075=LINE('',#15744,#3566);
#2076=LINE('',#15746,#3567);
#2077=LINE('',#15747,#3568);
#2078=LINE('',#15750,#3569);
#2079=LINE('',#15752,#3570);
#2080=LINE('',#15753,#3571);
#2081=LINE('',#15755,#3572);
#2082=LINE('',#15756,#3573);
#2083=LINE('',#15760,#3574);
#2084=LINE('',#15762,#3575);
#2085=LINE('',#15764,#3576);
#2086=LINE('',#15765,#3577);
#2087=LINE('',#15768,#3578);
#2088=LINE('',#15770,#3579);
#2089=LINE('',#15771,#3580);
#2090=LINE('',#15774,#3581);
#2091=LINE('',#15776,#3582);
#2092=LINE('',#15777,#3583);
#2093=LINE('',#15780,#3584);
#2094=LINE('',#15782,#3585);
#2095=LINE('',#15783,#3586);
#2096=LINE('',#15787,#3587);
#2097=LINE('',#15789,#3588);
#2098=LINE('',#15791,#3589);
#2099=LINE('',#15793,#3590);
#2100=LINE('',#15794,#3591);
#2101=LINE('',#15797,#3592);
#2102=LINE('',#15799,#3593);
#2103=LINE('',#15801,#3594);
#2104=LINE('',#15802,#3595);
#2105=LINE('',#15805,#3596);
#2106=LINE('',#15807,#3597);
#2107=LINE('',#15809,#3598);
#2108=LINE('',#15811,#3599);
#2109=LINE('',#15813,#3600);
#2110=LINE('',#15815,#3601);
#2111=LINE('',#15817,#3602);
#2112=LINE('',#15818,#3603);
#2113=LINE('',#15821,#3604);
#2114=LINE('',#15823,#3605);
#2115=LINE('',#15825,#3606);
#2116=LINE('',#15827,#3607);
#2117=LINE('',#15829,#3608);
#2118=LINE('',#15831,#3609);
#2119=LINE('',#15833,#3610);
#2120=LINE('',#15834,#3611);
#2121=LINE('',#15837,#3612);
#2122=LINE('',#15839,#3613);
#2123=LINE('',#15841,#3614);
#2124=LINE('',#15842,#3615);
#2125=LINE('',#15844,#3616);
#2126=LINE('',#15846,#3617);
#2127=LINE('',#15848,#3618);
#2128=LINE('',#15849,#3619);
#2129=LINE('',#15852,#3620);
#2130=LINE('',#15854,#3621);
#2131=LINE('',#15856,#3622);
#2132=LINE('',#15857,#3623);
#2133=LINE('',#15860,#3624);
#2134=LINE('',#15862,#3625);
#2135=LINE('',#15863,#3626);
#2136=LINE('',#15866,#3627);
#2137=LINE('',#15867,#3628);
#2138=LINE('',#15870,#3629);
#2139=LINE('',#15871,#3630);
#2140=LINE('',#15873,#3631);
#2141=LINE('',#15877,#3632);
#2142=LINE('',#15878,#3633);
#2143=LINE('',#15881,#3634);
#2144=LINE('',#15882,#3635);
#2145=LINE('',#15885,#3636);
#2146=LINE('',#15886,#3637);
#2147=LINE('',#15888,#3638);
#2148=LINE('',#15892,#3639);
#2149=LINE('',#15894,#3640);
#2150=LINE('',#15895,#3641);
#2151=LINE('',#15898,#3642);
#2152=LINE('',#15899,#3643);
#2153=LINE('',#15902,#3644);
#2154=LINE('',#15903,#3645);
#2155=LINE('',#15906,#3646);
#2156=LINE('',#15907,#3647);
#2157=LINE('',#15910,#3648);
#2158=LINE('',#15912,#3649);
#2159=LINE('',#15913,#3650);
#2160=LINE('',#15916,#3651);
#2161=LINE('',#15917,#3652);
#2162=LINE('',#15920,#3653);
#2163=LINE('',#15921,#3654);
#2164=LINE('',#15923,#3655);
#2165=LINE('',#15927,#3656);
#2166=LINE('',#15928,#3657);
#2167=LINE('',#15931,#3658);
#2168=LINE('',#15932,#3659);
#2169=LINE('',#15935,#3660);
#2170=LINE('',#15936,#3661);
#2171=LINE('',#15938,#3662);
#2172=LINE('',#15942,#3663);
#2173=LINE('',#15944,#3664);
#2174=LINE('',#15945,#3665);
#2175=LINE('',#15948,#3666);
#2176=LINE('',#15949,#3667);
#2177=LINE('',#15952,#3668);
#2178=LINE('',#15953,#3669);
#2179=LINE('',#15956,#3670);
#2180=LINE('',#15957,#3671);
#2181=LINE('',#15960,#3672);
#2182=LINE('',#15962,#3673);
#2183=LINE('',#15963,#3674);
#2184=LINE('',#15966,#3675);
#2185=LINE('',#15967,#3676);
#2186=LINE('',#15970,#3677);
#2187=LINE('',#15971,#3678);
#2188=LINE('',#15973,#3679);
#2189=LINE('',#15977,#3680);
#2190=LINE('',#15978,#3681);
#2191=LINE('',#15981,#3682);
#2192=LINE('',#15982,#3683);
#2193=LINE('',#15985,#3684);
#2194=LINE('',#15986,#3685);
#2195=LINE('',#15988,#3686);
#2196=LINE('',#15993,#3687);
#2197=LINE('',#15994,#3688);
#2198=LINE('',#15995,#3689);
#2199=LINE('',#15998,#3690);
#2200=LINE('',#15999,#3691);
#2201=LINE('',#16002,#3692);
#2202=LINE('',#16003,#3693);
#2203=LINE('',#16006,#3694);
#2204=LINE('',#16007,#3695);
#2205=LINE('',#16009,#3696);
#2206=LINE('',#16015,#3697);
#2207=LINE('',#16017,#3698);
#2208=LINE('',#16019,#3699);
#2209=LINE('',#16020,#3700);
#2210=LINE('',#16023,#3701);
#2211=LINE('',#16025,#3702);
#2212=LINE('',#16026,#3703);
#2213=LINE('',#16028,#3704);
#2214=LINE('',#16029,#3705);
#2215=LINE('',#16033,#3706);
#2216=LINE('',#16035,#3707);
#2217=LINE('',#16037,#3708);
#2218=LINE('',#16038,#3709);
#2219=LINE('',#16041,#3710);
#2220=LINE('',#16043,#3711);
#2221=LINE('',#16044,#3712);
#2222=LINE('',#16046,#3713);
#2223=LINE('',#16047,#3714);
#2224=LINE('',#16051,#3715);
#2225=LINE('',#16053,#3716);
#2226=LINE('',#16055,#3717);
#2227=LINE('',#16056,#3718);
#2228=LINE('',#16059,#3719);
#2229=LINE('',#16061,#3720);
#2230=LINE('',#16062,#3721);
#2231=LINE('',#16064,#3722);
#2232=LINE('',#16065,#3723);
#2233=LINE('',#16069,#3724);
#2234=LINE('',#16071,#3725);
#2235=LINE('',#16073,#3726);
#2236=LINE('',#16074,#3727);
#2237=LINE('',#16077,#3728);
#2238=LINE('',#16079,#3729);
#2239=LINE('',#16080,#3730);
#2240=LINE('',#16082,#3731);
#2241=LINE('',#16083,#3732);
#2242=LINE('',#16087,#3733);
#2243=LINE('',#16089,#3734);
#2244=LINE('',#16091,#3735);
#2245=LINE('',#16092,#3736);
#2246=LINE('',#16095,#3737);
#2247=LINE('',#16097,#3738);
#2248=LINE('',#16098,#3739);
#2249=LINE('',#16100,#3740);
#2250=LINE('',#16101,#3741);
#2251=LINE('',#16105,#3742);
#2252=LINE('',#16107,#3743);
#2253=LINE('',#16109,#3744);
#2254=LINE('',#16110,#3745);
#2255=LINE('',#16113,#3746);
#2256=LINE('',#16115,#3747);
#2257=LINE('',#16116,#3748);
#2258=LINE('',#16118,#3749);
#2259=LINE('',#16119,#3750);
#2260=LINE('',#16123,#3751);
#2261=LINE('',#16125,#3752);
#2262=LINE('',#16127,#3753);
#2263=LINE('',#16128,#3754);
#2264=LINE('',#16131,#3755);
#2265=LINE('',#16133,#3756);
#2266=LINE('',#16134,#3757);
#2267=LINE('',#16136,#3758);
#2268=LINE('',#16137,#3759);
#2269=LINE('',#16141,#3760);
#2270=LINE('',#16143,#3761);
#2271=LINE('',#16145,#3762);
#2272=LINE('',#16146,#3763);
#2273=LINE('',#16149,#3764);
#2274=LINE('',#16151,#3765);
#2275=LINE('',#16152,#3766);
#2276=LINE('',#16154,#3767);
#2277=LINE('',#16155,#3768);
#2278=LINE('',#16159,#3769);
#2279=LINE('',#16161,#3770);
#2280=LINE('',#16163,#3771);
#2281=LINE('',#16164,#3772);
#2282=LINE('',#16167,#3773);
#2283=LINE('',#16169,#3774);
#2284=LINE('',#16170,#3775);
#2285=LINE('',#16172,#3776);
#2286=LINE('',#16173,#3777);
#2287=LINE('',#16177,#3778);
#2288=LINE('',#16179,#3779);
#2289=LINE('',#16181,#3780);
#2290=LINE('',#16182,#3781);
#2291=LINE('',#16185,#3782);
#2292=LINE('',#16187,#3783);
#2293=LINE('',#16188,#3784);
#2294=LINE('',#16190,#3785);
#2295=LINE('',#16191,#3786);
#2296=LINE('',#16195,#3787);
#2297=LINE('',#16197,#3788);
#2298=LINE('',#16199,#3789);
#2299=LINE('',#16200,#3790);
#2300=LINE('',#16203,#3791);
#2301=LINE('',#16205,#3792);
#2302=LINE('',#16206,#3793);
#2303=LINE('',#16208,#3794);
#2304=LINE('',#16209,#3795);
#2305=LINE('',#16213,#3796);
#2306=LINE('',#16215,#3797);
#2307=LINE('',#16217,#3798);
#2308=LINE('',#16218,#3799);
#2309=LINE('',#16221,#3800);
#2310=LINE('',#16223,#3801);
#2311=LINE('',#16224,#3802);
#2312=LINE('',#16226,#3803);
#2313=LINE('',#16227,#3804);
#2314=LINE('',#16231,#3805);
#2315=LINE('',#16233,#3806);
#2316=LINE('',#16235,#3807);
#2317=LINE('',#16236,#3808);
#2318=LINE('',#16239,#3809);
#2319=LINE('',#16241,#3810);
#2320=LINE('',#16242,#3811);
#2321=LINE('',#16244,#3812);
#2322=LINE('',#16245,#3813);
#2323=LINE('',#16249,#3814);
#2324=LINE('',#16251,#3815);
#2325=LINE('',#16253,#3816);
#2326=LINE('',#16254,#3817);
#2327=LINE('',#16257,#3818);
#2328=LINE('',#16259,#3819);
#2329=LINE('',#16260,#3820);
#2330=LINE('',#16262,#3821);
#2331=LINE('',#16263,#3822);
#2332=LINE('',#16267,#3823);
#2333=LINE('',#16269,#3824);
#2334=LINE('',#16271,#3825);
#2335=LINE('',#16272,#3826);
#2336=LINE('',#16275,#3827);
#2337=LINE('',#16277,#3828);
#2338=LINE('',#16278,#3829);
#2339=LINE('',#16280,#3830);
#2340=LINE('',#16281,#3831);
#2341=LINE('',#16285,#3832);
#2342=LINE('',#16287,#3833);
#2343=LINE('',#16289,#3834);
#2344=LINE('',#16290,#3835);
#2345=LINE('',#16293,#3836);
#2346=LINE('',#16295,#3837);
#2347=LINE('',#16296,#3838);
#2348=LINE('',#16298,#3839);
#2349=LINE('',#16299,#3840);
#2350=LINE('',#16303,#3841);
#2351=LINE('',#16305,#3842);
#2352=LINE('',#16307,#3843);
#2353=LINE('',#16308,#3844);
#2354=LINE('',#16311,#3845);
#2355=LINE('',#16313,#3846);
#2356=LINE('',#16314,#3847);
#2357=LINE('',#16316,#3848);
#2358=LINE('',#16317,#3849);
#2359=LINE('',#16321,#3850);
#2360=LINE('',#16323,#3851);
#2361=LINE('',#16325,#3852);
#2362=LINE('',#16326,#3853);
#2363=LINE('',#16329,#3854);
#2364=LINE('',#16331,#3855);
#2365=LINE('',#16332,#3856);
#2366=LINE('',#16334,#3857);
#2367=LINE('',#16335,#3858);
#2368=LINE('',#16339,#3859);
#2369=LINE('',#16341,#3860);
#2370=LINE('',#16343,#3861);
#2371=LINE('',#16344,#3862);
#2372=LINE('',#16347,#3863);
#2373=LINE('',#16349,#3864);
#2374=LINE('',#16350,#3865);
#2375=LINE('',#16352,#3866);
#2376=LINE('',#16353,#3867);
#2377=LINE('',#16357,#3868);
#2378=LINE('',#16359,#3869);
#2379=LINE('',#16361,#3870);
#2380=LINE('',#16362,#3871);
#2381=LINE('',#16365,#3872);
#2382=LINE('',#16367,#3873);
#2383=LINE('',#16368,#3874);
#2384=LINE('',#16370,#3875);
#2385=LINE('',#16371,#3876);
#2386=LINE('',#16375,#3877);
#2387=LINE('',#16377,#3878);
#2388=LINE('',#16379,#3879);
#2389=LINE('',#16380,#3880);
#2390=LINE('',#16383,#3881);
#2391=LINE('',#16385,#3882);
#2392=LINE('',#16386,#3883);
#2393=LINE('',#16388,#3884);
#2394=LINE('',#16389,#3885);
#2395=LINE('',#16393,#3886);
#2396=LINE('',#16395,#3887);
#2397=LINE('',#16397,#3888);
#2398=LINE('',#16398,#3889);
#2399=LINE('',#16401,#3890);
#2400=LINE('',#16403,#3891);
#2401=LINE('',#16404,#3892);
#2402=LINE('',#16406,#3893);
#2403=LINE('',#16407,#3894);
#2404=LINE('',#16411,#3895);
#2405=LINE('',#16413,#3896);
#2406=LINE('',#16415,#3897);
#2407=LINE('',#16416,#3898);
#2408=LINE('',#16419,#3899);
#2409=LINE('',#16421,#3900);
#2410=LINE('',#16422,#3901);
#2411=LINE('',#16424,#3902);
#2412=LINE('',#16425,#3903);
#2413=LINE('',#16429,#3904);
#2414=LINE('',#16431,#3905);
#2415=LINE('',#16433,#3906);
#2416=LINE('',#16434,#3907);
#2417=LINE('',#16437,#3908);
#2418=LINE('',#16439,#3909);
#2419=LINE('',#16440,#3910);
#2420=LINE('',#16443,#3911);
#2421=LINE('',#16445,#3912);
#2422=LINE('',#16446,#3913);
#2423=LINE('',#16448,#3914);
#2424=LINE('',#16449,#3915);
#2425=LINE('',#16453,#3916);
#2426=LINE('',#16455,#3917);
#2427=LINE('',#16457,#3918);
#2428=LINE('',#16458,#3919);
#2429=LINE('',#16461,#3920);
#2430=LINE('',#16463,#3921);
#2431=LINE('',#16464,#3922);
#2432=LINE('',#16467,#3923);
#2433=LINE('',#16469,#3924);
#2434=LINE('',#16470,#3925);
#2435=LINE('',#16472,#3926);
#2436=LINE('',#16473,#3927);
#2437=LINE('',#16477,#3928);
#2438=LINE('',#16479,#3929);
#2439=LINE('',#16481,#3930);
#2440=LINE('',#16482,#3931);
#2441=LINE('',#16485,#3932);
#2442=LINE('',#16487,#3933);
#2443=LINE('',#16488,#3934);
#2444=LINE('',#16491,#3935);
#2445=LINE('',#16493,#3936);
#2446=LINE('',#16494,#3937);
#2447=LINE('',#16497,#3938);
#2448=LINE('',#16499,#3939);
#2449=LINE('',#16500,#3940);
#2450=LINE('',#16504,#3941);
#2451=LINE('',#16506,#3942);
#2452=LINE('',#16508,#3943);
#2453=LINE('',#16510,#3944);
#2454=LINE('',#16511,#3945);
#2455=LINE('',#16514,#3946);
#2456=LINE('',#16516,#3947);
#2457=LINE('',#16518,#3948);
#2458=LINE('',#16519,#3949);
#2459=LINE('',#16522,#3950);
#2460=LINE('',#16524,#3951);
#2461=LINE('',#16526,#3952);
#2462=LINE('',#16528,#3953);
#2463=LINE('',#16530,#3954);
#2464=LINE('',#16532,#3955);
#2465=LINE('',#16534,#3956);
#2466=LINE('',#16535,#3957);
#2467=LINE('',#16538,#3958);
#2468=LINE('',#16540,#3959);
#2469=LINE('',#16542,#3960);
#2470=LINE('',#16544,#3961);
#2471=LINE('',#16546,#3962);
#2472=LINE('',#16548,#3963);
#2473=LINE('',#16550,#3964);
#2474=LINE('',#16551,#3965);
#2475=LINE('',#16554,#3966);
#2476=LINE('',#16556,#3967);
#2477=LINE('',#16558,#3968);
#2478=LINE('',#16559,#3969);
#2479=LINE('',#16561,#3970);
#2480=LINE('',#16563,#3971);
#2481=LINE('',#16565,#3972);
#2482=LINE('',#16566,#3973);
#2483=LINE('',#16569,#3974);
#2484=LINE('',#16571,#3975);
#2485=LINE('',#16573,#3976);
#2486=LINE('',#16574,#3977);
#2487=LINE('',#16578,#3978);
#2488=LINE('',#16579,#3979);
#2489=LINE('',#16580,#3980);
#2490=LINE('',#16583,#3981);
#2491=LINE('',#16584,#3982);
#2492=LINE('',#16587,#3983);
#2493=LINE('',#16588,#3984);
#2494=LINE('',#16590,#3985);
#2495=LINE('',#16594,#3986);
#2496=LINE('',#16595,#3987);
#2497=LINE('',#16598,#3988);
#2498=LINE('',#16599,#3989);
#2499=LINE('',#16602,#3990);
#2500=LINE('',#16603,#3991);
#2501=LINE('',#16605,#3992);
#2502=LINE('',#16610,#3993);
#2503=LINE('',#16611,#3994);
#2504=LINE('',#16612,#3995);
#2505=LINE('',#16615,#3996);
#2506=LINE('',#16616,#3997);
#2507=LINE('',#16619,#3998);
#2508=LINE('',#16620,#3999);
#2509=LINE('',#16623,#4000);
#2510=LINE('',#16624,#4001);
#2511=LINE('',#16628,#4002);
#2512=LINE('',#16629,#4003);
#2513=LINE('',#16630,#4004);
#2514=LINE('',#16633,#4005);
#2515=LINE('',#16634,#4006);
#2516=LINE('',#16637,#4007);
#2517=LINE('',#16638,#4008);
#2518=LINE('',#16640,#4009);
#2519=LINE('',#16644,#4010);
#2520=LINE('',#16645,#4011);
#2521=LINE('',#16648,#4012);
#2522=LINE('',#16649,#4013);
#2523=LINE('',#16652,#4014);
#2524=LINE('',#16653,#4015);
#2525=LINE('',#16655,#4016);
#2526=LINE('',#16660,#4017);
#2527=LINE('',#16661,#4018);
#2528=LINE('',#16662,#4019);
#2529=LINE('',#16665,#4020);
#2530=LINE('',#16666,#4021);
#2531=LINE('',#16669,#4022);
#2532=LINE('',#16670,#4023);
#2533=LINE('',#16673,#4024);
#2534=LINE('',#16674,#4025);
#2535=LINE('',#16678,#4026);
#2536=LINE('',#16679,#4027);
#2537=LINE('',#16680,#4028);
#2538=LINE('',#16683,#4029);
#2539=LINE('',#16684,#4030);
#2540=LINE('',#16687,#4031);
#2541=LINE('',#16688,#4032);
#2542=LINE('',#16690,#4033);
#2543=LINE('',#16694,#4034);
#2544=LINE('',#16695,#4035);
#2545=LINE('',#16698,#4036);
#2546=LINE('',#16699,#4037);
#2547=LINE('',#16702,#4038);
#2548=LINE('',#16703,#4039);
#2549=LINE('',#16705,#4040);
#2550=LINE('',#16709,#4041);
#2551=LINE('',#16711,#4042);
#2552=LINE('',#16712,#4043);
#2553=LINE('',#16715,#4044);
#2554=LINE('',#16716,#4045);
#2555=LINE('',#16719,#4046);
#2556=LINE('',#16720,#4047);
#2557=LINE('',#16723,#4048);
#2558=LINE('',#16724,#4049);
#2559=LINE('',#16726,#4050);
#2560=LINE('',#16732,#4051);
#2561=LINE('',#16734,#4052);
#2562=LINE('',#16736,#4053);
#2563=LINE('',#16737,#4054);
#2564=LINE('',#16740,#4055);
#2565=LINE('',#16742,#4056);
#2566=LINE('',#16743,#4057);
#2567=LINE('',#16746,#4058);
#2568=LINE('',#16748,#4059);
#2569=LINE('',#16749,#4060);
#2570=LINE('',#16752,#4061);
#2571=LINE('',#16754,#4062);
#2572=LINE('',#16756,#4063);
#2573=LINE('',#16758,#4064);
#2574=LINE('',#16759,#4065);
#2575=LINE('',#16762,#4066);
#2576=LINE('',#16764,#4067);
#2577=LINE('',#16765,#4068);
#2578=LINE('',#16769,#4069);
#2579=LINE('',#16771,#4070);
#2580=LINE('',#16773,#4071);
#2581=LINE('',#16774,#4072);
#2582=LINE('',#16777,#4073);
#2583=LINE('',#16779,#4074);
#2584=LINE('',#16780,#4075);
#2585=LINE('',#16783,#4076);
#2586=LINE('',#16785,#4077);
#2587=LINE('',#16786,#4078);
#2588=LINE('',#16789,#4079);
#2589=LINE('',#16791,#4080);
#2590=LINE('',#16792,#4081);
#2591=LINE('',#16795,#4082);
#2592=LINE('',#16797,#4083);
#2593=LINE('',#16798,#4084);
#2594=LINE('',#16801,#4085);
#2595=LINE('',#16803,#4086);
#2596=LINE('',#16804,#4087);
#2597=LINE('',#16807,#4088);
#2598=LINE('',#16809,#4089);
#2599=LINE('',#16810,#4090);
#2600=LINE('',#16813,#4091);
#2601=LINE('',#16815,#4092);
#2602=LINE('',#16816,#4093);
#2603=LINE('',#16820,#4094);
#2604=LINE('',#16822,#4095);
#2605=LINE('',#16824,#4096);
#2606=LINE('',#16825,#4097);
#2607=LINE('',#16827,#4098);
#2608=LINE('',#16828,#4099);
#2609=LINE('',#16831,#4100);
#2610=LINE('',#16833,#4101);
#2611=LINE('',#16834,#4102);
#2612=LINE('',#16837,#4103);
#2613=LINE('',#16839,#4104);
#2614=LINE('',#16840,#4105);
#2615=LINE('',#16843,#4106);
#2616=LINE('',#16845,#4107);
#2617=LINE('',#16846,#4108);
#2618=LINE('',#16849,#4109);
#2619=LINE('',#16851,#4110);
#2620=LINE('',#16852,#4111);
#2621=LINE('',#16855,#4112);
#2622=LINE('',#16857,#4113);
#2623=LINE('',#16858,#4114);
#2624=LINE('',#16861,#4115);
#2625=LINE('',#16863,#4116);
#2626=LINE('',#16864,#4117);
#2627=LINE('',#16868,#4118);
#2628=LINE('',#16870,#4119);
#2629=LINE('',#16872,#4120);
#2630=LINE('',#16873,#4121);
#2631=LINE('',#16875,#4122);
#2632=LINE('',#16876,#4123);
#2633=LINE('',#16879,#4124);
#2634=LINE('',#16881,#4125);
#2635=LINE('',#16882,#4126);
#2636=LINE('',#16885,#4127);
#2637=LINE('',#16887,#4128);
#2638=LINE('',#16888,#4129);
#2639=LINE('',#16891,#4130);
#2640=LINE('',#16893,#4131);
#2641=LINE('',#16894,#4132);
#2642=LINE('',#16897,#4133);
#2643=LINE('',#16899,#4134);
#2644=LINE('',#16900,#4135);
#2645=LINE('',#16903,#4136);
#2646=LINE('',#16905,#4137);
#2647=LINE('',#16906,#4138);
#2648=LINE('',#16909,#4139);
#2649=LINE('',#16911,#4140);
#2650=LINE('',#16912,#4141);
#2651=LINE('',#16916,#4142);
#2652=LINE('',#16918,#4143);
#2653=LINE('',#16920,#4144);
#2654=LINE('',#16921,#4145);
#2655=LINE('',#16923,#4146);
#2656=LINE('',#16924,#4147);
#2657=LINE('',#16927,#4148);
#2658=LINE('',#16929,#4149);
#2659=LINE('',#16930,#4150);
#2660=LINE('',#16933,#4151);
#2661=LINE('',#16935,#4152);
#2662=LINE('',#16936,#4153);
#2663=LINE('',#16939,#4154);
#2664=LINE('',#16941,#4155);
#2665=LINE('',#16942,#4156);
#2666=LINE('',#16945,#4157);
#2667=LINE('',#16947,#4158);
#2668=LINE('',#16948,#4159);
#2669=LINE('',#16951,#4160);
#2670=LINE('',#16953,#4161);
#2671=LINE('',#16954,#4162);
#2672=LINE('',#16957,#4163);
#2673=LINE('',#16959,#4164);
#2674=LINE('',#16960,#4165);
#2675=LINE('',#16964,#4166);
#2676=LINE('',#16966,#4167);
#2677=LINE('',#16968,#4168);
#2678=LINE('',#16969,#4169);
#2679=LINE('',#16971,#4170);
#2680=LINE('',#16972,#4171);
#2681=LINE('',#16975,#4172);
#2682=LINE('',#16977,#4173);
#2683=LINE('',#16978,#4174);
#2684=LINE('',#16981,#4175);
#2685=LINE('',#16983,#4176);
#2686=LINE('',#16984,#4177);
#2687=LINE('',#16987,#4178);
#2688=LINE('',#16989,#4179);
#2689=LINE('',#16990,#4180);
#2690=LINE('',#16993,#4181);
#2691=LINE('',#16995,#4182);
#2692=LINE('',#16996,#4183);
#2693=LINE('',#16999,#4184);
#2694=LINE('',#17001,#4185);
#2695=LINE('',#17002,#4186);
#2696=LINE('',#17005,#4187);
#2697=LINE('',#17007,#4188);
#2698=LINE('',#17008,#4189);
#2699=LINE('',#17012,#4190);
#2700=LINE('',#17014,#4191);
#2701=LINE('',#17016,#4192);
#2702=LINE('',#17017,#4193);
#2703=LINE('',#17019,#4194);
#2704=LINE('',#17020,#4195);
#2705=LINE('',#17023,#4196);
#2706=LINE('',#17025,#4197);
#2707=LINE('',#17026,#4198);
#2708=LINE('',#17029,#4199);
#2709=LINE('',#17031,#4200);
#2710=LINE('',#17032,#4201);
#2711=LINE('',#17035,#4202);
#2712=LINE('',#17037,#4203);
#2713=LINE('',#17038,#4204);
#2714=LINE('',#17041,#4205);
#2715=LINE('',#17043,#4206);
#2716=LINE('',#17044,#4207);
#2717=LINE('',#17047,#4208);
#2718=LINE('',#17049,#4209);
#2719=LINE('',#17050,#4210);
#2720=LINE('',#17053,#4211);
#2721=LINE('',#17055,#4212);
#2722=LINE('',#17056,#4213);
#2723=LINE('',#17060,#4214);
#2724=LINE('',#17062,#4215);
#2725=LINE('',#17064,#4216);
#2726=LINE('',#17065,#4217);
#2727=LINE('',#17067,#4218);
#2728=LINE('',#17068,#4219);
#2729=LINE('',#17071,#4220);
#2730=LINE('',#17073,#4221);
#2731=LINE('',#17074,#4222);
#2732=LINE('',#17077,#4223);
#2733=LINE('',#17079,#4224);
#2734=LINE('',#17080,#4225);
#2735=LINE('',#17083,#4226);
#2736=LINE('',#17085,#4227);
#2737=LINE('',#17086,#4228);
#2738=LINE('',#17089,#4229);
#2739=LINE('',#17091,#4230);
#2740=LINE('',#17092,#4231);
#2741=LINE('',#17095,#4232);
#2742=LINE('',#17097,#4233);
#2743=LINE('',#17098,#4234);
#2744=LINE('',#17101,#4235);
#2745=LINE('',#17103,#4236);
#2746=LINE('',#17104,#4237);
#2747=LINE('',#17108,#4238);
#2748=LINE('',#17110,#4239);
#2749=LINE('',#17112,#4240);
#2750=LINE('',#17113,#4241);
#2751=LINE('',#17115,#4242);
#2752=LINE('',#17116,#4243);
#2753=LINE('',#17119,#4244);
#2754=LINE('',#17121,#4245);
#2755=LINE('',#17122,#4246);
#2756=LINE('',#17125,#4247);
#2757=LINE('',#17127,#4248);
#2758=LINE('',#17128,#4249);
#2759=LINE('',#17131,#4250);
#2760=LINE('',#17133,#4251);
#2761=LINE('',#17134,#4252);
#2762=LINE('',#17137,#4253);
#2763=LINE('',#17139,#4254);
#2764=LINE('',#17140,#4255);
#2765=LINE('',#17143,#4256);
#2766=LINE('',#17145,#4257);
#2767=LINE('',#17146,#4258);
#2768=LINE('',#17149,#4259);
#2769=LINE('',#17151,#4260);
#2770=LINE('',#17152,#4261);
#2771=LINE('',#17156,#4262);
#2772=LINE('',#17158,#4263);
#2773=LINE('',#17160,#4264);
#2774=LINE('',#17161,#4265);
#2775=LINE('',#17163,#4266);
#2776=LINE('',#17164,#4267);
#2777=LINE('',#17167,#4268);
#2778=LINE('',#17169,#4269);
#2779=LINE('',#17170,#4270);
#2780=LINE('',#17173,#4271);
#2781=LINE('',#17175,#4272);
#2782=LINE('',#17176,#4273);
#2783=LINE('',#17179,#4274);
#2784=LINE('',#17181,#4275);
#2785=LINE('',#17182,#4276);
#2786=LINE('',#17185,#4277);
#2787=LINE('',#17187,#4278);
#2788=LINE('',#17188,#4279);
#2789=LINE('',#17191,#4280);
#2790=LINE('',#17193,#4281);
#2791=LINE('',#17194,#4282);
#2792=LINE('',#17197,#4283);
#2793=LINE('',#17199,#4284);
#2794=LINE('',#17201,#4285);
#2795=LINE('',#17203,#4286);
#2796=LINE('',#17204,#4287);
#2797=LINE('',#17208,#4288);
#2798=LINE('',#17210,#4289);
#2799=LINE('',#17212,#4290);
#2800=LINE('',#17213,#4291);
#2801=LINE('',#17215,#4292);
#2802=LINE('',#17216,#4293);
#2803=LINE('',#17219,#4294);
#2804=LINE('',#17221,#4295);
#2805=LINE('',#17222,#4296);
#2806=LINE('',#17225,#4297);
#2807=LINE('',#17227,#4298);
#2808=LINE('',#17228,#4299);
#2809=LINE('',#17231,#4300);
#2810=LINE('',#17233,#4301);
#2811=LINE('',#17234,#4302);
#2812=LINE('',#17237,#4303);
#2813=LINE('',#17239,#4304);
#2814=LINE('',#17240,#4305);
#2815=LINE('',#17244,#4306);
#2816=LINE('',#17246,#4307);
#2817=LINE('',#17248,#4308);
#2818=LINE('',#17249,#4309);
#2819=LINE('',#17251,#4310);
#2820=LINE('',#17253,#4311);
#2821=LINE('',#17255,#4312);
#2822=LINE('',#17257,#4313);
#2823=LINE('',#17258,#4314);
#2824=LINE('',#17260,#4315);
#2825=LINE('',#17261,#4316);
#2826=LINE('',#17264,#4317);
#2827=LINE('',#17266,#4318);
#2828=LINE('',#17267,#4319);
#2829=LINE('',#17269,#4320);
#2830=LINE('',#17270,#4321);
#2831=LINE('',#17272,#4322);
#2832=LINE('',#17273,#4323);
#2833=LINE('',#17278,#4324);
#2834=LINE('',#17280,#4325);
#2835=LINE('',#17281,#4326);
#2836=LINE('',#17284,#4327);
#2837=LINE('',#17285,#4328);
#2838=LINE('',#17288,#4329);
#2839=LINE('',#17289,#4330);
#2840=LINE('',#17291,#4331);
#2841=LINE('',#17294,#4332);
#2842=LINE('',#17296,#4333);
#2843=LINE('',#17297,#4334);
#2844=LINE('',#17299,#4335);
#2845=LINE('',#17300,#4336);
#2846=LINE('',#17307,#4337);
#2847=LINE('',#17309,#4338);
#2848=LINE('',#17311,#4339);
#2849=LINE('',#17312,#4340);
#2850=LINE('',#17315,#4341);
#2851=LINE('',#17317,#4342);
#2852=LINE('',#17318,#4343);
#2853=LINE('',#17321,#4344);
#2854=LINE('',#17323,#4345);
#2855=LINE('',#17324,#4346);
#2856=LINE('',#17326,#4347);
#2857=LINE('',#17327,#4348);
#2858=LINE('',#17334,#4349);
#2859=LINE('',#17336,#4350);
#2860=LINE('',#17338,#4351);
#2861=LINE('',#17339,#4352);
#2862=LINE('',#17342,#4353);
#2863=LINE('',#17344,#4354);
#2864=LINE('',#17345,#4355);
#2865=LINE('',#17348,#4356);
#2866=LINE('',#17350,#4357);
#2867=LINE('',#17351,#4358);
#2868=LINE('',#17353,#4359);
#2869=LINE('',#17355,#4360);
#2870=LINE('',#17359,#4361);
#2871=LINE('',#17361,#4362);
#2872=LINE('',#17363,#4363);
#2873=LINE('',#17364,#4364);
#2874=LINE('',#17368,#4365);
#2875=LINE('',#17370,#4366);
#2876=LINE('',#17372,#4367);
#2877=LINE('',#17373,#4368);
#2878=LINE('',#17375,#4369);
#2879=LINE('',#17376,#4370);
#2880=LINE('',#17378,#4371);
#2881=LINE('',#17380,#4372);
#2882=LINE('',#17384,#4373);
#2883=LINE('',#17386,#4374);
#2884=LINE('',#17388,#4375);
#2885=LINE('',#17389,#4376);
#2886=LINE('',#17392,#4377);
#2887=LINE('',#17394,#4378);
#2888=LINE('',#17395,#4379);
#2889=LINE('',#17398,#4380);
#2890=LINE('',#17400,#4381);
#2891=LINE('',#17401,#4382);
#2892=LINE('',#17403,#4383);
#2893=LINE('',#17404,#4384);
#2894=LINE('',#17411,#4385);
#2895=LINE('',#17413,#4386);
#2896=LINE('',#17415,#4387);
#2897=LINE('',#17416,#4388);
#2898=LINE('',#17419,#4389);
#2899=LINE('',#17421,#4390);
#2900=LINE('',#17422,#4391);
#2901=LINE('',#17425,#4392);
#2902=LINE('',#17427,#4393);
#2903=LINE('',#17428,#4394);
#2904=LINE('',#17431,#4395);
#2905=LINE('',#17433,#4396);
#2906=LINE('',#17434,#4397);
#2907=LINE('',#17437,#4398);
#2908=LINE('',#17439,#4399);
#2909=LINE('',#17440,#4400);
#2910=LINE('',#17443,#4401);
#2911=LINE('',#17445,#4402);
#2912=LINE('',#17446,#4403);
#2913=LINE('',#17449,#4404);
#2914=LINE('',#17451,#4405);
#2915=LINE('',#17452,#4406);
#2916=LINE('',#17455,#4407);
#2917=LINE('',#17457,#4408);
#2918=LINE('',#17458,#4409);
#2919=LINE('',#17461,#4410);
#2920=LINE('',#17463,#4411);
#2921=LINE('',#17464,#4412);
#2922=LINE('',#17467,#4413);
#2923=LINE('',#17469,#4414);
#2924=LINE('',#17470,#4415);
#2925=LINE('',#17473,#4416);
#2926=LINE('',#17475,#4417);
#2927=LINE('',#17476,#4418);
#2928=LINE('',#17478,#4419);
#2929=LINE('',#17479,#4420);
#2930=LINE('',#17485,#4421);
#2931=LINE('',#17487,#4422);
#2932=LINE('',#17489,#4423);
#2933=LINE('',#17490,#4424);
#2934=LINE('',#17493,#4425);
#2935=LINE('',#17495,#4426);
#2936=LINE('',#17496,#4427);
#2937=LINE('',#17499,#4428);
#2938=LINE('',#17501,#4429);
#2939=LINE('',#17502,#4430);
#2940=LINE('',#17505,#4431);
#2941=LINE('',#17507,#4432);
#2942=LINE('',#17508,#4433);
#2943=LINE('',#17511,#4434);
#2944=LINE('',#17513,#4435);
#2945=LINE('',#17514,#4436);
#2946=LINE('',#17517,#4437);
#2947=LINE('',#17519,#4438);
#2948=LINE('',#17520,#4439);
#2949=LINE('',#17523,#4440);
#2950=LINE('',#17525,#4441);
#2951=LINE('',#17526,#4442);
#2952=LINE('',#17529,#4443);
#2953=LINE('',#17531,#4444);
#2954=LINE('',#17532,#4445);
#2955=LINE('',#17535,#4446);
#2956=LINE('',#17537,#4447);
#2957=LINE('',#17538,#4448);
#2958=LINE('',#17541,#4449);
#2959=LINE('',#17543,#4450);
#2960=LINE('',#17544,#4451);
#2961=LINE('',#17547,#4452);
#2962=LINE('',#17549,#4453);
#2963=LINE('',#17550,#4454);
#2964=LINE('',#17553,#4455);
#2965=LINE('',#17555,#4456);
#2966=LINE('',#17556,#4457);
#2967=LINE('',#17558,#4458);
#2968=LINE('',#17559,#4459);
#2969=LINE('',#17565,#4460);
#2970=LINE('',#17567,#4461);
#2971=LINE('',#17569,#4462);
#2972=LINE('',#17570,#4463);
#2973=LINE('',#17573,#4464);
#2974=LINE('',#17575,#4465);
#2975=LINE('',#17576,#4466);
#2976=LINE('',#17578,#4467);
#2977=LINE('',#17579,#4468);
#2978=LINE('',#17583,#4469);
#2979=LINE('',#17585,#4470);
#2980=LINE('',#17587,#4471);
#2981=LINE('',#17588,#4472);
#2982=LINE('',#17591,#4473);
#2983=LINE('',#17593,#4474);
#2984=LINE('',#17594,#4475);
#2985=LINE('',#17597,#4476);
#2986=LINE('',#17599,#4477);
#2987=LINE('',#17600,#4478);
#2988=LINE('',#17603,#4479);
#2989=LINE('',#17605,#4480);
#2990=LINE('',#17606,#4481);
#2991=LINE('',#17609,#4482);
#2992=LINE('',#17611,#4483);
#2993=LINE('',#17612,#4484);
#2994=LINE('',#17615,#4485);
#2995=LINE('',#17617,#4486);
#2996=LINE('',#17618,#4487);
#2997=LINE('',#17621,#4488);
#2998=LINE('',#17623,#4489);
#2999=LINE('',#17624,#4490);
#3000=LINE('',#17626,#4491);
#3001=LINE('',#17627,#4492);
#3002=LINE('',#17633,#4493);
#3003=LINE('',#17635,#4494);
#3004=LINE('',#17637,#4495);
#3005=LINE('',#17638,#4496);
#3006=LINE('',#17641,#4497);
#3007=LINE('',#17643,#4498);
#3008=LINE('',#17644,#4499);
#3009=LINE('',#17647,#4500);
#3010=LINE('',#17649,#4501);
#3011=LINE('',#17650,#4502);
#3012=LINE('',#17673,#4503);
#3013=LINE('',#17696,#4504);
#3014=LINE('',#17719,#4505);
#3015=LINE('',#17742,#4506);
#3016=LINE('',#17765,#4507);
#3017=LINE('',#17788,#4508);
#3018=LINE('',#17811,#4509);
#3019=LINE('',#17834,#4510);
#3020=LINE('',#17857,#4511);
#3021=LINE('',#17880,#4512);
#3022=LINE('',#17903,#4513);
#3023=LINE('',#17906,#4514);
#3024=LINE('',#17908,#4515);
#3025=LINE('',#17909,#4516);
#3026=LINE('',#17932,#4517);
#3027=LINE('',#17955,#4518);
#3028=LINE('',#17978,#4519);
#3029=LINE('',#18001,#4520);
#3030=LINE('',#18024,#4521);
#3031=LINE('',#18047,#4522);
#3032=LINE('',#18070,#4523);
#3033=LINE('',#18093,#4524);
#3034=LINE('',#18096,#4525);
#3035=LINE('',#18098,#4526);
#3036=LINE('',#18099,#4527);
#3037=LINE('',#18101,#4528);
#3038=LINE('',#18102,#4529);
#3039=LINE('',#18108,#4530);
#3040=LINE('',#18110,#4531);
#3041=LINE('',#18112,#4532);
#3042=LINE('',#18113,#4533);
#3043=LINE('',#18116,#4534);
#3044=LINE('',#18118,#4535);
#3045=LINE('',#18119,#4536);
#3046=LINE('',#18122,#4537);
#3047=LINE('',#18124,#4538);
#3048=LINE('',#18125,#4539);
#3049=LINE('',#18128,#4540);
#3050=LINE('',#18130,#4541);
#3051=LINE('',#18131,#4542);
#3052=LINE('',#18134,#4543);
#3053=LINE('',#18136,#4544);
#3054=LINE('',#18137,#4545);
#3055=LINE('',#18140,#4546);
#3056=LINE('',#18142,#4547);
#3057=LINE('',#18143,#4548);
#3058=LINE('',#18146,#4549);
#3059=LINE('',#18148,#4550);
#3060=LINE('',#18149,#4551);
#3061=LINE('',#18152,#4552);
#3062=LINE('',#18154,#4553);
#3063=LINE('',#18155,#4554);
#3064=LINE('',#18158,#4555);
#3065=LINE('',#18160,#4556);
#3066=LINE('',#18161,#4557);
#3067=LINE('',#18163,#4558);
#3068=LINE('',#18164,#4559);
#3069=LINE('',#18170,#4560);
#3070=LINE('',#18172,#4561);
#3071=LINE('',#18174,#4562);
#3072=LINE('',#18175,#4563);
#3073=LINE('',#18178,#4564);
#3074=LINE('',#18180,#4565);
#3075=LINE('',#18181,#4566);
#3076=LINE('',#18183,#4567);
#3077=LINE('',#18184,#4568);
#3078=LINE('',#18188,#4569);
#3079=LINE('',#18190,#4570);
#3080=LINE('',#18192,#4571);
#3081=LINE('',#18193,#4572);
#3082=LINE('',#18196,#4573);
#3083=LINE('',#18198,#4574);
#3084=LINE('',#18199,#4575);
#3085=LINE('',#18202,#4576);
#3086=LINE('',#18204,#4577);
#3087=LINE('',#18205,#4578);
#3088=LINE('',#18208,#4579);
#3089=LINE('',#18210,#4580);
#3090=LINE('',#18211,#4581);
#3091=LINE('',#18214,#4582);
#3092=LINE('',#18216,#4583);
#3093=LINE('',#18217,#4584);
#3094=LINE('',#18220,#4585);
#3095=LINE('',#18222,#4586);
#3096=LINE('',#18223,#4587);
#3097=LINE('',#18226,#4588);
#3098=LINE('',#18228,#4589);
#3099=LINE('',#18229,#4590);
#3100=LINE('',#18231,#4591);
#3101=LINE('',#18232,#4592);
#3102=LINE('',#18238,#4593);
#3103=LINE('',#18240,#4594);
#3104=LINE('',#18242,#4595);
#3105=LINE('',#18243,#4596);
#3106=LINE('',#18266,#4597);
#3107=LINE('',#18289,#4598);
#3108=LINE('',#18312,#4599);
#3109=LINE('',#18335,#4600);
#3110=LINE('',#18358,#4601);
#3111=LINE('',#18361,#4602);
#3112=LINE('',#18363,#4603);
#3113=LINE('',#18364,#4604);
#3114=LINE('',#18366,#4605);
#3115=LINE('',#18367,#4606);
#3116=LINE('',#18371,#4607);
#3117=LINE('',#18373,#4608);
#3118=LINE('',#18375,#4609);
#3119=LINE('',#18376,#4610);
#3120=LINE('',#18379,#4611);
#3121=LINE('',#18381,#4612);
#3122=LINE('',#18382,#4613);
#3123=LINE('',#18405,#4614);
#3124=LINE('',#18428,#4615);
#3125=LINE('',#18451,#4616);
#3126=LINE('',#18474,#4617);
#3127=LINE('',#18497,#4618);
#3128=LINE('',#18520,#4619);
#3129=LINE('',#18543,#4620);
#3130=LINE('',#18566,#4621);
#3131=LINE('',#18589,#4622);
#3132=LINE('',#18592,#4623);
#3133=LINE('',#18594,#4624);
#3134=LINE('',#18595,#4625);
#3135=LINE('',#18598,#4626);
#3136=LINE('',#18600,#4627);
#3137=LINE('',#18601,#4628);
#3138=LINE('',#18604,#4629);
#3139=LINE('',#18606,#4630);
#3140=LINE('',#18607,#4631);
#3141=LINE('',#18630,#4632);
#3142=LINE('',#18653,#4633);
#3143=LINE('',#18656,#4634);
#3144=LINE('',#18658,#4635);
#3145=LINE('',#18659,#4636);
#3146=LINE('',#18662,#4637);
#3147=LINE('',#18664,#4638);
#3148=LINE('',#18665,#4639);
#3149=LINE('',#18667,#4640);
#3150=LINE('',#18668,#4641);
#3151=LINE('',#18674,#4642);
#3152=LINE('',#18676,#4643);
#3153=LINE('',#18678,#4644);
#3154=LINE('',#18679,#4645);
#3155=LINE('',#18682,#4646);
#3156=LINE('',#18684,#4647);
#3157=LINE('',#18685,#4648);
#3158=LINE('',#18688,#4649);
#3159=LINE('',#18690,#4650);
#3160=LINE('',#18691,#4651);
#3161=LINE('',#18694,#4652);
#3162=LINE('',#18696,#4653);
#3163=LINE('',#18697,#4654);
#3164=LINE('',#18700,#4655);
#3165=LINE('',#18702,#4656);
#3166=LINE('',#18703,#4657);
#3167=LINE('',#18706,#4658);
#3168=LINE('',#18708,#4659);
#3169=LINE('',#18709,#4660);
#3170=LINE('',#18712,#4661);
#3171=LINE('',#18714,#4662);
#3172=LINE('',#18715,#4663);
#3173=LINE('',#18717,#4664);
#3174=LINE('',#18718,#4665);
#3175=LINE('',#18724,#4666);
#3176=LINE('',#18726,#4667);
#3177=LINE('',#18728,#4668);
#3178=LINE('',#18729,#4669);
#3179=LINE('',#18732,#4670);
#3180=LINE('',#18734,#4671);
#3181=LINE('',#18735,#4672);
#3182=LINE('',#18737,#4673);
#3183=LINE('',#18738,#4674);
#3184=LINE('',#18742,#4675);
#3185=LINE('',#18744,#4676);
#3186=LINE('',#18746,#4677);
#3187=LINE('',#18747,#4678);
#3188=LINE('',#18750,#4679);
#3189=LINE('',#18752,#4680);
#3190=LINE('',#18753,#4681);
#3191=LINE('',#18756,#4682);
#3192=LINE('',#18758,#4683);
#3193=LINE('',#18759,#4684);
#3194=LINE('',#18762,#4685);
#3195=LINE('',#18764,#4686);
#3196=LINE('',#18765,#4687);
#3197=LINE('',#18768,#4688);
#3198=LINE('',#18770,#4689);
#3199=LINE('',#18771,#4690);
#3200=LINE('',#18774,#4691);
#3201=LINE('',#18776,#4692);
#3202=LINE('',#18777,#4693);
#3203=LINE('',#18780,#4694);
#3204=LINE('',#18782,#4695);
#3205=LINE('',#18783,#4696);
#3206=LINE('',#18785,#4697);
#3207=LINE('',#18786,#4698);
#3208=LINE('',#18792,#4699);
#3209=LINE('',#18794,#4700);
#3210=LINE('',#18796,#4701);
#3211=LINE('',#18797,#4702);
#3212=LINE('',#18800,#4703);
#3213=LINE('',#18802,#4704);
#3214=LINE('',#18803,#4705);
#3215=LINE('',#18806,#4706);
#3216=LINE('',#18808,#4707);
#3217=LINE('',#18809,#4708);
#3218=LINE('',#18812,#4709);
#3219=LINE('',#18814,#4710);
#3220=LINE('',#18815,#4711);
#3221=LINE('',#18818,#4712);
#3222=LINE('',#18820,#4713);
#3223=LINE('',#18821,#4714);
#3224=LINE('',#18824,#4715);
#3225=LINE('',#18826,#4716);
#3226=LINE('',#18827,#4717);
#3227=LINE('',#18829,#4718);
#3228=LINE('',#18830,#4719);
#3229=LINE('',#18836,#4720);
#3230=LINE('',#18838,#4721);
#3231=LINE('',#18840,#4722);
#3232=LINE('',#18841,#4723);
#3233=LINE('',#18844,#4724);
#3234=LINE('',#18846,#4725);
#3235=LINE('',#18847,#4726);
#3236=LINE('',#18850,#4727);
#3237=LINE('',#18852,#4728);
#3238=LINE('',#18853,#4729);
#3239=LINE('',#18855,#4730);
#3240=LINE('',#18856,#4731);
#3241=LINE('',#18862,#4732);
#3242=LINE('',#18864,#4733);
#3243=LINE('',#18866,#4734);
#3244=LINE('',#18867,#4735);
#3245=LINE('',#18870,#4736);
#3246=LINE('',#18872,#4737);
#3247=LINE('',#18873,#4738);
#3248=LINE('',#18876,#4739);
#3249=LINE('',#18878,#4740);
#3250=LINE('',#18879,#4741);
#3251=LINE('',#18882,#4742);
#3252=LINE('',#18884,#4743);
#3253=LINE('',#18885,#4744);
#3254=LINE('',#18888,#4745);
#3255=LINE('',#18890,#4746);
#3256=LINE('',#18891,#4747);
#3257=LINE('',#18894,#4748);
#3258=LINE('',#18896,#4749);
#3259=LINE('',#18897,#4750);
#3260=LINE('',#18900,#4751);
#3261=LINE('',#18902,#4752);
#3262=LINE('',#18903,#4753);
#3263=LINE('',#18905,#4754);
#3264=LINE('',#18906,#4755);
#3265=LINE('',#18912,#4756);
#3266=LINE('',#18914,#4757);
#3267=LINE('',#18916,#4758);
#3268=LINE('',#18917,#4759);
#3269=LINE('',#18940,#4760);
#3270=LINE('',#18963,#4761);
#3271=LINE('',#18986,#4762);
#3272=LINE('',#19009,#4763);
#3273=LINE('',#19032,#4764);
#3274=LINE('',#19055,#4765);
#3275=LINE('',#19078,#4766);
#3276=LINE('',#19101,#4767);
#3277=LINE('',#19124,#4768);
#3278=LINE('',#19147,#4769);
#3279=LINE('',#19170,#4770);
#3280=LINE('',#19193,#4771);
#3281=LINE('',#19216,#4772);
#3282=LINE('',#19219,#4773);
#3283=LINE('',#19221,#4774);
#3284=LINE('',#19222,#4775);
#3285=LINE('',#19245,#4776);
#3286=LINE('',#19268,#4777);
#3287=LINE('',#19291,#4778);
#3288=LINE('',#19314,#4779);
#3289=LINE('',#19337,#4780);
#3290=LINE('',#19360,#4781);
#3291=LINE('',#19383,#4782);
#3292=LINE('',#19406,#4783);
#3293=LINE('',#19429,#4784);
#3294=LINE('',#19452,#4785);
#3295=LINE('',#19475,#4786);
#3296=LINE('',#19498,#4787);
#3297=LINE('',#19521,#4788);
#3298=LINE('',#19547,#4789);
#3299=LINE('',#19549,#4790);
#3300=LINE('',#19551,#4791);
#3301=LINE('',#19552,#4792);
#3302=LINE('',#19575,#4793);
#3303=LINE('',#19598,#4794);
#3304=LINE('',#19621,#4795);
#3305=LINE('',#19644,#4796);
#3306=LINE('',#19667,#4797);
#3307=LINE('',#19690,#4798);
#3308=LINE('',#19713,#4799);
#3309=LINE('',#19736,#4800);
#3310=LINE('',#19759,#4801);
#3311=LINE('',#19782,#4802);
#3312=LINE('',#19805,#4803);
#3313=LINE('',#19828,#4804);
#3314=LINE('',#19851,#4805);
#3315=LINE('',#19854,#4806);
#3316=LINE('',#19856,#4807);
#3317=LINE('',#19857,#4808);
#3318=LINE('',#19880,#4809);
#3319=LINE('',#19903,#4810);
#3320=LINE('',#19926,#4811);
#3321=LINE('',#19949,#4812);
#3322=LINE('',#19972,#4813);
#3323=LINE('',#19995,#4814);
#3324=LINE('',#20018,#4815);
#3325=LINE('',#20041,#4816);
#3326=LINE('',#20064,#4817);
#3327=LINE('',#20087,#4818);
#3328=LINE('',#20110,#4819);
#3329=LINE('',#20133,#4820);
#3330=LINE('',#20156,#4821);
#3331=LINE('',#20182,#4822);
#3332=LINE('',#20184,#4823);
#3333=LINE('',#20186,#4824);
#3334=LINE('',#20187,#4825);
#3335=LINE('',#20190,#4826);
#3336=LINE('',#20192,#4827);
#3337=LINE('',#20193,#4828);
#3338=LINE('',#20196,#4829);
#3339=LINE('',#20198,#4830);
#3340=LINE('',#20199,#4831);
#3341=LINE('',#20201,#4832);
#3342=LINE('',#20202,#4833);
#3343=VECTOR('',#12722,10.);
#3344=VECTOR('',#12723,10.);
#3345=VECTOR('',#12724,10.);
#3346=VECTOR('',#12725,10.);
#3347=VECTOR('',#12728,10.);
#3348=VECTOR('',#12729,10.);
#3349=VECTOR('',#12730,10.);
#3350=VECTOR('',#12733,10.);
#3351=VECTOR('',#12734,10.);
#3352=VECTOR('',#12737,10.);
#3353=VECTOR('',#12738,10.);
#3354=VECTOR('',#12739,10.);
#3355=VECTOR('',#12740,10.);
#3356=VECTOR('',#12743,10.);
#3357=VECTOR('',#12744,10.);
#3358=VECTOR('',#12745,10.);
#3359=VECTOR('',#12748,10.);
#3360=VECTOR('',#12749,10.);
#3361=VECTOR('',#12752,10.);
#3362=VECTOR('',#12753,10.);
#3363=VECTOR('',#12754,10.);
#3364=VECTOR('',#12755,10.);
#3365=VECTOR('',#12758,10.);
#3366=VECTOR('',#12759,10.);
#3367=VECTOR('',#12760,10.);
#3368=VECTOR('',#12763,10.);
#3369=VECTOR('',#12764,10.);
#3370=VECTOR('',#12767,10.);
#3371=VECTOR('',#12768,10.);
#3372=VECTOR('',#12769,10.);
#3373=VECTOR('',#12770,10.);
#3374=VECTOR('',#12773,10.);
#3375=VECTOR('',#12774,10.);
#3376=VECTOR('',#12775,10.);
#3377=VECTOR('',#12778,10.);
#3378=VECTOR('',#12779,10.);
#3379=VECTOR('',#12782,10.);
#3380=VECTOR('',#12783,10.);
#3381=VECTOR('',#12784,10.);
#3382=VECTOR('',#12785,10.);
#3383=VECTOR('',#12788,10.);
#3384=VECTOR('',#12789,10.);
#3385=VECTOR('',#12790,10.);
#3386=VECTOR('',#12793,10.);
#3387=VECTOR('',#12794,10.);
#3388=VECTOR('',#12797,10.);
#3389=VECTOR('',#12798,10.);
#3390=VECTOR('',#12799,10.);
#3391=VECTOR('',#12800,10.);
#3392=VECTOR('',#12803,10.);
#3393=VECTOR('',#12804,10.);
#3394=VECTOR('',#12805,10.);
#3395=VECTOR('',#12808,10.);
#3396=VECTOR('',#12809,10.);
#3397=VECTOR('',#12812,10.);
#3398=VECTOR('',#12813,10.);
#3399=VECTOR('',#12814,10.);
#3400=VECTOR('',#12815,10.);
#3401=VECTOR('',#12818,10.);
#3402=VECTOR('',#12819,10.);
#3403=VECTOR('',#12820,10.);
#3404=VECTOR('',#12823,10.);
#3405=VECTOR('',#12824,10.);
#3406=VECTOR('',#12827,10.);
#3407=VECTOR('',#12828,10.);
#3408=VECTOR('',#12829,10.);
#3409=VECTOR('',#12830,10.);
#3410=VECTOR('',#12833,10.);
#3411=VECTOR('',#12834,10.);
#3412=VECTOR('',#12835,10.);
#3413=VECTOR('',#12838,10.);
#3414=VECTOR('',#12839,10.);
#3415=VECTOR('',#12842,10.);
#3416=VECTOR('',#12843,10.);
#3417=VECTOR('',#12844,10.);
#3418=VECTOR('',#12845,10.);
#3419=VECTOR('',#12848,10.);
#3420=VECTOR('',#12849,10.);
#3421=VECTOR('',#12850,10.);
#3422=VECTOR('',#12853,10.);
#3423=VECTOR('',#12854,10.);
#3424=VECTOR('',#12857,10.);
#3425=VECTOR('',#12858,10.);
#3426=VECTOR('',#12859,10.);
#3427=VECTOR('',#12860,10.);
#3428=VECTOR('',#12863,10.);
#3429=VECTOR('',#12864,10.);
#3430=VECTOR('',#12865,10.);
#3431=VECTOR('',#12868,10.);
#3432=VECTOR('',#12869,10.);
#3433=VECTOR('',#12872,10.);
#3434=VECTOR('',#12873,10.);
#3435=VECTOR('',#12874,10.);
#3436=VECTOR('',#12875,10.);
#3437=VECTOR('',#12878,10.);
#3438=VECTOR('',#12879,10.);
#3439=VECTOR('',#12880,10.);
#3440=VECTOR('',#12883,10.);
#3441=VECTOR('',#12884,10.);
#3442=VECTOR('',#12887,10.);
#3443=VECTOR('',#12888,10.);
#3444=VECTOR('',#12889,10.);
#3445=VECTOR('',#12890,10.);
#3446=VECTOR('',#12893,10.);
#3447=VECTOR('',#12894,10.);
#3448=VECTOR('',#12895,10.);
#3449=VECTOR('',#12898,10.);
#3450=VECTOR('',#12899,10.);
#3451=VECTOR('',#12902,10.);
#3452=VECTOR('',#12903,10.);
#3453=VECTOR('',#12904,10.);
#3454=VECTOR('',#12905,10.);
#3455=VECTOR('',#12908,10.);
#3456=VECTOR('',#12909,10.);
#3457=VECTOR('',#12910,10.);
#3458=VECTOR('',#12913,10.);
#3459=VECTOR('',#12914,10.);
#3460=VECTOR('',#12917,10.);
#3461=VECTOR('',#12918,10.);
#3462=VECTOR('',#12919,10.);
#3463=VECTOR('',#12920,10.);
#3464=VECTOR('',#12923,10.);
#3465=VECTOR('',#12924,10.);
#3466=VECTOR('',#12925,10.);
#3467=VECTOR('',#12928,10.);
#3468=VECTOR('',#12929,10.);
#3469=VECTOR('',#12932,10.);
#3470=VECTOR('',#12933,10.);
#3471=VECTOR('',#12934,10.);
#3472=VECTOR('',#12935,10.);
#3473=VECTOR('',#12938,10.);
#3474=VECTOR('',#12939,10.);
#3475=VECTOR('',#12940,10.);
#3476=VECTOR('',#12943,10.);
#3477=VECTOR('',#12944,10.);
#3478=VECTOR('',#12947,10.);
#3479=VECTOR('',#12948,10.);
#3480=VECTOR('',#12949,10.);
#3481=VECTOR('',#12950,10.);
#3482=VECTOR('',#12953,10.);
#3483=VECTOR('',#12954,10.);
#3484=VECTOR('',#12955,10.);
#3485=VECTOR('',#12958,10.);
#3486=VECTOR('',#12959,10.);
#3487=VECTOR('',#12962,10.);
#3488=VECTOR('',#12963,10.);
#3489=VECTOR('',#12964,10.);
#3490=VECTOR('',#12965,10.);
#3491=VECTOR('',#12968,10.);
#3492=VECTOR('',#12969,10.);
#3493=VECTOR('',#12970,10.);
#3494=VECTOR('',#12973,10.);
#3495=VECTOR('',#12974,10.);
#3496=VECTOR('',#12977,10.);
#3497=VECTOR('',#12978,10.);
#3498=VECTOR('',#12979,10.);
#3499=VECTOR('',#12980,10.);
#3500=VECTOR('',#12983,10.);
#3501=VECTOR('',#12984,10.);
#3502=VECTOR('',#12985,10.);
#3503=VECTOR('',#12988,10.);
#3504=VECTOR('',#12989,10.);
#3505=VECTOR('',#12992,10.);
#3506=VECTOR('',#12993,10.);
#3507=VECTOR('',#12994,10.);
#3508=VECTOR('',#12995,10.);
#3509=VECTOR('',#12998,10.);
#3510=VECTOR('',#12999,10.);
#3511=VECTOR('',#13000,10.);
#3512=VECTOR('',#13003,10.);
#3513=VECTOR('',#13004,10.);
#3514=VECTOR('',#13007,10.);
#3515=VECTOR('',#13008,10.);
#3516=VECTOR('',#13009,10.);
#3517=VECTOR('',#13010,10.);
#3518=VECTOR('',#13013,10.);
#3519=VECTOR('',#13014,10.);
#3520=VECTOR('',#13015,10.);
#3521=VECTOR('',#13018,10.);
#3522=VECTOR('',#13019,10.);
#3523=VECTOR('',#13022,10.);
#3524=VECTOR('',#13023,10.);
#3525=VECTOR('',#13024,10.);
#3526=VECTOR('',#13025,10.);
#3527=VECTOR('',#13028,10.);
#3528=VECTOR('',#13029,10.);
#3529=VECTOR('',#13030,10.);
#3530=VECTOR('',#13033,10.);
#3531=VECTOR('',#13034,10.);
#3532=VECTOR('',#13037,10.);
#3533=VECTOR('',#13038,10.);
#3534=VECTOR('',#13039,10.);
#3535=VECTOR('',#13040,10.);
#3536=VECTOR('',#13043,10.);
#3537=VECTOR('',#13044,10.);
#3538=VECTOR('',#13045,10.);
#3539=VECTOR('',#13048,10.);
#3540=VECTOR('',#13049,10.);
#3541=VECTOR('',#13052,10.);
#3542=VECTOR('',#13053,10.);
#3543=VECTOR('',#13054,10.);
#3544=VECTOR('',#13055,10.);
#3545=VECTOR('',#13058,10.);
#3546=VECTOR('',#13059,10.);
#3547=VECTOR('',#13060,10.);
#3548=VECTOR('',#13063,10.);
#3549=VECTOR('',#13064,10.);
#3550=VECTOR('',#13067,10.);
#3551=VECTOR('',#13068,10.);
#3552=VECTOR('',#13069,10.);
#3553=VECTOR('',#13070,10.);
#3554=VECTOR('',#13073,10.);
#3555=VECTOR('',#13074,10.);
#3556=VECTOR('',#13075,10.);
#3557=VECTOR('',#13078,10.);
#3558=VECTOR('',#13079,10.);
#3559=VECTOR('',#13080,10.);
#3560=VECTOR('',#13083,10.);
#3561=VECTOR('',#13084,10.);
#3562=VECTOR('',#13087,10.);
#3563=VECTOR('',#13088,10.);
#3564=VECTOR('',#13089,10.);
#3565=VECTOR('',#13090,10.);
#3566=VECTOR('',#13093,10.);
#3567=VECTOR('',#13094,10.);
#3568=VECTOR('',#13095,10.);
#3569=VECTOR('',#13098,10.);
#3570=VECTOR('',#13099,10.);
#3571=VECTOR('',#13100,10.);
#3572=VECTOR('',#13103,10.);
#3573=VECTOR('',#13104,10.);
#3574=VECTOR('',#13107,10.);
#3575=VECTOR('',#13108,10.);
#3576=VECTOR('',#13109,10.);
#3577=VECTOR('',#13110,10.);
#3578=VECTOR('',#13113,10.);
#3579=VECTOR('',#13114,10.);
#3580=VECTOR('',#13115,10.);
#3581=VECTOR('',#13118,10.);
#3582=VECTOR('',#13119,10.);
#3583=VECTOR('',#13120,10.);
#3584=VECTOR('',#13123,10.);
#3585=VECTOR('',#13124,10.);
#3586=VECTOR('',#13125,10.);
#3587=VECTOR('',#13128,10.);
#3588=VECTOR('',#13129,10.);
#3589=VECTOR('',#13130,10.);
#3590=VECTOR('',#13131,10.);
#3591=VECTOR('',#13132,10.);
#3592=VECTOR('',#13133,10.);
#3593=VECTOR('',#13134,10.);
#3594=VECTOR('',#13135,10.);
#3595=VECTOR('',#13136,10.);
#3596=VECTOR('',#13137,10.);
#3597=VECTOR('',#13138,10.);
#3598=VECTOR('',#13139,10.);
#3599=VECTOR('',#13140,10.);
#3600=VECTOR('',#13141,10.);
#3601=VECTOR('',#13142,10.);
#3602=VECTOR('',#13143,10.);
#3603=VECTOR('',#13144,10.);
#3604=VECTOR('',#13145,10.);
#3605=VECTOR('',#13146,10.);
#3606=VECTOR('',#13147,10.);
#3607=VECTOR('',#13148,10.);
#3608=VECTOR('',#13149,10.);
#3609=VECTOR('',#13150,10.);
#3610=VECTOR('',#13151,10.);
#3611=VECTOR('',#13152,10.);
#3612=VECTOR('',#13153,10.);
#3613=VECTOR('',#13154,10.);
#3614=VECTOR('',#13155,10.);
#3615=VECTOR('',#13156,10.);
#3616=VECTOR('',#13157,10.);
#3617=VECTOR('',#13158,10.);
#3618=VECTOR('',#13159,10.);
#3619=VECTOR('',#13160,10.);
#3620=VECTOR('',#13161,10.);
#3621=VECTOR('',#13162,10.);
#3622=VECTOR('',#13163,10.);
#3623=VECTOR('',#13164,10.);
#3624=VECTOR('',#13167,10.);
#3625=VECTOR('',#13168,10.);
#3626=VECTOR('',#13169,10.);
#3627=VECTOR('',#13172,10.);
#3628=VECTOR('',#13173,10.);
#3629=VECTOR('',#13176,10.);
#3630=VECTOR('',#13177,10.);
#3631=VECTOR('',#13180,10.);
#3632=VECTOR('',#13185,10.);
#3633=VECTOR('',#13186,10.);
#3634=VECTOR('',#13189,10.);
#3635=VECTOR('',#13190,10.);
#3636=VECTOR('',#13193,10.);
#3637=VECTOR('',#13194,10.);
#3638=VECTOR('',#13197,10.);
#3639=VECTOR('',#13202,10.);
#3640=VECTOR('',#13203,10.);
#3641=VECTOR('',#13204,10.);
#3642=VECTOR('',#13207,10.);
#3643=VECTOR('',#13208,10.);
#3644=VECTOR('',#13211,10.);
#3645=VECTOR('',#13212,10.);
#3646=VECTOR('',#13215,10.);
#3647=VECTOR('',#13216,10.);
#3648=VECTOR('',#13219,10.);
#3649=VECTOR('',#13220,10.);
#3650=VECTOR('',#13221,10.);
#3651=VECTOR('',#13224,10.);
#3652=VECTOR('',#13225,10.);
#3653=VECTOR('',#13228,10.);
#3654=VECTOR('',#13229,10.);
#3655=VECTOR('',#13232,10.);
#3656=VECTOR('',#13237,10.);
#3657=VECTOR('',#13238,10.);
#3658=VECTOR('',#13241,10.);
#3659=VECTOR('',#13242,10.);
#3660=VECTOR('',#13245,10.);
#3661=VECTOR('',#13246,10.);
#3662=VECTOR('',#13249,10.);
#3663=VECTOR('',#13254,10.);
#3664=VECTOR('',#13255,10.);
#3665=VECTOR('',#13256,10.);
#3666=VECTOR('',#13259,10.);
#3667=VECTOR('',#13260,10.);
#3668=VECTOR('',#13263,10.);
#3669=VECTOR('',#13264,10.);
#3670=VECTOR('',#13267,10.);
#3671=VECTOR('',#13268,10.);
#3672=VECTOR('',#13271,10.);
#3673=VECTOR('',#13272,10.);
#3674=VECTOR('',#13273,10.);
#3675=VECTOR('',#13276,10.);
#3676=VECTOR('',#13277,10.);
#3677=VECTOR('',#13280,10.);
#3678=VECTOR('',#13281,10.);
#3679=VECTOR('',#13284,10.);
#3680=VECTOR('',#13289,10.);
#3681=VECTOR('',#13290,10.);
#3682=VECTOR('',#13293,10.);
#3683=VECTOR('',#13294,10.);
#3684=VECTOR('',#13297,10.);
#3685=VECTOR('',#13298,10.);
#3686=VECTOR('',#13301,10.);
#3687=VECTOR('',#13306,10.);
#3688=VECTOR('',#13307,10.);
#3689=VECTOR('',#13308,10.);
#3690=VECTOR('',#13311,10.);
#3691=VECTOR('',#13312,10.);
#3692=VECTOR('',#13315,10.);
#3693=VECTOR('',#13316,10.);
#3694=VECTOR('',#13319,10.);
#3695=VECTOR('',#13320,10.);
#3696=VECTOR('',#13323,10.);
#3697=VECTOR('',#13330,10.);
#3698=VECTOR('',#13331,10.);
#3699=VECTOR('',#13332,10.);
#3700=VECTOR('',#13333,10.);
#3701=VECTOR('',#13336,10.);
#3702=VECTOR('',#13337,10.);
#3703=VECTOR('',#13338,10.);
#3704=VECTOR('',#13341,10.);
#3705=VECTOR('',#13342,10.);
#3706=VECTOR('',#13345,10.);
#3707=VECTOR('',#13346,10.);
#3708=VECTOR('',#13347,10.);
#3709=VECTOR('',#13348,10.);
#3710=VECTOR('',#13351,10.);
#3711=VECTOR('',#13352,10.);
#3712=VECTOR('',#13353,10.);
#3713=VECTOR('',#13356,10.);
#3714=VECTOR('',#13357,10.);
#3715=VECTOR('',#13360,10.);
#3716=VECTOR('',#13361,10.);
#3717=VECTOR('',#13362,10.);
#3718=VECTOR('',#13363,10.);
#3719=VECTOR('',#13366,10.);
#3720=VECTOR('',#13367,10.);
#3721=VECTOR('',#13368,10.);
#3722=VECTOR('',#13371,10.);
#3723=VECTOR('',#13372,10.);
#3724=VECTOR('',#13375,10.);
#3725=VECTOR('',#13376,10.);
#3726=VECTOR('',#13377,10.);
#3727=VECTOR('',#13378,10.);
#3728=VECTOR('',#13381,10.);
#3729=VECTOR('',#13382,10.);
#3730=VECTOR('',#13383,10.);
#3731=VECTOR('',#13386,10.);
#3732=VECTOR('',#13387,10.);
#3733=VECTOR('',#13390,10.);
#3734=VECTOR('',#13391,10.);
#3735=VECTOR('',#13392,10.);
#3736=VECTOR('',#13393,10.);
#3737=VECTOR('',#13396,10.);
#3738=VECTOR('',#13397,10.);
#3739=VECTOR('',#13398,10.);
#3740=VECTOR('',#13401,10.);
#3741=VECTOR('',#13402,10.);
#3742=VECTOR('',#13405,10.);
#3743=VECTOR('',#13406,10.);
#3744=VECTOR('',#13407,10.);
#3745=VECTOR('',#13408,10.);
#3746=VECTOR('',#13411,10.);
#3747=VECTOR('',#13412,10.);
#3748=VECTOR('',#13413,10.);
#3749=VECTOR('',#13416,10.);
#3750=VECTOR('',#13417,10.);
#3751=VECTOR('',#13420,10.);
#3752=VECTOR('',#13421,10.);
#3753=VECTOR('',#13422,10.);
#3754=VECTOR('',#13423,10.);
#3755=VECTOR('',#13426,10.);
#3756=VECTOR('',#13427,10.);
#3757=VECTOR('',#13428,10.);
#3758=VECTOR('',#13431,10.);
#3759=VECTOR('',#13432,10.);
#3760=VECTOR('',#13435,10.);
#3761=VECTOR('',#13436,10.);
#3762=VECTOR('',#13437,10.);
#3763=VECTOR('',#13438,10.);
#3764=VECTOR('',#13441,10.);
#3765=VECTOR('',#13442,10.);
#3766=VECTOR('',#13443,10.);
#3767=VECTOR('',#13446,10.);
#3768=VECTOR('',#13447,10.);
#3769=VECTOR('',#13450,10.);
#3770=VECTOR('',#13451,10.);
#3771=VECTOR('',#13452,10.);
#3772=VECTOR('',#13453,10.);
#3773=VECTOR('',#13456,10.);
#3774=VECTOR('',#13457,10.);
#3775=VECTOR('',#13458,10.);
#3776=VECTOR('',#13461,10.);
#3777=VECTOR('',#13462,10.);
#3778=VECTOR('',#13465,10.);
#3779=VECTOR('',#13466,10.);
#3780=VECTOR('',#13467,10.);
#3781=VECTOR('',#13468,10.);
#3782=VECTOR('',#13471,10.);
#3783=VECTOR('',#13472,10.);
#3784=VECTOR('',#13473,10.);
#3785=VECTOR('',#13476,10.);
#3786=VECTOR('',#13477,10.);
#3787=VECTOR('',#13480,10.);
#3788=VECTOR('',#13481,10.);
#3789=VECTOR('',#13482,10.);
#3790=VECTOR('',#13483,10.);
#3791=VECTOR('',#13486,10.);
#3792=VECTOR('',#13487,10.);
#3793=VECTOR('',#13488,10.);
#3794=VECTOR('',#13491,10.);
#3795=VECTOR('',#13492,10.);
#3796=VECTOR('',#13495,10.);
#3797=VECTOR('',#13496,10.);
#3798=VECTOR('',#13497,10.);
#3799=VECTOR('',#13498,10.);
#3800=VECTOR('',#13501,10.);
#3801=VECTOR('',#13502,10.);
#3802=VECTOR('',#13503,10.);
#3803=VECTOR('',#13506,10.);
#3804=VECTOR('',#13507,10.);
#3805=VECTOR('',#13510,10.);
#3806=VECTOR('',#13511,10.);
#3807=VECTOR('',#13512,10.);
#3808=VECTOR('',#13513,10.);
#3809=VECTOR('',#13516,10.);
#3810=VECTOR('',#13517,10.);
#3811=VECTOR('',#13518,10.);
#3812=VECTOR('',#13521,10.);
#3813=VECTOR('',#13522,10.);
#3814=VECTOR('',#13525,10.);
#3815=VECTOR('',#13526,10.);
#3816=VECTOR('',#13527,10.);
#3817=VECTOR('',#13528,10.);
#3818=VECTOR('',#13531,10.);
#3819=VECTOR('',#13532,10.);
#3820=VECTOR('',#13533,10.);
#3821=VECTOR('',#13536,10.);
#3822=VECTOR('',#13537,10.);
#3823=VECTOR('',#13540,10.);
#3824=VECTOR('',#13541,10.);
#3825=VECTOR('',#13542,10.);
#3826=VECTOR('',#13543,10.);
#3827=VECTOR('',#13546,10.);
#3828=VECTOR('',#13547,10.);
#3829=VECTOR('',#13548,10.);
#3830=VECTOR('',#13551,10.);
#3831=VECTOR('',#13552,10.);
#3832=VECTOR('',#13555,10.);
#3833=VECTOR('',#13556,10.);
#3834=VECTOR('',#13557,10.);
#3835=VECTOR('',#13558,10.);
#3836=VECTOR('',#13561,10.);
#3837=VECTOR('',#13562,10.);
#3838=VECTOR('',#13563,10.);
#3839=VECTOR('',#13566,10.);
#3840=VECTOR('',#13567,10.);
#3841=VECTOR('',#13570,10.);
#3842=VECTOR('',#13571,10.);
#3843=VECTOR('',#13572,10.);
#3844=VECTOR('',#13573,10.);
#3845=VECTOR('',#13576,10.);
#3846=VECTOR('',#13577,10.);
#3847=VECTOR('',#13578,10.);
#3848=VECTOR('',#13581,10.);
#3849=VECTOR('',#13582,10.);
#3850=VECTOR('',#13585,10.);
#3851=VECTOR('',#13586,10.);
#3852=VECTOR('',#13587,10.);
#3853=VECTOR('',#13588,10.);
#3854=VECTOR('',#13591,10.);
#3855=VECTOR('',#13592,10.);
#3856=VECTOR('',#13593,10.);
#3857=VECTOR('',#13596,10.);
#3858=VECTOR('',#13597,10.);
#3859=VECTOR('',#13600,10.);
#3860=VECTOR('',#13601,10.);
#3861=VECTOR('',#13602,10.);
#3862=VECTOR('',#13603,10.);
#3863=VECTOR('',#13606,10.);
#3864=VECTOR('',#13607,10.);
#3865=VECTOR('',#13608,10.);
#3866=VECTOR('',#13611,10.);
#3867=VECTOR('',#13612,10.);
#3868=VECTOR('',#13615,10.);
#3869=VECTOR('',#13616,10.);
#3870=VECTOR('',#13617,10.);
#3871=VECTOR('',#13618,10.);
#3872=VECTOR('',#13621,10.);
#3873=VECTOR('',#13622,10.);
#3874=VECTOR('',#13623,10.);
#3875=VECTOR('',#13626,10.);
#3876=VECTOR('',#13627,10.);
#3877=VECTOR('',#13630,10.);
#3878=VECTOR('',#13631,10.);
#3879=VECTOR('',#13632,10.);
#3880=VECTOR('',#13633,10.);
#3881=VECTOR('',#13636,10.);
#3882=VECTOR('',#13637,10.);
#3883=VECTOR('',#13638,10.);
#3884=VECTOR('',#13641,10.);
#3885=VECTOR('',#13642,10.);
#3886=VECTOR('',#13645,10.);
#3887=VECTOR('',#13646,10.);
#3888=VECTOR('',#13647,10.);
#3889=VECTOR('',#13648,10.);
#3890=VECTOR('',#13651,10.);
#3891=VECTOR('',#13652,10.);
#3892=VECTOR('',#13653,10.);
#3893=VECTOR('',#13656,10.);
#3894=VECTOR('',#13657,10.);
#3895=VECTOR('',#13660,10.);
#3896=VECTOR('',#13661,10.);
#3897=VECTOR('',#13662,10.);
#3898=VECTOR('',#13663,10.);
#3899=VECTOR('',#13666,10.);
#3900=VECTOR('',#13667,10.);
#3901=VECTOR('',#13668,10.);
#3902=VECTOR('',#13671,10.);
#3903=VECTOR('',#13672,10.);
#3904=VECTOR('',#13675,10.);
#3905=VECTOR('',#13676,10.);
#3906=VECTOR('',#13677,10.);
#3907=VECTOR('',#13678,10.);
#3908=VECTOR('',#13681,10.);
#3909=VECTOR('',#13682,10.);
#3910=VECTOR('',#13683,10.);
#3911=VECTOR('',#13686,10.);
#3912=VECTOR('',#13687,10.);
#3913=VECTOR('',#13688,10.);
#3914=VECTOR('',#13691,10.);
#3915=VECTOR('',#13692,10.);
#3916=VECTOR('',#13695,10.);
#3917=VECTOR('',#13696,10.);
#3918=VECTOR('',#13697,10.);
#3919=VECTOR('',#13698,10.);
#3920=VECTOR('',#13701,10.);
#3921=VECTOR('',#13702,10.);
#3922=VECTOR('',#13703,10.);
#3923=VECTOR('',#13706,10.);
#3924=VECTOR('',#13707,10.);
#3925=VECTOR('',#13708,10.);
#3926=VECTOR('',#13711,10.);
#3927=VECTOR('',#13712,10.);
#3928=VECTOR('',#13715,10.);
#3929=VECTOR('',#13716,10.);
#3930=VECTOR('',#13717,10.);
#3931=VECTOR('',#13718,10.);
#3932=VECTOR('',#13721,10.);
#3933=VECTOR('',#13722,10.);
#3934=VECTOR('',#13723,10.);
#3935=VECTOR('',#13726,10.);
#3936=VECTOR('',#13727,10.);
#3937=VECTOR('',#13728,10.);
#3938=VECTOR('',#13731,10.);
#3939=VECTOR('',#13732,10.);
#3940=VECTOR('',#13733,10.);
#3941=VECTOR('',#13736,10.);
#3942=VECTOR('',#13737,10.);
#3943=VECTOR('',#13738,10.);
#3944=VECTOR('',#13739,10.);
#3945=VECTOR('',#13740,10.);
#3946=VECTOR('',#13741,10.);
#3947=VECTOR('',#13742,10.);
#3948=VECTOR('',#13743,10.);
#3949=VECTOR('',#13744,10.);
#3950=VECTOR('',#13745,10.);
#3951=VECTOR('',#13746,10.);
#3952=VECTOR('',#13747,10.);
#3953=VECTOR('',#13748,10.);
#3954=VECTOR('',#13749,10.);
#3955=VECTOR('',#13750,10.);
#3956=VECTOR('',#13751,10.);
#3957=VECTOR('',#13752,10.);
#3958=VECTOR('',#13753,10.);
#3959=VECTOR('',#13754,10.);
#3960=VECTOR('',#13755,10.);
#3961=VECTOR('',#13756,10.);
#3962=VECTOR('',#13757,10.);
#3963=VECTOR('',#13758,10.);
#3964=VECTOR('',#13759,10.);
#3965=VECTOR('',#13760,10.);
#3966=VECTOR('',#13761,10.);
#3967=VECTOR('',#13762,10.);
#3968=VECTOR('',#13763,10.);
#3969=VECTOR('',#13764,10.);
#3970=VECTOR('',#13765,10.);
#3971=VECTOR('',#13766,10.);
#3972=VECTOR('',#13767,10.);
#3973=VECTOR('',#13768,10.);
#3974=VECTOR('',#13769,10.);
#3975=VECTOR('',#13770,10.);
#3976=VECTOR('',#13771,10.);
#3977=VECTOR('',#13772,10.);
#3978=VECTOR('',#13775,10.);
#3979=VECTOR('',#13776,10.);
#3980=VECTOR('',#13777,10.);
#3981=VECTOR('',#13780,10.);
#3982=VECTOR('',#13781,10.);
#3983=VECTOR('',#13784,10.);
#3984=VECTOR('',#13785,10.);
#3985=VECTOR('',#13788,10.);
#3986=VECTOR('',#13793,10.);
#3987=VECTOR('',#13794,10.);
#3988=VECTOR('',#13797,10.);
#3989=VECTOR('',#13798,10.);
#3990=VECTOR('',#13801,10.);
#3991=VECTOR('',#13802,10.);
#3992=VECTOR('',#13805,10.);
#3993=VECTOR('',#13810,10.);
#3994=VECTOR('',#13811,10.);
#3995=VECTOR('',#13812,10.);
#3996=VECTOR('',#13815,10.);
#3997=VECTOR('',#13816,10.);
#3998=VECTOR('',#13819,10.);
#3999=VECTOR('',#13820,10.);
#4000=VECTOR('',#13823,10.);
#4001=VECTOR('',#13824,10.);
#4002=VECTOR('',#13827,10.);
#4003=VECTOR('',#13828,10.);
#4004=VECTOR('',#13829,10.);
#4005=VECTOR('',#13832,10.);
#4006=VECTOR('',#13833,10.);
#4007=VECTOR('',#13836,10.);
#4008=VECTOR('',#13837,10.);
#4009=VECTOR('',#13840,10.);
#4010=VECTOR('',#13845,10.);
#4011=VECTOR('',#13846,10.);
#4012=VECTOR('',#13849,10.);
#4013=VECTOR('',#13850,10.);
#4014=VECTOR('',#13853,10.);
#4015=VECTOR('',#13854,10.);
#4016=VECTOR('',#13857,10.);
#4017=VECTOR('',#13862,10.);
#4018=VECTOR('',#13863,10.);
#4019=VECTOR('',#13864,10.);
#4020=VECTOR('',#13867,10.);
#4021=VECTOR('',#13868,10.);
#4022=VECTOR('',#13871,10.);
#4023=VECTOR('',#13872,10.);
#4024=VECTOR('',#13875,10.);
#4025=VECTOR('',#13876,10.);
#4026=VECTOR('',#13879,10.);
#4027=VECTOR('',#13880,10.);
#4028=VECTOR('',#13881,10.);
#4029=VECTOR('',#13884,10.);
#4030=VECTOR('',#13885,10.);
#4031=VECTOR('',#13888,10.);
#4032=VECTOR('',#13889,10.);
#4033=VECTOR('',#13892,10.);
#4034=VECTOR('',#13897,10.);
#4035=VECTOR('',#13898,10.);
#4036=VECTOR('',#13901,10.);
#4037=VECTOR('',#13902,10.);
#4038=VECTOR('',#13905,10.);
#4039=VECTOR('',#13906,10.);
#4040=VECTOR('',#13909,10.);
#4041=VECTOR('',#13914,10.);
#4042=VECTOR('',#13915,10.);
#4043=VECTOR('',#13916,10.);
#4044=VECTOR('',#13919,10.);
#4045=VECTOR('',#13920,10.);
#4046=VECTOR('',#13923,10.);
#4047=VECTOR('',#13924,10.);
#4048=VECTOR('',#13927,10.);
#4049=VECTOR('',#13928,10.);
#4050=VECTOR('',#13931,10.);
#4051=VECTOR('',#13938,10.);
#4052=VECTOR('',#13939,10.);
#4053=VECTOR('',#13940,10.);
#4054=VECTOR('',#13941,10.);
#4055=VECTOR('',#13944,10.);
#4056=VECTOR('',#13945,10.);
#4057=VECTOR('',#13946,10.);
#4058=VECTOR('',#13949,10.);
#4059=VECTOR('',#13950,10.);
#4060=VECTOR('',#13951,10.);
#4061=VECTOR('',#13954,10.);
#4062=VECTOR('',#13955,10.);
#4063=VECTOR('',#13956,10.);
#4064=VECTOR('',#13957,10.);
#4065=VECTOR('',#13958,10.);
#4066=VECTOR('',#13961,10.);
#4067=VECTOR('',#13962,10.);
#4068=VECTOR('',#13963,10.);
#4069=VECTOR('',#13966,10.);
#4070=VECTOR('',#13967,10.);
#4071=VECTOR('',#13968,10.);
#4072=VECTOR('',#13969,10.);
#4073=VECTOR('',#13972,10.);
#4074=VECTOR('',#13973,10.);
#4075=VECTOR('',#13974,10.);
#4076=VECTOR('',#13977,10.);
#4077=VECTOR('',#13978,10.);
#4078=VECTOR('',#13979,10.);
#4079=VECTOR('',#13982,10.);
#4080=VECTOR('',#13983,10.);
#4081=VECTOR('',#13984,10.);
#4082=VECTOR('',#13987,10.);
#4083=VECTOR('',#13988,10.);
#4084=VECTOR('',#13989,10.);
#4085=VECTOR('',#13992,10.);
#4086=VECTOR('',#13993,10.);
#4087=VECTOR('',#13994,10.);
#4088=VECTOR('',#13997,10.);
#4089=VECTOR('',#13998,10.);
#4090=VECTOR('',#13999,10.);
#4091=VECTOR('',#14002,10.);
#4092=VECTOR('',#14003,10.);
#4093=VECTOR('',#14004,10.);
#4094=VECTOR('',#14007,10.);
#4095=VECTOR('',#14008,10.);
#4096=VECTOR('',#14009,10.);
#4097=VECTOR('',#14010,10.);
#4098=VECTOR('',#14013,10.);
#4099=VECTOR('',#14014,10.);
#4100=VECTOR('',#14017,10.);
#4101=VECTOR('',#14018,10.);
#4102=VECTOR('',#14019,10.);
#4103=VECTOR('',#14022,10.);
#4104=VECTOR('',#14023,10.);
#4105=VECTOR('',#14024,10.);
#4106=VECTOR('',#14027,10.);
#4107=VECTOR('',#14028,10.);
#4108=VECTOR('',#14029,10.);
#4109=VECTOR('',#14032,10.);
#4110=VECTOR('',#14033,10.);
#4111=VECTOR('',#14034,10.);
#4112=VECTOR('',#14037,10.);
#4113=VECTOR('',#14038,10.);
#4114=VECTOR('',#14039,10.);
#4115=VECTOR('',#14042,10.);
#4116=VECTOR('',#14043,10.);
#4117=VECTOR('',#14044,10.);
#4118=VECTOR('',#14047,10.);
#4119=VECTOR('',#14048,10.);
#4120=VECTOR('',#14049,10.);
#4121=VECTOR('',#14050,10.);
#4122=VECTOR('',#14053,10.);
#4123=VECTOR('',#14054,10.);
#4124=VECTOR('',#14057,10.);
#4125=VECTOR('',#14058,10.);
#4126=VECTOR('',#14059,10.);
#4127=VECTOR('',#14062,10.);
#4128=VECTOR('',#14063,10.);
#4129=VECTOR('',#14064,10.);
#4130=VECTOR('',#14067,10.);
#4131=VECTOR('',#14068,10.);
#4132=VECTOR('',#14069,10.);
#4133=VECTOR('',#14072,10.);
#4134=VECTOR('',#14073,10.);
#4135=VECTOR('',#14074,10.);
#4136=VECTOR('',#14077,10.);
#4137=VECTOR('',#14078,10.);
#4138=VECTOR('',#14079,10.);
#4139=VECTOR('',#14082,10.);
#4140=VECTOR('',#14083,10.);
#4141=VECTOR('',#14084,10.);
#4142=VECTOR('',#14087,10.);
#4143=VECTOR('',#14088,10.);
#4144=VECTOR('',#14089,10.);
#4145=VECTOR('',#14090,10.);
#4146=VECTOR('',#14093,10.);
#4147=VECTOR('',#14094,10.);
#4148=VECTOR('',#14097,10.);
#4149=VECTOR('',#14098,10.);
#4150=VECTOR('',#14099,10.);
#4151=VECTOR('',#14102,10.);
#4152=VECTOR('',#14103,10.);
#4153=VECTOR('',#14104,10.);
#4154=VECTOR('',#14107,10.);
#4155=VECTOR('',#14108,10.);
#4156=VECTOR('',#14109,10.);
#4157=VECTOR('',#14112,10.);
#4158=VECTOR('',#14113,10.);
#4159=VECTOR('',#14114,10.);
#4160=VECTOR('',#14117,10.);
#4161=VECTOR('',#14118,10.);
#4162=VECTOR('',#14119,10.);
#4163=VECTOR('',#14122,10.);
#4164=VECTOR('',#14123,10.);
#4165=VECTOR('',#14124,10.);
#4166=VECTOR('',#14127,10.);
#4167=VECTOR('',#14128,10.);
#4168=VECTOR('',#14129,10.);
#4169=VECTOR('',#14130,10.);
#4170=VECTOR('',#14133,10.);
#4171=VECTOR('',#14134,10.);
#4172=VECTOR('',#14137,10.);
#4173=VECTOR('',#14138,10.);
#4174=VECTOR('',#14139,10.);
#4175=VECTOR('',#14142,10.);
#4176=VECTOR('',#14143,10.);
#4177=VECTOR('',#14144,10.);
#4178=VECTOR('',#14147,10.);
#4179=VECTOR('',#14148,10.);
#4180=VECTOR('',#14149,10.);
#4181=VECTOR('',#14152,10.);
#4182=VECTOR('',#14153,10.);
#4183=VECTOR('',#14154,10.);
#4184=VECTOR('',#14157,10.);
#4185=VECTOR('',#14158,10.);
#4186=VECTOR('',#14159,10.);
#4187=VECTOR('',#14162,10.);
#4188=VECTOR('',#14163,10.);
#4189=VECTOR('',#14164,10.);
#4190=VECTOR('',#14167,10.);
#4191=VECTOR('',#14168,10.);
#4192=VECTOR('',#14169,10.);
#4193=VECTOR('',#14170,10.);
#4194=VECTOR('',#14173,10.);
#4195=VECTOR('',#14174,10.);
#4196=VECTOR('',#14177,10.);
#4197=VECTOR('',#14178,10.);
#4198=VECTOR('',#14179,10.);
#4199=VECTOR('',#14182,10.);
#4200=VECTOR('',#14183,10.);
#4201=VECTOR('',#14184,10.);
#4202=VECTOR('',#14187,10.);
#4203=VECTOR('',#14188,10.);
#4204=VECTOR('',#14189,10.);
#4205=VECTOR('',#14192,10.);
#4206=VECTOR('',#14193,10.);
#4207=VECTOR('',#14194,10.);
#4208=VECTOR('',#14197,10.);
#4209=VECTOR('',#14198,10.);
#4210=VECTOR('',#14199,10.);
#4211=VECTOR('',#14202,10.);
#4212=VECTOR('',#14203,10.);
#4213=VECTOR('',#14204,10.);
#4214=VECTOR('',#14207,10.);
#4215=VECTOR('',#14208,10.);
#4216=VECTOR('',#14209,10.);
#4217=VECTOR('',#14210,10.);
#4218=VECTOR('',#14213,10.);
#4219=VECTOR('',#14214,10.);
#4220=VECTOR('',#14217,10.);
#4221=VECTOR('',#14218,10.);
#4222=VECTOR('',#14219,10.);
#4223=VECTOR('',#14222,10.);
#4224=VECTOR('',#14223,10.);
#4225=VECTOR('',#14224,10.);
#4226=VECTOR('',#14227,10.);
#4227=VECTOR('',#14228,10.);
#4228=VECTOR('',#14229,10.);
#4229=VECTOR('',#14232,10.);
#4230=VECTOR('',#14233,10.);
#4231=VECTOR('',#14234,10.);
#4232=VECTOR('',#14237,10.);
#4233=VECTOR('',#14238,10.);
#4234=VECTOR('',#14239,10.);
#4235=VECTOR('',#14242,10.);
#4236=VECTOR('',#14243,10.);
#4237=VECTOR('',#14244,10.);
#4238=VECTOR('',#14247,10.);
#4239=VECTOR('',#14248,10.);
#4240=VECTOR('',#14249,10.);
#4241=VECTOR('',#14250,10.);
#4242=VECTOR('',#14253,10.);
#4243=VECTOR('',#14254,10.);
#4244=VECTOR('',#14257,10.);
#4245=VECTOR('',#14258,10.);
#4246=VECTOR('',#14259,10.);
#4247=VECTOR('',#14262,10.);
#4248=VECTOR('',#14263,10.);
#4249=VECTOR('',#14264,10.);
#4250=VECTOR('',#14267,10.);
#4251=VECTOR('',#14268,10.);
#4252=VECTOR('',#14269,10.);
#4253=VECTOR('',#14272,10.);
#4254=VECTOR('',#14273,10.);
#4255=VECTOR('',#14274,10.);
#4256=VECTOR('',#14277,10.);
#4257=VECTOR('',#14278,10.);
#4258=VECTOR('',#14279,10.);
#4259=VECTOR('',#14282,10.);
#4260=VECTOR('',#14283,10.);
#4261=VECTOR('',#14284,10.);
#4262=VECTOR('',#14287,10.);
#4263=VECTOR('',#14288,10.);
#4264=VECTOR('',#14289,10.);
#4265=VECTOR('',#14290,10.);
#4266=VECTOR('',#14293,10.);
#4267=VECTOR('',#14294,10.);
#4268=VECTOR('',#14297,10.);
#4269=VECTOR('',#14298,10.);
#4270=VECTOR('',#14299,10.);
#4271=VECTOR('',#14302,10.);
#4272=VECTOR('',#14303,10.);
#4273=VECTOR('',#14304,10.);
#4274=VECTOR('',#14307,10.);
#4275=VECTOR('',#14308,10.);
#4276=VECTOR('',#14309,10.);
#4277=VECTOR('',#14312,10.);
#4278=VECTOR('',#14313,10.);
#4279=VECTOR('',#14314,10.);
#4280=VECTOR('',#14317,10.);
#4281=VECTOR('',#14318,10.);
#4282=VECTOR('',#14319,10.);
#4283=VECTOR('',#14322,10.);
#4284=VECTOR('',#14323,10.);
#4285=VECTOR('',#14324,10.);
#4286=VECTOR('',#14325,10.);
#4287=VECTOR('',#14326,10.);
#4288=VECTOR('',#14329,10.);
#4289=VECTOR('',#14330,10.);
#4290=VECTOR('',#14331,10.);
#4291=VECTOR('',#14332,10.);
#4292=VECTOR('',#14335,10.);
#4293=VECTOR('',#14336,10.);
#4294=VECTOR('',#14339,10.);
#4295=VECTOR('',#14340,10.);
#4296=VECTOR('',#14341,10.);
#4297=VECTOR('',#14344,10.);
#4298=VECTOR('',#14345,10.);
#4299=VECTOR('',#14346,10.);
#4300=VECTOR('',#14349,10.);
#4301=VECTOR('',#14350,10.);
#4302=VECTOR('',#14351,10.);
#4303=VECTOR('',#14354,10.);
#4304=VECTOR('',#14355,10.);
#4305=VECTOR('',#14356,10.);
#4306=VECTOR('',#14359,10.);
#4307=VECTOR('',#14360,10.);
#4308=VECTOR('',#14361,10.);
#4309=VECTOR('',#14362,10.);
#4310=VECTOR('',#14363,10.);
#4311=VECTOR('',#14364,10.);
#4312=VECTOR('',#14365,10.);
#4313=VECTOR('',#14366,10.);
#4314=VECTOR('',#14367,10.);
#4315=VECTOR('',#14370,10.);
#4316=VECTOR('',#14371,10.);
#4317=VECTOR('',#14374,10.);
#4318=VECTOR('',#14375,10.);
#4319=VECTOR('',#14376,10.);
#4320=VECTOR('',#14379,10.);
#4321=VECTOR('',#14380,10.);
#4322=VECTOR('',#14383,10.);
#4323=VECTOR('',#14384,10.);
#4324=VECTOR('',#14391,10.);
#4325=VECTOR('',#14392,10.);
#4326=VECTOR('',#14393,10.);
#4327=VECTOR('',#14396,10.);
#4328=VECTOR('',#14397,10.);
#4329=VECTOR('',#14400,10.);
#4330=VECTOR('',#14401,10.);
#4331=VECTOR('',#14404,10.);
#4332=VECTOR('',#14407,10.);
#4333=VECTOR('',#14408,10.);
#4334=VECTOR('',#14409,10.);
#4335=VECTOR('',#14412,10.);
#4336=VECTOR('',#14413,10.);
#4337=VECTOR('',#14422,10.);
#4338=VECTOR('',#14423,10.);
#4339=VECTOR('',#14424,10.);
#4340=VECTOR('',#14425,10.);
#4341=VECTOR('',#14428,10.);
#4342=VECTOR('',#14429,10.);
#4343=VECTOR('',#14430,10.);
#4344=VECTOR('',#14433,10.);
#4345=VECTOR('',#14434,10.);
#4346=VECTOR('',#14435,10.);
#4347=VECTOR('',#14438,10.);
#4348=VECTOR('',#14439,10.);
#4349=VECTOR('',#14448,10.);
#4350=VECTOR('',#14449,10.);
#4351=VECTOR('',#14450,10.);
#4352=VECTOR('',#14451,10.);
#4353=VECTOR('',#14454,10.);
#4354=VECTOR('',#14455,10.);
#4355=VECTOR('',#14456,10.);
#4356=VECTOR('',#14459,10.);
#4357=VECTOR('',#14460,10.);
#4358=VECTOR('',#14461,10.);
#4359=VECTOR('',#14464,10.);
#4360=VECTOR('',#14467,10.);
#4361=VECTOR('',#14470,10.);
#4362=VECTOR('',#14471,10.);
#4363=VECTOR('',#14472,10.);
#4364=VECTOR('',#14473,10.);
#4365=VECTOR('',#14476,10.);
#4366=VECTOR('',#14477,10.);
#4367=VECTOR('',#14478,10.);
#4368=VECTOR('',#14479,10.);
#4369=VECTOR('',#14482,10.);
#4370=VECTOR('',#14483,10.);
#4371=VECTOR('',#14486,10.);
#4372=VECTOR('',#14489,10.);
#4373=VECTOR('',#14492,10.);
#4374=VECTOR('',#14493,10.);
#4375=VECTOR('',#14494,10.);
#4376=VECTOR('',#14495,10.);
#4377=VECTOR('',#14498,10.);
#4378=VECTOR('',#14499,10.);
#4379=VECTOR('',#14500,10.);
#4380=VECTOR('',#14503,10.);
#4381=VECTOR('',#14504,10.);
#4382=VECTOR('',#14505,10.);
#4383=VECTOR('',#14508,10.);
#4384=VECTOR('',#14509,10.);
#4385=VECTOR('',#14518,10.);
#4386=VECTOR('',#14519,10.);
#4387=VECTOR('',#14520,10.);
#4388=VECTOR('',#14521,10.);
#4389=VECTOR('',#14524,10.);
#4390=VECTOR('',#14525,10.);
#4391=VECTOR('',#14526,10.);
#4392=VECTOR('',#14529,10.);
#4393=VECTOR('',#14530,10.);
#4394=VECTOR('',#14531,10.);
#4395=VECTOR('',#14534,10.);
#4396=VECTOR('',#14535,10.);
#4397=VECTOR('',#14536,10.);
#4398=VECTOR('',#14539,10.);
#4399=VECTOR('',#14540,10.);
#4400=VECTOR('',#14541,10.);
#4401=VECTOR('',#14544,10.);
#4402=VECTOR('',#14545,10.);
#4403=VECTOR('',#14546,10.);
#4404=VECTOR('',#14549,10.);
#4405=VECTOR('',#14550,10.);
#4406=VECTOR('',#14551,10.);
#4407=VECTOR('',#14554,10.);
#4408=VECTOR('',#14555,10.);
#4409=VECTOR('',#14556,10.);
#4410=VECTOR('',#14559,10.);
#4411=VECTOR('',#14560,10.);
#4412=VECTOR('',#14561,10.);
#4413=VECTOR('',#14564,10.);
#4414=VECTOR('',#14565,10.);
#4415=VECTOR('',#14566,10.);
#4416=VECTOR('',#14569,10.);
#4417=VECTOR('',#14570,10.);
#4418=VECTOR('',#14571,10.);
#4419=VECTOR('',#14574,10.);
#4420=VECTOR('',#14575,10.);
#4421=VECTOR('',#14582,10.);
#4422=VECTOR('',#14583,10.);
#4423=VECTOR('',#14584,10.);
#4424=VECTOR('',#14585,10.);
#4425=VECTOR('',#14588,10.);
#4426=VECTOR('',#14589,10.);
#4427=VECTOR('',#14590,10.);
#4428=VECTOR('',#14593,10.);
#4429=VECTOR('',#14594,10.);
#4430=VECTOR('',#14595,10.);
#4431=VECTOR('',#14598,10.);
#4432=VECTOR('',#14599,10.);
#4433=VECTOR('',#14600,10.);
#4434=VECTOR('',#14603,10.);
#4435=VECTOR('',#14604,10.);
#4436=VECTOR('',#14605,10.);
#4437=VECTOR('',#14608,10.);
#4438=VECTOR('',#14609,10.);
#4439=VECTOR('',#14610,10.);
#4440=VECTOR('',#14613,10.);
#4441=VECTOR('',#14614,10.);
#4442=VECTOR('',#14615,10.);
#4443=VECTOR('',#14618,10.);
#4444=VECTOR('',#14619,10.);
#4445=VECTOR('',#14620,10.);
#4446=VECTOR('',#14623,10.);
#4447=VECTOR('',#14624,10.);
#4448=VECTOR('',#14625,10.);
#4449=VECTOR('',#14628,10.);
#4450=VECTOR('',#14629,10.);
#4451=VECTOR('',#14630,10.);
#4452=VECTOR('',#14633,10.);
#4453=VECTOR('',#14634,10.);
#4454=VECTOR('',#14635,10.);
#4455=VECTOR('',#14638,10.);
#4456=VECTOR('',#14639,10.);
#4457=VECTOR('',#14640,10.);
#4458=VECTOR('',#14643,10.);
#4459=VECTOR('',#14644,10.);
#4460=VECTOR('',#14651,10.);
#4461=VECTOR('',#14652,10.);
#4462=VECTOR('',#14653,10.);
#4463=VECTOR('',#14654,10.);
#4464=VECTOR('',#14657,10.);
#4465=VECTOR('',#14658,10.);
#4466=VECTOR('',#14659,10.);
#4467=VECTOR('',#14662,10.);
#4468=VECTOR('',#14663,10.);
#4469=VECTOR('',#14666,10.);
#4470=VECTOR('',#14667,10.);
#4471=VECTOR('',#14668,10.);
#4472=VECTOR('',#14669,10.);
#4473=VECTOR('',#14672,10.);
#4474=VECTOR('',#14673,10.);
#4475=VECTOR('',#14674,10.);
#4476=VECTOR('',#14677,10.);
#4477=VECTOR('',#14678,10.);
#4478=VECTOR('',#14679,10.);
#4479=VECTOR('',#14682,10.);
#4480=VECTOR('',#14683,10.);
#4481=VECTOR('',#14684,10.);
#4482=VECTOR('',#14687,10.);
#4483=VECTOR('',#14688,10.);
#4484=VECTOR('',#14689,10.);
#4485=VECTOR('',#14692,10.);
#4486=VECTOR('',#14693,10.);
#4487=VECTOR('',#14694,10.);
#4488=VECTOR('',#14697,10.);
#4489=VECTOR('',#14698,10.);
#4490=VECTOR('',#14699,10.);
#4491=VECTOR('',#14702,10.);
#4492=VECTOR('',#14703,10.);
#4493=VECTOR('',#14710,10.);
#4494=VECTOR('',#14711,10.);
#4495=VECTOR('',#14712,10.);
#4496=VECTOR('',#14713,10.);
#4497=VECTOR('',#14716,10.);
#4498=VECTOR('',#14717,10.);
#4499=VECTOR('',#14718,10.);
#4500=VECTOR('',#14721,10.);
#4501=VECTOR('',#14722,10.);
#4502=VECTOR('',#14723,10.);
#4503=VECTOR('',#14724,10.);
#4504=VECTOR('',#14725,10.);
#4505=VECTOR('',#14726,10.);
#4506=VECTOR('',#14727,10.);
#4507=VECTOR('',#14728,10.);
#4508=VECTOR('',#14729,10.);
#4509=VECTOR('',#14730,10.);
#4510=VECTOR('',#14731,10.);
#4511=VECTOR('',#14732,10.);
#4512=VECTOR('',#14733,10.);
#4513=VECTOR('',#14734,10.);
#4514=VECTOR('',#14737,10.);
#4515=VECTOR('',#14738,10.);
#4516=VECTOR('',#14739,10.);
#4517=VECTOR('',#14740,10.);
#4518=VECTOR('',#14741,10.);
#4519=VECTOR('',#14742,10.);
#4520=VECTOR('',#14743,10.);
#4521=VECTOR('',#14744,10.);
#4522=VECTOR('',#14745,10.);
#4523=VECTOR('',#14746,10.);
#4524=VECTOR('',#14747,10.);
#4525=VECTOR('',#14750,10.);
#4526=VECTOR('',#14751,10.);
#4527=VECTOR('',#14752,10.);
#4528=VECTOR('',#14755,10.);
#4529=VECTOR('',#14756,10.);
#4530=VECTOR('',#14763,10.);
#4531=VECTOR('',#14764,10.);
#4532=VECTOR('',#14765,10.);
#4533=VECTOR('',#14766,10.);
#4534=VECTOR('',#14769,10.);
#4535=VECTOR('',#14770,10.);
#4536=VECTOR('',#14771,10.);
#4537=VECTOR('',#14774,10.);
#4538=VECTOR('',#14775,10.);
#4539=VECTOR('',#14776,10.);
#4540=VECTOR('',#14779,10.);
#4541=VECTOR('',#14780,10.);
#4542=VECTOR('',#14781,10.);
#4543=VECTOR('',#14784,10.);
#4544=VECTOR('',#14785,10.);
#4545=VECTOR('',#14786,10.);
#4546=VECTOR('',#14789,10.);
#4547=VECTOR('',#14790,10.);
#4548=VECTOR('',#14791,10.);
#4549=VECTOR('',#14794,10.);
#4550=VECTOR('',#14795,10.);
#4551=VECTOR('',#14796,10.);
#4552=VECTOR('',#14799,10.);
#4553=VECTOR('',#14800,10.);
#4554=VECTOR('',#14801,10.);
#4555=VECTOR('',#14804,10.);
#4556=VECTOR('',#14805,10.);
#4557=VECTOR('',#14806,10.);
#4558=VECTOR('',#14809,10.);
#4559=VECTOR('',#14810,10.);
#4560=VECTOR('',#14817,10.);
#4561=VECTOR('',#14818,10.);
#4562=VECTOR('',#14819,10.);
#4563=VECTOR('',#14820,10.);
#4564=VECTOR('',#14823,10.);
#4565=VECTOR('',#14824,10.);
#4566=VECTOR('',#14825,10.);
#4567=VECTOR('',#14828,10.);
#4568=VECTOR('',#14829,10.);
#4569=VECTOR('',#14832,10.);
#4570=VECTOR('',#14833,10.);
#4571=VECTOR('',#14834,10.);
#4572=VECTOR('',#14835,10.);
#4573=VECTOR('',#14838,10.);
#4574=VECTOR('',#14839,10.);
#4575=VECTOR('',#14840,10.);
#4576=VECTOR('',#14843,10.);
#4577=VECTOR('',#14844,10.);
#4578=VECTOR('',#14845,10.);
#4579=VECTOR('',#14848,10.);
#4580=VECTOR('',#14849,10.);
#4581=VECTOR('',#14850,10.);
#4582=VECTOR('',#14853,10.);
#4583=VECTOR('',#14854,10.);
#4584=VECTOR('',#14855,10.);
#4585=VECTOR('',#14858,10.);
#4586=VECTOR('',#14859,10.);
#4587=VECTOR('',#14860,10.);
#4588=VECTOR('',#14863,10.);
#4589=VECTOR('',#14864,10.);
#4590=VECTOR('',#14865,10.);
#4591=VECTOR('',#14868,10.);
#4592=VECTOR('',#14869,10.);
#4593=VECTOR('',#14876,10.);
#4594=VECTOR('',#14877,10.);
#4595=VECTOR('',#14878,10.);
#4596=VECTOR('',#14879,10.);
#4597=VECTOR('',#14880,10.);
#4598=VECTOR('',#14881,10.);
#4599=VECTOR('',#14882,10.);
#4600=VECTOR('',#14883,10.);
#4601=VECTOR('',#14884,10.);
#4602=VECTOR('',#14887,10.);
#4603=VECTOR('',#14888,10.);
#4604=VECTOR('',#14889,10.);
#4605=VECTOR('',#14892,10.);
#4606=VECTOR('',#14893,10.);
#4607=VECTOR('',#14896,10.);
#4608=VECTOR('',#14897,10.);
#4609=VECTOR('',#14898,10.);
#4610=VECTOR('',#14899,10.);
#4611=VECTOR('',#14902,10.);
#4612=VECTOR('',#14903,10.);
#4613=VECTOR('',#14904,10.);
#4614=VECTOR('',#14905,10.);
#4615=VECTOR('',#14906,10.);
#4616=VECTOR('',#14907,10.);
#4617=VECTOR('',#14908,10.);
#4618=VECTOR('',#14909,10.);
#4619=VECTOR('',#14910,10.);
#4620=VECTOR('',#14911,10.);
#4621=VECTOR('',#14912,10.);
#4622=VECTOR('',#14913,10.);
#4623=VECTOR('',#14916,10.);
#4624=VECTOR('',#14917,10.);
#4625=VECTOR('',#14918,10.);
#4626=VECTOR('',#14921,10.);
#4627=VECTOR('',#14922,10.);
#4628=VECTOR('',#14923,10.);
#4629=VECTOR('',#14926,10.);
#4630=VECTOR('',#14927,10.);
#4631=VECTOR('',#14928,10.);
#4632=VECTOR('',#14929,10.);
#4633=VECTOR('',#14930,10.);
#4634=VECTOR('',#14933,10.);
#4635=VECTOR('',#14934,10.);
#4636=VECTOR('',#14935,10.);
#4637=VECTOR('',#14938,10.);
#4638=VECTOR('',#14939,10.);
#4639=VECTOR('',#14940,10.);
#4640=VECTOR('',#14943,10.);
#4641=VECTOR('',#14944,10.);
#4642=VECTOR('',#14951,10.);
#4643=VECTOR('',#14952,10.);
#4644=VECTOR('',#14953,10.);
#4645=VECTOR('',#14954,10.);
#4646=VECTOR('',#14957,10.);
#4647=VECTOR('',#14958,10.);
#4648=VECTOR('',#14959,10.);
#4649=VECTOR('',#14962,10.);
#4650=VECTOR('',#14963,10.);
#4651=VECTOR('',#14964,10.);
#4652=VECTOR('',#14967,10.);
#4653=VECTOR('',#14968,10.);
#4654=VECTOR('',#14969,10.);
#4655=VECTOR('',#14972,10.);
#4656=VECTOR('',#14973,10.);
#4657=VECTOR('',#14974,10.);
#4658=VECTOR('',#14977,10.);
#4659=VECTOR('',#14978,10.);
#4660=VECTOR('',#14979,10.);
#4661=VECTOR('',#14982,10.);
#4662=VECTOR('',#14983,10.);
#4663=VECTOR('',#14984,10.);
#4664=VECTOR('',#14987,10.);
#4665=VECTOR('',#14988,10.);
#4666=VECTOR('',#14995,10.);
#4667=VECTOR('',#14996,10.);
#4668=VECTOR('',#14997,10.);
#4669=VECTOR('',#14998,10.);
#4670=VECTOR('',#15001,10.);
#4671=VECTOR('',#15002,10.);
#4672=VECTOR('',#15003,10.);
#4673=VECTOR('',#15006,10.);
#4674=VECTOR('',#15007,10.);
#4675=VECTOR('',#15010,10.);
#4676=VECTOR('',#15011,10.);
#4677=VECTOR('',#15012,10.);
#4678=VECTOR('',#15013,10.);
#4679=VECTOR('',#15016,10.);
#4680=VECTOR('',#15017,10.);
#4681=VECTOR('',#15018,10.);
#4682=VECTOR('',#15021,10.);
#4683=VECTOR('',#15022,10.);
#4684=VECTOR('',#15023,10.);
#4685=VECTOR('',#15026,10.);
#4686=VECTOR('',#15027,10.);
#4687=VECTOR('',#15028,10.);
#4688=VECTOR('',#15031,10.);
#4689=VECTOR('',#15032,10.);
#4690=VECTOR('',#15033,10.);
#4691=VECTOR('',#15036,10.);
#4692=VECTOR('',#15037,10.);
#4693=VECTOR('',#15038,10.);
#4694=VECTOR('',#15041,10.);
#4695=VECTOR('',#15042,10.);
#4696=VECTOR('',#15043,10.);
#4697=VECTOR('',#15046,10.);
#4698=VECTOR('',#15047,10.);
#4699=VECTOR('',#15054,10.);
#4700=VECTOR('',#15055,10.);
#4701=VECTOR('',#15056,10.);
#4702=VECTOR('',#15057,10.);
#4703=VECTOR('',#15060,10.);
#4704=VECTOR('',#15061,10.);
#4705=VECTOR('',#15062,10.);
#4706=VECTOR('',#15065,10.);
#4707=VECTOR('',#15066,10.);
#4708=VECTOR('',#15067,10.);
#4709=VECTOR('',#15070,10.);
#4710=VECTOR('',#15071,10.);
#4711=VECTOR('',#15072,10.);
#4712=VECTOR('',#15075,10.);
#4713=VECTOR('',#15076,10.);
#4714=VECTOR('',#15077,10.);
#4715=VECTOR('',#15080,10.);
#4716=VECTOR('',#15081,10.);
#4717=VECTOR('',#15082,10.);
#4718=VECTOR('',#15085,10.);
#4719=VECTOR('',#15086,10.);
#4720=VECTOR('',#15093,10.);
#4721=VECTOR('',#15094,10.);
#4722=VECTOR('',#15095,10.);
#4723=VECTOR('',#15096,10.);
#4724=VECTOR('',#15099,10.);
#4725=VECTOR('',#15100,10.);
#4726=VECTOR('',#15101,10.);
#4727=VECTOR('',#15104,10.);
#4728=VECTOR('',#15105,10.);
#4729=VECTOR('',#15106,10.);
#4730=VECTOR('',#15109,10.);
#4731=VECTOR('',#15110,10.);
#4732=VECTOR('',#15117,10.);
#4733=VECTOR('',#15118,10.);
#4734=VECTOR('',#15119,10.);
#4735=VECTOR('',#15120,10.);
#4736=VECTOR('',#15123,10.);
#4737=VECTOR('',#15124,10.);
#4738=VECTOR('',#15125,10.);
#4739=VECTOR('',#15128,10.);
#4740=VECTOR('',#15129,10.);
#4741=VECTOR('',#15130,10.);
#4742=VECTOR('',#15133,10.);
#4743=VECTOR('',#15134,10.);
#4744=VECTOR('',#15135,10.);
#4745=VECTOR('',#15138,10.);
#4746=VECTOR('',#15139,10.);
#4747=VECTOR('',#15140,10.);
#4748=VECTOR('',#15143,10.);
#4749=VECTOR('',#15144,10.);
#4750=VECTOR('',#15145,10.);
#4751=VECTOR('',#15148,10.);
#4752=VECTOR('',#15149,10.);
#4753=VECTOR('',#15150,10.);
#4754=VECTOR('',#15153,10.);
#4755=VECTOR('',#15154,10.);
#4756=VECTOR('',#15161,10.);
#4757=VECTOR('',#15162,10.);
#4758=VECTOR('',#15163,10.);
#4759=VECTOR('',#15164,10.);
#4760=VECTOR('',#15165,10.);
#4761=VECTOR('',#15166,10.);
#4762=VECTOR('',#15167,10.);
#4763=VECTOR('',#15168,10.);
#4764=VECTOR('',#15169,10.);
#4765=VECTOR('',#15170,10.);
#4766=VECTOR('',#15171,10.);
#4767=VECTOR('',#15172,10.);
#4768=VECTOR('',#15173,10.);
#4769=VECTOR('',#15174,10.);
#4770=VECTOR('',#15175,10.);
#4771=VECTOR('',#15176,10.);
#4772=VECTOR('',#15177,10.);
#4773=VECTOR('',#15180,10.);
#4774=VECTOR('',#15181,10.);
#4775=VECTOR('',#15182,10.);
#4776=VECTOR('',#15183,10.);
#4777=VECTOR('',#15184,10.);
#4778=VECTOR('',#15185,10.);
#4779=VECTOR('',#15186,10.);
#4780=VECTOR('',#15187,10.);
#4781=VECTOR('',#15188,10.);
#4782=VECTOR('',#15189,10.);
#4783=VECTOR('',#15190,10.);
#4784=VECTOR('',#15191,10.);
#4785=VECTOR('',#15192,10.);
#4786=VECTOR('',#15193,10.);
#4787=VECTOR('',#15194,10.);
#4788=VECTOR('',#15195,10.);
#4789=VECTOR('',#15202,10.);
#4790=VECTOR('',#15203,10.);
#4791=VECTOR('',#15204,10.);
#4792=VECTOR('',#15205,10.);
#4793=VECTOR('',#15206,10.);
#4794=VECTOR('',#15207,10.);
#4795=VECTOR('',#15208,10.);
#4796=VECTOR('',#15209,10.);
#4797=VECTOR('',#15210,10.);
#4798=VECTOR('',#15211,10.);
#4799=VECTOR('',#15212,10.);
#4800=VECTOR('',#15213,10.);
#4801=VECTOR('',#15214,10.);
#4802=VECTOR('',#15215,10.);
#4803=VECTOR('',#15216,10.);
#4804=VECTOR('',#15217,10.);
#4805=VECTOR('',#15218,10.);
#4806=VECTOR('',#15221,10.);
#4807=VECTOR('',#15222,10.);
#4808=VECTOR('',#15223,10.);
#4809=VECTOR('',#15224,10.);
#4810=VECTOR('',#15225,10.);
#4811=VECTOR('',#15226,10.);
#4812=VECTOR('',#15227,10.);
#4813=VECTOR('',#15228,10.);
#4814=VECTOR('',#15229,10.);
#4815=VECTOR('',#15230,10.);
#4816=VECTOR('',#15231,10.);
#4817=VECTOR('',#15232,10.);
#4818=VECTOR('',#15233,10.);
#4819=VECTOR('',#15234,10.);
#4820=VECTOR('',#15235,10.);
#4821=VECTOR('',#15236,10.);
#4822=VECTOR('',#15243,10.);
#4823=VECTOR('',#15244,10.);
#4824=VECTOR('',#15245,10.);
#4825=VECTOR('',#15246,10.);
#4826=VECTOR('',#15249,10.);
#4827=VECTOR('',#15250,10.);
#4828=VECTOR('',#15251,10.);
#4829=VECTOR('',#15254,10.);
#4830=VECTOR('',#15255,10.);
#4831=VECTOR('',#15256,10.);
#4832=VECTOR('',#15259,10.);
#4833=VECTOR('',#15260,10.);
#4834=VERTEX_POINT('',#15296);
#4835=VERTEX_POINT('',#15297);
#4836=VERTEX_POINT('',#15299);
#4837=VERTEX_POINT('',#15301);
#4838=VERTEX_POINT('',#15305);
#4839=VERTEX_POINT('',#15307);
#4840=VERTEX_POINT('',#15314);
#4841=VERTEX_POINT('',#15315);
#4842=VERTEX_POINT('',#15317);
#4843=VERTEX_POINT('',#15319);
#4844=VERTEX_POINT('',#15323);
#4845=VERTEX_POINT('',#15325);
#4846=VERTEX_POINT('',#15332);
#4847=VERTEX_POINT('',#15333);
#4848=VERTEX_POINT('',#15335);
#4849=VERTEX_POINT('',#15337);
#4850=VERTEX_POINT('',#15341);
#4851=VERTEX_POINT('',#15343);
#4852=VERTEX_POINT('',#15350);
#4853=VERTEX_POINT('',#15351);
#4854=VERTEX_POINT('',#15353);
#4855=VERTEX_POINT('',#15355);
#4856=VERTEX_POINT('',#15359);
#4857=VERTEX_POINT('',#15361);
#4858=VERTEX_POINT('',#15368);
#4859=VERTEX_POINT('',#15369);
#4860=VERTEX_POINT('',#15371);
#4861=VERTEX_POINT('',#15373);
#4862=VERTEX_POINT('',#15377);
#4863=VERTEX_POINT('',#15379);
#4864=VERTEX_POINT('',#15386);
#4865=VERTEX_POINT('',#15387);
#4866=VERTEX_POINT('',#15389);
#4867=VERTEX_POINT('',#15391);
#4868=VERTEX_POINT('',#15395);
#4869=VERTEX_POINT('',#15397);
#4870=VERTEX_POINT('',#15404);
#4871=VERTEX_POINT('',#15405);
#4872=VERTEX_POINT('',#15407);
#4873=VERTEX_POINT('',#15409);
#4874=VERTEX_POINT('',#15413);
#4875=VERTEX_POINT('',#15415);
#4876=VERTEX_POINT('',#15422);
#4877=VERTEX_POINT('',#15423);
#4878=VERTEX_POINT('',#15425);
#4879=VERTEX_POINT('',#15427);
#4880=VERTEX_POINT('',#15431);
#4881=VERTEX_POINT('',#15433);
#4882=VERTEX_POINT('',#15440);
#4883=VERTEX_POINT('',#15441);
#4884=VERTEX_POINT('',#15443);
#4885=VERTEX_POINT('',#15445);
#4886=VERTEX_POINT('',#15449);
#4887=VERTEX_POINT('',#15451);
#4888=VERTEX_POINT('',#15458);
#4889=VERTEX_POINT('',#15459);
#4890=VERTEX_POINT('',#15461);
#4891=VERTEX_POINT('',#15463);
#4892=VERTEX_POINT('',#15467);
#4893=VERTEX_POINT('',#15469);
#4894=VERTEX_POINT('',#15476);
#4895=VERTEX_POINT('',#15477);
#4896=VERTEX_POINT('',#15479);
#4897=VERTEX_POINT('',#15481);
#4898=VERTEX_POINT('',#15485);
#4899=VERTEX_POINT('',#15487);
#4900=VERTEX_POINT('',#15494);
#4901=VERTEX_POINT('',#15495);
#4902=VERTEX_POINT('',#15497);
#4903=VERTEX_POINT('',#15499);
#4904=VERTEX_POINT('',#15503);
#4905=VERTEX_POINT('',#15505);
#4906=VERTEX_POINT('',#15512);
#4907=VERTEX_POINT('',#15513);
#4908=VERTEX_POINT('',#15515);
#4909=VERTEX_POINT('',#15517);
#4910=VERTEX_POINT('',#15521);
#4911=VERTEX_POINT('',#15523);
#4912=VERTEX_POINT('',#15530);
#4913=VERTEX_POINT('',#15531);
#4914=VERTEX_POINT('',#15533);
#4915=VERTEX_POINT('',#15535);
#4916=VERTEX_POINT('',#15539);
#4917=VERTEX_POINT('',#15541);
#4918=VERTEX_POINT('',#15548);
#4919=VERTEX_POINT('',#15549);
#4920=VERTEX_POINT('',#15551);
#4921=VERTEX_POINT('',#15553);
#4922=VERTEX_POINT('',#15557);
#4923=VERTEX_POINT('',#15559);
#4924=VERTEX_POINT('',#15566);
#4925=VERTEX_POINT('',#15567);
#4926=VERTEX_POINT('',#15569);
#4927=VERTEX_POINT('',#15571);
#4928=VERTEX_POINT('',#15575);
#4929=VERTEX_POINT('',#15577);
#4930=VERTEX_POINT('',#15584);
#4931=VERTEX_POINT('',#15585);
#4932=VERTEX_POINT('',#15587);
#4933=VERTEX_POINT('',#15589);
#4934=VERTEX_POINT('',#15593);
#4935=VERTEX_POINT('',#15595);
#4936=VERTEX_POINT('',#15602);
#4937=VERTEX_POINT('',#15603);
#4938=VERTEX_POINT('',#15605);
#4939=VERTEX_POINT('',#15607);
#4940=VERTEX_POINT('',#15611);
#4941=VERTEX_POINT('',#15613);
#4942=VERTEX_POINT('',#15620);
#4943=VERTEX_POINT('',#15621);
#4944=VERTEX_POINT('',#15623);
#4945=VERTEX_POINT('',#15625);
#4946=VERTEX_POINT('',#15629);
#4947=VERTEX_POINT('',#15631);
#4948=VERTEX_POINT('',#15638);
#4949=VERTEX_POINT('',#15639);
#4950=VERTEX_POINT('',#15641);
#4951=VERTEX_POINT('',#15643);
#4952=VERTEX_POINT('',#15647);
#4953=VERTEX_POINT('',#15649);
#4954=VERTEX_POINT('',#15656);
#4955=VERTEX_POINT('',#15657);
#4956=VERTEX_POINT('',#15659);
#4957=VERTEX_POINT('',#15661);
#4958=VERTEX_POINT('',#15665);
#4959=VERTEX_POINT('',#15667);
#4960=VERTEX_POINT('',#15674);
#4961=VERTEX_POINT('',#15675);
#4962=VERTEX_POINT('',#15677);
#4963=VERTEX_POINT('',#15679);
#4964=VERTEX_POINT('',#15683);
#4965=VERTEX_POINT('',#15685);
#4966=VERTEX_POINT('',#15692);
#4967=VERTEX_POINT('',#15693);
#4968=VERTEX_POINT('',#15695);
#4969=VERTEX_POINT('',#15697);
#4970=VERTEX_POINT('',#15701);
#4971=VERTEX_POINT('',#15703);
#4972=VERTEX_POINT('',#15710);
#4973=VERTEX_POINT('',#15711);
#4974=VERTEX_POINT('',#15713);
#4975=VERTEX_POINT('',#15715);
#4976=VERTEX_POINT('',#15719);
#4977=VERTEX_POINT('',#15721);
#4978=VERTEX_POINT('',#15725);
#4979=VERTEX_POINT('',#15727);
#4980=VERTEX_POINT('',#15734);
#4981=VERTEX_POINT('',#15735);
#4982=VERTEX_POINT('',#15737);
#4983=VERTEX_POINT('',#15739);
#4984=VERTEX_POINT('',#15743);
#4985=VERTEX_POINT('',#15745);
#4986=VERTEX_POINT('',#15749);
#4987=VERTEX_POINT('',#15751);
#4988=VERTEX_POINT('',#15758);
#4989=VERTEX_POINT('',#15759);
#4990=VERTEX_POINT('',#15761);
#4991=VERTEX_POINT('',#15763);
#4992=VERTEX_POINT('',#15767);
#4993=VERTEX_POINT('',#15769);
#4994=VERTEX_POINT('',#15773);
#4995=VERTEX_POINT('',#15775);
#4996=VERTEX_POINT('',#15779);
#4997=VERTEX_POINT('',#15781);
#4998=VERTEX_POINT('',#15785);
#4999=VERTEX_POINT('',#15786);
#5000=VERTEX_POINT('',#15788);
#5001=VERTEX_POINT('',#15790);
#5002=VERTEX_POINT('',#15792);
#5003=VERTEX_POINT('',#15795);
#5004=VERTEX_POINT('',#15796);
#5005=VERTEX_POINT('',#15798);
#5006=VERTEX_POINT('',#15800);
#5007=VERTEX_POINT('',#15803);
#5008=VERTEX_POINT('',#15804);
#5009=VERTEX_POINT('',#15806);
#5010=VERTEX_POINT('',#15808);
#5011=VERTEX_POINT('',#15810);
#5012=VERTEX_POINT('',#15812);
#5013=VERTEX_POINT('',#15814);
#5014=VERTEX_POINT('',#15816);
#5015=VERTEX_POINT('',#15819);
#5016=VERTEX_POINT('',#15820);
#5017=VERTEX_POINT('',#15822);
#5018=VERTEX_POINT('',#15824);
#5019=VERTEX_POINT('',#15826);
#5020=VERTEX_POINT('',#15828);
#5021=VERTEX_POINT('',#15830);
#5022=VERTEX_POINT('',#15832);
#5023=VERTEX_POINT('',#15835);
#5024=VERTEX_POINT('',#15836);
#5025=VERTEX_POINT('',#15838);
#5026=VERTEX_POINT('',#15840);
#5027=VERTEX_POINT('',#15843);
#5028=VERTEX_POINT('',#15845);
#5029=VERTEX_POINT('',#15847);
#5030=VERTEX_POINT('',#15850);
#5031=VERTEX_POINT('',#15851);
#5032=VERTEX_POINT('',#15853);
#5033=VERTEX_POINT('',#15855);
#5034=VERTEX_POINT('',#15859);
#5035=VERTEX_POINT('',#15861);
#5036=VERTEX_POINT('',#15865);
#5037=VERTEX_POINT('',#15869);
#5038=VERTEX_POINT('',#15876);
#5039=VERTEX_POINT('',#15880);
#5040=VERTEX_POINT('',#15884);
#5041=VERTEX_POINT('',#15891);
#5042=VERTEX_POINT('',#15893);
#5043=VERTEX_POINT('',#15897);
#5044=VERTEX_POINT('',#15901);
#5045=VERTEX_POINT('',#15905);
#5046=VERTEX_POINT('',#15909);
#5047=VERTEX_POINT('',#15911);
#5048=VERTEX_POINT('',#15915);
#5049=VERTEX_POINT('',#15919);
#5050=VERTEX_POINT('',#15926);
#5051=VERTEX_POINT('',#15930);
#5052=VERTEX_POINT('',#15934);
#5053=VERTEX_POINT('',#15941);
#5054=VERTEX_POINT('',#15943);
#5055=VERTEX_POINT('',#15947);
#5056=VERTEX_POINT('',#15951);
#5057=VERTEX_POINT('',#15955);
#5058=VERTEX_POINT('',#15959);
#5059=VERTEX_POINT('',#15961);
#5060=VERTEX_POINT('',#15965);
#5061=VERTEX_POINT('',#15969);
#5062=VERTEX_POINT('',#15976);
#5063=VERTEX_POINT('',#15980);
#5064=VERTEX_POINT('',#15984);
#5065=VERTEX_POINT('',#15991);
#5066=VERTEX_POINT('',#15992);
#5067=VERTEX_POINT('',#15997);
#5068=VERTEX_POINT('',#16001);
#5069=VERTEX_POINT('',#16005);
#5070=VERTEX_POINT('',#16013);
#5071=VERTEX_POINT('',#16014);
#5072=VERTEX_POINT('',#16016);
#5073=VERTEX_POINT('',#16018);
#5074=VERTEX_POINT('',#16022);
#5075=VERTEX_POINT('',#16024);
#5076=VERTEX_POINT('',#16031);
#5077=VERTEX_POINT('',#16032);
#5078=VERTEX_POINT('',#16034);
#5079=VERTEX_POINT('',#16036);
#5080=VERTEX_POINT('',#16040);
#5081=VERTEX_POINT('',#16042);
#5082=VERTEX_POINT('',#16049);
#5083=VERTEX_POINT('',#16050);
#5084=VERTEX_POINT('',#16052);
#5085=VERTEX_POINT('',#16054);
#5086=VERTEX_POINT('',#16058);
#5087=VERTEX_POINT('',#16060);
#5088=VERTEX_POINT('',#16067);
#5089=VERTEX_POINT('',#16068);
#5090=VERTEX_POINT('',#16070);
#5091=VERTEX_POINT('',#16072);
#5092=VERTEX_POINT('',#16076);
#5093=VERTEX_POINT('',#16078);
#5094=VERTEX_POINT('',#16085);
#5095=VERTEX_POINT('',#16086);
#5096=VERTEX_POINT('',#16088);
#5097=VERTEX_POINT('',#16090);
#5098=VERTEX_POINT('',#16094);
#5099=VERTEX_POINT('',#16096);
#5100=VERTEX_POINT('',#16103);
#5101=VERTEX_POINT('',#16104);
#5102=VERTEX_POINT('',#16106);
#5103=VERTEX_POINT('',#16108);
#5104=VERTEX_POINT('',#16112);
#5105=VERTEX_POINT('',#16114);
#5106=VERTEX_POINT('',#16121);
#5107=VERTEX_POINT('',#16122);
#5108=VERTEX_POINT('',#16124);
#5109=VERTEX_POINT('',#16126);
#5110=VERTEX_POINT('',#16130);
#5111=VERTEX_POINT('',#16132);
#5112=VERTEX_POINT('',#16139);
#5113=VERTEX_POINT('',#16140);
#5114=VERTEX_POINT('',#16142);
#5115=VERTEX_POINT('',#16144);
#5116=VERTEX_POINT('',#16148);
#5117=VERTEX_POINT('',#16150);
#5118=VERTEX_POINT('',#16157);
#5119=VERTEX_POINT('',#16158);
#5120=VERTEX_POINT('',#16160);
#5121=VERTEX_POINT('',#16162);
#5122=VERTEX_POINT('',#16166);
#5123=VERTEX_POINT('',#16168);
#5124=VERTEX_POINT('',#16175);
#5125=VERTEX_POINT('',#16176);
#5126=VERTEX_POINT('',#16178);
#5127=VERTEX_POINT('',#16180);
#5128=VERTEX_POINT('',#16184);
#5129=VERTEX_POINT('',#16186);
#5130=VERTEX_POINT('',#16193);
#5131=VERTEX_POINT('',#16194);
#5132=VERTEX_POINT('',#16196);
#5133=VERTEX_POINT('',#16198);
#5134=VERTEX_POINT('',#16202);
#5135=VERTEX_POINT('',#16204);
#5136=VERTEX_POINT('',#16211);
#5137=VERTEX_POINT('',#16212);
#5138=VERTEX_POINT('',#16214);
#5139=VERTEX_POINT('',#16216);
#5140=VERTEX_POINT('',#16220);
#5141=VERTEX_POINT('',#16222);
#5142=VERTEX_POINT('',#16229);
#5143=VERTEX_POINT('',#16230);
#5144=VERTEX_POINT('',#16232);
#5145=VERTEX_POINT('',#16234);
#5146=VERTEX_POINT('',#16238);
#5147=VERTEX_POINT('',#16240);
#5148=VERTEX_POINT('',#16247);
#5149=VERTEX_POINT('',#16248);
#5150=VERTEX_POINT('',#16250);
#5151=VERTEX_POINT('',#16252);
#5152=VERTEX_POINT('',#16256);
#5153=VERTEX_POINT('',#16258);
#5154=VERTEX_POINT('',#16265);
#5155=VERTEX_POINT('',#16266);
#5156=VERTEX_POINT('',#16268);
#5157=VERTEX_POINT('',#16270);
#5158=VERTEX_POINT('',#16274);
#5159=VERTEX_POINT('',#16276);
#5160=VERTEX_POINT('',#16283);
#5161=VERTEX_POINT('',#16284);
#5162=VERTEX_POINT('',#16286);
#5163=VERTEX_POINT('',#16288);
#5164=VERTEX_POINT('',#16292);
#5165=VERTEX_POINT('',#16294);
#5166=VERTEX_POINT('',#16301);
#5167=VERTEX_POINT('',#16302);
#5168=VERTEX_POINT('',#16304);
#5169=VERTEX_POINT('',#16306);
#5170=VERTEX_POINT('',#16310);
#5171=VERTEX_POINT('',#16312);
#5172=VERTEX_POINT('',#16319);
#5173=VERTEX_POINT('',#16320);
#5174=VERTEX_POINT('',#16322);
#5175=VERTEX_POINT('',#16324);
#5176=VERTEX_POINT('',#16328);
#5177=VERTEX_POINT('',#16330);
#5178=VERTEX_POINT('',#16337);
#5179=VERTEX_POINT('',#16338);
#5180=VERTEX_POINT('',#16340);
#5181=VERTEX_POINT('',#16342);
#5182=VERTEX_POINT('',#16346);
#5183=VERTEX_POINT('',#16348);
#5184=VERTEX_POINT('',#16355);
#5185=VERTEX_POINT('',#16356);
#5186=VERTEX_POINT('',#16358);
#5187=VERTEX_POINT('',#16360);
#5188=VERTEX_POINT('',#16364);
#5189=VERTEX_POINT('',#16366);
#5190=VERTEX_POINT('',#16373);
#5191=VERTEX_POINT('',#16374);
#5192=VERTEX_POINT('',#16376);
#5193=VERTEX_POINT('',#16378);
#5194=VERTEX_POINT('',#16382);
#5195=VERTEX_POINT('',#16384);
#5196=VERTEX_POINT('',#16391);
#5197=VERTEX_POINT('',#16392);
#5198=VERTEX_POINT('',#16394);
#5199=VERTEX_POINT('',#16396);
#5200=VERTEX_POINT('',#16400);
#5201=VERTEX_POINT('',#16402);
#5202=VERTEX_POINT('',#16409);
#5203=VERTEX_POINT('',#16410);
#5204=VERTEX_POINT('',#16412);
#5205=VERTEX_POINT('',#16414);
#5206=VERTEX_POINT('',#16418);
#5207=VERTEX_POINT('',#16420);
#5208=VERTEX_POINT('',#16427);
#5209=VERTEX_POINT('',#16428);
#5210=VERTEX_POINT('',#16430);
#5211=VERTEX_POINT('',#16432);
#5212=VERTEX_POINT('',#16436);
#5213=VERTEX_POINT('',#16438);
#5214=VERTEX_POINT('',#16442);
#5215=VERTEX_POINT('',#16444);
#5216=VERTEX_POINT('',#16451);
#5217=VERTEX_POINT('',#16452);
#5218=VERTEX_POINT('',#16454);
#5219=VERTEX_POINT('',#16456);
#5220=VERTEX_POINT('',#16460);
#5221=VERTEX_POINT('',#16462);
#5222=VERTEX_POINT('',#16466);
#5223=VERTEX_POINT('',#16468);
#5224=VERTEX_POINT('',#16475);
#5225=VERTEX_POINT('',#16476);
#5226=VERTEX_POINT('',#16478);
#5227=VERTEX_POINT('',#16480);
#5228=VERTEX_POINT('',#16484);
#5229=VERTEX_POINT('',#16486);
#5230=VERTEX_POINT('',#16490);
#5231=VERTEX_POINT('',#16492);
#5232=VERTEX_POINT('',#16496);
#5233=VERTEX_POINT('',#16498);
#5234=VERTEX_POINT('',#16502);
#5235=VERTEX_POINT('',#16503);
#5236=VERTEX_POINT('',#16505);
#5237=VERTEX_POINT('',#16507);
#5238=VERTEX_POINT('',#16509);
#5239=VERTEX_POINT('',#16512);
#5240=VERTEX_POINT('',#16513);
#5241=VERTEX_POINT('',#16515);
#5242=VERTEX_POINT('',#16517);
#5243=VERTEX_POINT('',#16520);
#5244=VERTEX_POINT('',#16521);
#5245=VERTEX_POINT('',#16523);
#5246=VERTEX_POINT('',#16525);
#5247=VERTEX_POINT('',#16527);
#5248=VERTEX_POINT('',#16529);
#5249=VERTEX_POINT('',#16531);
#5250=VERTEX_POINT('',#16533);
#5251=VERTEX_POINT('',#16536);
#5252=VERTEX_POINT('',#16537);
#5253=VERTEX_POINT('',#16539);
#5254=VERTEX_POINT('',#16541);
#5255=VERTEX_POINT('',#16543);
#5256=VERTEX_POINT('',#16545);
#5257=VERTEX_POINT('',#16547);
#5258=VERTEX_POINT('',#16549);
#5259=VERTEX_POINT('',#16552);
#5260=VERTEX_POINT('',#16553);
#5261=VERTEX_POINT('',#16555);
#5262=VERTEX_POINT('',#16557);
#5263=VERTEX_POINT('',#16560);
#5264=VERTEX_POINT('',#16562);
#5265=VERTEX_POINT('',#16564);
#5266=VERTEX_POINT('',#16567);
#5267=VERTEX_POINT('',#16568);
#5268=VERTEX_POINT('',#16570);
#5269=VERTEX_POINT('',#16572);
#5270=VERTEX_POINT('',#16576);
#5271=VERTEX_POINT('',#16577);
#5272=VERTEX_POINT('',#16582);
#5273=VERTEX_POINT('',#16586);
#5274=VERTEX_POINT('',#16593);
#5275=VERTEX_POINT('',#16597);
#5276=VERTEX_POINT('',#16601);
#5277=VERTEX_POINT('',#16608);
#5278=VERTEX_POINT('',#16609);
#5279=VERTEX_POINT('',#16614);
#5280=VERTEX_POINT('',#16618);
#5281=VERTEX_POINT('',#16622);
#5282=VERTEX_POINT('',#16626);
#5283=VERTEX_POINT('',#16627);
#5284=VERTEX_POINT('',#16632);
#5285=VERTEX_POINT('',#16636);
#5286=VERTEX_POINT('',#16643);
#5287=VERTEX_POINT('',#16647);
#5288=VERTEX_POINT('',#16651);
#5289=VERTEX_POINT('',#16658);
#5290=VERTEX_POINT('',#16659);
#5291=VERTEX_POINT('',#16664);
#5292=VERTEX_POINT('',#16668);
#5293=VERTEX_POINT('',#16672);
#5294=VERTEX_POINT('',#16676);
#5295=VERTEX_POINT('',#16677);
#5296=VERTEX_POINT('',#16682);
#5297=VERTEX_POINT('',#16686);
#5298=VERTEX_POINT('',#16693);
#5299=VERTEX_POINT('',#16697);
#5300=VERTEX_POINT('',#16701);
#5301=VERTEX_POINT('',#16708);
#5302=VERTEX_POINT('',#16710);
#5303=VERTEX_POINT('',#16714);
#5304=VERTEX_POINT('',#16718);
#5305=VERTEX_POINT('',#16722);
#5306=VERTEX_POINT('',#16730);
#5307=VERTEX_POINT('',#16731);
#5308=VERTEX_POINT('',#16733);
#5309=VERTEX_POINT('',#16735);
#5310=VERTEX_POINT('',#16739);
#5311=VERTEX_POINT('',#16741);
#5312=VERTEX_POINT('',#16745);
#5313=VERTEX_POINT('',#16747);
#5314=VERTEX_POINT('',#16751);
#5315=VERTEX_POINT('',#16753);
#5316=VERTEX_POINT('',#16755);
#5317=VERTEX_POINT('',#16757);
#5318=VERTEX_POINT('',#16761);
#5319=VERTEX_POINT('',#16763);
#5320=VERTEX_POINT('',#16767);
#5321=VERTEX_POINT('',#16768);
#5322=VERTEX_POINT('',#16770);
#5323=VERTEX_POINT('',#16772);
#5324=VERTEX_POINT('',#16776);
#5325=VERTEX_POINT('',#16778);
#5326=VERTEX_POINT('',#16782);
#5327=VERTEX_POINT('',#16784);
#5328=VERTEX_POINT('',#16788);
#5329=VERTEX_POINT('',#16790);
#5330=VERTEX_POINT('',#16794);
#5331=VERTEX_POINT('',#16796);
#5332=VERTEX_POINT('',#16800);
#5333=VERTEX_POINT('',#16802);
#5334=VERTEX_POINT('',#16806);
#5335=VERTEX_POINT('',#16808);
#5336=VERTEX_POINT('',#16812);
#5337=VERTEX_POINT('',#16814);
#5338=VERTEX_POINT('',#16818);
#5339=VERTEX_POINT('',#16819);
#5340=VERTEX_POINT('',#16821);
#5341=VERTEX_POINT('',#16823);
#5342=VERTEX_POINT('',#16830);
#5343=VERTEX_POINT('',#16832);
#5344=VERTEX_POINT('',#16836);
#5345=VERTEX_POINT('',#16838);
#5346=VERTEX_POINT('',#16842);
#5347=VERTEX_POINT('',#16844);
#5348=VERTEX_POINT('',#16848);
#5349=VERTEX_POINT('',#16850);
#5350=VERTEX_POINT('',#16854);
#5351=VERTEX_POINT('',#16856);
#5352=VERTEX_POINT('',#16860);
#5353=VERTEX_POINT('',#16862);
#5354=VERTEX_POINT('',#16866);
#5355=VERTEX_POINT('',#16867);
#5356=VERTEX_POINT('',#16869);
#5357=VERTEX_POINT('',#16871);
#5358=VERTEX_POINT('',#16878);
#5359=VERTEX_POINT('',#16880);
#5360=VERTEX_POINT('',#16884);
#5361=VERTEX_POINT('',#16886);
#5362=VERTEX_POINT('',#16890);
#5363=VERTEX_POINT('',#16892);
#5364=VERTEX_POINT('',#16896);
#5365=VERTEX_POINT('',#16898);
#5366=VERTEX_POINT('',#16902);
#5367=VERTEX_POINT('',#16904);
#5368=VERTEX_POINT('',#16908);
#5369=VERTEX_POINT('',#16910);
#5370=VERTEX_POINT('',#16914);
#5371=VERTEX_POINT('',#16915);
#5372=VERTEX_POINT('',#16917);
#5373=VERTEX_POINT('',#16919);
#5374=VERTEX_POINT('',#16926);
#5375=VERTEX_POINT('',#16928);
#5376=VERTEX_POINT('',#16932);
#5377=VERTEX_POINT('',#16934);
#5378=VERTEX_POINT('',#16938);
#5379=VERTEX_POINT('',#16940);
#5380=VERTEX_POINT('',#16944);
#5381=VERTEX_POINT('',#16946);
#5382=VERTEX_POINT('',#16950);
#5383=VERTEX_POINT('',#16952);
#5384=VERTEX_POINT('',#16956);
#5385=VERTEX_POINT('',#16958);
#5386=VERTEX_POINT('',#16962);
#5387=VERTEX_POINT('',#16963);
#5388=VERTEX_POINT('',#16965);
#5389=VERTEX_POINT('',#16967);
#5390=VERTEX_POINT('',#16974);
#5391=VERTEX_POINT('',#16976);
#5392=VERTEX_POINT('',#16980);
#5393=VERTEX_POINT('',#16982);
#5394=VERTEX_POINT('',#16986);
#5395=VERTEX_POINT('',#16988);
#5396=VERTEX_POINT('',#16992);
#5397=VERTEX_POINT('',#16994);
#5398=VERTEX_POINT('',#16998);
#5399=VERTEX_POINT('',#17000);
#5400=VERTEX_POINT('',#17004);
#5401=VERTEX_POINT('',#17006);
#5402=VERTEX_POINT('',#17010);
#5403=VERTEX_POINT('',#17011);
#5404=VERTEX_POINT('',#17013);
#5405=VERTEX_POINT('',#17015);
#5406=VERTEX_POINT('',#17022);
#5407=VERTEX_POINT('',#17024);
#5408=VERTEX_POINT('',#17028);
#5409=VERTEX_POINT('',#17030);
#5410=VERTEX_POINT('',#17034);
#5411=VERTEX_POINT('',#17036);
#5412=VERTEX_POINT('',#17040);
#5413=VERTEX_POINT('',#17042);
#5414=VERTEX_POINT('',#17046);
#5415=VERTEX_POINT('',#17048);
#5416=VERTEX_POINT('',#17052);
#5417=VERTEX_POINT('',#17054);
#5418=VERTEX_POINT('',#17058);
#5419=VERTEX_POINT('',#17059);
#5420=VERTEX_POINT('',#17061);
#5421=VERTEX_POINT('',#17063);
#5422=VERTEX_POINT('',#17070);
#5423=VERTEX_POINT('',#17072);
#5424=VERTEX_POINT('',#17076);
#5425=VERTEX_POINT('',#17078);
#5426=VERTEX_POINT('',#17082);
#5427=VERTEX_POINT('',#17084);
#5428=VERTEX_POINT('',#17088);
#5429=VERTEX_POINT('',#17090);
#5430=VERTEX_POINT('',#17094);
#5431=VERTEX_POINT('',#17096);
#5432=VERTEX_POINT('',#17100);
#5433=VERTEX_POINT('',#17102);
#5434=VERTEX_POINT('',#17106);
#5435=VERTEX_POINT('',#17107);
#5436=VERTEX_POINT('',#17109);
#5437=VERTEX_POINT('',#17111);
#5438=VERTEX_POINT('',#17118);
#5439=VERTEX_POINT('',#17120);
#5440=VERTEX_POINT('',#17124);
#5441=VERTEX_POINT('',#17126);
#5442=VERTEX_POINT('',#17130);
#5443=VERTEX_POINT('',#17132);
#5444=VERTEX_POINT('',#17136);
#5445=VERTEX_POINT('',#17138);
#5446=VERTEX_POINT('',#17142);
#5447=VERTEX_POINT('',#17144);
#5448=VERTEX_POINT('',#17148);
#5449=VERTEX_POINT('',#17150);
#5450=VERTEX_POINT('',#17154);
#5451=VERTEX_POINT('',#17155);
#5452=VERTEX_POINT('',#17157);
#5453=VERTEX_POINT('',#17159);
#5454=VERTEX_POINT('',#17166);
#5455=VERTEX_POINT('',#17168);
#5456=VERTEX_POINT('',#17172);
#5457=VERTEX_POINT('',#17174);
#5458=VERTEX_POINT('',#17178);
#5459=VERTEX_POINT('',#17180);
#5460=VERTEX_POINT('',#17184);
#5461=VERTEX_POINT('',#17186);
#5462=VERTEX_POINT('',#17190);
#5463=VERTEX_POINT('',#17192);
#5464=VERTEX_POINT('',#17196);
#5465=VERTEX_POINT('',#17198);
#5466=VERTEX_POINT('',#17200);
#5467=VERTEX_POINT('',#17202);
#5468=VERTEX_POINT('',#17206);
#5469=VERTEX_POINT('',#17207);
#5470=VERTEX_POINT('',#17209);
#5471=VERTEX_POINT('',#17211);
#5472=VERTEX_POINT('',#17218);
#5473=VERTEX_POINT('',#17220);
#5474=VERTEX_POINT('',#17224);
#5475=VERTEX_POINT('',#17226);
#5476=VERTEX_POINT('',#17230);
#5477=VERTEX_POINT('',#17232);
#5478=VERTEX_POINT('',#17236);
#5479=VERTEX_POINT('',#17238);
#5480=VERTEX_POINT('',#17242);
#5481=VERTEX_POINT('',#17243);
#5482=VERTEX_POINT('',#17245);
#5483=VERTEX_POINT('',#17247);
#5484=VERTEX_POINT('',#17250);
#5485=VERTEX_POINT('',#17252);
#5486=VERTEX_POINT('',#17254);
#5487=VERTEX_POINT('',#17256);
#5488=VERTEX_POINT('',#17263);
#5489=VERTEX_POINT('',#17265);
#5490=VERTEX_POINT('',#17277);
#5491=VERTEX_POINT('',#17279);
#5492=VERTEX_POINT('',#17283);
#5493=VERTEX_POINT('',#17287);
#5494=VERTEX_POINT('',#17293);
#5495=VERTEX_POINT('',#17295);
#5496=VERTEX_POINT('',#17305);
#5497=VERTEX_POINT('',#17306);
#5498=VERTEX_POINT('',#17308);
#5499=VERTEX_POINT('',#17310);
#5500=VERTEX_POINT('',#17314);
#5501=VERTEX_POINT('',#17316);
#5502=VERTEX_POINT('',#17320);
#5503=VERTEX_POINT('',#17322);
#5504=VERTEX_POINT('',#17332);
#5505=VERTEX_POINT('',#17333);
#5506=VERTEX_POINT('',#17335);
#5507=VERTEX_POINT('',#17337);
#5508=VERTEX_POINT('',#17341);
#5509=VERTEX_POINT('',#17343);
#5510=VERTEX_POINT('',#17347);
#5511=VERTEX_POINT('',#17349);
#5512=VERTEX_POINT('',#17357);
#5513=VERTEX_POINT('',#17358);
#5514=VERTEX_POINT('',#17360);
#5515=VERTEX_POINT('',#17362);
#5516=VERTEX_POINT('',#17366);
#5517=VERTEX_POINT('',#17367);
#5518=VERTEX_POINT('',#17369);
#5519=VERTEX_POINT('',#17371);
#5520=VERTEX_POINT('',#17382);
#5521=VERTEX_POINT('',#17383);
#5522=VERTEX_POINT('',#17385);
#5523=VERTEX_POINT('',#17387);
#5524=VERTEX_POINT('',#17391);
#5525=VERTEX_POINT('',#17393);
#5526=VERTEX_POINT('',#17397);
#5527=VERTEX_POINT('',#17399);
#5528=VERTEX_POINT('',#17409);
#5529=VERTEX_POINT('',#17410);
#5530=VERTEX_POINT('',#17412);
#5531=VERTEX_POINT('',#17414);
#5532=VERTEX_POINT('',#17418);
#5533=VERTEX_POINT('',#17420);
#5534=VERTEX_POINT('',#17424);
#5535=VERTEX_POINT('',#17426);
#5536=VERTEX_POINT('',#17430);
#5537=VERTEX_POINT('',#17432);
#5538=VERTEX_POINT('',#17436);
#5539=VERTEX_POINT('',#17438);
#5540=VERTEX_POINT('',#17442);
#5541=VERTEX_POINT('',#17444);
#5542=VERTEX_POINT('',#17448);
#5543=VERTEX_POINT('',#17450);
#5544=VERTEX_POINT('',#17454);
#5545=VERTEX_POINT('',#17456);
#5546=VERTEX_POINT('',#17460);
#5547=VERTEX_POINT('',#17462);
#5548=VERTEX_POINT('',#17466);
#5549=VERTEX_POINT('',#17468);
#5550=VERTEX_POINT('',#17472);
#5551=VERTEX_POINT('',#17474);
#5552=VERTEX_POINT('',#17483);
#5553=VERTEX_POINT('',#17484);
#5554=VERTEX_POINT('',#17486);
#5555=VERTEX_POINT('',#17488);
#5556=VERTEX_POINT('',#17492);
#5557=VERTEX_POINT('',#17494);
#5558=VERTEX_POINT('',#17498);
#5559=VERTEX_POINT('',#17500);
#5560=VERTEX_POINT('',#17504);
#5561=VERTEX_POINT('',#17506);
#5562=VERTEX_POINT('',#17510);
#5563=VERTEX_POINT('',#17512);
#5564=VERTEX_POINT('',#17516);
#5565=VERTEX_POINT('',#17518);
#5566=VERTEX_POINT('',#17522);
#5567=VERTEX_POINT('',#17524);
#5568=VERTEX_POINT('',#17528);
#5569=VERTEX_POINT('',#17530);
#5570=VERTEX_POINT('',#17534);
#5571=VERTEX_POINT('',#17536);
#5572=VERTEX_POINT('',#17540);
#5573=VERTEX_POINT('',#17542);
#5574=VERTEX_POINT('',#17546);
#5575=VERTEX_POINT('',#17548);
#5576=VERTEX_POINT('',#17552);
#5577=VERTEX_POINT('',#17554);
#5578=VERTEX_POINT('',#17563);
#5579=VERTEX_POINT('',#17564);
#5580=VERTEX_POINT('',#17566);
#5581=VERTEX_POINT('',#17568);
#5582=VERTEX_POINT('',#17572);
#5583=VERTEX_POINT('',#17574);
#5584=VERTEX_POINT('',#17581);
#5585=VERTEX_POINT('',#17582);
#5586=VERTEX_POINT('',#17584);
#5587=VERTEX_POINT('',#17586);
#5588=VERTEX_POINT('',#17590);
#5589=VERTEX_POINT('',#17592);
#5590=VERTEX_POINT('',#17596);
#5591=VERTEX_POINT('',#17598);
#5592=VERTEX_POINT('',#17602);
#5593=VERTEX_POINT('',#17604);
#5594=VERTEX_POINT('',#17608);
#5595=VERTEX_POINT('',#17610);
#5596=VERTEX_POINT('',#17614);
#5597=VERTEX_POINT('',#17616);
#5598=VERTEX_POINT('',#17620);
#5599=VERTEX_POINT('',#17622);
#5600=VERTEX_POINT('',#17631);
#5601=VERTEX_POINT('',#17632);
#5602=VERTEX_POINT('',#17634);
#5603=VERTEX_POINT('',#17636);
#5604=VERTEX_POINT('',#17640);
#5605=VERTEX_POINT('',#17642);
#5606=VERTEX_POINT('',#17646);
#5607=VERTEX_POINT('',#17648);
#5608=VERTEX_POINT('',#17661);
#5609=VERTEX_POINT('',#17667);
#5610=VERTEX_POINT('',#17684);
#5611=VERTEX_POINT('',#17690);
#5612=VERTEX_POINT('',#17707);
#5613=VERTEX_POINT('',#17713);
#5614=VERTEX_POINT('',#17730);
#5615=VERTEX_POINT('',#17736);
#5616=VERTEX_POINT('',#17753);
#5617=VERTEX_POINT('',#17759);
#5618=VERTEX_POINT('',#17776);
#5619=VERTEX_POINT('',#17782);
#5620=VERTEX_POINT('',#17799);
#5621=VERTEX_POINT('',#17805);
#5622=VERTEX_POINT('',#17822);
#5623=VERTEX_POINT('',#17828);
#5624=VERTEX_POINT('',#17845);
#5625=VERTEX_POINT('',#17851);
#5626=VERTEX_POINT('',#17868);
#5627=VERTEX_POINT('',#17874);
#5628=VERTEX_POINT('',#17891);
#5629=VERTEX_POINT('',#17897);
#5630=VERTEX_POINT('',#17905);
#5631=VERTEX_POINT('',#17907);
#5632=VERTEX_POINT('',#17920);
#5633=VERTEX_POINT('',#17926);
#5634=VERTEX_POINT('',#17943);
#5635=VERTEX_POINT('',#17949);
#5636=VERTEX_POINT('',#17966);
#5637=VERTEX_POINT('',#17972);
#5638=VERTEX_POINT('',#17989);
#5639=VERTEX_POINT('',#17995);
#5640=VERTEX_POINT('',#18012);
#5641=VERTEX_POINT('',#18018);
#5642=VERTEX_POINT('',#18035);
#5643=VERTEX_POINT('',#18041);
#5644=VERTEX_POINT('',#18058);
#5645=VERTEX_POINT('',#18064);
#5646=VERTEX_POINT('',#18081);
#5647=VERTEX_POINT('',#18087);
#5648=VERTEX_POINT('',#18095);
#5649=VERTEX_POINT('',#18097);
#5650=VERTEX_POINT('',#18106);
#5651=VERTEX_POINT('',#18107);
#5652=VERTEX_POINT('',#18109);
#5653=VERTEX_POINT('',#18111);
#5654=VERTEX_POINT('',#18115);
#5655=VERTEX_POINT('',#18117);
#5656=VERTEX_POINT('',#18121);
#5657=VERTEX_POINT('',#18123);
#5658=VERTEX_POINT('',#18127);
#5659=VERTEX_POINT('',#18129);
#5660=VERTEX_POINT('',#18133);
#5661=VERTEX_POINT('',#18135);
#5662=VERTEX_POINT('',#18139);
#5663=VERTEX_POINT('',#18141);
#5664=VERTEX_POINT('',#18145);
#5665=VERTEX_POINT('',#18147);
#5666=VERTEX_POINT('',#18151);
#5667=VERTEX_POINT('',#18153);
#5668=VERTEX_POINT('',#18157);
#5669=VERTEX_POINT('',#18159);
#5670=VERTEX_POINT('',#18168);
#5671=VERTEX_POINT('',#18169);
#5672=VERTEX_POINT('',#18171);
#5673=VERTEX_POINT('',#18173);
#5674=VERTEX_POINT('',#18177);
#5675=VERTEX_POINT('',#18179);
#5676=VERTEX_POINT('',#18186);
#5677=VERTEX_POINT('',#18187);
#5678=VERTEX_POINT('',#18189);
#5679=VERTEX_POINT('',#18191);
#5680=VERTEX_POINT('',#18195);
#5681=VERTEX_POINT('',#18197);
#5682=VERTEX_POINT('',#18201);
#5683=VERTEX_POINT('',#18203);
#5684=VERTEX_POINT('',#18207);
#5685=VERTEX_POINT('',#18209);
#5686=VERTEX_POINT('',#18213);
#5687=VERTEX_POINT('',#18215);
#5688=VERTEX_POINT('',#18219);
#5689=VERTEX_POINT('',#18221);
#5690=VERTEX_POINT('',#18225);
#5691=VERTEX_POINT('',#18227);
#5692=VERTEX_POINT('',#18236);
#5693=VERTEX_POINT('',#18237);
#5694=VERTEX_POINT('',#18239);
#5695=VERTEX_POINT('',#18241);
#5696=VERTEX_POINT('',#18254);
#5697=VERTEX_POINT('',#18260);
#5698=VERTEX_POINT('',#18277);
#5699=VERTEX_POINT('',#18283);
#5700=VERTEX_POINT('',#18300);
#5701=VERTEX_POINT('',#18306);
#5702=VERTEX_POINT('',#18323);
#5703=VERTEX_POINT('',#18329);
#5704=VERTEX_POINT('',#18346);
#5705=VERTEX_POINT('',#18352);
#5706=VERTEX_POINT('',#18360);
#5707=VERTEX_POINT('',#18362);
#5708=VERTEX_POINT('',#18369);
#5709=VERTEX_POINT('',#18370);
#5710=VERTEX_POINT('',#18372);
#5711=VERTEX_POINT('',#18374);
#5712=VERTEX_POINT('',#18378);
#5713=VERTEX_POINT('',#18380);
#5714=VERTEX_POINT('',#18393);
#5715=VERTEX_POINT('',#18399);
#5716=VERTEX_POINT('',#18416);
#5717=VERTEX_POINT('',#18422);
#5718=VERTEX_POINT('',#18439);
#5719=VERTEX_POINT('',#18445);
#5720=VERTEX_POINT('',#18462);
#5721=VERTEX_POINT('',#18468);
#5722=VERTEX_POINT('',#18485);
#5723=VERTEX_POINT('',#18491);
#5724=VERTEX_POINT('',#18508);
#5725=VERTEX_POINT('',#18514);
#5726=VERTEX_POINT('',#18531);
#5727=VERTEX_POINT('',#18537);
#5728=VERTEX_POINT('',#18554);
#5729=VERTEX_POINT('',#18560);
#5730=VERTEX_POINT('',#18577);
#5731=VERTEX_POINT('',#18583);
#5732=VERTEX_POINT('',#18591);
#5733=VERTEX_POINT('',#18593);
#5734=VERTEX_POINT('',#18597);
#5735=VERTEX_POINT('',#18599);
#5736=VERTEX_POINT('',#18603);
#5737=VERTEX_POINT('',#18605);
#5738=VERTEX_POINT('',#18618);
#5739=VERTEX_POINT('',#18624);
#5740=VERTEX_POINT('',#18641);
#5741=VERTEX_POINT('',#18647);
#5742=VERTEX_POINT('',#18655);
#5743=VERTEX_POINT('',#18657);
#5744=VERTEX_POINT('',#18661);
#5745=VERTEX_POINT('',#18663);
#5746=VERTEX_POINT('',#18672);
#5747=VERTEX_POINT('',#18673);
#5748=VERTEX_POINT('',#18675);
#5749=VERTEX_POINT('',#18677);
#5750=VERTEX_POINT('',#18681);
#5751=VERTEX_POINT('',#18683);
#5752=VERTEX_POINT('',#18687);
#5753=VERTEX_POINT('',#18689);
#5754=VERTEX_POINT('',#18693);
#5755=VERTEX_POINT('',#18695);
#5756=VERTEX_POINT('',#18699);
#5757=VERTEX_POINT('',#18701);
#5758=VERTEX_POINT('',#18705);
#5759=VERTEX_POINT('',#18707);
#5760=VERTEX_POINT('',#18711);
#5761=VERTEX_POINT('',#18713);
#5762=VERTEX_POINT('',#18722);
#5763=VERTEX_POINT('',#18723);
#5764=VERTEX_POINT('',#18725);
#5765=VERTEX_POINT('',#18727);
#5766=VERTEX_POINT('',#18731);
#5767=VERTEX_POINT('',#18733);
#5768=VERTEX_POINT('',#18740);
#5769=VERTEX_POINT('',#18741);
#5770=VERTEX_POINT('',#18743);
#5771=VERTEX_POINT('',#18745);
#5772=VERTEX_POINT('',#18749);
#5773=VERTEX_POINT('',#18751);
#5774=VERTEX_POINT('',#18755);
#5775=VERTEX_POINT('',#18757);
#5776=VERTEX_POINT('',#18761);
#5777=VERTEX_POINT('',#18763);
#5778=VERTEX_POINT('',#18767);
#5779=VERTEX_POINT('',#18769);
#5780=VERTEX_POINT('',#18773);
#5781=VERTEX_POINT('',#18775);
#5782=VERTEX_POINT('',#18779);
#5783=VERTEX_POINT('',#18781);
#5784=VERTEX_POINT('',#18790);
#5785=VERTEX_POINT('',#18791);
#5786=VERTEX_POINT('',#18793);
#5787=VERTEX_POINT('',#18795);
#5788=VERTEX_POINT('',#18799);
#5789=VERTEX_POINT('',#18801);
#5790=VERTEX_POINT('',#18805);
#5791=VERTEX_POINT('',#18807);
#5792=VERTEX_POINT('',#18811);
#5793=VERTEX_POINT('',#18813);
#5794=VERTEX_POINT('',#18817);
#5795=VERTEX_POINT('',#18819);
#5796=VERTEX_POINT('',#18823);
#5797=VERTEX_POINT('',#18825);
#5798=VERTEX_POINT('',#18834);
#5799=VERTEX_POINT('',#18835);
#5800=VERTEX_POINT('',#18837);
#5801=VERTEX_POINT('',#18839);
#5802=VERTEX_POINT('',#18843);
#5803=VERTEX_POINT('',#18845);
#5804=VERTEX_POINT('',#18849);
#5805=VERTEX_POINT('',#18851);
#5806=VERTEX_POINT('',#18860);
#5807=VERTEX_POINT('',#18861);
#5808=VERTEX_POINT('',#18863);
#5809=VERTEX_POINT('',#18865);
#5810=VERTEX_POINT('',#18869);
#5811=VERTEX_POINT('',#18871);
#5812=VERTEX_POINT('',#18875);
#5813=VERTEX_POINT('',#18877);
#5814=VERTEX_POINT('',#18881);
#5815=VERTEX_POINT('',#18883);
#5816=VERTEX_POINT('',#18887);
#5817=VERTEX_POINT('',#18889);
#5818=VERTEX_POINT('',#18893);
#5819=VERTEX_POINT('',#18895);
#5820=VERTEX_POINT('',#18899);
#5821=VERTEX_POINT('',#18901);
#5822=VERTEX_POINT('',#18910);
#5823=VERTEX_POINT('',#18911);
#5824=VERTEX_POINT('',#18913);
#5825=VERTEX_POINT('',#18915);
#5826=VERTEX_POINT('',#18928);
#5827=VERTEX_POINT('',#18934);
#5828=VERTEX_POINT('',#18951);
#5829=VERTEX_POINT('',#18957);
#5830=VERTEX_POINT('',#18974);
#5831=VERTEX_POINT('',#18980);
#5832=VERTEX_POINT('',#18997);
#5833=VERTEX_POINT('',#19003);
#5834=VERTEX_POINT('',#19020);
#5835=VERTEX_POINT('',#19026);
#5836=VERTEX_POINT('',#19043);
#5837=VERTEX_POINT('',#19049);
#5838=VERTEX_POINT('',#19066);
#5839=VERTEX_POINT('',#19072);
#5840=VERTEX_POINT('',#19089);
#5841=VERTEX_POINT('',#19095);
#5842=VERTEX_POINT('',#19112);
#5843=VERTEX_POINT('',#19118);
#5844=VERTEX_POINT('',#19135);
#5845=VERTEX_POINT('',#19141);
#5846=VERTEX_POINT('',#19158);
#5847=VERTEX_POINT('',#19164);
#5848=VERTEX_POINT('',#19181);
#5849=VERTEX_POINT('',#19187);
#5850=VERTEX_POINT('',#19204);
#5851=VERTEX_POINT('',#19210);
#5852=VERTEX_POINT('',#19218);
#5853=VERTEX_POINT('',#19220);
#5854=VERTEX_POINT('',#19233);
#5855=VERTEX_POINT('',#19239);
#5856=VERTEX_POINT('',#19256);
#5857=VERTEX_POINT('',#19262);
#5858=VERTEX_POINT('',#19279);
#5859=VERTEX_POINT('',#19285);
#5860=VERTEX_POINT('',#19302);
#5861=VERTEX_POINT('',#19308);
#5862=VERTEX_POINT('',#19325);
#5863=VERTEX_POINT('',#19331);
#5864=VERTEX_POINT('',#19348);
#5865=VERTEX_POINT('',#19354);
#5866=VERTEX_POINT('',#19371);
#5867=VERTEX_POINT('',#19377);
#5868=VERTEX_POINT('',#19394);
#5869=VERTEX_POINT('',#19400);
#5870=VERTEX_POINT('',#19417);
#5871=VERTEX_POINT('',#19423);
#5872=VERTEX_POINT('',#19440);
#5873=VERTEX_POINT('',#19446);
#5874=VERTEX_POINT('',#19463);
#5875=VERTEX_POINT('',#19469);
#5876=VERTEX_POINT('',#19486);
#5877=VERTEX_POINT('',#19492);
#5878=VERTEX_POINT('',#19509);
#5879=VERTEX_POINT('',#19515);
#5880=VERTEX_POINT('',#19545);
#5881=VERTEX_POINT('',#19546);
#5882=VERTEX_POINT('',#19548);
#5883=VERTEX_POINT('',#19550);
#5884=VERTEX_POINT('',#19563);
#5885=VERTEX_POINT('',#19569);
#5886=VERTEX_POINT('',#19586);
#5887=VERTEX_POINT('',#19592);
#5888=VERTEX_POINT('',#19609);
#5889=VERTEX_POINT('',#19615);
#5890=VERTEX_POINT('',#19632);
#5891=VERTEX_POINT('',#19638);
#5892=VERTEX_POINT('',#19655);
#5893=VERTEX_POINT('',#19661);
#5894=VERTEX_POINT('',#19678);
#5895=VERTEX_POINT('',#19684);
#5896=VERTEX_POINT('',#19701);
#5897=VERTEX_POINT('',#19707);
#5898=VERTEX_POINT('',#19724);
#5899=VERTEX_POINT('',#19730);
#5900=VERTEX_POINT('',#19747);
#5901=VERTEX_POINT('',#19753);
#5902=VERTEX_POINT('',#19770);
#5903=VERTEX_POINT('',#19776);
#5904=VERTEX_POINT('',#19793);
#5905=VERTEX_POINT('',#19799);
#5906=VERTEX_POINT('',#19816);
#5907=VERTEX_POINT('',#19822);
#5908=VERTEX_POINT('',#19839);
#5909=VERTEX_POINT('',#19845);
#5910=VERTEX_POINT('',#19853);
#5911=VERTEX_POINT('',#19855);
#5912=VERTEX_POINT('',#19868);
#5913=VERTEX_POINT('',#19874);
#5914=VERTEX_POINT('',#19891);
#5915=VERTEX_POINT('',#19897);
#5916=VERTEX_POINT('',#19914);
#5917=VERTEX_POINT('',#19920);
#5918=VERTEX_POINT('',#19937);
#5919=VERTEX_POINT('',#19943);
#5920=VERTEX_POINT('',#19960);
#5921=VERTEX_POINT('',#19966);
#5922=VERTEX_POINT('',#19983);
#5923=VERTEX_POINT('',#19989);
#5924=VERTEX_POINT('',#20006);
#5925=VERTEX_POINT('',#20012);
#5926=VERTEX_POINT('',#20029);
#5927=VERTEX_POINT('',#20035);
#5928=VERTEX_POINT('',#20052);
#5929=VERTEX_POINT('',#20058);
#5930=VERTEX_POINT('',#20075);
#5931=VERTEX_POINT('',#20081);
#5932=VERTEX_POINT('',#20098);
#5933=VERTEX_POINT('',#20104);
#5934=VERTEX_POINT('',#20121);
#5935=VERTEX_POINT('',#20127);
#5936=VERTEX_POINT('',#20144);
#5937=VERTEX_POINT('',#20150);
#5938=VERTEX_POINT('',#20180);
#5939=VERTEX_POINT('',#20181);
#5940=VERTEX_POINT('',#20183);
#5941=VERTEX_POINT('',#20185);
#5942=VERTEX_POINT('',#20189);
#5943=VERTEX_POINT('',#20191);
#5944=VERTEX_POINT('',#20195);
#5945=VERTEX_POINT('',#20197);
#5946=EDGE_CURVE('',#4834,#4835,#1852,.T.);
#5947=EDGE_CURVE('',#4836,#4834,#1853,.T.);
#5948=EDGE_CURVE('',#4837,#4836,#1854,.T.);
#5949=EDGE_CURVE('',#4837,#4835,#1855,.T.);
#5950=EDGE_CURVE('',#4835,#4838,#1856,.T.);
#5951=EDGE_CURVE('',#4839,#4837,#1857,.T.);
#5952=EDGE_CURVE('',#4839,#4838,#1858,.T.);
#5953=EDGE_CURVE('',#4838,#4834,#1859,.T.);
#5954=EDGE_CURVE('',#4836,#4839,#1860,.T.);
#5955=EDGE_CURVE('',#4840,#4841,#1861,.T.);
#5956=EDGE_CURVE('',#4842,#4840,#1862,.T.);
#5957=EDGE_CURVE('',#4843,#4842,#1863,.T.);
#5958=EDGE_CURVE('',#4843,#4841,#1864,.T.);
#5959=EDGE_CURVE('',#4841,#4844,#1865,.T.);
#5960=EDGE_CURVE('',#4845,#4843,#1866,.T.);
#5961=EDGE_CURVE('',#4845,#4844,#1867,.T.);
#5962=EDGE_CURVE('',#4844,#4840,#1868,.T.);
#5963=EDGE_CURVE('',#4842,#4845,#1869,.T.);
#5964=EDGE_CURVE('',#4846,#4847,#1870,.T.);
#5965=EDGE_CURVE('',#4848,#4846,#1871,.T.);
#5966=EDGE_CURVE('',#4849,#4848,#1872,.T.);
#5967=EDGE_CURVE('',#4849,#4847,#1873,.T.);
#5968=EDGE_CURVE('',#4847,#4850,#1874,.T.);
#5969=EDGE_CURVE('',#4851,#4849,#1875,.T.);
#5970=EDGE_CURVE('',#4851,#4850,#1876,.T.);
#5971=EDGE_CURVE('',#4850,#4846,#1877,.T.);
#5972=EDGE_CURVE('',#4848,#4851,#1878,.T.);
#5973=EDGE_CURVE('',#4852,#4853,#1879,.T.);
#5974=EDGE_CURVE('',#4854,#4852,#1880,.T.);
#5975=EDGE_CURVE('',#4855,#4854,#1881,.T.);
#5976=EDGE_CURVE('',#4855,#4853,#1882,.T.);
#5977=EDGE_CURVE('',#4853,#4856,#1883,.T.);
#5978=EDGE_CURVE('',#4857,#4855,#1884,.T.);
#5979=EDGE_CURVE('',#4857,#4856,#1885,.T.);
#5980=EDGE_CURVE('',#4856,#4852,#1886,.T.);
#5981=EDGE_CURVE('',#4854,#4857,#1887,.T.);
#5982=EDGE_CURVE('',#4858,#4859,#1888,.T.);
#5983=EDGE_CURVE('',#4860,#4858,#1889,.T.);
#5984=EDGE_CURVE('',#4861,#4860,#1890,.T.);
#5985=EDGE_CURVE('',#4861,#4859,#1891,.T.);
#5986=EDGE_CURVE('',#4859,#4862,#1892,.T.);
#5987=EDGE_CURVE('',#4863,#4861,#1893,.T.);
#5988=EDGE_CURVE('',#4863,#4862,#1894,.T.);
#5989=EDGE_CURVE('',#4862,#4858,#1895,.T.);
#5990=EDGE_CURVE('',#4860,#4863,#1896,.T.);
#5991=EDGE_CURVE('',#4864,#4865,#1897,.T.);
#5992=EDGE_CURVE('',#4866,#4864,#1898,.T.);
#5993=EDGE_CURVE('',#4867,#4866,#1899,.T.);
#5994=EDGE_CURVE('',#4867,#4865,#1900,.T.);
#5995=EDGE_CURVE('',#4865,#4868,#1901,.T.);
#5996=EDGE_CURVE('',#4869,#4867,#1902,.T.);
#5997=EDGE_CURVE('',#4869,#4868,#1903,.T.);
#5998=EDGE_CURVE('',#4868,#4864,#1904,.T.);
#5999=EDGE_CURVE('',#4866,#4869,#1905,.T.);
#6000=EDGE_CURVE('',#4870,#4871,#1906,.T.);
#6001=EDGE_CURVE('',#4872,#4870,#1907,.T.);
#6002=EDGE_CURVE('',#4873,#4872,#1908,.T.);
#6003=EDGE_CURVE('',#4873,#4871,#1909,.T.);
#6004=EDGE_CURVE('',#4871,#4874,#1910,.T.);
#6005=EDGE_CURVE('',#4875,#4873,#1911,.T.);
#6006=EDGE_CURVE('',#4875,#4874,#1912,.T.);
#6007=EDGE_CURVE('',#4874,#4870,#1913,.T.);
#6008=EDGE_CURVE('',#4872,#4875,#1914,.T.);
#6009=EDGE_CURVE('',#4876,#4877,#1915,.T.);
#6010=EDGE_CURVE('',#4878,#4876,#1916,.T.);
#6011=EDGE_CURVE('',#4879,#4878,#1917,.T.);
#6012=EDGE_CURVE('',#4879,#4877,#1918,.T.);
#6013=EDGE_CURVE('',#4877,#4880,#1919,.T.);
#6014=EDGE_CURVE('',#4881,#4879,#1920,.T.);
#6015=EDGE_CURVE('',#4881,#4880,#1921,.T.);
#6016=EDGE_CURVE('',#4880,#4876,#1922,.T.);
#6017=EDGE_CURVE('',#4878,#4881,#1923,.T.);
#6018=EDGE_CURVE('',#4882,#4883,#1924,.T.);
#6019=EDGE_CURVE('',#4884,#4882,#1925,.T.);
#6020=EDGE_CURVE('',#4885,#4884,#1926,.T.);
#6021=EDGE_CURVE('',#4885,#4883,#1927,.T.);
#6022=EDGE_CURVE('',#4883,#4886,#1928,.T.);
#6023=EDGE_CURVE('',#4887,#4885,#1929,.T.);
#6024=EDGE_CURVE('',#4887,#4886,#1930,.T.);
#6025=EDGE_CURVE('',#4886,#4882,#1931,.T.);
#6026=EDGE_CURVE('',#4884,#4887,#1932,.T.);
#6027=EDGE_CURVE('',#4888,#4889,#1933,.T.);
#6028=EDGE_CURVE('',#4890,#4888,#1934,.T.);
#6029=EDGE_CURVE('',#4891,#4890,#1935,.T.);
#6030=EDGE_CURVE('',#4891,#4889,#1936,.T.);
#6031=EDGE_CURVE('',#4889,#4892,#1937,.T.);
#6032=EDGE_CURVE('',#4893,#4891,#1938,.T.);
#6033=EDGE_CURVE('',#4893,#4892,#1939,.T.);
#6034=EDGE_CURVE('',#4892,#4888,#1940,.T.);
#6035=EDGE_CURVE('',#4890,#4893,#1941,.T.);
#6036=EDGE_CURVE('',#4894,#4895,#1942,.T.);
#6037=EDGE_CURVE('',#4896,#4894,#1943,.T.);
#6038=EDGE_CURVE('',#4897,#4896,#1944,.T.);
#6039=EDGE_CURVE('',#4897,#4895,#1945,.T.);
#6040=EDGE_CURVE('',#4895,#4898,#1946,.T.);
#6041=EDGE_CURVE('',#4899,#4897,#1947,.T.);
#6042=EDGE_CURVE('',#4899,#4898,#1948,.T.);
#6043=EDGE_CURVE('',#4898,#4894,#1949,.T.);
#6044=EDGE_CURVE('',#4896,#4899,#1950,.T.);
#6045=EDGE_CURVE('',#4900,#4901,#1951,.T.);
#6046=EDGE_CURVE('',#4902,#4900,#1952,.T.);
#6047=EDGE_CURVE('',#4903,#4902,#1953,.T.);
#6048=EDGE_CURVE('',#4903,#4901,#1954,.T.);
#6049=EDGE_CURVE('',#4901,#4904,#1955,.T.);
#6050=EDGE_CURVE('',#4905,#4903,#1956,.T.);
#6051=EDGE_CURVE('',#4905,#4904,#1957,.T.);
#6052=EDGE_CURVE('',#4904,#4900,#1958,.T.);
#6053=EDGE_CURVE('',#4902,#4905,#1959,.T.);
#6054=EDGE_CURVE('',#4906,#4907,#1960,.T.);
#6055=EDGE_CURVE('',#4908,#4906,#1961,.T.);
#6056=EDGE_CURVE('',#4909,#4908,#1962,.T.);
#6057=EDGE_CURVE('',#4909,#4907,#1963,.T.);
#6058=EDGE_CURVE('',#4907,#4910,#1964,.T.);
#6059=EDGE_CURVE('',#4911,#4909,#1965,.T.);
#6060=EDGE_CURVE('',#4911,#4910,#1966,.T.);
#6061=EDGE_CURVE('',#4910,#4906,#1967,.T.);
#6062=EDGE_CURVE('',#4908,#4911,#1968,.T.);
#6063=EDGE_CURVE('',#4912,#4913,#1969,.T.);
#6064=EDGE_CURVE('',#4914,#4912,#1970,.T.);
#6065=EDGE_CURVE('',#4915,#4914,#1971,.T.);
#6066=EDGE_CURVE('',#4915,#4913,#1972,.T.);
#6067=EDGE_CURVE('',#4913,#4916,#1973,.T.);
#6068=EDGE_CURVE('',#4917,#4915,#1974,.T.);
#6069=EDGE_CURVE('',#4917,#4916,#1975,.T.);
#6070=EDGE_CURVE('',#4916,#4912,#1976,.T.);
#6071=EDGE_CURVE('',#4914,#4917,#1977,.T.);
#6072=EDGE_CURVE('',#4918,#4919,#1978,.T.);
#6073=EDGE_CURVE('',#4920,#4918,#1979,.T.);
#6074=EDGE_CURVE('',#4921,#4920,#1980,.T.);
#6075=EDGE_CURVE('',#4921,#4919,#1981,.T.);
#6076=EDGE_CURVE('',#4919,#4922,#1982,.T.);
#6077=EDGE_CURVE('',#4923,#4921,#1983,.T.);
#6078=EDGE_CURVE('',#4923,#4922,#1984,.T.);
#6079=EDGE_CURVE('',#4922,#4918,#1985,.T.);
#6080=EDGE_CURVE('',#4920,#4923,#1986,.T.);
#6081=EDGE_CURVE('',#4924,#4925,#1987,.T.);
#6082=EDGE_CURVE('',#4926,#4924,#1988,.T.);
#6083=EDGE_CURVE('',#4927,#4926,#1989,.T.);
#6084=EDGE_CURVE('',#4927,#4925,#1990,.T.);
#6085=EDGE_CURVE('',#4925,#4928,#1991,.T.);
#6086=EDGE_CURVE('',#4929,#4927,#1992,.T.);
#6087=EDGE_CURVE('',#4929,#4928,#1993,.T.);
#6088=EDGE_CURVE('',#4928,#4924,#1994,.T.);
#6089=EDGE_CURVE('',#4926,#4929,#1995,.T.);
#6090=EDGE_CURVE('',#4930,#4931,#1996,.T.);
#6091=EDGE_CURVE('',#4932,#4930,#1997,.T.);
#6092=EDGE_CURVE('',#4933,#4932,#1998,.T.);
#6093=EDGE_CURVE('',#4933,#4931,#1999,.T.);
#6094=EDGE_CURVE('',#4931,#4934,#2000,.T.);
#6095=EDGE_CURVE('',#4935,#4933,#2001,.T.);
#6096=EDGE_CURVE('',#4935,#4934,#2002,.T.);
#6097=EDGE_CURVE('',#4934,#4930,#2003,.T.);
#6098=EDGE_CURVE('',#4932,#4935,#2004,.T.);
#6099=EDGE_CURVE('',#4936,#4937,#2005,.T.);
#6100=EDGE_CURVE('',#4938,#4936,#2006,.T.);
#6101=EDGE_CURVE('',#4939,#4938,#2007,.T.);
#6102=EDGE_CURVE('',#4939,#4937,#2008,.T.);
#6103=EDGE_CURVE('',#4937,#4940,#2009,.T.);
#6104=EDGE_CURVE('',#4941,#4939,#2010,.T.);
#6105=EDGE_CURVE('',#4941,#4940,#2011,.T.);
#6106=EDGE_CURVE('',#4940,#4936,#2012,.T.);
#6107=EDGE_CURVE('',#4938,#4941,#2013,.T.);
#6108=EDGE_CURVE('',#4942,#4943,#2014,.T.);
#6109=EDGE_CURVE('',#4944,#4942,#2015,.T.);
#6110=EDGE_CURVE('',#4945,#4944,#2016,.T.);
#6111=EDGE_CURVE('',#4945,#4943,#2017,.T.);
#6112=EDGE_CURVE('',#4943,#4946,#2018,.T.);
#6113=EDGE_CURVE('',#4947,#4945,#2019,.T.);
#6114=EDGE_CURVE('',#4947,#4946,#2020,.T.);
#6115=EDGE_CURVE('',#4946,#4942,#2021,.T.);
#6116=EDGE_CURVE('',#4944,#4947,#2022,.T.);
#6117=EDGE_CURVE('',#4948,#4949,#2023,.T.);
#6118=EDGE_CURVE('',#4950,#4948,#2024,.T.);
#6119=EDGE_CURVE('',#4951,#4950,#2025,.T.);
#6120=EDGE_CURVE('',#4951,#4949,#2026,.T.);
#6121=EDGE_CURVE('',#4949,#4952,#2027,.T.);
#6122=EDGE_CURVE('',#4953,#4951,#2028,.T.);
#6123=EDGE_CURVE('',#4953,#4952,#2029,.T.);
#6124=EDGE_CURVE('',#4952,#4948,#2030,.T.);
#6125=EDGE_CURVE('',#4950,#4953,#2031,.T.);
#6126=EDGE_CURVE('',#4954,#4955,#2032,.T.);
#6127=EDGE_CURVE('',#4956,#4954,#2033,.T.);
#6128=EDGE_CURVE('',#4957,#4956,#2034,.T.);
#6129=EDGE_CURVE('',#4957,#4955,#2035,.T.);
#6130=EDGE_CURVE('',#4955,#4958,#2036,.T.);
#6131=EDGE_CURVE('',#4959,#4957,#2037,.T.);
#6132=EDGE_CURVE('',#4959,#4958,#2038,.T.);
#6133=EDGE_CURVE('',#4958,#4954,#2039,.T.);
#6134=EDGE_CURVE('',#4956,#4959,#2040,.T.);
#6135=EDGE_CURVE('',#4960,#4961,#2041,.T.);
#6136=EDGE_CURVE('',#4962,#4960,#2042,.T.);
#6137=EDGE_CURVE('',#4963,#4962,#2043,.T.);
#6138=EDGE_CURVE('',#4963,#4961,#2044,.T.);
#6139=EDGE_CURVE('',#4961,#4964,#2045,.T.);
#6140=EDGE_CURVE('',#4965,#4963,#2046,.T.);
#6141=EDGE_CURVE('',#4965,#4964,#2047,.T.);
#6142=EDGE_CURVE('',#4964,#4960,#2048,.T.);
#6143=EDGE_CURVE('',#4962,#4965,#2049,.T.);
#6144=EDGE_CURVE('',#4966,#4967,#2050,.T.);
#6145=EDGE_CURVE('',#4968,#4966,#2051,.T.);
#6146=EDGE_CURVE('',#4969,#4968,#2052,.T.);
#6147=EDGE_CURVE('',#4969,#4967,#2053,.T.);
#6148=EDGE_CURVE('',#4967,#4970,#2054,.T.);
#6149=EDGE_CURVE('',#4971,#4969,#2055,.T.);
#6150=EDGE_CURVE('',#4971,#4970,#2056,.T.);
#6151=EDGE_CURVE('',#4970,#4966,#2057,.T.);
#6152=EDGE_CURVE('',#4968,#4971,#2058,.T.);
#6153=EDGE_CURVE('',#4972,#4973,#2059,.T.);
#6154=EDGE_CURVE('',#4974,#4972,#2060,.T.);
#6155=EDGE_CURVE('',#4975,#4974,#2061,.T.);
#6156=EDGE_CURVE('',#4975,#4973,#2062,.T.);
#6157=EDGE_CURVE('',#4973,#4976,#2063,.T.);
#6158=EDGE_CURVE('',#4977,#4975,#2064,.T.);
#6159=EDGE_CURVE('',#4977,#4976,#2065,.T.);
#6160=EDGE_CURVE('',#4976,#4978,#2066,.T.);
#6161=EDGE_CURVE('',#4979,#4977,#2067,.T.);
#6162=EDGE_CURVE('',#4979,#4978,#2068,.T.);
#6163=EDGE_CURVE('',#4978,#4972,#2069,.T.);
#6164=EDGE_CURVE('',#4974,#4979,#2070,.T.);
#6165=EDGE_CURVE('',#4980,#4981,#2071,.T.);
#6166=EDGE_CURVE('',#4982,#4980,#2072,.T.);
#6167=EDGE_CURVE('',#4983,#4982,#2073,.T.);
#6168=EDGE_CURVE('',#4983,#4981,#2074,.T.);
#6169=EDGE_CURVE('',#4981,#4984,#2075,.T.);
#6170=EDGE_CURVE('',#4985,#4983,#2076,.T.);
#6171=EDGE_CURVE('',#4985,#4984,#2077,.T.);
#6172=EDGE_CURVE('',#4984,#4986,#2078,.T.);
#6173=EDGE_CURVE('',#4987,#4985,#2079,.T.);
#6174=EDGE_CURVE('',#4987,#4986,#2080,.T.);
#6175=EDGE_CURVE('',#4986,#4980,#2081,.T.);
#6176=EDGE_CURVE('',#4982,#4987,#2082,.T.);
#6177=EDGE_CURVE('',#4988,#4989,#2083,.T.);
#6178=EDGE_CURVE('',#4990,#4988,#2084,.T.);
#6179=EDGE_CURVE('',#4991,#4990,#2085,.T.);
#6180=EDGE_CURVE('',#4989,#4991,#2086,.T.);
#6181=EDGE_CURVE('',#4989,#4992,#2087,.T.);
#6182=EDGE_CURVE('',#4993,#4991,#2088,.T.);
#6183=EDGE_CURVE('',#4992,#4993,#2089,.T.);
#6184=EDGE_CURVE('',#4992,#4994,#2090,.T.);
#6185=EDGE_CURVE('',#4995,#4993,#2091,.T.);
#6186=EDGE_CURVE('',#4994,#4995,#2092,.T.);
#6187=EDGE_CURVE('',#4996,#4988,#2093,.T.);
#6188=EDGE_CURVE('',#4996,#4997,#2094,.T.);
#6189=EDGE_CURVE('',#4990,#4997,#2095,.T.);
#6190=EDGE_CURVE('',#4998,#4999,#2096,.T.);
#6191=EDGE_CURVE('',#4999,#5000,#2097,.T.);
#6192=EDGE_CURVE('',#5000,#5001,#2098,.T.);
#6193=EDGE_CURVE('',#5001,#5002,#2099,.T.);
#6194=EDGE_CURVE('',#5002,#4998,#2100,.T.);
#6195=EDGE_CURVE('',#5003,#5004,#2101,.T.);
#6196=EDGE_CURVE('',#5004,#5005,#2102,.T.);
#6197=EDGE_CURVE('',#5005,#5006,#2103,.T.);
#6198=EDGE_CURVE('',#5006,#5003,#2104,.T.);
#6199=EDGE_CURVE('',#5007,#5008,#2105,.T.);
#6200=EDGE_CURVE('',#5008,#5009,#2106,.T.);
#6201=EDGE_CURVE('',#5009,#5010,#2107,.T.);
#6202=EDGE_CURVE('',#5010,#5011,#2108,.T.);
#6203=EDGE_CURVE('',#5011,#5012,#2109,.T.);
#6204=EDGE_CURVE('',#5012,#5013,#2110,.T.);
#6205=EDGE_CURVE('',#5013,#5014,#2111,.T.);
#6206=EDGE_CURVE('',#5014,#5007,#2112,.T.);
#6207=EDGE_CURVE('',#5015,#5016,#2113,.T.);
#6208=EDGE_CURVE('',#5016,#5017,#2114,.T.);
#6209=EDGE_CURVE('',#5017,#5018,#2115,.T.);
#6210=EDGE_CURVE('',#5018,#5019,#2116,.T.);
#6211=EDGE_CURVE('',#5019,#5020,#2117,.T.);
#6212=EDGE_CURVE('',#5020,#5021,#2118,.T.);
#6213=EDGE_CURVE('',#5021,#5022,#2119,.T.);
#6214=EDGE_CURVE('',#5022,#5015,#2120,.T.);
#6215=EDGE_CURVE('',#5023,#5024,#2121,.T.);
#6216=EDGE_CURVE('',#5024,#5025,#2122,.T.);
#6217=EDGE_CURVE('',#5025,#5026,#2123,.T.);
#6218=EDGE_CURVE('',#5026,#5023,#2124,.T.);
#6219=EDGE_CURVE('',#4994,#5027,#2125,.T.);
#6220=EDGE_CURVE('',#5027,#5028,#2126,.T.);
#6221=EDGE_CURVE('',#5028,#5029,#2127,.T.);
#6222=EDGE_CURVE('',#5029,#4996,#2128,.T.);
#6223=EDGE_CURVE('',#5030,#5031,#2129,.T.);
#6224=EDGE_CURVE('',#5031,#5032,#2130,.T.);
#6225=EDGE_CURVE('',#5032,#5033,#2131,.T.);
#6226=EDGE_CURVE('',#5033,#5030,#2132,.T.);
#6227=EDGE_CURVE('',#5030,#5034,#2133,.T.);
#6228=EDGE_CURVE('',#5035,#5034,#2134,.T.);
#6229=EDGE_CURVE('',#5031,#5035,#2135,.T.);
#6230=EDGE_CURVE('',#5036,#5035,#2136,.T.);
#6231=EDGE_CURVE('',#5032,#5036,#2137,.T.);
#6232=EDGE_CURVE('',#5037,#5036,#2138,.T.);
#6233=EDGE_CURVE('',#5033,#5037,#2139,.T.);
#6234=EDGE_CURVE('',#5034,#5037,#2140,.T.);
#6235=EDGE_CURVE('',#5038,#4995,#2141,.T.);
#6236=EDGE_CURVE('',#5027,#5038,#2142,.T.);
#6237=EDGE_CURVE('',#5039,#5038,#2143,.T.);
#6238=EDGE_CURVE('',#5028,#5039,#2144,.T.);
#6239=EDGE_CURVE('',#5040,#5039,#2145,.T.);
#6240=EDGE_CURVE('',#5029,#5040,#2146,.T.);
#6241=EDGE_CURVE('',#4997,#5040,#2147,.T.);
#6242=EDGE_CURVE('',#5041,#5007,#2148,.T.);
#6243=EDGE_CURVE('',#5042,#5041,#2149,.T.);
#6244=EDGE_CURVE('',#5008,#5042,#2150,.T.);
#6245=EDGE_CURVE('',#5043,#5042,#2151,.T.);
#6246=EDGE_CURVE('',#5009,#5043,#2152,.T.);
#6247=EDGE_CURVE('',#5044,#5043,#2153,.T.);
#6248=EDGE_CURVE('',#5010,#5044,#2154,.T.);
#6249=EDGE_CURVE('',#5014,#5045,#2155,.T.);
#6250=EDGE_CURVE('',#5041,#5045,#2156,.T.);
#6251=EDGE_CURVE('',#5003,#5046,#2157,.T.);
#6252=EDGE_CURVE('',#5047,#5046,#2158,.T.);
#6253=EDGE_CURVE('',#5004,#5047,#2159,.T.);
#6254=EDGE_CURVE('',#5048,#5047,#2160,.T.);
#6255=EDGE_CURVE('',#5005,#5048,#2161,.T.);
#6256=EDGE_CURVE('',#5049,#5048,#2162,.T.);
#6257=EDGE_CURVE('',#5006,#5049,#2163,.T.);
#6258=EDGE_CURVE('',#5046,#5049,#2164,.T.);
#6259=EDGE_CURVE('',#5050,#5044,#2165,.T.);
#6260=EDGE_CURVE('',#5011,#5050,#2166,.T.);
#6261=EDGE_CURVE('',#5051,#5050,#2167,.T.);
#6262=EDGE_CURVE('',#5012,#5051,#2168,.T.);
#6263=EDGE_CURVE('',#5052,#5051,#2169,.T.);
#6264=EDGE_CURVE('',#5013,#5052,#2170,.T.);
#6265=EDGE_CURVE('',#5045,#5052,#2171,.T.);
#6266=EDGE_CURVE('',#5053,#5015,#2172,.T.);
#6267=EDGE_CURVE('',#5054,#5053,#2173,.T.);
#6268=EDGE_CURVE('',#5016,#5054,#2174,.T.);
#6269=EDGE_CURVE('',#5055,#5054,#2175,.T.);
#6270=EDGE_CURVE('',#5017,#5055,#2176,.T.);
#6271=EDGE_CURVE('',#5056,#5055,#2177,.T.);
#6272=EDGE_CURVE('',#5018,#5056,#2178,.T.);
#6273=EDGE_CURVE('',#5022,#5057,#2179,.T.);
#6274=EDGE_CURVE('',#5053,#5057,#2180,.T.);
#6275=EDGE_CURVE('',#5023,#5058,#2181,.T.);
#6276=EDGE_CURVE('',#5059,#5058,#2182,.T.);
#6277=EDGE_CURVE('',#5024,#5059,#2183,.T.);
#6278=EDGE_CURVE('',#5060,#5059,#2184,.T.);
#6279=EDGE_CURVE('',#5025,#5060,#2185,.T.);
#6280=EDGE_CURVE('',#5061,#5060,#2186,.T.);
#6281=EDGE_CURVE('',#5026,#5061,#2187,.T.);
#6282=EDGE_CURVE('',#5058,#5061,#2188,.T.);
#6283=EDGE_CURVE('',#5062,#5056,#2189,.T.);
#6284=EDGE_CURVE('',#5019,#5062,#2190,.T.);
#6285=EDGE_CURVE('',#5063,#5062,#2191,.T.);
#6286=EDGE_CURVE('',#5020,#5063,#2192,.T.);
#6287=EDGE_CURVE('',#5064,#5063,#2193,.T.);
#6288=EDGE_CURVE('',#5021,#5064,#2194,.T.);
#6289=EDGE_CURVE('',#5057,#5064,#2195,.T.);
#6290=EDGE_CURVE('',#5065,#5066,#2196,.T.);
#6291=EDGE_CURVE('',#5066,#4998,#2197,.T.);
#6292=EDGE_CURVE('',#5065,#5002,#2198,.T.);
#6293=EDGE_CURVE('',#5067,#5065,#2199,.T.);
#6294=EDGE_CURVE('',#5067,#5001,#2200,.T.);
#6295=EDGE_CURVE('',#5068,#5067,#2201,.T.);
#6296=EDGE_CURVE('',#5068,#5000,#2202,.T.);
#6297=EDGE_CURVE('',#5069,#5068,#2203,.T.);
#6298=EDGE_CURVE('',#5069,#4999,#2204,.T.);
#6299=EDGE_CURVE('',#5066,#5069,#2205,.T.);
#6300=EDGE_CURVE('',#5070,#5071,#2206,.T.);
#6301=EDGE_CURVE('',#5070,#5072,#2207,.T.);
#6302=EDGE_CURVE('',#5073,#5072,#2208,.T.);
#6303=EDGE_CURVE('',#5071,#5073,#2209,.T.);
#6304=EDGE_CURVE('',#5071,#5074,#2210,.T.);
#6305=EDGE_CURVE('',#5075,#5073,#2211,.T.);
#6306=EDGE_CURVE('',#5074,#5075,#2212,.T.);
#6307=EDGE_CURVE('',#5074,#5070,#2213,.T.);
#6308=EDGE_CURVE('',#5072,#5075,#2214,.T.);
#6309=EDGE_CURVE('',#5076,#5077,#2215,.T.);
#6310=EDGE_CURVE('',#5076,#5078,#2216,.T.);
#6311=EDGE_CURVE('',#5079,#5078,#2217,.T.);
#6312=EDGE_CURVE('',#5077,#5079,#2218,.T.);
#6313=EDGE_CURVE('',#5077,#5080,#2219,.T.);
#6314=EDGE_CURVE('',#5081,#5079,#2220,.T.);
#6315=EDGE_CURVE('',#5080,#5081,#2221,.T.);
#6316=EDGE_CURVE('',#5080,#5076,#2222,.T.);
#6317=EDGE_CURVE('',#5078,#5081,#2223,.T.);
#6318=EDGE_CURVE('',#5082,#5083,#2224,.T.);
#6319=EDGE_CURVE('',#5082,#5084,#2225,.T.);
#6320=EDGE_CURVE('',#5085,#5084,#2226,.T.);
#6321=EDGE_CURVE('',#5083,#5085,#2227,.T.);
#6322=EDGE_CURVE('',#5083,#5086,#2228,.T.);
#6323=EDGE_CURVE('',#5087,#5085,#2229,.T.);
#6324=EDGE_CURVE('',#5086,#5087,#2230,.T.);
#6325=EDGE_CURVE('',#5086,#5082,#2231,.T.);
#6326=EDGE_CURVE('',#5084,#5087,#2232,.T.);
#6327=EDGE_CURVE('',#5088,#5089,#2233,.T.);
#6328=EDGE_CURVE('',#5088,#5090,#2234,.T.);
#6329=EDGE_CURVE('',#5091,#5090,#2235,.T.);
#6330=EDGE_CURVE('',#5089,#5091,#2236,.T.);
#6331=EDGE_CURVE('',#5089,#5092,#2237,.T.);
#6332=EDGE_CURVE('',#5093,#5091,#2238,.T.);
#6333=EDGE_CURVE('',#5092,#5093,#2239,.T.);
#6334=EDGE_CURVE('',#5092,#5088,#2240,.T.);
#6335=EDGE_CURVE('',#5090,#5093,#2241,.T.);
#6336=EDGE_CURVE('',#5094,#5095,#2242,.T.);
#6337=EDGE_CURVE('',#5094,#5096,#2243,.T.);
#6338=EDGE_CURVE('',#5097,#5096,#2244,.T.);
#6339=EDGE_CURVE('',#5095,#5097,#2245,.T.);
#6340=EDGE_CURVE('',#5095,#5098,#2246,.T.);
#6341=EDGE_CURVE('',#5099,#5097,#2247,.T.);
#6342=EDGE_CURVE('',#5098,#5099,#2248,.T.);
#6343=EDGE_CURVE('',#5098,#5094,#2249,.T.);
#6344=EDGE_CURVE('',#5096,#5099,#2250,.T.);
#6345=EDGE_CURVE('',#5100,#5101,#2251,.T.);
#6346=EDGE_CURVE('',#5100,#5102,#2252,.T.);
#6347=EDGE_CURVE('',#5103,#5102,#2253,.T.);
#6348=EDGE_CURVE('',#5101,#5103,#2254,.T.);
#6349=EDGE_CURVE('',#5101,#5104,#2255,.T.);
#6350=EDGE_CURVE('',#5105,#5103,#2256,.T.);
#6351=EDGE_CURVE('',#5104,#5105,#2257,.T.);
#6352=EDGE_CURVE('',#5104,#5100,#2258,.T.);
#6353=EDGE_CURVE('',#5102,#5105,#2259,.T.);
#6354=EDGE_CURVE('',#5106,#5107,#2260,.T.);
#6355=EDGE_CURVE('',#5106,#5108,#2261,.T.);
#6356=EDGE_CURVE('',#5109,#5108,#2262,.T.);
#6357=EDGE_CURVE('',#5107,#5109,#2263,.T.);
#6358=EDGE_CURVE('',#5107,#5110,#2264,.T.);
#6359=EDGE_CURVE('',#5111,#5109,#2265,.T.);
#6360=EDGE_CURVE('',#5110,#5111,#2266,.T.);
#6361=EDGE_CURVE('',#5110,#5106,#2267,.T.);
#6362=EDGE_CURVE('',#5108,#5111,#2268,.T.);
#6363=EDGE_CURVE('',#5112,#5113,#2269,.T.);
#6364=EDGE_CURVE('',#5112,#5114,#2270,.T.);
#6365=EDGE_CURVE('',#5115,#5114,#2271,.T.);
#6366=EDGE_CURVE('',#5113,#5115,#2272,.T.);
#6367=EDGE_CURVE('',#5113,#5116,#2273,.T.);
#6368=EDGE_CURVE('',#5117,#5115,#2274,.T.);
#6369=EDGE_CURVE('',#5116,#5117,#2275,.T.);
#6370=EDGE_CURVE('',#5116,#5112,#2276,.T.);
#6371=EDGE_CURVE('',#5114,#5117,#2277,.T.);
#6372=EDGE_CURVE('',#5118,#5119,#2278,.T.);
#6373=EDGE_CURVE('',#5118,#5120,#2279,.T.);
#6374=EDGE_CURVE('',#5121,#5120,#2280,.T.);
#6375=EDGE_CURVE('',#5119,#5121,#2281,.T.);
#6376=EDGE_CURVE('',#5119,#5122,#2282,.T.);
#6377=EDGE_CURVE('',#5123,#5121,#2283,.T.);
#6378=EDGE_CURVE('',#5122,#5123,#2284,.T.);
#6379=EDGE_CURVE('',#5122,#5118,#2285,.T.);
#6380=EDGE_CURVE('',#5120,#5123,#2286,.T.);
#6381=EDGE_CURVE('',#5124,#5125,#2287,.T.);
#6382=EDGE_CURVE('',#5124,#5126,#2288,.T.);
#6383=EDGE_CURVE('',#5127,#5126,#2289,.T.);
#6384=EDGE_CURVE('',#5125,#5127,#2290,.T.);
#6385=EDGE_CURVE('',#5125,#5128,#2291,.T.);
#6386=EDGE_CURVE('',#5129,#5127,#2292,.T.);
#6387=EDGE_CURVE('',#5128,#5129,#2293,.T.);
#6388=EDGE_CURVE('',#5128,#5124,#2294,.T.);
#6389=EDGE_CURVE('',#5126,#5129,#2295,.T.);
#6390=EDGE_CURVE('',#5130,#5131,#2296,.T.);
#6391=EDGE_CURVE('',#5130,#5132,#2297,.T.);
#6392=EDGE_CURVE('',#5133,#5132,#2298,.T.);
#6393=EDGE_CURVE('',#5131,#5133,#2299,.T.);
#6394=EDGE_CURVE('',#5131,#5134,#2300,.T.);
#6395=EDGE_CURVE('',#5135,#5133,#2301,.T.);
#6396=EDGE_CURVE('',#5134,#5135,#2302,.T.);
#6397=EDGE_CURVE('',#5134,#5130,#2303,.T.);
#6398=EDGE_CURVE('',#5132,#5135,#2304,.T.);
#6399=EDGE_CURVE('',#5136,#5137,#2305,.T.);
#6400=EDGE_CURVE('',#5136,#5138,#2306,.T.);
#6401=EDGE_CURVE('',#5139,#5138,#2307,.T.);
#6402=EDGE_CURVE('',#5137,#5139,#2308,.T.);
#6403=EDGE_CURVE('',#5137,#5140,#2309,.T.);
#6404=EDGE_CURVE('',#5141,#5139,#2310,.T.);
#6405=EDGE_CURVE('',#5140,#5141,#2311,.T.);
#6406=EDGE_CURVE('',#5140,#5136,#2312,.T.);
#6407=EDGE_CURVE('',#5138,#5141,#2313,.T.);
#6408=EDGE_CURVE('',#5142,#5143,#2314,.T.);
#6409=EDGE_CURVE('',#5142,#5144,#2315,.T.);
#6410=EDGE_CURVE('',#5145,#5144,#2316,.T.);
#6411=EDGE_CURVE('',#5143,#5145,#2317,.T.);
#6412=EDGE_CURVE('',#5143,#5146,#2318,.T.);
#6413=EDGE_CURVE('',#5147,#5145,#2319,.T.);
#6414=EDGE_CURVE('',#5146,#5147,#2320,.T.);
#6415=EDGE_CURVE('',#5146,#5142,#2321,.T.);
#6416=EDGE_CURVE('',#5144,#5147,#2322,.T.);
#6417=EDGE_CURVE('',#5148,#5149,#2323,.T.);
#6418=EDGE_CURVE('',#5148,#5150,#2324,.T.);
#6419=EDGE_CURVE('',#5151,#5150,#2325,.T.);
#6420=EDGE_CURVE('',#5149,#5151,#2326,.T.);
#6421=EDGE_CURVE('',#5149,#5152,#2327,.T.);
#6422=EDGE_CURVE('',#5153,#5151,#2328,.T.);
#6423=EDGE_CURVE('',#5152,#5153,#2329,.T.);
#6424=EDGE_CURVE('',#5152,#5148,#2330,.T.);
#6425=EDGE_CURVE('',#5150,#5153,#2331,.T.);
#6426=EDGE_CURVE('',#5154,#5155,#2332,.T.);
#6427=EDGE_CURVE('',#5154,#5156,#2333,.T.);
#6428=EDGE_CURVE('',#5157,#5156,#2334,.T.);
#6429=EDGE_CURVE('',#5155,#5157,#2335,.T.);
#6430=EDGE_CURVE('',#5155,#5158,#2336,.T.);
#6431=EDGE_CURVE('',#5159,#5157,#2337,.T.);
#6432=EDGE_CURVE('',#5158,#5159,#2338,.T.);
#6433=EDGE_CURVE('',#5158,#5154,#2339,.T.);
#6434=EDGE_CURVE('',#5156,#5159,#2340,.T.);
#6435=EDGE_CURVE('',#5160,#5161,#2341,.T.);
#6436=EDGE_CURVE('',#5160,#5162,#2342,.T.);
#6437=EDGE_CURVE('',#5163,#5162,#2343,.T.);
#6438=EDGE_CURVE('',#5161,#5163,#2344,.T.);
#6439=EDGE_CURVE('',#5161,#5164,#2345,.T.);
#6440=EDGE_CURVE('',#5165,#5163,#2346,.T.);
#6441=EDGE_CURVE('',#5164,#5165,#2347,.T.);
#6442=EDGE_CURVE('',#5164,#5160,#2348,.T.);
#6443=EDGE_CURVE('',#5162,#5165,#2349,.T.);
#6444=EDGE_CURVE('',#5166,#5167,#2350,.T.);
#6445=EDGE_CURVE('',#5166,#5168,#2351,.T.);
#6446=EDGE_CURVE('',#5169,#5168,#2352,.T.);
#6447=EDGE_CURVE('',#5167,#5169,#2353,.T.);
#6448=EDGE_CURVE('',#5167,#5170,#2354,.T.);
#6449=EDGE_CURVE('',#5171,#5169,#2355,.T.);
#6450=EDGE_CURVE('',#5170,#5171,#2356,.T.);
#6451=EDGE_CURVE('',#5170,#5166,#2357,.T.);
#6452=EDGE_CURVE('',#5168,#5171,#2358,.T.);
#6453=EDGE_CURVE('',#5172,#5173,#2359,.T.);
#6454=EDGE_CURVE('',#5172,#5174,#2360,.T.);
#6455=EDGE_CURVE('',#5175,#5174,#2361,.T.);
#6456=EDGE_CURVE('',#5173,#5175,#2362,.T.);
#6457=EDGE_CURVE('',#5173,#5176,#2363,.T.);
#6458=EDGE_CURVE('',#5177,#5175,#2364,.T.);
#6459=EDGE_CURVE('',#5176,#5177,#2365,.T.);
#6460=EDGE_CURVE('',#5176,#5172,#2366,.T.);
#6461=EDGE_CURVE('',#5174,#5177,#2367,.T.);
#6462=EDGE_CURVE('',#5178,#5179,#2368,.T.);
#6463=EDGE_CURVE('',#5178,#5180,#2369,.T.);
#6464=EDGE_CURVE('',#5181,#5180,#2370,.T.);
#6465=EDGE_CURVE('',#5179,#5181,#2371,.T.);
#6466=EDGE_CURVE('',#5179,#5182,#2372,.T.);
#6467=EDGE_CURVE('',#5183,#5181,#2373,.T.);
#6468=EDGE_CURVE('',#5182,#5183,#2374,.T.);
#6469=EDGE_CURVE('',#5182,#5178,#2375,.T.);
#6470=EDGE_CURVE('',#5180,#5183,#2376,.T.);
#6471=EDGE_CURVE('',#5184,#5185,#2377,.T.);
#6472=EDGE_CURVE('',#5184,#5186,#2378,.T.);
#6473=EDGE_CURVE('',#5187,#5186,#2379,.T.);
#6474=EDGE_CURVE('',#5185,#5187,#2380,.T.);
#6475=EDGE_CURVE('',#5185,#5188,#2381,.T.);
#6476=EDGE_CURVE('',#5189,#5187,#2382,.T.);
#6477=EDGE_CURVE('',#5188,#5189,#2383,.T.);
#6478=EDGE_CURVE('',#5188,#5184,#2384,.T.);
#6479=EDGE_CURVE('',#5186,#5189,#2385,.T.);
#6480=EDGE_CURVE('',#5190,#5191,#2386,.T.);
#6481=EDGE_CURVE('',#5190,#5192,#2387,.T.);
#6482=EDGE_CURVE('',#5193,#5192,#2388,.T.);
#6483=EDGE_CURVE('',#5191,#5193,#2389,.T.);
#6484=EDGE_CURVE('',#5191,#5194,#2390,.T.);
#6485=EDGE_CURVE('',#5195,#5193,#2391,.T.);
#6486=EDGE_CURVE('',#5194,#5195,#2392,.T.);
#6487=EDGE_CURVE('',#5194,#5190,#2393,.T.);
#6488=EDGE_CURVE('',#5192,#5195,#2394,.T.);
#6489=EDGE_CURVE('',#5196,#5197,#2395,.T.);
#6490=EDGE_CURVE('',#5196,#5198,#2396,.T.);
#6491=EDGE_CURVE('',#5199,#5198,#2397,.T.);
#6492=EDGE_CURVE('',#5197,#5199,#2398,.T.);
#6493=EDGE_CURVE('',#5197,#5200,#2399,.T.);
#6494=EDGE_CURVE('',#5201,#5199,#2400,.T.);
#6495=EDGE_CURVE('',#5200,#5201,#2401,.T.);
#6496=EDGE_CURVE('',#5200,#5196,#2402,.T.);
#6497=EDGE_CURVE('',#5198,#5201,#2403,.T.);
#6498=EDGE_CURVE('',#5202,#5203,#2404,.T.);
#6499=EDGE_CURVE('',#5202,#5204,#2405,.T.);
#6500=EDGE_CURVE('',#5205,#5204,#2406,.T.);
#6501=EDGE_CURVE('',#5203,#5205,#2407,.T.);
#6502=EDGE_CURVE('',#5203,#5206,#2408,.T.);
#6503=EDGE_CURVE('',#5207,#5205,#2409,.T.);
#6504=EDGE_CURVE('',#5206,#5207,#2410,.T.);
#6505=EDGE_CURVE('',#5206,#5202,#2411,.T.);
#6506=EDGE_CURVE('',#5204,#5207,#2412,.T.);
#6507=EDGE_CURVE('',#5208,#5209,#2413,.T.);
#6508=EDGE_CURVE('',#5208,#5210,#2414,.T.);
#6509=EDGE_CURVE('',#5211,#5210,#2415,.T.);
#6510=EDGE_CURVE('',#5209,#5211,#2416,.T.);
#6511=EDGE_CURVE('',#5209,#5212,#2417,.T.);
#6512=EDGE_CURVE('',#5213,#5211,#2418,.T.);
#6513=EDGE_CURVE('',#5212,#5213,#2419,.T.);
#6514=EDGE_CURVE('',#5212,#5214,#2420,.T.);
#6515=EDGE_CURVE('',#5215,#5213,#2421,.T.);
#6516=EDGE_CURVE('',#5214,#5215,#2422,.T.);
#6517=EDGE_CURVE('',#5214,#5208,#2423,.T.);
#6518=EDGE_CURVE('',#5210,#5215,#2424,.T.);
#6519=EDGE_CURVE('',#5216,#5217,#2425,.T.);
#6520=EDGE_CURVE('',#5216,#5218,#2426,.T.);
#6521=EDGE_CURVE('',#5219,#5218,#2427,.T.);
#6522=EDGE_CURVE('',#5217,#5219,#2428,.T.);
#6523=EDGE_CURVE('',#5217,#5220,#2429,.T.);
#6524=EDGE_CURVE('',#5221,#5219,#2430,.T.);
#6525=EDGE_CURVE('',#5220,#5221,#2431,.T.);
#6526=EDGE_CURVE('',#5220,#5222,#2432,.T.);
#6527=EDGE_CURVE('',#5223,#5221,#2433,.T.);
#6528=EDGE_CURVE('',#5222,#5223,#2434,.T.);
#6529=EDGE_CURVE('',#5222,#5216,#2435,.T.);
#6530=EDGE_CURVE('',#5218,#5223,#2436,.T.);
#6531=EDGE_CURVE('',#5224,#5225,#2437,.T.);
#6532=EDGE_CURVE('',#5226,#5224,#2438,.T.);
#6533=EDGE_CURVE('',#5227,#5226,#2439,.T.);
#6534=EDGE_CURVE('',#5225,#5227,#2440,.T.);
#6535=EDGE_CURVE('',#5225,#5228,#2441,.T.);
#6536=EDGE_CURVE('',#5229,#5227,#2442,.T.);
#6537=EDGE_CURVE('',#5228,#5229,#2443,.T.);
#6538=EDGE_CURVE('',#5228,#5230,#2444,.T.);
#6539=EDGE_CURVE('',#5231,#5229,#2445,.T.);
#6540=EDGE_CURVE('',#5230,#5231,#2446,.T.);
#6541=EDGE_CURVE('',#5232,#5231,#2447,.T.);
#6542=EDGE_CURVE('',#5233,#5232,#2448,.T.);
#6543=EDGE_CURVE('',#5233,#5230,#2449,.T.);
#6544=EDGE_CURVE('',#5234,#5235,#2450,.T.);
#6545=EDGE_CURVE('',#5236,#5234,#2451,.T.);
#6546=EDGE_CURVE('',#5237,#5236,#2452,.T.);
#6547=EDGE_CURVE('',#5238,#5237,#2453,.T.);
#6548=EDGE_CURVE('',#5235,#5238,#2454,.T.);
#6549=EDGE_CURVE('',#5239,#5240,#2455,.T.);
#6550=EDGE_CURVE('',#5240,#5241,#2456,.T.);
#6551=EDGE_CURVE('',#5241,#5242,#2457,.T.);
#6552=EDGE_CURVE('',#5242,#5239,#2458,.T.);
#6553=EDGE_CURVE('',#5243,#5244,#2459,.T.);
#6554=EDGE_CURVE('',#5244,#5245,#2460,.T.);
#6555=EDGE_CURVE('',#5245,#5246,#2461,.T.);
#6556=EDGE_CURVE('',#5246,#5247,#2462,.T.);
#6557=EDGE_CURVE('',#5247,#5248,#2463,.T.);
#6558=EDGE_CURVE('',#5248,#5249,#2464,.T.);
#6559=EDGE_CURVE('',#5249,#5250,#2465,.T.);
#6560=EDGE_CURVE('',#5250,#5243,#2466,.T.);
#6561=EDGE_CURVE('',#5251,#5252,#2467,.T.);
#6562=EDGE_CURVE('',#5252,#5253,#2468,.T.);
#6563=EDGE_CURVE('',#5253,#5254,#2469,.T.);
#6564=EDGE_CURVE('',#5254,#5255,#2470,.T.);
#6565=EDGE_CURVE('',#5255,#5256,#2471,.T.);
#6566=EDGE_CURVE('',#5256,#5257,#2472,.T.);
#6567=EDGE_CURVE('',#5257,#5258,#2473,.T.);
#6568=EDGE_CURVE('',#5258,#5251,#2474,.T.);
#6569=EDGE_CURVE('',#5259,#5260,#2475,.T.);
#6570=EDGE_CURVE('',#5260,#5261,#2476,.T.);
#6571=EDGE_CURVE('',#5261,#5262,#2477,.T.);
#6572=EDGE_CURVE('',#5262,#5259,#2478,.T.);
#6573=EDGE_CURVE('',#5226,#5263,#2479,.T.);
#6574=EDGE_CURVE('',#5263,#5264,#2480,.T.);
#6575=EDGE_CURVE('',#5264,#5265,#2481,.T.);
#6576=EDGE_CURVE('',#5265,#5232,#2482,.T.);
#6577=EDGE_CURVE('',#5266,#5267,#2483,.T.);
#6578=EDGE_CURVE('',#5267,#5268,#2484,.T.);
#6579=EDGE_CURVE('',#5268,#5269,#2485,.T.);
#6580=EDGE_CURVE('',#5269,#5266,#2486,.T.);
#6581=EDGE_CURVE('',#5270,#5271,#2487,.T.);
#6582=EDGE_CURVE('',#5271,#5267,#2488,.T.);
#6583=EDGE_CURVE('',#5270,#5266,#2489,.T.);
#6584=EDGE_CURVE('',#5272,#5270,#2490,.T.);
#6585=EDGE_CURVE('',#5272,#5269,#2491,.T.);
#6586=EDGE_CURVE('',#5273,#5272,#2492,.T.);
#6587=EDGE_CURVE('',#5273,#5268,#2493,.T.);
#6588=EDGE_CURVE('',#5271,#5273,#2494,.T.);
#6589=EDGE_CURVE('',#5224,#5274,#2495,.T.);
#6590=EDGE_CURVE('',#5274,#5263,#2496,.T.);
#6591=EDGE_CURVE('',#5275,#5233,#2497,.T.);
#6592=EDGE_CURVE('',#5275,#5265,#2498,.T.);
#6593=EDGE_CURVE('',#5276,#5275,#2499,.T.);
#6594=EDGE_CURVE('',#5276,#5264,#2500,.T.);
#6595=EDGE_CURVE('',#5274,#5276,#2501,.T.);
#6596=EDGE_CURVE('',#5277,#5278,#2502,.T.);
#6597=EDGE_CURVE('',#5246,#5277,#2503,.T.);
#6598=EDGE_CURVE('',#5278,#5245,#2504,.T.);
#6599=EDGE_CURVE('',#5278,#5279,#2505,.T.);
#6600=EDGE_CURVE('',#5279,#5244,#2506,.T.);
#6601=EDGE_CURVE('',#5279,#5280,#2507,.T.);
#6602=EDGE_CURVE('',#5280,#5243,#2508,.T.);
#6603=EDGE_CURVE('',#5281,#5250,#2509,.T.);
#6604=EDGE_CURVE('',#5281,#5280,#2510,.T.);
#6605=EDGE_CURVE('',#5282,#5283,#2511,.T.);
#6606=EDGE_CURVE('',#5283,#5240,#2512,.T.);
#6607=EDGE_CURVE('',#5282,#5239,#2513,.T.);
#6608=EDGE_CURVE('',#5284,#5282,#2514,.T.);
#6609=EDGE_CURVE('',#5284,#5242,#2515,.T.);
#6610=EDGE_CURVE('',#5285,#5284,#2516,.T.);
#6611=EDGE_CURVE('',#5285,#5241,#2517,.T.);
#6612=EDGE_CURVE('',#5283,#5285,#2518,.T.);
#6613=EDGE_CURVE('',#5277,#5286,#2519,.T.);
#6614=EDGE_CURVE('',#5286,#5247,#2520,.T.);
#6615=EDGE_CURVE('',#5287,#5281,#2521,.T.);
#6616=EDGE_CURVE('',#5287,#5249,#2522,.T.);
#6617=EDGE_CURVE('',#5288,#5287,#2523,.T.);
#6618=EDGE_CURVE('',#5288,#5248,#2524,.T.);
#6619=EDGE_CURVE('',#5286,#5288,#2525,.T.);
#6620=EDGE_CURVE('',#5289,#5290,#2526,.T.);
#6621=EDGE_CURVE('',#5254,#5289,#2527,.T.);
#6622=EDGE_CURVE('',#5290,#5253,#2528,.T.);
#6623=EDGE_CURVE('',#5290,#5291,#2529,.T.);
#6624=EDGE_CURVE('',#5291,#5252,#2530,.T.);
#6625=EDGE_CURVE('',#5291,#5292,#2531,.T.);
#6626=EDGE_CURVE('',#5292,#5251,#2532,.T.);
#6627=EDGE_CURVE('',#5293,#5258,#2533,.T.);
#6628=EDGE_CURVE('',#5293,#5292,#2534,.T.);
#6629=EDGE_CURVE('',#5294,#5295,#2535,.T.);
#6630=EDGE_CURVE('',#5295,#5260,#2536,.T.);
#6631=EDGE_CURVE('',#5294,#5259,#2537,.T.);
#6632=EDGE_CURVE('',#5296,#5294,#2538,.T.);
#6633=EDGE_CURVE('',#5296,#5262,#2539,.T.);
#6634=EDGE_CURVE('',#5297,#5296,#2540,.T.);
#6635=EDGE_CURVE('',#5297,#5261,#2541,.T.);
#6636=EDGE_CURVE('',#5295,#5297,#2542,.T.);
#6637=EDGE_CURVE('',#5289,#5298,#2543,.T.);
#6638=EDGE_CURVE('',#5298,#5255,#2544,.T.);
#6639=EDGE_CURVE('',#5299,#5293,#2545,.T.);
#6640=EDGE_CURVE('',#5299,#5257,#2546,.T.);
#6641=EDGE_CURVE('',#5300,#5299,#2547,.T.);
#6642=EDGE_CURVE('',#5300,#5256,#2548,.T.);
#6643=EDGE_CURVE('',#5298,#5300,#2549,.T.);
#6644=EDGE_CURVE('',#5234,#5301,#2550,.T.);
#6645=EDGE_CURVE('',#5302,#5301,#2551,.T.);
#6646=EDGE_CURVE('',#5236,#5302,#2552,.T.);
#6647=EDGE_CURVE('',#5303,#5302,#2553,.T.);
#6648=EDGE_CURVE('',#5237,#5303,#2554,.T.);
#6649=EDGE_CURVE('',#5304,#5303,#2555,.T.);
#6650=EDGE_CURVE('',#5238,#5304,#2556,.T.);
#6651=EDGE_CURVE('',#5305,#5304,#2557,.T.);
#6652=EDGE_CURVE('',#5235,#5305,#2558,.T.);
#6653=EDGE_CURVE('',#5301,#5305,#2559,.T.);
#6654=EDGE_CURVE('',#5306,#5307,#2560,.T.);
#6655=EDGE_CURVE('',#5308,#5306,#2561,.T.);
#6656=EDGE_CURVE('',#5309,#5308,#2562,.T.);
#6657=EDGE_CURVE('',#5307,#5309,#2563,.T.);
#6658=EDGE_CURVE('',#5307,#5310,#2564,.T.);
#6659=EDGE_CURVE('',#5311,#5309,#2565,.T.);
#6660=EDGE_CURVE('',#5310,#5311,#2566,.T.);
#6661=EDGE_CURVE('',#5310,#5312,#2567,.T.);
#6662=EDGE_CURVE('',#5313,#5311,#2568,.T.);
#6663=EDGE_CURVE('',#5312,#5313,#2569,.T.);
#6664=EDGE_CURVE('',#5314,#5306,#2570,.T.);
#6665=EDGE_CURVE('',#5314,#5315,#2571,.T.);
#6666=EDGE_CURVE('',#5315,#5316,#2572,.T.);
#6667=EDGE_CURVE('',#5316,#5317,#2573,.T.);
#6668=EDGE_CURVE('',#5308,#5317,#2574,.T.);
#6669=EDGE_CURVE('',#5318,#5313,#2575,.T.);
#6670=EDGE_CURVE('',#5318,#5319,#2576,.T.);
#6671=EDGE_CURVE('',#5312,#5319,#2577,.T.);
#6672=EDGE_CURVE('',#5320,#5321,#2578,.T.);
#6673=EDGE_CURVE('',#5320,#5322,#2579,.T.);
#6674=EDGE_CURVE('',#5323,#5322,#2580,.T.);
#6675=EDGE_CURVE('',#5321,#5323,#2581,.T.);
#6676=EDGE_CURVE('',#5321,#5324,#2582,.T.);
#6677=EDGE_CURVE('',#5325,#5323,#2583,.T.);
#6678=EDGE_CURVE('',#5324,#5325,#2584,.T.);
#6679=EDGE_CURVE('',#5326,#5320,#2585,.T.);
#6680=EDGE_CURVE('',#5327,#5326,#2586,.T.);
#6681=EDGE_CURVE('',#5322,#5327,#2587,.T.);
#6682=EDGE_CURVE('',#5328,#5326,#2588,.T.);
#6683=EDGE_CURVE('',#5328,#5329,#2589,.T.);
#6684=EDGE_CURVE('',#5327,#5329,#2590,.T.);
#6685=EDGE_CURVE('',#5319,#5330,#2591,.T.);
#6686=EDGE_CURVE('',#5331,#5318,#2592,.T.);
#6687=EDGE_CURVE('',#5330,#5331,#2593,.T.);
#6688=EDGE_CURVE('',#5330,#5332,#2594,.T.);
#6689=EDGE_CURVE('',#5333,#5331,#2595,.T.);
#6690=EDGE_CURVE('',#5332,#5333,#2596,.T.);
#6691=EDGE_CURVE('',#5332,#5334,#2597,.T.);
#6692=EDGE_CURVE('',#5335,#5333,#2598,.T.);
#6693=EDGE_CURVE('',#5334,#5335,#2599,.T.);
#6694=EDGE_CURVE('',#5336,#5335,#2600,.T.);
#6695=EDGE_CURVE('',#5336,#5337,#2601,.T.);
#6696=EDGE_CURVE('',#5334,#5337,#2602,.T.);
#6697=EDGE_CURVE('',#5338,#5339,#2603,.T.);
#6698=EDGE_CURVE('',#5338,#5340,#2604,.T.);
#6699=EDGE_CURVE('',#5341,#5340,#2605,.T.);
#6700=EDGE_CURVE('',#5339,#5341,#2606,.T.);
#6701=EDGE_CURVE('',#5339,#5328,#2607,.T.);
#6702=EDGE_CURVE('',#5329,#5341,#2608,.T.);
#6703=EDGE_CURVE('',#5342,#5338,#2609,.T.);
#6704=EDGE_CURVE('',#5343,#5342,#2610,.T.);
#6705=EDGE_CURVE('',#5340,#5343,#2611,.T.);
#6706=EDGE_CURVE('',#5344,#5342,#2612,.T.);
#6707=EDGE_CURVE('',#5344,#5345,#2613,.T.);
#6708=EDGE_CURVE('',#5343,#5345,#2614,.T.);
#6709=EDGE_CURVE('',#5337,#5346,#2615,.T.);
#6710=EDGE_CURVE('',#5347,#5336,#2616,.T.);
#6711=EDGE_CURVE('',#5346,#5347,#2617,.T.);
#6712=EDGE_CURVE('',#5346,#5348,#2618,.T.);
#6713=EDGE_CURVE('',#5349,#5347,#2619,.T.);
#6714=EDGE_CURVE('',#5348,#5349,#2620,.T.);
#6715=EDGE_CURVE('',#5348,#5350,#2621,.T.);
#6716=EDGE_CURVE('',#5351,#5349,#2622,.T.);
#6717=EDGE_CURVE('',#5350,#5351,#2623,.T.);
#6718=EDGE_CURVE('',#5352,#5351,#2624,.T.);
#6719=EDGE_CURVE('',#5352,#5353,#2625,.T.);
#6720=EDGE_CURVE('',#5350,#5353,#2626,.T.);
#6721=EDGE_CURVE('',#5354,#5355,#2627,.T.);
#6722=EDGE_CURVE('',#5354,#5356,#2628,.T.);
#6723=EDGE_CURVE('',#5357,#5356,#2629,.T.);
#6724=EDGE_CURVE('',#5355,#5357,#2630,.T.);
#6725=EDGE_CURVE('',#5355,#5344,#2631,.T.);
#6726=EDGE_CURVE('',#5345,#5357,#2632,.T.);
#6727=EDGE_CURVE('',#5358,#5354,#2633,.T.);
#6728=EDGE_CURVE('',#5359,#5358,#2634,.T.);
#6729=EDGE_CURVE('',#5356,#5359,#2635,.T.);
#6730=EDGE_CURVE('',#5360,#5358,#2636,.T.);
#6731=EDGE_CURVE('',#5360,#5361,#2637,.T.);
#6732=EDGE_CURVE('',#5359,#5361,#2638,.T.);
#6733=EDGE_CURVE('',#5353,#5362,#2639,.T.);
#6734=EDGE_CURVE('',#5363,#5352,#2640,.T.);
#6735=EDGE_CURVE('',#5362,#5363,#2641,.T.);
#6736=EDGE_CURVE('',#5362,#5364,#2642,.T.);
#6737=EDGE_CURVE('',#5365,#5363,#2643,.T.);
#6738=EDGE_CURVE('',#5364,#5365,#2644,.T.);
#6739=EDGE_CURVE('',#5364,#5366,#2645,.T.);
#6740=EDGE_CURVE('',#5367,#5365,#2646,.T.);
#6741=EDGE_CURVE('',#5366,#5367,#2647,.T.);
#6742=EDGE_CURVE('',#5368,#5367,#2648,.T.);
#6743=EDGE_CURVE('',#5368,#5369,#2649,.T.);
#6744=EDGE_CURVE('',#5366,#5369,#2650,.T.);
#6745=EDGE_CURVE('',#5370,#5371,#2651,.T.);
#6746=EDGE_CURVE('',#5370,#5372,#2652,.T.);
#6747=EDGE_CURVE('',#5373,#5372,#2653,.T.);
#6748=EDGE_CURVE('',#5371,#5373,#2654,.T.);
#6749=EDGE_CURVE('',#5371,#5360,#2655,.T.);
#6750=EDGE_CURVE('',#5361,#5373,#2656,.T.);
#6751=EDGE_CURVE('',#5374,#5370,#2657,.T.);
#6752=EDGE_CURVE('',#5375,#5374,#2658,.T.);
#6753=EDGE_CURVE('',#5372,#5375,#2659,.T.);
#6754=EDGE_CURVE('',#5376,#5374,#2660,.T.);
#6755=EDGE_CURVE('',#5376,#5377,#2661,.T.);
#6756=EDGE_CURVE('',#5375,#5377,#2662,.T.);
#6757=EDGE_CURVE('',#5369,#5378,#2663,.T.);
#6758=EDGE_CURVE('',#5379,#5368,#2664,.T.);
#6759=EDGE_CURVE('',#5378,#5379,#2665,.T.);
#6760=EDGE_CURVE('',#5378,#5380,#2666,.T.);
#6761=EDGE_CURVE('',#5381,#5379,#2667,.T.);
#6762=EDGE_CURVE('',#5380,#5381,#2668,.T.);
#6763=EDGE_CURVE('',#5380,#5382,#2669,.T.);
#6764=EDGE_CURVE('',#5383,#5381,#2670,.T.);
#6765=EDGE_CURVE('',#5382,#5383,#2671,.T.);
#6766=EDGE_CURVE('',#5384,#5383,#2672,.T.);
#6767=EDGE_CURVE('',#5384,#5385,#2673,.T.);
#6768=EDGE_CURVE('',#5382,#5385,#2674,.T.);
#6769=EDGE_CURVE('',#5386,#5387,#2675,.T.);
#6770=EDGE_CURVE('',#5386,#5388,#2676,.T.);
#6771=EDGE_CURVE('',#5389,#5388,#2677,.T.);
#6772=EDGE_CURVE('',#5387,#5389,#2678,.T.);
#6773=EDGE_CURVE('',#5387,#5376,#2679,.T.);
#6774=EDGE_CURVE('',#5377,#5389,#2680,.T.);
#6775=EDGE_CURVE('',#5390,#5386,#2681,.T.);
#6776=EDGE_CURVE('',#5391,#5390,#2682,.T.);
#6777=EDGE_CURVE('',#5388,#5391,#2683,.T.);
#6778=EDGE_CURVE('',#5392,#5390,#2684,.T.);
#6779=EDGE_CURVE('',#5392,#5393,#2685,.T.);
#6780=EDGE_CURVE('',#5391,#5393,#2686,.T.);
#6781=EDGE_CURVE('',#5385,#5394,#2687,.T.);
#6782=EDGE_CURVE('',#5395,#5384,#2688,.T.);
#6783=EDGE_CURVE('',#5394,#5395,#2689,.T.);
#6784=EDGE_CURVE('',#5394,#5396,#2690,.T.);
#6785=EDGE_CURVE('',#5397,#5395,#2691,.T.);
#6786=EDGE_CURVE('',#5396,#5397,#2692,.T.);
#6787=EDGE_CURVE('',#5396,#5398,#2693,.T.);
#6788=EDGE_CURVE('',#5399,#5397,#2694,.T.);
#6789=EDGE_CURVE('',#5398,#5399,#2695,.T.);
#6790=EDGE_CURVE('',#5400,#5399,#2696,.T.);
#6791=EDGE_CURVE('',#5400,#5401,#2697,.T.);
#6792=EDGE_CURVE('',#5398,#5401,#2698,.T.);
#6793=EDGE_CURVE('',#5402,#5403,#2699,.T.);
#6794=EDGE_CURVE('',#5402,#5404,#2700,.T.);
#6795=EDGE_CURVE('',#5405,#5404,#2701,.T.);
#6796=EDGE_CURVE('',#5403,#5405,#2702,.T.);
#6797=EDGE_CURVE('',#5403,#5392,#2703,.T.);
#6798=EDGE_CURVE('',#5393,#5405,#2704,.T.);
#6799=EDGE_CURVE('',#5406,#5402,#2705,.T.);
#6800=EDGE_CURVE('',#5407,#5406,#2706,.T.);
#6801=EDGE_CURVE('',#5404,#5407,#2707,.T.);
#6802=EDGE_CURVE('',#5408,#5406,#2708,.T.);
#6803=EDGE_CURVE('',#5408,#5409,#2709,.T.);
#6804=EDGE_CURVE('',#5407,#5409,#2710,.T.);
#6805=EDGE_CURVE('',#5401,#5410,#2711,.T.);
#6806=EDGE_CURVE('',#5411,#5400,#2712,.T.);
#6807=EDGE_CURVE('',#5410,#5411,#2713,.T.);
#6808=EDGE_CURVE('',#5410,#5412,#2714,.T.);
#6809=EDGE_CURVE('',#5413,#5411,#2715,.T.);
#6810=EDGE_CURVE('',#5412,#5413,#2716,.T.);
#6811=EDGE_CURVE('',#5412,#5414,#2717,.T.);
#6812=EDGE_CURVE('',#5415,#5413,#2718,.T.);
#6813=EDGE_CURVE('',#5414,#5415,#2719,.T.);
#6814=EDGE_CURVE('',#5416,#5415,#2720,.T.);
#6815=EDGE_CURVE('',#5416,#5417,#2721,.T.);
#6816=EDGE_CURVE('',#5414,#5417,#2722,.T.);
#6817=EDGE_CURVE('',#5418,#5419,#2723,.T.);
#6818=EDGE_CURVE('',#5418,#5420,#2724,.T.);
#6819=EDGE_CURVE('',#5421,#5420,#2725,.T.);
#6820=EDGE_CURVE('',#5419,#5421,#2726,.T.);
#6821=EDGE_CURVE('',#5419,#5408,#2727,.T.);
#6822=EDGE_CURVE('',#5409,#5421,#2728,.T.);
#6823=EDGE_CURVE('',#5422,#5418,#2729,.T.);
#6824=EDGE_CURVE('',#5423,#5422,#2730,.T.);
#6825=EDGE_CURVE('',#5420,#5423,#2731,.T.);
#6826=EDGE_CURVE('',#5424,#5422,#2732,.T.);
#6827=EDGE_CURVE('',#5424,#5425,#2733,.T.);
#6828=EDGE_CURVE('',#5423,#5425,#2734,.T.);
#6829=EDGE_CURVE('',#5417,#5426,#2735,.T.);
#6830=EDGE_CURVE('',#5427,#5416,#2736,.T.);
#6831=EDGE_CURVE('',#5426,#5427,#2737,.T.);
#6832=EDGE_CURVE('',#5426,#5428,#2738,.T.);
#6833=EDGE_CURVE('',#5429,#5427,#2739,.T.);
#6834=EDGE_CURVE('',#5428,#5429,#2740,.T.);
#6835=EDGE_CURVE('',#5428,#5430,#2741,.T.);
#6836=EDGE_CURVE('',#5431,#5429,#2742,.T.);
#6837=EDGE_CURVE('',#5430,#5431,#2743,.T.);
#6838=EDGE_CURVE('',#5432,#5431,#2744,.T.);
#6839=EDGE_CURVE('',#5432,#5433,#2745,.T.);
#6840=EDGE_CURVE('',#5430,#5433,#2746,.T.);
#6841=EDGE_CURVE('',#5434,#5435,#2747,.T.);
#6842=EDGE_CURVE('',#5434,#5436,#2748,.T.);
#6843=EDGE_CURVE('',#5437,#5436,#2749,.T.);
#6844=EDGE_CURVE('',#5435,#5437,#2750,.T.);
#6845=EDGE_CURVE('',#5435,#5424,#2751,.T.);
#6846=EDGE_CURVE('',#5425,#5437,#2752,.T.);
#6847=EDGE_CURVE('',#5438,#5434,#2753,.T.);
#6848=EDGE_CURVE('',#5439,#5438,#2754,.T.);
#6849=EDGE_CURVE('',#5436,#5439,#2755,.T.);
#6850=EDGE_CURVE('',#5440,#5438,#2756,.T.);
#6851=EDGE_CURVE('',#5440,#5441,#2757,.T.);
#6852=EDGE_CURVE('',#5439,#5441,#2758,.T.);
#6853=EDGE_CURVE('',#5433,#5442,#2759,.T.);
#6854=EDGE_CURVE('',#5443,#5432,#2760,.T.);
#6855=EDGE_CURVE('',#5442,#5443,#2761,.T.);
#6856=EDGE_CURVE('',#5442,#5444,#2762,.T.);
#6857=EDGE_CURVE('',#5445,#5443,#2763,.T.);
#6858=EDGE_CURVE('',#5444,#5445,#2764,.T.);
#6859=EDGE_CURVE('',#5444,#5446,#2765,.T.);
#6860=EDGE_CURVE('',#5447,#5445,#2766,.T.);
#6861=EDGE_CURVE('',#5446,#5447,#2767,.T.);
#6862=EDGE_CURVE('',#5448,#5447,#2768,.T.);
#6863=EDGE_CURVE('',#5448,#5449,#2769,.T.);
#6864=EDGE_CURVE('',#5446,#5449,#2770,.T.);
#6865=EDGE_CURVE('',#5450,#5451,#2771,.T.);
#6866=EDGE_CURVE('',#5450,#5452,#2772,.T.);
#6867=EDGE_CURVE('',#5453,#5452,#2773,.T.);
#6868=EDGE_CURVE('',#5451,#5453,#2774,.T.);
#6869=EDGE_CURVE('',#5451,#5440,#2775,.T.);
#6870=EDGE_CURVE('',#5441,#5453,#2776,.T.);
#6871=EDGE_CURVE('',#5454,#5450,#2777,.T.);
#6872=EDGE_CURVE('',#5455,#5454,#2778,.T.);
#6873=EDGE_CURVE('',#5452,#5455,#2779,.T.);
#6874=EDGE_CURVE('',#5456,#5454,#2780,.T.);
#6875=EDGE_CURVE('',#5456,#5457,#2781,.T.);
#6876=EDGE_CURVE('',#5455,#5457,#2782,.T.);
#6877=EDGE_CURVE('',#5449,#5458,#2783,.T.);
#6878=EDGE_CURVE('',#5459,#5448,#2784,.T.);
#6879=EDGE_CURVE('',#5458,#5459,#2785,.T.);
#6880=EDGE_CURVE('',#5458,#5460,#2786,.T.);
#6881=EDGE_CURVE('',#5461,#5459,#2787,.T.);
#6882=EDGE_CURVE('',#5460,#5461,#2788,.T.);
#6883=EDGE_CURVE('',#5460,#5462,#2789,.T.);
#6884=EDGE_CURVE('',#5463,#5461,#2790,.T.);
#6885=EDGE_CURVE('',#5462,#5463,#2791,.T.);
#6886=EDGE_CURVE('',#5464,#5463,#2792,.T.);
#6887=EDGE_CURVE('',#5465,#5464,#2793,.T.);
#6888=EDGE_CURVE('',#5465,#5466,#2794,.T.);
#6889=EDGE_CURVE('',#5466,#5467,#2795,.T.);
#6890=EDGE_CURVE('',#5462,#5467,#2796,.T.);
#6891=EDGE_CURVE('',#5468,#5469,#2797,.T.);
#6892=EDGE_CURVE('',#5468,#5470,#2798,.T.);
#6893=EDGE_CURVE('',#5471,#5470,#2799,.T.);
#6894=EDGE_CURVE('',#5469,#5471,#2800,.T.);
#6895=EDGE_CURVE('',#5469,#5456,#2801,.T.);
#6896=EDGE_CURVE('',#5457,#5471,#2802,.T.);
#6897=EDGE_CURVE('',#5472,#5468,#2803,.T.);
#6898=EDGE_CURVE('',#5473,#5472,#2804,.T.);
#6899=EDGE_CURVE('',#5470,#5473,#2805,.T.);
#6900=EDGE_CURVE('',#5474,#5472,#2806,.T.);
#6901=EDGE_CURVE('',#5474,#5475,#2807,.T.);
#6902=EDGE_CURVE('',#5473,#5475,#2808,.T.);
#6903=EDGE_CURVE('',#5315,#5476,#2809,.T.);
#6904=EDGE_CURVE('',#5476,#5477,#2810,.T.);
#6905=EDGE_CURVE('',#5316,#5477,#2811,.T.);
#6906=EDGE_CURVE('',#5478,#5314,#2812,.T.);
#6907=EDGE_CURVE('',#5479,#5478,#2813,.T.);
#6908=EDGE_CURVE('',#5476,#5479,#2814,.T.);
#6909=EDGE_CURVE('',#5480,#5481,#2815,.T.);
#6910=EDGE_CURVE('',#5481,#5482,#2816,.T.);
#6911=EDGE_CURVE('',#5483,#5482,#2817,.T.);
#6912=EDGE_CURVE('',#5483,#5477,#2818,.T.);
#6913=EDGE_CURVE('',#5484,#5476,#2819,.T.);
#6914=EDGE_CURVE('',#5485,#5484,#2820,.T.);
#6915=EDGE_CURVE('',#5486,#5485,#2821,.T.);
#6916=EDGE_CURVE('',#5487,#5486,#2822,.T.);
#6917=EDGE_CURVE('',#5480,#5487,#2823,.T.);
#6918=EDGE_CURVE('',#5467,#5474,#2824,.T.);
#6919=EDGE_CURVE('',#5324,#5478,#2825,.T.);
#6920=EDGE_CURVE('',#5488,#5483,#2826,.T.);
#6921=EDGE_CURVE('',#5482,#5489,#2827,.T.);
#6922=EDGE_CURVE('',#5489,#5488,#2828,.T.);
#6923=EDGE_CURVE('',#5479,#5325,#2829,.T.);
#6924=EDGE_CURVE('',#5475,#5484,#2830,.T.);
#6925=EDGE_CURVE('',#5465,#5485,#2831,.T.);
#6926=EDGE_CURVE('',#5466,#5484,#2832,.T.);
#6927=EDGE_CURVE('',#5490,#5464,#2833,.T.);
#6928=EDGE_CURVE('',#5491,#5490,#2834,.T.);
#6929=EDGE_CURVE('',#5486,#5491,#2835,.T.);
#6930=EDGE_CURVE('',#5491,#5492,#2836,.T.);
#6931=EDGE_CURVE('',#5492,#5487,#2837,.T.);
#6932=EDGE_CURVE('',#5317,#5493,#2838,.T.);
#6933=EDGE_CURVE('',#5488,#5493,#2839,.T.);
#6934=EDGE_CURVE('',#5493,#5490,#2840,.T.);
#6935=EDGE_CURVE('',#5494,#5489,#2841,.T.);
#6936=EDGE_CURVE('',#5494,#5495,#2842,.T.);
#6937=EDGE_CURVE('',#5495,#5492,#2843,.T.);
#6938=EDGE_CURVE('',#5481,#5494,#2844,.T.);
#6939=EDGE_CURVE('',#5495,#5480,#2845,.T.);
#6940=EDGE_CURVE('',#5496,#5497,#2846,.T.);
#6941=EDGE_CURVE('',#5497,#5498,#2847,.T.);
#6942=EDGE_CURVE('',#5499,#5498,#2848,.T.);
#6943=EDGE_CURVE('',#5496,#5499,#2849,.T.);
#6944=EDGE_CURVE('',#5500,#5496,#2850,.T.);
#6945=EDGE_CURVE('',#5501,#5499,#2851,.T.);
#6946=EDGE_CURVE('',#5500,#5501,#2852,.T.);
#6947=EDGE_CURVE('',#5502,#5500,#2853,.T.);
#6948=EDGE_CURVE('',#5503,#5501,#2854,.T.);
#6949=EDGE_CURVE('',#5502,#5503,#2855,.T.);
#6950=EDGE_CURVE('',#5497,#5502,#2856,.T.);
#6951=EDGE_CURVE('',#5498,#5503,#2857,.T.);
#6952=EDGE_CURVE('',#5504,#5505,#2858,.T.);
#6953=EDGE_CURVE('',#5506,#5505,#2859,.T.);
#6954=EDGE_CURVE('',#5507,#5506,#2860,.T.);
#6955=EDGE_CURVE('',#5504,#5507,#2861,.T.);
#6956=EDGE_CURVE('',#5508,#5504,#2862,.T.);
#6957=EDGE_CURVE('',#5509,#5507,#2863,.T.);
#6958=EDGE_CURVE('',#5508,#5509,#2864,.T.);
#6959=EDGE_CURVE('',#5510,#5508,#2865,.T.);
#6960=EDGE_CURVE('',#5511,#5509,#2866,.T.);
#6961=EDGE_CURVE('',#5510,#5511,#2867,.T.);
#6962=EDGE_CURVE('',#5511,#5506,#2868,.T.);
#6963=EDGE_CURVE('',#5505,#5510,#2869,.T.);
#6964=EDGE_CURVE('',#5512,#5513,#2870,.T.);
#6965=EDGE_CURVE('',#5513,#5514,#2871,.T.);
#6966=EDGE_CURVE('',#5515,#5514,#2872,.T.);
#6967=EDGE_CURVE('',#5512,#5515,#2873,.T.);
#6968=EDGE_CURVE('',#5516,#5517,#2874,.T.);
#6969=EDGE_CURVE('',#5518,#5517,#2875,.T.);
#6970=EDGE_CURVE('',#5519,#5518,#2876,.T.);
#6971=EDGE_CURVE('',#5516,#5519,#2877,.T.);
#6972=EDGE_CURVE('',#5513,#5516,#2878,.T.);
#6973=EDGE_CURVE('',#5514,#5519,#2879,.T.);
#6974=EDGE_CURVE('',#5515,#5518,#2880,.T.);
#6975=EDGE_CURVE('',#5517,#5512,#2881,.T.);
#6976=EDGE_CURVE('',#5520,#5521,#2882,.T.);
#6977=EDGE_CURVE('',#5521,#5522,#2883,.T.);
#6978=EDGE_CURVE('',#5523,#5522,#2884,.T.);
#6979=EDGE_CURVE('',#5520,#5523,#2885,.T.);
#6980=EDGE_CURVE('',#5524,#5520,#2886,.T.);
#6981=EDGE_CURVE('',#5525,#5523,#2887,.T.);
#6982=EDGE_CURVE('',#5524,#5525,#2888,.T.);
#6983=EDGE_CURVE('',#5526,#5524,#2889,.T.);
#6984=EDGE_CURVE('',#5527,#5525,#2890,.T.);
#6985=EDGE_CURVE('',#5526,#5527,#2891,.T.);
#6986=EDGE_CURVE('',#5521,#5526,#2892,.T.);
#6987=EDGE_CURVE('',#5522,#5527,#2893,.T.);
#6988=EDGE_CURVE('',#5528,#5529,#2894,.T.);
#6989=EDGE_CURVE('',#5528,#5530,#2895,.T.);
#6990=EDGE_CURVE('',#5531,#5530,#2896,.T.);
#6991=EDGE_CURVE('',#5529,#5531,#2897,.T.);
#6992=EDGE_CURVE('',#5529,#5532,#2898,.T.);
#6993=EDGE_CURVE('',#5533,#5531,#2899,.T.);
#6994=EDGE_CURVE('',#5532,#5533,#2900,.T.);
#6995=EDGE_CURVE('',#5532,#5534,#2901,.T.);
#6996=EDGE_CURVE('',#5535,#5533,#2902,.T.);
#6997=EDGE_CURVE('',#5534,#5535,#2903,.T.);
#6998=EDGE_CURVE('',#5534,#5536,#2904,.T.);
#6999=EDGE_CURVE('',#5537,#5535,#2905,.T.);
#7000=EDGE_CURVE('',#5536,#5537,#2906,.T.);
#7001=EDGE_CURVE('',#5536,#5538,#2907,.T.);
#7002=EDGE_CURVE('',#5539,#5537,#2908,.T.);
#7003=EDGE_CURVE('',#5538,#5539,#2909,.T.);
#7004=EDGE_CURVE('',#5538,#5540,#2910,.T.);
#7005=EDGE_CURVE('',#5541,#5539,#2911,.T.);
#7006=EDGE_CURVE('',#5540,#5541,#2912,.T.);
#7007=EDGE_CURVE('',#5540,#5542,#2913,.T.);
#7008=EDGE_CURVE('',#5543,#5541,#2914,.T.);
#7009=EDGE_CURVE('',#5542,#5543,#2915,.T.);
#7010=EDGE_CURVE('',#5542,#5544,#2916,.T.);
#7011=EDGE_CURVE('',#5545,#5543,#2917,.T.);
#7012=EDGE_CURVE('',#5544,#5545,#2918,.T.);
#7013=EDGE_CURVE('',#5544,#5546,#2919,.T.);
#7014=EDGE_CURVE('',#5547,#5545,#2920,.T.);
#7015=EDGE_CURVE('',#5546,#5547,#2921,.T.);
#7016=EDGE_CURVE('',#5546,#5548,#2922,.T.);
#7017=EDGE_CURVE('',#5549,#5547,#2923,.T.);
#7018=EDGE_CURVE('',#5548,#5549,#2924,.T.);
#7019=EDGE_CURVE('',#5548,#5550,#2925,.T.);
#7020=EDGE_CURVE('',#5551,#5549,#2926,.T.);
#7021=EDGE_CURVE('',#5550,#5551,#2927,.T.);
#7022=EDGE_CURVE('',#5550,#5528,#2928,.T.);
#7023=EDGE_CURVE('',#5530,#5551,#2929,.T.);
#7024=EDGE_CURVE('',#5552,#5553,#2930,.T.);
#7025=EDGE_CURVE('',#5552,#5554,#2931,.T.);
#7026=EDGE_CURVE('',#5555,#5554,#2932,.T.);
#7027=EDGE_CURVE('',#5553,#5555,#2933,.T.);
#7028=EDGE_CURVE('',#5553,#5556,#2934,.T.);
#7029=EDGE_CURVE('',#5557,#5555,#2935,.T.);
#7030=EDGE_CURVE('',#5556,#5557,#2936,.T.);
#7031=EDGE_CURVE('',#5556,#5558,#2937,.T.);
#7032=EDGE_CURVE('',#5559,#5557,#2938,.T.);
#7033=EDGE_CURVE('',#5558,#5559,#2939,.T.);
#7034=EDGE_CURVE('',#5558,#5560,#2940,.T.);
#7035=EDGE_CURVE('',#5561,#5559,#2941,.T.);
#7036=EDGE_CURVE('',#5560,#5561,#2942,.T.);
#7037=EDGE_CURVE('',#5560,#5562,#2943,.T.);
#7038=EDGE_CURVE('',#5563,#5561,#2944,.T.);
#7039=EDGE_CURVE('',#5562,#5563,#2945,.T.);
#7040=EDGE_CURVE('',#5562,#5564,#2946,.T.);
#7041=EDGE_CURVE('',#5565,#5563,#2947,.T.);
#7042=EDGE_CURVE('',#5564,#5565,#2948,.T.);
#7043=EDGE_CURVE('',#5564,#5566,#2949,.T.);
#7044=EDGE_CURVE('',#5567,#5565,#2950,.T.);
#7045=EDGE_CURVE('',#5566,#5567,#2951,.T.);
#7046=EDGE_CURVE('',#5566,#5568,#2952,.T.);
#7047=EDGE_CURVE('',#5569,#5567,#2953,.T.);
#7048=EDGE_CURVE('',#5568,#5569,#2954,.T.);
#7049=EDGE_CURVE('',#5568,#5570,#2955,.T.);
#7050=EDGE_CURVE('',#5571,#5569,#2956,.T.);
#7051=EDGE_CURVE('',#5570,#5571,#2957,.T.);
#7052=EDGE_CURVE('',#5570,#5572,#2958,.T.);
#7053=EDGE_CURVE('',#5573,#5571,#2959,.T.);
#7054=EDGE_CURVE('',#5572,#5573,#2960,.T.);
#7055=EDGE_CURVE('',#5572,#5574,#2961,.T.);
#7056=EDGE_CURVE('',#5575,#5573,#2962,.T.);
#7057=EDGE_CURVE('',#5574,#5575,#2963,.T.);
#7058=EDGE_CURVE('',#5574,#5576,#2964,.T.);
#7059=EDGE_CURVE('',#5577,#5575,#2965,.T.);
#7060=EDGE_CURVE('',#5576,#5577,#2966,.T.);
#7061=EDGE_CURVE('',#5576,#5552,#2967,.T.);
#7062=EDGE_CURVE('',#5554,#5577,#2968,.T.);
#7063=EDGE_CURVE('',#5578,#5579,#2969,.T.);
#7064=EDGE_CURVE('',#5578,#5580,#2970,.T.);
#7065=EDGE_CURVE('',#5581,#5580,#2971,.T.);
#7066=EDGE_CURVE('',#5579,#5581,#2972,.T.);
#7067=EDGE_CURVE('',#5579,#5582,#2973,.T.);
#7068=EDGE_CURVE('',#5583,#5581,#2974,.T.);
#7069=EDGE_CURVE('',#5582,#5583,#2975,.T.);
#7070=EDGE_CURVE('',#5582,#5578,#2976,.T.);
#7071=EDGE_CURVE('',#5580,#5583,#2977,.T.);
#7072=EDGE_CURVE('',#5584,#5585,#2978,.T.);
#7073=EDGE_CURVE('',#5584,#5586,#2979,.T.);
#7074=EDGE_CURVE('',#5587,#5586,#2980,.T.);
#7075=EDGE_CURVE('',#5585,#5587,#2981,.T.);
#7076=EDGE_CURVE('',#5585,#5588,#2982,.T.);
#7077=EDGE_CURVE('',#5589,#5587,#2983,.T.);
#7078=EDGE_CURVE('',#5588,#5589,#2984,.T.);
#7079=EDGE_CURVE('',#5588,#5590,#2985,.T.);
#7080=EDGE_CURVE('',#5591,#5589,#2986,.T.);
#7081=EDGE_CURVE('',#5590,#5591,#2987,.T.);
#7082=EDGE_CURVE('',#5590,#5592,#2988,.T.);
#7083=EDGE_CURVE('',#5593,#5591,#2989,.T.);
#7084=EDGE_CURVE('',#5592,#5593,#2990,.T.);
#7085=EDGE_CURVE('',#5592,#5594,#2991,.T.);
#7086=EDGE_CURVE('',#5595,#5593,#2992,.T.);
#7087=EDGE_CURVE('',#5594,#5595,#2993,.T.);
#7088=EDGE_CURVE('',#5594,#5596,#2994,.T.);
#7089=EDGE_CURVE('',#5597,#5595,#2995,.T.);
#7090=EDGE_CURVE('',#5596,#5597,#2996,.T.);
#7091=EDGE_CURVE('',#5596,#5598,#2997,.T.);
#7092=EDGE_CURVE('',#5599,#5597,#2998,.T.);
#7093=EDGE_CURVE('',#5598,#5599,#2999,.T.);
#7094=EDGE_CURVE('',#5598,#5584,#3000,.T.);
#7095=EDGE_CURVE('',#5586,#5599,#3001,.T.);
#7096=EDGE_CURVE('',#5600,#5601,#3002,.T.);
#7097=EDGE_CURVE('',#5600,#5602,#3003,.T.);
#7098=EDGE_CURVE('',#5603,#5602,#3004,.T.);
#7099=EDGE_CURVE('',#5601,#5603,#3005,.T.);
#7100=EDGE_CURVE('',#5601,#5604,#3006,.T.);
#7101=EDGE_CURVE('',#5605,#5603,#3007,.T.);
#7102=EDGE_CURVE('',#5604,#5605,#3008,.T.);
#7103=EDGE_CURVE('',#5604,#5606,#3009,.T.);
#7104=EDGE_CURVE('',#5607,#5605,#3010,.T.);
#7105=EDGE_CURVE('',#5606,#5607,#3011,.T.);
#7106=EDGE_CURVE('',#5606,#5608,#67,.T.);
#7107=EDGE_CURVE('',#5609,#5607,#68,.T.);
#7108=EDGE_CURVE('',#5608,#5609,#3012,.T.);
#7109=EDGE_CURVE('',#5608,#5610,#69,.T.);
#7110=EDGE_CURVE('',#5611,#5609,#70,.T.);
#7111=EDGE_CURVE('',#5610,#5611,#3013,.T.);
#7112=EDGE_CURVE('',#5610,#5612,#71,.T.);
#7113=EDGE_CURVE('',#5613,#5611,#72,.T.);
#7114=EDGE_CURVE('',#5612,#5613,#3014,.T.);
#7115=EDGE_CURVE('',#5612,#5614,#73,.T.);
#7116=EDGE_CURVE('',#5615,#5613,#74,.T.);
#7117=EDGE_CURVE('',#5614,#5615,#3015,.T.);
#7118=EDGE_CURVE('',#5614,#5616,#75,.T.);
#7119=EDGE_CURVE('',#5617,#5615,#76,.T.);
#7120=EDGE_CURVE('',#5616,#5617,#3016,.T.);
#7121=EDGE_CURVE('',#5616,#5618,#77,.T.);
#7122=EDGE_CURVE('',#5619,#5617,#78,.T.);
#7123=EDGE_CURVE('',#5618,#5619,#3017,.T.);
#7124=EDGE_CURVE('',#5618,#5620,#79,.T.);
#7125=EDGE_CURVE('',#5621,#5619,#80,.T.);
#7126=EDGE_CURVE('',#5620,#5621,#3018,.T.);
#7127=EDGE_CURVE('',#5620,#5622,#81,.T.);
#7128=EDGE_CURVE('',#5623,#5621,#82,.T.);
#7129=EDGE_CURVE('',#5622,#5623,#3019,.T.);
#7130=EDGE_CURVE('',#5622,#5624,#83,.T.);
#7131=EDGE_CURVE('',#5625,#5623,#84,.T.);
#7132=EDGE_CURVE('',#5624,#5625,#3020,.T.);
#7133=EDGE_CURVE('',#5624,#5626,#85,.T.);
#7134=EDGE_CURVE('',#5627,#5625,#86,.T.);
#7135=EDGE_CURVE('',#5626,#5627,#3021,.T.);
#7136=EDGE_CURVE('',#5626,#5628,#87,.T.);
#7137=EDGE_CURVE('',#5629,#5627,#88,.T.);
#7138=EDGE_CURVE('',#5628,#5629,#3022,.T.);
#7139=EDGE_CURVE('',#5628,#5630,#3023,.T.);
#7140=EDGE_CURVE('',#5631,#5629,#3024,.T.);
#7141=EDGE_CURVE('',#5630,#5631,#3025,.T.);
#7142=EDGE_CURVE('',#5630,#5632,#89,.T.);
#7143=EDGE_CURVE('',#5633,#5631,#90,.T.);
#7144=EDGE_CURVE('',#5632,#5633,#3026,.T.);
#7145=EDGE_CURVE('',#5632,#5634,#91,.T.);
#7146=EDGE_CURVE('',#5635,#5633,#92,.T.);
#7147=EDGE_CURVE('',#5634,#5635,#3027,.T.);
#7148=EDGE_CURVE('',#5634,#5636,#93,.T.);
#7149=EDGE_CURVE('',#5637,#5635,#94,.T.);
#7150=EDGE_CURVE('',#5636,#5637,#3028,.T.);
#7151=EDGE_CURVE('',#5636,#5638,#95,.T.);
#7152=EDGE_CURVE('',#5639,#5637,#96,.T.);
#7153=EDGE_CURVE('',#5638,#5639,#3029,.T.);
#7154=EDGE_CURVE('',#5638,#5640,#97,.T.);
#7155=EDGE_CURVE('',#5641,#5639,#98,.T.);
#7156=EDGE_CURVE('',#5640,#5641,#3030,.T.);
#7157=EDGE_CURVE('',#5640,#5642,#99,.T.);
#7158=EDGE_CURVE('',#5643,#5641,#100,.T.);
#7159=EDGE_CURVE('',#5642,#5643,#3031,.T.);
#7160=EDGE_CURVE('',#5642,#5644,#101,.T.);
#7161=EDGE_CURVE('',#5645,#5643,#102,.T.);
#7162=EDGE_CURVE('',#5644,#5645,#3032,.T.);
#7163=EDGE_CURVE('',#5644,#5646,#103,.T.);
#7164=EDGE_CURVE('',#5647,#5645,#104,.T.);
#7165=EDGE_CURVE('',#5646,#5647,#3033,.T.);
#7166=EDGE_CURVE('',#5646,#5648,#3034,.T.);
#7167=EDGE_CURVE('',#5649,#5647,#3035,.T.);
#7168=EDGE_CURVE('',#5648,#5649,#3036,.T.);
#7169=EDGE_CURVE('',#5648,#5600,#3037,.T.);
#7170=EDGE_CURVE('',#5602,#5649,#3038,.T.);
#7171=EDGE_CURVE('',#5650,#5651,#3039,.T.);
#7172=EDGE_CURVE('',#5650,#5652,#3040,.T.);
#7173=EDGE_CURVE('',#5653,#5652,#3041,.T.);
#7174=EDGE_CURVE('',#5651,#5653,#3042,.T.);
#7175=EDGE_CURVE('',#5651,#5654,#3043,.T.);
#7176=EDGE_CURVE('',#5655,#5653,#3044,.T.);
#7177=EDGE_CURVE('',#5654,#5655,#3045,.T.);
#7178=EDGE_CURVE('',#5654,#5656,#3046,.T.);
#7179=EDGE_CURVE('',#5657,#5655,#3047,.T.);
#7180=EDGE_CURVE('',#5656,#5657,#3048,.T.);
#7181=EDGE_CURVE('',#5656,#5658,#3049,.T.);
#7182=EDGE_CURVE('',#5659,#5657,#3050,.T.);
#7183=EDGE_CURVE('',#5658,#5659,#3051,.T.);
#7184=EDGE_CURVE('',#5658,#5660,#3052,.T.);
#7185=EDGE_CURVE('',#5661,#5659,#3053,.T.);
#7186=EDGE_CURVE('',#5660,#5661,#3054,.T.);
#7187=EDGE_CURVE('',#5660,#5662,#3055,.T.);
#7188=EDGE_CURVE('',#5663,#5661,#3056,.T.);
#7189=EDGE_CURVE('',#5662,#5663,#3057,.T.);
#7190=EDGE_CURVE('',#5662,#5664,#3058,.T.);
#7191=EDGE_CURVE('',#5665,#5663,#3059,.T.);
#7192=EDGE_CURVE('',#5664,#5665,#3060,.T.);
#7193=EDGE_CURVE('',#5664,#5666,#3061,.T.);
#7194=EDGE_CURVE('',#5667,#5665,#3062,.T.);
#7195=EDGE_CURVE('',#5666,#5667,#3063,.T.);
#7196=EDGE_CURVE('',#5666,#5668,#3064,.T.);
#7197=EDGE_CURVE('',#5669,#5667,#3065,.T.);
#7198=EDGE_CURVE('',#5668,#5669,#3066,.T.);
#7199=EDGE_CURVE('',#5668,#5650,#3067,.T.);
#7200=EDGE_CURVE('',#5652,#5669,#3068,.T.);
#7201=EDGE_CURVE('',#5670,#5671,#3069,.T.);
#7202=EDGE_CURVE('',#5670,#5672,#3070,.T.);
#7203=EDGE_CURVE('',#5673,#5672,#3071,.T.);
#7204=EDGE_CURVE('',#5671,#5673,#3072,.T.);
#7205=EDGE_CURVE('',#5671,#5674,#3073,.T.);
#7206=EDGE_CURVE('',#5675,#5673,#3074,.T.);
#7207=EDGE_CURVE('',#5674,#5675,#3075,.T.);
#7208=EDGE_CURVE('',#5674,#5670,#3076,.T.);
#7209=EDGE_CURVE('',#5672,#5675,#3077,.T.);
#7210=EDGE_CURVE('',#5676,#5677,#3078,.T.);
#7211=EDGE_CURVE('',#5676,#5678,#3079,.T.);
#7212=EDGE_CURVE('',#5679,#5678,#3080,.T.);
#7213=EDGE_CURVE('',#5677,#5679,#3081,.T.);
#7214=EDGE_CURVE('',#5677,#5680,#3082,.T.);
#7215=EDGE_CURVE('',#5681,#5679,#3083,.T.);
#7216=EDGE_CURVE('',#5680,#5681,#3084,.T.);
#7217=EDGE_CURVE('',#5680,#5682,#3085,.T.);
#7218=EDGE_CURVE('',#5683,#5681,#3086,.T.);
#7219=EDGE_CURVE('',#5682,#5683,#3087,.T.);
#7220=EDGE_CURVE('',#5682,#5684,#3088,.T.);
#7221=EDGE_CURVE('',#5685,#5683,#3089,.T.);
#7222=EDGE_CURVE('',#5684,#5685,#3090,.T.);
#7223=EDGE_CURVE('',#5684,#5686,#3091,.T.);
#7224=EDGE_CURVE('',#5687,#5685,#3092,.T.);
#7225=EDGE_CURVE('',#5686,#5687,#3093,.T.);
#7226=EDGE_CURVE('',#5686,#5688,#3094,.T.);
#7227=EDGE_CURVE('',#5689,#5687,#3095,.T.);
#7228=EDGE_CURVE('',#5688,#5689,#3096,.T.);
#7229=EDGE_CURVE('',#5688,#5690,#3097,.T.);
#7230=EDGE_CURVE('',#5691,#5689,#3098,.T.);
#7231=EDGE_CURVE('',#5690,#5691,#3099,.T.);
#7232=EDGE_CURVE('',#5690,#5676,#3100,.T.);
#7233=EDGE_CURVE('',#5678,#5691,#3101,.T.);
#7234=EDGE_CURVE('',#5692,#5693,#3102,.T.);
#7235=EDGE_CURVE('',#5692,#5694,#3103,.T.);
#7236=EDGE_CURVE('',#5695,#5694,#3104,.T.);
#7237=EDGE_CURVE('',#5693,#5695,#3105,.T.);
#7238=EDGE_CURVE('',#5693,#5696,#105,.T.);
#7239=EDGE_CURVE('',#5697,#5695,#106,.T.);
#7240=EDGE_CURVE('',#5696,#5697,#3106,.T.);
#7241=EDGE_CURVE('',#5696,#5698,#107,.T.);
#7242=EDGE_CURVE('',#5699,#5697,#108,.T.);
#7243=EDGE_CURVE('',#5698,#5699,#3107,.T.);
#7244=EDGE_CURVE('',#5698,#5700,#109,.T.);
#7245=EDGE_CURVE('',#5701,#5699,#110,.T.);
#7246=EDGE_CURVE('',#5700,#5701,#3108,.T.);
#7247=EDGE_CURVE('',#5700,#5702,#111,.T.);
#7248=EDGE_CURVE('',#5703,#5701,#112,.T.);
#7249=EDGE_CURVE('',#5702,#5703,#3109,.T.);
#7250=EDGE_CURVE('',#5702,#5704,#113,.T.);
#7251=EDGE_CURVE('',#5705,#5703,#114,.T.);
#7252=EDGE_CURVE('',#5704,#5705,#3110,.T.);
#7253=EDGE_CURVE('',#5704,#5706,#3111,.T.);
#7254=EDGE_CURVE('',#5707,#5705,#3112,.T.);
#7255=EDGE_CURVE('',#5706,#5707,#3113,.T.);
#7256=EDGE_CURVE('',#5706,#5692,#3114,.T.);
#7257=EDGE_CURVE('',#5694,#5707,#3115,.T.);
#7258=EDGE_CURVE('',#5708,#5709,#3116,.T.);
#7259=EDGE_CURVE('',#5708,#5710,#3117,.T.);
#7260=EDGE_CURVE('',#5711,#5710,#3118,.T.);
#7261=EDGE_CURVE('',#5709,#5711,#3119,.T.);
#7262=EDGE_CURVE('',#5709,#5712,#3120,.T.);
#7263=EDGE_CURVE('',#5713,#5711,#3121,.T.);
#7264=EDGE_CURVE('',#5712,#5713,#3122,.T.);
#7265=EDGE_CURVE('',#5712,#5714,#115,.T.);
#7266=EDGE_CURVE('',#5715,#5713,#116,.T.);
#7267=EDGE_CURVE('',#5714,#5715,#3123,.T.);
#7268=EDGE_CURVE('',#5714,#5716,#117,.T.);
#7269=EDGE_CURVE('',#5717,#5715,#118,.T.);
#7270=EDGE_CURVE('',#5716,#5717,#3124,.T.);
#7271=EDGE_CURVE('',#5716,#5718,#119,.T.);
#7272=EDGE_CURVE('',#5719,#5717,#120,.T.);
#7273=EDGE_CURVE('',#5718,#5719,#3125,.T.);
#7274=EDGE_CURVE('',#5718,#5720,#121,.T.);
#7275=EDGE_CURVE('',#5721,#5719,#122,.T.);
#7276=EDGE_CURVE('',#5720,#5721,#3126,.T.);
#7277=EDGE_CURVE('',#5720,#5722,#123,.T.);
#7278=EDGE_CURVE('',#5723,#5721,#124,.T.);
#7279=EDGE_CURVE('',#5722,#5723,#3127,.T.);
#7280=EDGE_CURVE('',#5722,#5724,#125,.T.);
#7281=EDGE_CURVE('',#5725,#5723,#126,.T.);
#7282=EDGE_CURVE('',#5724,#5725,#3128,.T.);
#7283=EDGE_CURVE('',#5724,#5726,#127,.T.);
#7284=EDGE_CURVE('',#5727,#5725,#128,.T.);
#7285=EDGE_CURVE('',#5726,#5727,#3129,.T.);
#7286=EDGE_CURVE('',#5726,#5728,#129,.T.);
#7287=EDGE_CURVE('',#5729,#5727,#130,.T.);
#7288=EDGE_CURVE('',#5728,#5729,#3130,.T.);
#7289=EDGE_CURVE('',#5728,#5730,#131,.T.);
#7290=EDGE_CURVE('',#5731,#5729,#132,.T.);
#7291=EDGE_CURVE('',#5730,#5731,#3131,.T.);
#7292=EDGE_CURVE('',#5730,#5732,#3132,.T.);
#7293=EDGE_CURVE('',#5733,#5731,#3133,.T.);
#7294=EDGE_CURVE('',#5732,#5733,#3134,.T.);
#7295=EDGE_CURVE('',#5732,#5734,#3135,.T.);
#7296=EDGE_CURVE('',#5735,#5733,#3136,.T.);
#7297=EDGE_CURVE('',#5734,#5735,#3137,.T.);
#7298=EDGE_CURVE('',#5734,#5736,#3138,.T.);
#7299=EDGE_CURVE('',#5737,#5735,#3139,.T.);
#7300=EDGE_CURVE('',#5736,#5737,#3140,.T.);
#7301=EDGE_CURVE('',#5736,#5738,#133,.T.);
#7302=EDGE_CURVE('',#5739,#5737,#134,.T.);
#7303=EDGE_CURVE('',#5738,#5739,#3141,.T.);
#7304=EDGE_CURVE('',#5738,#5740,#135,.T.);
#7305=EDGE_CURVE('',#5741,#5739,#136,.T.);
#7306=EDGE_CURVE('',#5740,#5741,#3142,.T.);
#7307=EDGE_CURVE('',#5740,#5742,#3143,.T.);
#7308=EDGE_CURVE('',#5743,#5741,#3144,.T.);
#7309=EDGE_CURVE('',#5742,#5743,#3145,.T.);
#7310=EDGE_CURVE('',#5742,#5744,#3146,.T.);
#7311=EDGE_CURVE('',#5745,#5743,#3147,.T.);
#7312=EDGE_CURVE('',#5744,#5745,#3148,.T.);
#7313=EDGE_CURVE('',#5744,#5708,#3149,.T.);
#7314=EDGE_CURVE('',#5710,#5745,#3150,.T.);
#7315=EDGE_CURVE('',#5746,#5747,#3151,.T.);
#7316=EDGE_CURVE('',#5746,#5748,#3152,.T.);
#7317=EDGE_CURVE('',#5749,#5748,#3153,.T.);
#7318=EDGE_CURVE('',#5747,#5749,#3154,.T.);
#7319=EDGE_CURVE('',#5747,#5750,#3155,.T.);
#7320=EDGE_CURVE('',#5751,#5749,#3156,.T.);
#7321=EDGE_CURVE('',#5750,#5751,#3157,.T.);
#7322=EDGE_CURVE('',#5750,#5752,#3158,.T.);
#7323=EDGE_CURVE('',#5753,#5751,#3159,.T.);
#7324=EDGE_CURVE('',#5752,#5753,#3160,.T.);
#7325=EDGE_CURVE('',#5752,#5754,#3161,.T.);
#7326=EDGE_CURVE('',#5755,#5753,#3162,.T.);
#7327=EDGE_CURVE('',#5754,#5755,#3163,.T.);
#7328=EDGE_CURVE('',#5754,#5756,#3164,.T.);
#7329=EDGE_CURVE('',#5757,#5755,#3165,.T.);
#7330=EDGE_CURVE('',#5756,#5757,#3166,.T.);
#7331=EDGE_CURVE('',#5756,#5758,#3167,.T.);
#7332=EDGE_CURVE('',#5759,#5757,#3168,.T.);
#7333=EDGE_CURVE('',#5758,#5759,#3169,.T.);
#7334=EDGE_CURVE('',#5758,#5760,#3170,.T.);
#7335=EDGE_CURVE('',#5761,#5759,#3171,.T.);
#7336=EDGE_CURVE('',#5760,#5761,#3172,.T.);
#7337=EDGE_CURVE('',#5760,#5746,#3173,.T.);
#7338=EDGE_CURVE('',#5748,#5761,#3174,.T.);
#7339=EDGE_CURVE('',#5762,#5763,#3175,.T.);
#7340=EDGE_CURVE('',#5762,#5764,#3176,.T.);
#7341=EDGE_CURVE('',#5765,#5764,#3177,.T.);
#7342=EDGE_CURVE('',#5763,#5765,#3178,.T.);
#7343=EDGE_CURVE('',#5763,#5766,#3179,.T.);
#7344=EDGE_CURVE('',#5767,#5765,#3180,.T.);
#7345=EDGE_CURVE('',#5766,#5767,#3181,.T.);
#7346=EDGE_CURVE('',#5766,#5762,#3182,.T.);
#7347=EDGE_CURVE('',#5764,#5767,#3183,.T.);
#7348=EDGE_CURVE('',#5768,#5769,#3184,.T.);
#7349=EDGE_CURVE('',#5768,#5770,#3185,.T.);
#7350=EDGE_CURVE('',#5771,#5770,#3186,.T.);
#7351=EDGE_CURVE('',#5769,#5771,#3187,.T.);
#7352=EDGE_CURVE('',#5769,#5772,#3188,.T.);
#7353=EDGE_CURVE('',#5773,#5771,#3189,.T.);
#7354=EDGE_CURVE('',#5772,#5773,#3190,.T.);
#7355=EDGE_CURVE('',#5772,#5774,#3191,.T.);
#7356=EDGE_CURVE('',#5775,#5773,#3192,.T.);
#7357=EDGE_CURVE('',#5774,#5775,#3193,.T.);
#7358=EDGE_CURVE('',#5774,#5776,#3194,.T.);
#7359=EDGE_CURVE('',#5777,#5775,#3195,.T.);
#7360=EDGE_CURVE('',#5776,#5777,#3196,.T.);
#7361=EDGE_CURVE('',#5776,#5778,#3197,.T.);
#7362=EDGE_CURVE('',#5779,#5777,#3198,.T.);
#7363=EDGE_CURVE('',#5778,#5779,#3199,.T.);
#7364=EDGE_CURVE('',#5778,#5780,#3200,.T.);
#7365=EDGE_CURVE('',#5781,#5779,#3201,.T.);
#7366=EDGE_CURVE('',#5780,#5781,#3202,.T.);
#7367=EDGE_CURVE('',#5780,#5782,#3203,.T.);
#7368=EDGE_CURVE('',#5783,#5781,#3204,.T.);
#7369=EDGE_CURVE('',#5782,#5783,#3205,.T.);
#7370=EDGE_CURVE('',#5782,#5768,#3206,.T.);
#7371=EDGE_CURVE('',#5770,#5783,#3207,.T.);
#7372=EDGE_CURVE('',#5784,#5785,#3208,.T.);
#7373=EDGE_CURVE('',#5784,#5786,#3209,.T.);
#7374=EDGE_CURVE('',#5787,#5786,#3210,.T.);
#7375=EDGE_CURVE('',#5785,#5787,#3211,.T.);
#7376=EDGE_CURVE('',#5785,#5788,#3212,.T.);
#7377=EDGE_CURVE('',#5789,#5787,#3213,.T.);
#7378=EDGE_CURVE('',#5788,#5789,#3214,.T.);
#7379=EDGE_CURVE('',#5788,#5790,#3215,.T.);
#7380=EDGE_CURVE('',#5791,#5789,#3216,.T.);
#7381=EDGE_CURVE('',#5790,#5791,#3217,.T.);
#7382=EDGE_CURVE('',#5790,#5792,#3218,.T.);
#7383=EDGE_CURVE('',#5793,#5791,#3219,.T.);
#7384=EDGE_CURVE('',#5792,#5793,#3220,.T.);
#7385=EDGE_CURVE('',#5792,#5794,#3221,.T.);
#7386=EDGE_CURVE('',#5795,#5793,#3222,.T.);
#7387=EDGE_CURVE('',#5794,#5795,#3223,.T.);
#7388=EDGE_CURVE('',#5794,#5796,#3224,.T.);
#7389=EDGE_CURVE('',#5797,#5795,#3225,.T.);
#7390=EDGE_CURVE('',#5796,#5797,#3226,.T.);
#7391=EDGE_CURVE('',#5796,#5784,#3227,.T.);
#7392=EDGE_CURVE('',#5786,#5797,#3228,.T.);
#7393=EDGE_CURVE('',#5798,#5799,#3229,.T.);
#7394=EDGE_CURVE('',#5798,#5800,#3230,.T.);
#7395=EDGE_CURVE('',#5801,#5800,#3231,.T.);
#7396=EDGE_CURVE('',#5799,#5801,#3232,.T.);
#7397=EDGE_CURVE('',#5799,#5802,#3233,.T.);
#7398=EDGE_CURVE('',#5803,#5801,#3234,.T.);
#7399=EDGE_CURVE('',#5802,#5803,#3235,.T.);
#7400=EDGE_CURVE('',#5802,#5804,#3236,.T.);
#7401=EDGE_CURVE('',#5805,#5803,#3237,.T.);
#7402=EDGE_CURVE('',#5804,#5805,#3238,.T.);
#7403=EDGE_CURVE('',#5804,#5798,#3239,.T.);
#7404=EDGE_CURVE('',#5800,#5805,#3240,.T.);
#7405=EDGE_CURVE('',#5806,#5807,#3241,.T.);
#7406=EDGE_CURVE('',#5806,#5808,#3242,.T.);
#7407=EDGE_CURVE('',#5809,#5808,#3243,.T.);
#7408=EDGE_CURVE('',#5807,#5809,#3244,.T.);
#7409=EDGE_CURVE('',#5807,#5810,#3245,.T.);
#7410=EDGE_CURVE('',#5811,#5809,#3246,.T.);
#7411=EDGE_CURVE('',#5810,#5811,#3247,.T.);
#7412=EDGE_CURVE('',#5810,#5812,#3248,.T.);
#7413=EDGE_CURVE('',#5813,#5811,#3249,.T.);
#7414=EDGE_CURVE('',#5812,#5813,#3250,.T.);
#7415=EDGE_CURVE('',#5812,#5814,#3251,.T.);
#7416=EDGE_CURVE('',#5815,#5813,#3252,.T.);
#7417=EDGE_CURVE('',#5814,#5815,#3253,.T.);
#7418=EDGE_CURVE('',#5814,#5816,#3254,.T.);
#7419=EDGE_CURVE('',#5817,#5815,#3255,.T.);
#7420=EDGE_CURVE('',#5816,#5817,#3256,.T.);
#7421=EDGE_CURVE('',#5816,#5818,#3257,.T.);
#7422=EDGE_CURVE('',#5819,#5817,#3258,.T.);
#7423=EDGE_CURVE('',#5818,#5819,#3259,.T.);
#7424=EDGE_CURVE('',#5818,#5820,#3260,.T.);
#7425=EDGE_CURVE('',#5821,#5819,#3261,.T.);
#7426=EDGE_CURVE('',#5820,#5821,#3262,.T.);
#7427=EDGE_CURVE('',#5820,#5806,#3263,.T.);
#7428=EDGE_CURVE('',#5808,#5821,#3264,.T.);
#7429=EDGE_CURVE('',#5822,#5823,#3265,.T.);
#7430=EDGE_CURVE('',#5822,#5824,#3266,.T.);
#7431=EDGE_CURVE('',#5825,#5824,#3267,.T.);
#7432=EDGE_CURVE('',#5823,#5825,#3268,.T.);
#7433=EDGE_CURVE('',#5823,#5826,#137,.T.);
#7434=EDGE_CURVE('',#5827,#5825,#138,.T.);
#7435=EDGE_CURVE('',#5826,#5827,#3269,.T.);
#7436=EDGE_CURVE('',#5826,#5828,#139,.T.);
#7437=EDGE_CURVE('',#5829,#5827,#140,.T.);
#7438=EDGE_CURVE('',#5828,#5829,#3270,.T.);
#7439=EDGE_CURVE('',#5828,#5830,#141,.T.);
#7440=EDGE_CURVE('',#5831,#5829,#142,.T.);
#7441=EDGE_CURVE('',#5830,#5831,#3271,.T.);
#7442=EDGE_CURVE('',#5830,#5832,#143,.T.);
#7443=EDGE_CURVE('',#5833,#5831,#144,.T.);
#7444=EDGE_CURVE('',#5832,#5833,#3272,.T.);
#7445=EDGE_CURVE('',#5832,#5834,#145,.T.);
#7446=EDGE_CURVE('',#5835,#5833,#146,.T.);
#7447=EDGE_CURVE('',#5834,#5835,#3273,.T.);
#7448=EDGE_CURVE('',#5834,#5836,#147,.T.);
#7449=EDGE_CURVE('',#5837,#5835,#148,.T.);
#7450=EDGE_CURVE('',#5836,#5837,#3274,.T.);
#7451=EDGE_CURVE('',#5836,#5838,#149,.T.);
#7452=EDGE_CURVE('',#5839,#5837,#150,.T.);
#7453=EDGE_CURVE('',#5838,#5839,#3275,.T.);
#7454=EDGE_CURVE('',#5838,#5840,#151,.T.);
#7455=EDGE_CURVE('',#5841,#5839,#152,.T.);
#7456=EDGE_CURVE('',#5840,#5841,#3276,.T.);
#7457=EDGE_CURVE('',#5840,#5842,#153,.T.);
#7458=EDGE_CURVE('',#5843,#5841,#154,.T.);
#7459=EDGE_CURVE('',#5842,#5843,#3277,.T.);
#7460=EDGE_CURVE('',#5842,#5844,#155,.T.);
#7461=EDGE_CURVE('',#5845,#5843,#156,.T.);
#7462=EDGE_CURVE('',#5844,#5845,#3278,.T.);
#7463=EDGE_CURVE('',#5844,#5846,#157,.T.);
#7464=EDGE_CURVE('',#5847,#5845,#158,.T.);
#7465=EDGE_CURVE('',#5846,#5847,#3279,.T.);
#7466=EDGE_CURVE('',#5846,#5848,#159,.T.);
#7467=EDGE_CURVE('',#5849,#5847,#160,.T.);
#7468=EDGE_CURVE('',#5848,#5849,#3280,.T.);
#7469=EDGE_CURVE('',#5848,#5850,#161,.T.);
#7470=EDGE_CURVE('',#5851,#5849,#162,.T.);
#7471=EDGE_CURVE('',#5850,#5851,#3281,.T.);
#7472=EDGE_CURVE('',#5850,#5852,#3282,.T.);
#7473=EDGE_CURVE('',#5853,#5851,#3283,.T.);
#7474=EDGE_CURVE('',#5852,#5853,#3284,.T.);
#7475=EDGE_CURVE('',#5852,#5854,#163,.T.);
#7476=EDGE_CURVE('',#5855,#5853,#164,.T.);
#7477=EDGE_CURVE('',#5854,#5855,#3285,.T.);
#7478=EDGE_CURVE('',#5854,#5856,#165,.T.);
#7479=EDGE_CURVE('',#5857,#5855,#166,.T.);
#7480=EDGE_CURVE('',#5856,#5857,#3286,.T.);
#7481=EDGE_CURVE('',#5856,#5858,#167,.T.);
#7482=EDGE_CURVE('',#5859,#5857,#168,.T.);
#7483=EDGE_CURVE('',#5858,#5859,#3287,.T.);
#7484=EDGE_CURVE('',#5858,#5860,#169,.T.);
#7485=EDGE_CURVE('',#5861,#5859,#170,.T.);
#7486=EDGE_CURVE('',#5860,#5861,#3288,.T.);
#7487=EDGE_CURVE('',#5860,#5862,#171,.T.);
#7488=EDGE_CURVE('',#5863,#5861,#172,.T.);
#7489=EDGE_CURVE('',#5862,#5863,#3289,.T.);
#7490=EDGE_CURVE('',#5862,#5864,#173,.T.);
#7491=EDGE_CURVE('',#5865,#5863,#174,.T.);
#7492=EDGE_CURVE('',#5864,#5865,#3290,.T.);
#7493=EDGE_CURVE('',#5864,#5866,#175,.T.);
#7494=EDGE_CURVE('',#5867,#5865,#176,.T.);
#7495=EDGE_CURVE('',#5866,#5867,#3291,.T.);
#7496=EDGE_CURVE('',#5866,#5868,#177,.T.);
#7497=EDGE_CURVE('',#5869,#5867,#178,.T.);
#7498=EDGE_CURVE('',#5868,#5869,#3292,.T.);
#7499=EDGE_CURVE('',#5868,#5870,#179,.T.);
#7500=EDGE_CURVE('',#5871,#5869,#180,.T.);
#7501=EDGE_CURVE('',#5870,#5871,#3293,.T.);
#7502=EDGE_CURVE('',#5870,#5872,#181,.T.);
#7503=EDGE_CURVE('',#5873,#5871,#182,.T.);
#7504=EDGE_CURVE('',#5872,#5873,#3294,.T.);
#7505=EDGE_CURVE('',#5872,#5874,#183,.T.);
#7506=EDGE_CURVE('',#5875,#5873,#184,.T.);
#7507=EDGE_CURVE('',#5874,#5875,#3295,.T.);
#7508=EDGE_CURVE('',#5874,#5876,#185,.T.);
#7509=EDGE_CURVE('',#5877,#5875,#186,.T.);
#7510=EDGE_CURVE('',#5876,#5877,#3296,.T.);
#7511=EDGE_CURVE('',#5876,#5878,#187,.T.);
#7512=EDGE_CURVE('',#5879,#5877,#188,.T.);
#7513=EDGE_CURVE('',#5878,#5879,#3297,.T.);
#7514=EDGE_CURVE('',#5878,#5822,#189,.T.);
#7515=EDGE_CURVE('',#5824,#5879,#190,.T.);
#7516=EDGE_CURVE('',#5880,#5881,#3298,.T.);
#7517=EDGE_CURVE('',#5880,#5882,#3299,.T.);
#7518=EDGE_CURVE('',#5883,#5882,#3300,.T.);
#7519=EDGE_CURVE('',#5881,#5883,#3301,.T.);
#7520=EDGE_CURVE('',#5881,#5884,#191,.T.);
#7521=EDGE_CURVE('',#5885,#5883,#192,.T.);
#7522=EDGE_CURVE('',#5884,#5885,#3302,.T.);
#7523=EDGE_CURVE('',#5884,#5886,#193,.T.);
#7524=EDGE_CURVE('',#5887,#5885,#194,.T.);
#7525=EDGE_CURVE('',#5886,#5887,#3303,.T.);
#7526=EDGE_CURVE('',#5886,#5888,#195,.T.);
#7527=EDGE_CURVE('',#5889,#5887,#196,.T.);
#7528=EDGE_CURVE('',#5888,#5889,#3304,.T.);
#7529=EDGE_CURVE('',#5888,#5890,#197,.T.);
#7530=EDGE_CURVE('',#5891,#5889,#198,.T.);
#7531=EDGE_CURVE('',#5890,#5891,#3305,.T.);
#7532=EDGE_CURVE('',#5890,#5892,#199,.T.);
#7533=EDGE_CURVE('',#5893,#5891,#200,.T.);
#7534=EDGE_CURVE('',#5892,#5893,#3306,.T.);
#7535=EDGE_CURVE('',#5892,#5894,#201,.T.);
#7536=EDGE_CURVE('',#5895,#5893,#202,.T.);
#7537=EDGE_CURVE('',#5894,#5895,#3307,.T.);
#7538=EDGE_CURVE('',#5894,#5896,#203,.T.);
#7539=EDGE_CURVE('',#5897,#5895,#204,.T.);
#7540=EDGE_CURVE('',#5896,#5897,#3308,.T.);
#7541=EDGE_CURVE('',#5896,#5898,#205,.T.);
#7542=EDGE_CURVE('',#5899,#5897,#206,.T.);
#7543=EDGE_CURVE('',#5898,#5899,#3309,.T.);
#7544=EDGE_CURVE('',#5898,#5900,#207,.T.);
#7545=EDGE_CURVE('',#5901,#5899,#208,.T.);
#7546=EDGE_CURVE('',#5900,#5901,#3310,.T.);
#7547=EDGE_CURVE('',#5900,#5902,#209,.T.);
#7548=EDGE_CURVE('',#5903,#5901,#210,.T.);
#7549=EDGE_CURVE('',#5902,#5903,#3311,.T.);
#7550=EDGE_CURVE('',#5902,#5904,#211,.T.);
#7551=EDGE_CURVE('',#5905,#5903,#212,.T.);
#7552=EDGE_CURVE('',#5904,#5905,#3312,.T.);
#7553=EDGE_CURVE('',#5904,#5906,#213,.T.);
#7554=EDGE_CURVE('',#5907,#5905,#214,.T.);
#7555=EDGE_CURVE('',#5906,#5907,#3313,.T.);
#7556=EDGE_CURVE('',#5906,#5908,#215,.T.);
#7557=EDGE_CURVE('',#5909,#5907,#216,.T.);
#7558=EDGE_CURVE('',#5908,#5909,#3314,.T.);
#7559=EDGE_CURVE('',#5908,#5910,#3315,.T.);
#7560=EDGE_CURVE('',#5911,#5909,#3316,.T.);
#7561=EDGE_CURVE('',#5910,#5911,#3317,.T.);
#7562=EDGE_CURVE('',#5910,#5912,#217,.T.);
#7563=EDGE_CURVE('',#5913,#5911,#218,.T.);
#7564=EDGE_CURVE('',#5912,#5913,#3318,.T.);
#7565=EDGE_CURVE('',#5912,#5914,#219,.T.);
#7566=EDGE_CURVE('',#5915,#5913,#220,.T.);
#7567=EDGE_CURVE('',#5914,#5915,#3319,.T.);
#7568=EDGE_CURVE('',#5914,#5916,#221,.T.);
#7569=EDGE_CURVE('',#5917,#5915,#222,.T.);
#7570=EDGE_CURVE('',#5916,#5917,#3320,.T.);
#7571=EDGE_CURVE('',#5916,#5918,#223,.T.);
#7572=EDGE_CURVE('',#5919,#5917,#224,.T.);
#7573=EDGE_CURVE('',#5918,#5919,#3321,.T.);
#7574=EDGE_CURVE('',#5918,#5920,#225,.T.);
#7575=EDGE_CURVE('',#5921,#5919,#226,.T.);
#7576=EDGE_CURVE('',#5920,#5921,#3322,.T.);
#7577=EDGE_CURVE('',#5920,#5922,#227,.T.);
#7578=EDGE_CURVE('',#5923,#5921,#228,.T.);
#7579=EDGE_CURVE('',#5922,#5923,#3323,.T.);
#7580=EDGE_CURVE('',#5922,#5924,#229,.T.);
#7581=EDGE_CURVE('',#5925,#5923,#230,.T.);
#7582=EDGE_CURVE('',#5924,#5925,#3324,.T.);
#7583=EDGE_CURVE('',#5924,#5926,#231,.T.);
#7584=EDGE_CURVE('',#5927,#5925,#232,.T.);
#7585=EDGE_CURVE('',#5926,#5927,#3325,.T.);
#7586=EDGE_CURVE('',#5926,#5928,#233,.T.);
#7587=EDGE_CURVE('',#5929,#5927,#234,.T.);
#7588=EDGE_CURVE('',#5928,#5929,#3326,.T.);
#7589=EDGE_CURVE('',#5928,#5930,#235,.T.);
#7590=EDGE_CURVE('',#5931,#5929,#236,.T.);
#7591=EDGE_CURVE('',#5930,#5931,#3327,.T.);
#7592=EDGE_CURVE('',#5930,#5932,#237,.T.);
#7593=EDGE_CURVE('',#5933,#5931,#238,.T.);
#7594=EDGE_CURVE('',#5932,#5933,#3328,.T.);
#7595=EDGE_CURVE('',#5932,#5934,#239,.T.);
#7596=EDGE_CURVE('',#5935,#5933,#240,.T.);
#7597=EDGE_CURVE('',#5934,#5935,#3329,.T.);
#7598=EDGE_CURVE('',#5934,#5936,#241,.T.);
#7599=EDGE_CURVE('',#5937,#5935,#242,.T.);
#7600=EDGE_CURVE('',#5936,#5937,#3330,.T.);
#7601=EDGE_CURVE('',#5936,#5880,#243,.T.);
#7602=EDGE_CURVE('',#5882,#5937,#244,.T.);
#7603=EDGE_CURVE('',#5938,#5939,#3331,.T.);
#7604=EDGE_CURVE('',#5939,#5940,#3332,.T.);
#7605=EDGE_CURVE('',#5941,#5940,#3333,.T.);
#7606=EDGE_CURVE('',#5938,#5941,#3334,.T.);
#7607=EDGE_CURVE('',#5942,#5938,#3335,.T.);
#7608=EDGE_CURVE('',#5943,#5941,#3336,.T.);
#7609=EDGE_CURVE('',#5942,#5943,#3337,.T.);
#7610=EDGE_CURVE('',#5944,#5942,#3338,.T.);
#7611=EDGE_CURVE('',#5945,#5943,#3339,.T.);
#7612=EDGE_CURVE('',#5944,#5945,#3340,.T.);
#7613=EDGE_CURVE('',#5939,#5944,#3341,.T.);
#7614=EDGE_CURVE('',#5940,#5945,#3342,.T.);
#7615=ORIENTED_EDGE('',*,*,#5946,.F.);
#7616=ORIENTED_EDGE('',*,*,#5947,.F.);
#7617=ORIENTED_EDGE('',*,*,#5948,.F.);
#7618=ORIENTED_EDGE('',*,*,#5949,.T.);
#7619=ORIENTED_EDGE('',*,*,#5950,.F.);
#7620=ORIENTED_EDGE('',*,*,#5949,.F.);
#7621=ORIENTED_EDGE('',*,*,#5951,.F.);
#7622=ORIENTED_EDGE('',*,*,#5952,.T.);
#7623=ORIENTED_EDGE('',*,*,#5953,.F.);
#7624=ORIENTED_EDGE('',*,*,#5952,.F.);
#7625=ORIENTED_EDGE('',*,*,#5954,.F.);
#7626=ORIENTED_EDGE('',*,*,#5947,.T.);
#7627=ORIENTED_EDGE('',*,*,#5955,.F.);
#7628=ORIENTED_EDGE('',*,*,#5956,.F.);
#7629=ORIENTED_EDGE('',*,*,#5957,.F.);
#7630=ORIENTED_EDGE('',*,*,#5958,.T.);
#7631=ORIENTED_EDGE('',*,*,#5959,.F.);
#7632=ORIENTED_EDGE('',*,*,#5958,.F.);
#7633=ORIENTED_EDGE('',*,*,#5960,.F.);
#7634=ORIENTED_EDGE('',*,*,#5961,.T.);
#7635=ORIENTED_EDGE('',*,*,#5962,.F.);
#7636=ORIENTED_EDGE('',*,*,#5961,.F.);
#7637=ORIENTED_EDGE('',*,*,#5963,.F.);
#7638=ORIENTED_EDGE('',*,*,#5956,.T.);
#7639=ORIENTED_EDGE('',*,*,#5964,.F.);
#7640=ORIENTED_EDGE('',*,*,#5965,.F.);
#7641=ORIENTED_EDGE('',*,*,#5966,.F.);
#7642=ORIENTED_EDGE('',*,*,#5967,.T.);
#7643=ORIENTED_EDGE('',*,*,#5968,.F.);
#7644=ORIENTED_EDGE('',*,*,#5967,.F.);
#7645=ORIENTED_EDGE('',*,*,#5969,.F.);
#7646=ORIENTED_EDGE('',*,*,#5970,.T.);
#7647=ORIENTED_EDGE('',*,*,#5971,.F.);
#7648=ORIENTED_EDGE('',*,*,#5970,.F.);
#7649=ORIENTED_EDGE('',*,*,#5972,.F.);
#7650=ORIENTED_EDGE('',*,*,#5965,.T.);
#7651=ORIENTED_EDGE('',*,*,#5973,.F.);
#7652=ORIENTED_EDGE('',*,*,#5974,.F.);
#7653=ORIENTED_EDGE('',*,*,#5975,.F.);
#7654=ORIENTED_EDGE('',*,*,#5976,.T.);
#7655=ORIENTED_EDGE('',*,*,#5977,.F.);
#7656=ORIENTED_EDGE('',*,*,#5976,.F.);
#7657=ORIENTED_EDGE('',*,*,#5978,.F.);
#7658=ORIENTED_EDGE('',*,*,#5979,.T.);
#7659=ORIENTED_EDGE('',*,*,#5980,.F.);
#7660=ORIENTED_EDGE('',*,*,#5979,.F.);
#7661=ORIENTED_EDGE('',*,*,#5981,.F.);
#7662=ORIENTED_EDGE('',*,*,#5974,.T.);
#7663=ORIENTED_EDGE('',*,*,#5982,.F.);
#7664=ORIENTED_EDGE('',*,*,#5983,.F.);
#7665=ORIENTED_EDGE('',*,*,#5984,.F.);
#7666=ORIENTED_EDGE('',*,*,#5985,.T.);
#7667=ORIENTED_EDGE('',*,*,#5986,.F.);
#7668=ORIENTED_EDGE('',*,*,#5985,.F.);
#7669=ORIENTED_EDGE('',*,*,#5987,.F.);
#7670=ORIENTED_EDGE('',*,*,#5988,.T.);
#7671=ORIENTED_EDGE('',*,*,#5989,.F.);
#7672=ORIENTED_EDGE('',*,*,#5988,.F.);
#7673=ORIENTED_EDGE('',*,*,#5990,.F.);
#7674=ORIENTED_EDGE('',*,*,#5983,.T.);
#7675=ORIENTED_EDGE('',*,*,#5991,.F.);
#7676=ORIENTED_EDGE('',*,*,#5992,.F.);
#7677=ORIENTED_EDGE('',*,*,#5993,.F.);
#7678=ORIENTED_EDGE('',*,*,#5994,.T.);
#7679=ORIENTED_EDGE('',*,*,#5995,.F.);
#7680=ORIENTED_EDGE('',*,*,#5994,.F.);
#7681=ORIENTED_EDGE('',*,*,#5996,.F.);
#7682=ORIENTED_EDGE('',*,*,#5997,.T.);
#7683=ORIENTED_EDGE('',*,*,#5998,.F.);
#7684=ORIENTED_EDGE('',*,*,#5997,.F.);
#7685=ORIENTED_EDGE('',*,*,#5999,.F.);
#7686=ORIENTED_EDGE('',*,*,#5992,.T.);
#7687=ORIENTED_EDGE('',*,*,#6000,.F.);
#7688=ORIENTED_EDGE('',*,*,#6001,.F.);
#7689=ORIENTED_EDGE('',*,*,#6002,.F.);
#7690=ORIENTED_EDGE('',*,*,#6003,.T.);
#7691=ORIENTED_EDGE('',*,*,#6004,.F.);
#7692=ORIENTED_EDGE('',*,*,#6003,.F.);
#7693=ORIENTED_EDGE('',*,*,#6005,.F.);
#7694=ORIENTED_EDGE('',*,*,#6006,.T.);
#7695=ORIENTED_EDGE('',*,*,#6007,.F.);
#7696=ORIENTED_EDGE('',*,*,#6006,.F.);
#7697=ORIENTED_EDGE('',*,*,#6008,.F.);
#7698=ORIENTED_EDGE('',*,*,#6001,.T.);
#7699=ORIENTED_EDGE('',*,*,#6009,.F.);
#7700=ORIENTED_EDGE('',*,*,#6010,.F.);
#7701=ORIENTED_EDGE('',*,*,#6011,.F.);
#7702=ORIENTED_EDGE('',*,*,#6012,.T.);
#7703=ORIENTED_EDGE('',*,*,#6013,.F.);
#7704=ORIENTED_EDGE('',*,*,#6012,.F.);
#7705=ORIENTED_EDGE('',*,*,#6014,.F.);
#7706=ORIENTED_EDGE('',*,*,#6015,.T.);
#7707=ORIENTED_EDGE('',*,*,#6016,.F.);
#7708=ORIENTED_EDGE('',*,*,#6015,.F.);
#7709=ORIENTED_EDGE('',*,*,#6017,.F.);
#7710=ORIENTED_EDGE('',*,*,#6010,.T.);
#7711=ORIENTED_EDGE('',*,*,#6018,.F.);
#7712=ORIENTED_EDGE('',*,*,#6019,.F.);
#7713=ORIENTED_EDGE('',*,*,#6020,.F.);
#7714=ORIENTED_EDGE('',*,*,#6021,.T.);
#7715=ORIENTED_EDGE('',*,*,#6022,.F.);
#7716=ORIENTED_EDGE('',*,*,#6021,.F.);
#7717=ORIENTED_EDGE('',*,*,#6023,.F.);
#7718=ORIENTED_EDGE('',*,*,#6024,.T.);
#7719=ORIENTED_EDGE('',*,*,#6025,.F.);
#7720=ORIENTED_EDGE('',*,*,#6024,.F.);
#7721=ORIENTED_EDGE('',*,*,#6026,.F.);
#7722=ORIENTED_EDGE('',*,*,#6019,.T.);
#7723=ORIENTED_EDGE('',*,*,#6027,.F.);
#7724=ORIENTED_EDGE('',*,*,#6028,.F.);
#7725=ORIENTED_EDGE('',*,*,#6029,.F.);
#7726=ORIENTED_EDGE('',*,*,#6030,.T.);
#7727=ORIENTED_EDGE('',*,*,#6031,.F.);
#7728=ORIENTED_EDGE('',*,*,#6030,.F.);
#7729=ORIENTED_EDGE('',*,*,#6032,.F.);
#7730=ORIENTED_EDGE('',*,*,#6033,.T.);
#7731=ORIENTED_EDGE('',*,*,#6034,.F.);
#7732=ORIENTED_EDGE('',*,*,#6033,.F.);
#7733=ORIENTED_EDGE('',*,*,#6035,.F.);
#7734=ORIENTED_EDGE('',*,*,#6028,.T.);
#7735=ORIENTED_EDGE('',*,*,#6036,.F.);
#7736=ORIENTED_EDGE('',*,*,#6037,.F.);
#7737=ORIENTED_EDGE('',*,*,#6038,.F.);
#7738=ORIENTED_EDGE('',*,*,#6039,.T.);
#7739=ORIENTED_EDGE('',*,*,#6040,.F.);
#7740=ORIENTED_EDGE('',*,*,#6039,.F.);
#7741=ORIENTED_EDGE('',*,*,#6041,.F.);
#7742=ORIENTED_EDGE('',*,*,#6042,.T.);
#7743=ORIENTED_EDGE('',*,*,#6043,.F.);
#7744=ORIENTED_EDGE('',*,*,#6042,.F.);
#7745=ORIENTED_EDGE('',*,*,#6044,.F.);
#7746=ORIENTED_EDGE('',*,*,#6037,.T.);
#7747=ORIENTED_EDGE('',*,*,#6045,.F.);
#7748=ORIENTED_EDGE('',*,*,#6046,.F.);
#7749=ORIENTED_EDGE('',*,*,#6047,.F.);
#7750=ORIENTED_EDGE('',*,*,#6048,.T.);
#7751=ORIENTED_EDGE('',*,*,#6049,.F.);
#7752=ORIENTED_EDGE('',*,*,#6048,.F.);
#7753=ORIENTED_EDGE('',*,*,#6050,.F.);
#7754=ORIENTED_EDGE('',*,*,#6051,.T.);
#7755=ORIENTED_EDGE('',*,*,#6052,.F.);
#7756=ORIENTED_EDGE('',*,*,#6051,.F.);
#7757=ORIENTED_EDGE('',*,*,#6053,.F.);
#7758=ORIENTED_EDGE('',*,*,#6046,.T.);
#7759=ORIENTED_EDGE('',*,*,#6054,.F.);
#7760=ORIENTED_EDGE('',*,*,#6055,.F.);
#7761=ORIENTED_EDGE('',*,*,#6056,.F.);
#7762=ORIENTED_EDGE('',*,*,#6057,.T.);
#7763=ORIENTED_EDGE('',*,*,#6058,.F.);
#7764=ORIENTED_EDGE('',*,*,#6057,.F.);
#7765=ORIENTED_EDGE('',*,*,#6059,.F.);
#7766=ORIENTED_EDGE('',*,*,#6060,.T.);
#7767=ORIENTED_EDGE('',*,*,#6061,.F.);
#7768=ORIENTED_EDGE('',*,*,#6060,.F.);
#7769=ORIENTED_EDGE('',*,*,#6062,.F.);
#7770=ORIENTED_EDGE('',*,*,#6055,.T.);
#7771=ORIENTED_EDGE('',*,*,#6063,.F.);
#7772=ORIENTED_EDGE('',*,*,#6064,.F.);
#7773=ORIENTED_EDGE('',*,*,#6065,.F.);
#7774=ORIENTED_EDGE('',*,*,#6066,.T.);
#7775=ORIENTED_EDGE('',*,*,#6067,.F.);
#7776=ORIENTED_EDGE('',*,*,#6066,.F.);
#7777=ORIENTED_EDGE('',*,*,#6068,.F.);
#7778=ORIENTED_EDGE('',*,*,#6069,.T.);
#7779=ORIENTED_EDGE('',*,*,#6070,.F.);
#7780=ORIENTED_EDGE('',*,*,#6069,.F.);
#7781=ORIENTED_EDGE('',*,*,#6071,.F.);
#7782=ORIENTED_EDGE('',*,*,#6064,.T.);
#7783=ORIENTED_EDGE('',*,*,#6072,.F.);
#7784=ORIENTED_EDGE('',*,*,#6073,.F.);
#7785=ORIENTED_EDGE('',*,*,#6074,.F.);
#7786=ORIENTED_EDGE('',*,*,#6075,.T.);
#7787=ORIENTED_EDGE('',*,*,#6076,.F.);
#7788=ORIENTED_EDGE('',*,*,#6075,.F.);
#7789=ORIENTED_EDGE('',*,*,#6077,.F.);
#7790=ORIENTED_EDGE('',*,*,#6078,.T.);
#7791=ORIENTED_EDGE('',*,*,#6079,.F.);
#7792=ORIENTED_EDGE('',*,*,#6078,.F.);
#7793=ORIENTED_EDGE('',*,*,#6080,.F.);
#7794=ORIENTED_EDGE('',*,*,#6073,.T.);
#7795=ORIENTED_EDGE('',*,*,#6081,.F.);
#7796=ORIENTED_EDGE('',*,*,#6082,.F.);
#7797=ORIENTED_EDGE('',*,*,#6083,.F.);
#7798=ORIENTED_EDGE('',*,*,#6084,.T.);
#7799=ORIENTED_EDGE('',*,*,#6085,.F.);
#7800=ORIENTED_EDGE('',*,*,#6084,.F.);
#7801=ORIENTED_EDGE('',*,*,#6086,.F.);
#7802=ORIENTED_EDGE('',*,*,#6087,.T.);
#7803=ORIENTED_EDGE('',*,*,#6088,.F.);
#7804=ORIENTED_EDGE('',*,*,#6087,.F.);
#7805=ORIENTED_EDGE('',*,*,#6089,.F.);
#7806=ORIENTED_EDGE('',*,*,#6082,.T.);
#7807=ORIENTED_EDGE('',*,*,#6090,.F.);
#7808=ORIENTED_EDGE('',*,*,#6091,.F.);
#7809=ORIENTED_EDGE('',*,*,#6092,.F.);
#7810=ORIENTED_EDGE('',*,*,#6093,.T.);
#7811=ORIENTED_EDGE('',*,*,#6094,.F.);
#7812=ORIENTED_EDGE('',*,*,#6093,.F.);
#7813=ORIENTED_EDGE('',*,*,#6095,.F.);
#7814=ORIENTED_EDGE('',*,*,#6096,.T.);
#7815=ORIENTED_EDGE('',*,*,#6097,.F.);
#7816=ORIENTED_EDGE('',*,*,#6096,.F.);
#7817=ORIENTED_EDGE('',*,*,#6098,.F.);
#7818=ORIENTED_EDGE('',*,*,#6091,.T.);
#7819=ORIENTED_EDGE('',*,*,#6099,.F.);
#7820=ORIENTED_EDGE('',*,*,#6100,.F.);
#7821=ORIENTED_EDGE('',*,*,#6101,.F.);
#7822=ORIENTED_EDGE('',*,*,#6102,.T.);
#7823=ORIENTED_EDGE('',*,*,#6103,.F.);
#7824=ORIENTED_EDGE('',*,*,#6102,.F.);
#7825=ORIENTED_EDGE('',*,*,#6104,.F.);
#7826=ORIENTED_EDGE('',*,*,#6105,.T.);
#7827=ORIENTED_EDGE('',*,*,#6106,.F.);
#7828=ORIENTED_EDGE('',*,*,#6105,.F.);
#7829=ORIENTED_EDGE('',*,*,#6107,.F.);
#7830=ORIENTED_EDGE('',*,*,#6100,.T.);
#7831=ORIENTED_EDGE('',*,*,#6108,.F.);
#7832=ORIENTED_EDGE('',*,*,#6109,.F.);
#7833=ORIENTED_EDGE('',*,*,#6110,.F.);
#7834=ORIENTED_EDGE('',*,*,#6111,.T.);
#7835=ORIENTED_EDGE('',*,*,#6112,.F.);
#7836=ORIENTED_EDGE('',*,*,#6111,.F.);
#7837=ORIENTED_EDGE('',*,*,#6113,.F.);
#7838=ORIENTED_EDGE('',*,*,#6114,.T.);
#7839=ORIENTED_EDGE('',*,*,#6115,.F.);
#7840=ORIENTED_EDGE('',*,*,#6114,.F.);
#7841=ORIENTED_EDGE('',*,*,#6116,.F.);
#7842=ORIENTED_EDGE('',*,*,#6109,.T.);
#7843=ORIENTED_EDGE('',*,*,#6117,.F.);
#7844=ORIENTED_EDGE('',*,*,#6118,.F.);
#7845=ORIENTED_EDGE('',*,*,#6119,.F.);
#7846=ORIENTED_EDGE('',*,*,#6120,.T.);
#7847=ORIENTED_EDGE('',*,*,#6121,.F.);
#7848=ORIENTED_EDGE('',*,*,#6120,.F.);
#7849=ORIENTED_EDGE('',*,*,#6122,.F.);
#7850=ORIENTED_EDGE('',*,*,#6123,.T.);
#7851=ORIENTED_EDGE('',*,*,#6124,.F.);
#7852=ORIENTED_EDGE('',*,*,#6123,.F.);
#7853=ORIENTED_EDGE('',*,*,#6125,.F.);
#7854=ORIENTED_EDGE('',*,*,#6118,.T.);
#7855=ORIENTED_EDGE('',*,*,#6126,.F.);
#7856=ORIENTED_EDGE('',*,*,#6127,.F.);
#7857=ORIENTED_EDGE('',*,*,#6128,.F.);
#7858=ORIENTED_EDGE('',*,*,#6129,.T.);
#7859=ORIENTED_EDGE('',*,*,#6130,.F.);
#7860=ORIENTED_EDGE('',*,*,#6129,.F.);
#7861=ORIENTED_EDGE('',*,*,#6131,.F.);
#7862=ORIENTED_EDGE('',*,*,#6132,.T.);
#7863=ORIENTED_EDGE('',*,*,#6133,.F.);
#7864=ORIENTED_EDGE('',*,*,#6132,.F.);
#7865=ORIENTED_EDGE('',*,*,#6134,.F.);
#7866=ORIENTED_EDGE('',*,*,#6127,.T.);
#7867=ORIENTED_EDGE('',*,*,#6135,.F.);
#7868=ORIENTED_EDGE('',*,*,#6136,.F.);
#7869=ORIENTED_EDGE('',*,*,#6137,.F.);
#7870=ORIENTED_EDGE('',*,*,#6138,.T.);
#7871=ORIENTED_EDGE('',*,*,#6139,.F.);
#7872=ORIENTED_EDGE('',*,*,#6138,.F.);
#7873=ORIENTED_EDGE('',*,*,#6140,.F.);
#7874=ORIENTED_EDGE('',*,*,#6141,.T.);
#7875=ORIENTED_EDGE('',*,*,#6142,.F.);
#7876=ORIENTED_EDGE('',*,*,#6141,.F.);
#7877=ORIENTED_EDGE('',*,*,#6143,.F.);
#7878=ORIENTED_EDGE('',*,*,#6136,.T.);
#7879=ORIENTED_EDGE('',*,*,#6144,.F.);
#7880=ORIENTED_EDGE('',*,*,#6145,.F.);
#7881=ORIENTED_EDGE('',*,*,#6146,.F.);
#7882=ORIENTED_EDGE('',*,*,#6147,.T.);
#7883=ORIENTED_EDGE('',*,*,#6148,.F.);
#7884=ORIENTED_EDGE('',*,*,#6147,.F.);
#7885=ORIENTED_EDGE('',*,*,#6149,.F.);
#7886=ORIENTED_EDGE('',*,*,#6150,.T.);
#7887=ORIENTED_EDGE('',*,*,#6151,.F.);
#7888=ORIENTED_EDGE('',*,*,#6150,.F.);
#7889=ORIENTED_EDGE('',*,*,#6152,.F.);
#7890=ORIENTED_EDGE('',*,*,#6145,.T.);
#7891=ORIENTED_EDGE('',*,*,#6153,.F.);
#7892=ORIENTED_EDGE('',*,*,#6154,.F.);
#7893=ORIENTED_EDGE('',*,*,#6155,.F.);
#7894=ORIENTED_EDGE('',*,*,#6156,.T.);
#7895=ORIENTED_EDGE('',*,*,#6157,.F.);
#7896=ORIENTED_EDGE('',*,*,#6156,.F.);
#7897=ORIENTED_EDGE('',*,*,#6158,.F.);
#7898=ORIENTED_EDGE('',*,*,#6159,.T.);
#7899=ORIENTED_EDGE('',*,*,#6160,.F.);
#7900=ORIENTED_EDGE('',*,*,#6159,.F.);
#7901=ORIENTED_EDGE('',*,*,#6161,.F.);
#7902=ORIENTED_EDGE('',*,*,#6162,.T.);
#7903=ORIENTED_EDGE('',*,*,#6163,.F.);
#7904=ORIENTED_EDGE('',*,*,#6162,.F.);
#7905=ORIENTED_EDGE('',*,*,#6164,.F.);
#7906=ORIENTED_EDGE('',*,*,#6154,.T.);
#7907=ORIENTED_EDGE('',*,*,#6165,.F.);
#7908=ORIENTED_EDGE('',*,*,#6166,.F.);
#7909=ORIENTED_EDGE('',*,*,#6167,.F.);
#7910=ORIENTED_EDGE('',*,*,#6168,.T.);
#7911=ORIENTED_EDGE('',*,*,#6169,.F.);
#7912=ORIENTED_EDGE('',*,*,#6168,.F.);
#7913=ORIENTED_EDGE('',*,*,#6170,.F.);
#7914=ORIENTED_EDGE('',*,*,#6171,.T.);
#7915=ORIENTED_EDGE('',*,*,#6172,.F.);
#7916=ORIENTED_EDGE('',*,*,#6171,.F.);
#7917=ORIENTED_EDGE('',*,*,#6173,.F.);
#7918=ORIENTED_EDGE('',*,*,#6174,.T.);
#7919=ORIENTED_EDGE('',*,*,#6175,.F.);
#7920=ORIENTED_EDGE('',*,*,#6174,.F.);
#7921=ORIENTED_EDGE('',*,*,#6176,.F.);
#7922=ORIENTED_EDGE('',*,*,#6166,.T.);
#7923=ORIENTED_EDGE('',*,*,#6177,.F.);
#7924=ORIENTED_EDGE('',*,*,#6178,.F.);
#7925=ORIENTED_EDGE('',*,*,#6179,.F.);
#7926=ORIENTED_EDGE('',*,*,#6180,.F.);
#7927=ORIENTED_EDGE('',*,*,#6181,.F.);
#7928=ORIENTED_EDGE('',*,*,#6180,.T.);
#7929=ORIENTED_EDGE('',*,*,#6182,.F.);
#7930=ORIENTED_EDGE('',*,*,#6183,.F.);
#7931=ORIENTED_EDGE('',*,*,#6184,.F.);
#7932=ORIENTED_EDGE('',*,*,#6183,.T.);
#7933=ORIENTED_EDGE('',*,*,#6185,.F.);
#7934=ORIENTED_EDGE('',*,*,#6186,.F.);
#7935=ORIENTED_EDGE('',*,*,#6178,.T.);
#7936=ORIENTED_EDGE('',*,*,#6187,.F.);
#7937=ORIENTED_EDGE('',*,*,#6188,.T.);
#7938=ORIENTED_EDGE('',*,*,#6189,.F.);
#7939=ORIENTED_EDGE('',*,*,#6190,.T.);
#7940=ORIENTED_EDGE('',*,*,#6191,.T.);
#7941=ORIENTED_EDGE('',*,*,#6192,.T.);
#7942=ORIENTED_EDGE('',*,*,#6193,.T.);
#7943=ORIENTED_EDGE('',*,*,#6194,.T.);
#7944=ORIENTED_EDGE('',*,*,#6160,.T.);
#7945=ORIENTED_EDGE('',*,*,#6163,.T.);
#7946=ORIENTED_EDGE('',*,*,#6153,.T.);
#7947=ORIENTED_EDGE('',*,*,#6157,.T.);
#7948=ORIENTED_EDGE('',*,*,#6172,.T.);
#7949=ORIENTED_EDGE('',*,*,#6175,.T.);
#7950=ORIENTED_EDGE('',*,*,#6165,.T.);
#7951=ORIENTED_EDGE('',*,*,#6169,.T.);
#7952=ORIENTED_EDGE('',*,*,#6195,.T.);
#7953=ORIENTED_EDGE('',*,*,#6196,.T.);
#7954=ORIENTED_EDGE('',*,*,#6197,.T.);
#7955=ORIENTED_EDGE('',*,*,#6198,.T.);
#7956=ORIENTED_EDGE('',*,*,#6199,.T.);
#7957=ORIENTED_EDGE('',*,*,#6200,.T.);
#7958=ORIENTED_EDGE('',*,*,#6201,.T.);
#7959=ORIENTED_EDGE('',*,*,#6202,.T.);
#7960=ORIENTED_EDGE('',*,*,#6203,.T.);
#7961=ORIENTED_EDGE('',*,*,#6204,.T.);
#7962=ORIENTED_EDGE('',*,*,#6205,.T.);
#7963=ORIENTED_EDGE('',*,*,#6206,.T.);
#7964=ORIENTED_EDGE('',*,*,#6207,.T.);
#7965=ORIENTED_EDGE('',*,*,#6208,.T.);
#7966=ORIENTED_EDGE('',*,*,#6209,.T.);
#7967=ORIENTED_EDGE('',*,*,#6210,.T.);
#7968=ORIENTED_EDGE('',*,*,#6211,.T.);
#7969=ORIENTED_EDGE('',*,*,#6212,.T.);
#7970=ORIENTED_EDGE('',*,*,#6213,.T.);
#7971=ORIENTED_EDGE('',*,*,#6214,.T.);
#7972=ORIENTED_EDGE('',*,*,#6215,.T.);
#7973=ORIENTED_EDGE('',*,*,#6216,.T.);
#7974=ORIENTED_EDGE('',*,*,#6217,.T.);
#7975=ORIENTED_EDGE('',*,*,#6218,.T.);
#7976=ORIENTED_EDGE('',*,*,#6177,.T.);
#7977=ORIENTED_EDGE('',*,*,#6181,.T.);
#7978=ORIENTED_EDGE('',*,*,#6184,.T.);
#7979=ORIENTED_EDGE('',*,*,#6219,.T.);
#7980=ORIENTED_EDGE('',*,*,#6220,.T.);
#7981=ORIENTED_EDGE('',*,*,#6221,.T.);
#7982=ORIENTED_EDGE('',*,*,#6222,.T.);
#7983=ORIENTED_EDGE('',*,*,#6187,.T.);
#7984=ORIENTED_EDGE('',*,*,#6223,.T.);
#7985=ORIENTED_EDGE('',*,*,#6224,.T.);
#7986=ORIENTED_EDGE('',*,*,#6225,.T.);
#7987=ORIENTED_EDGE('',*,*,#6226,.T.);
#7988=ORIENTED_EDGE('',*,*,#6148,.T.);
#7989=ORIENTED_EDGE('',*,*,#6151,.T.);
#7990=ORIENTED_EDGE('',*,*,#6144,.T.);
#7991=ORIENTED_EDGE('',*,*,#6139,.T.);
#7992=ORIENTED_EDGE('',*,*,#6142,.T.);
#7993=ORIENTED_EDGE('',*,*,#6135,.T.);
#7994=ORIENTED_EDGE('',*,*,#6130,.T.);
#7995=ORIENTED_EDGE('',*,*,#6133,.T.);
#7996=ORIENTED_EDGE('',*,*,#6126,.T.);
#7997=ORIENTED_EDGE('',*,*,#6121,.T.);
#7998=ORIENTED_EDGE('',*,*,#6124,.T.);
#7999=ORIENTED_EDGE('',*,*,#6117,.T.);
#8000=ORIENTED_EDGE('',*,*,#6112,.T.);
#8001=ORIENTED_EDGE('',*,*,#6115,.T.);
#8002=ORIENTED_EDGE('',*,*,#6108,.T.);
#8003=ORIENTED_EDGE('',*,*,#6103,.T.);
#8004=ORIENTED_EDGE('',*,*,#6106,.T.);
#8005=ORIENTED_EDGE('',*,*,#6099,.T.);
#8006=ORIENTED_EDGE('',*,*,#6094,.T.);
#8007=ORIENTED_EDGE('',*,*,#6097,.T.);
#8008=ORIENTED_EDGE('',*,*,#6090,.T.);
#8009=ORIENTED_EDGE('',*,*,#6085,.T.);
#8010=ORIENTED_EDGE('',*,*,#6088,.T.);
#8011=ORIENTED_EDGE('',*,*,#6081,.T.);
#8012=ORIENTED_EDGE('',*,*,#6076,.T.);
#8013=ORIENTED_EDGE('',*,*,#6079,.T.);
#8014=ORIENTED_EDGE('',*,*,#6072,.T.);
#8015=ORIENTED_EDGE('',*,*,#6067,.T.);
#8016=ORIENTED_EDGE('',*,*,#6070,.T.);
#8017=ORIENTED_EDGE('',*,*,#6063,.T.);
#8018=ORIENTED_EDGE('',*,*,#6058,.T.);
#8019=ORIENTED_EDGE('',*,*,#6061,.T.);
#8020=ORIENTED_EDGE('',*,*,#6054,.T.);
#8021=ORIENTED_EDGE('',*,*,#6049,.T.);
#8022=ORIENTED_EDGE('',*,*,#6052,.T.);
#8023=ORIENTED_EDGE('',*,*,#6045,.T.);
#8024=ORIENTED_EDGE('',*,*,#6040,.T.);
#8025=ORIENTED_EDGE('',*,*,#6043,.T.);
#8026=ORIENTED_EDGE('',*,*,#6036,.T.);
#8027=ORIENTED_EDGE('',*,*,#6031,.T.);
#8028=ORIENTED_EDGE('',*,*,#6034,.T.);
#8029=ORIENTED_EDGE('',*,*,#6027,.T.);
#8030=ORIENTED_EDGE('',*,*,#6022,.T.);
#8031=ORIENTED_EDGE('',*,*,#6025,.T.);
#8032=ORIENTED_EDGE('',*,*,#6018,.T.);
#8033=ORIENTED_EDGE('',*,*,#6013,.T.);
#8034=ORIENTED_EDGE('',*,*,#6016,.T.);
#8035=ORIENTED_EDGE('',*,*,#6009,.T.);
#8036=ORIENTED_EDGE('',*,*,#6004,.T.);
#8037=ORIENTED_EDGE('',*,*,#6007,.T.);
#8038=ORIENTED_EDGE('',*,*,#6000,.T.);
#8039=ORIENTED_EDGE('',*,*,#5995,.T.);
#8040=ORIENTED_EDGE('',*,*,#5998,.T.);
#8041=ORIENTED_EDGE('',*,*,#5991,.T.);
#8042=ORIENTED_EDGE('',*,*,#5986,.T.);
#8043=ORIENTED_EDGE('',*,*,#5989,.T.);
#8044=ORIENTED_EDGE('',*,*,#5982,.T.);
#8045=ORIENTED_EDGE('',*,*,#5977,.T.);
#8046=ORIENTED_EDGE('',*,*,#5980,.T.);
#8047=ORIENTED_EDGE('',*,*,#5973,.T.);
#8048=ORIENTED_EDGE('',*,*,#5968,.T.);
#8049=ORIENTED_EDGE('',*,*,#5971,.T.);
#8050=ORIENTED_EDGE('',*,*,#5964,.T.);
#8051=ORIENTED_EDGE('',*,*,#5959,.T.);
#8052=ORIENTED_EDGE('',*,*,#5962,.T.);
#8053=ORIENTED_EDGE('',*,*,#5955,.T.);
#8054=ORIENTED_EDGE('',*,*,#5950,.T.);
#8055=ORIENTED_EDGE('',*,*,#5953,.T.);
#8056=ORIENTED_EDGE('',*,*,#5946,.T.);
#8057=ORIENTED_EDGE('',*,*,#6223,.F.);
#8058=ORIENTED_EDGE('',*,*,#6227,.T.);
#8059=ORIENTED_EDGE('',*,*,#6228,.F.);
#8060=ORIENTED_EDGE('',*,*,#6229,.F.);
#8061=ORIENTED_EDGE('',*,*,#6224,.F.);
#8062=ORIENTED_EDGE('',*,*,#6229,.T.);
#8063=ORIENTED_EDGE('',*,*,#6230,.F.);
#8064=ORIENTED_EDGE('',*,*,#6231,.F.);
#8065=ORIENTED_EDGE('',*,*,#6225,.F.);
#8066=ORIENTED_EDGE('',*,*,#6231,.T.);
#8067=ORIENTED_EDGE('',*,*,#6232,.F.);
#8068=ORIENTED_EDGE('',*,*,#6233,.F.);
#8069=ORIENTED_EDGE('',*,*,#6226,.F.);
#8070=ORIENTED_EDGE('',*,*,#6233,.T.);
#8071=ORIENTED_EDGE('',*,*,#6234,.F.);
#8072=ORIENTED_EDGE('',*,*,#6227,.F.);
#8073=ORIENTED_EDGE('',*,*,#6234,.T.);
#8074=ORIENTED_EDGE('',*,*,#6232,.T.);
#8075=ORIENTED_EDGE('',*,*,#6230,.T.);
#8076=ORIENTED_EDGE('',*,*,#6228,.T.);
#8077=ORIENTED_EDGE('',*,*,#6186,.T.);
#8078=ORIENTED_EDGE('',*,*,#6235,.F.);
#8079=ORIENTED_EDGE('',*,*,#6236,.F.);
#8080=ORIENTED_EDGE('',*,*,#6219,.F.);
#8081=ORIENTED_EDGE('',*,*,#6220,.F.);
#8082=ORIENTED_EDGE('',*,*,#6236,.T.);
#8083=ORIENTED_EDGE('',*,*,#6237,.F.);
#8084=ORIENTED_EDGE('',*,*,#6238,.F.);
#8085=ORIENTED_EDGE('',*,*,#6221,.F.);
#8086=ORIENTED_EDGE('',*,*,#6238,.T.);
#8087=ORIENTED_EDGE('',*,*,#6239,.F.);
#8088=ORIENTED_EDGE('',*,*,#6240,.F.);
#8089=ORIENTED_EDGE('',*,*,#6222,.F.);
#8090=ORIENTED_EDGE('',*,*,#6240,.T.);
#8091=ORIENTED_EDGE('',*,*,#6241,.F.);
#8092=ORIENTED_EDGE('',*,*,#6188,.F.);
#8093=ORIENTED_EDGE('',*,*,#6241,.T.);
#8094=ORIENTED_EDGE('',*,*,#6239,.T.);
#8095=ORIENTED_EDGE('',*,*,#6237,.T.);
#8096=ORIENTED_EDGE('',*,*,#6235,.T.);
#8097=ORIENTED_EDGE('',*,*,#6185,.T.);
#8098=ORIENTED_EDGE('',*,*,#6182,.T.);
#8099=ORIENTED_EDGE('',*,*,#6179,.T.);
#8100=ORIENTED_EDGE('',*,*,#6189,.T.);
#8101=ORIENTED_EDGE('',*,*,#6199,.F.);
#8102=ORIENTED_EDGE('',*,*,#6242,.F.);
#8103=ORIENTED_EDGE('',*,*,#6243,.F.);
#8104=ORIENTED_EDGE('',*,*,#6244,.F.);
#8105=ORIENTED_EDGE('',*,*,#6200,.F.);
#8106=ORIENTED_EDGE('',*,*,#6244,.T.);
#8107=ORIENTED_EDGE('',*,*,#6245,.F.);
#8108=ORIENTED_EDGE('',*,*,#6246,.F.);
#8109=ORIENTED_EDGE('',*,*,#6201,.F.);
#8110=ORIENTED_EDGE('',*,*,#6246,.T.);
#8111=ORIENTED_EDGE('',*,*,#6247,.F.);
#8112=ORIENTED_EDGE('',*,*,#6248,.F.);
#8113=ORIENTED_EDGE('',*,*,#6242,.T.);
#8114=ORIENTED_EDGE('',*,*,#6206,.F.);
#8115=ORIENTED_EDGE('',*,*,#6249,.T.);
#8116=ORIENTED_EDGE('',*,*,#6250,.F.);
#8117=ORIENTED_EDGE('',*,*,#6195,.F.);
#8118=ORIENTED_EDGE('',*,*,#6251,.T.);
#8119=ORIENTED_EDGE('',*,*,#6252,.F.);
#8120=ORIENTED_EDGE('',*,*,#6253,.F.);
#8121=ORIENTED_EDGE('',*,*,#6196,.F.);
#8122=ORIENTED_EDGE('',*,*,#6253,.T.);
#8123=ORIENTED_EDGE('',*,*,#6254,.F.);
#8124=ORIENTED_EDGE('',*,*,#6255,.F.);
#8125=ORIENTED_EDGE('',*,*,#6197,.F.);
#8126=ORIENTED_EDGE('',*,*,#6255,.T.);
#8127=ORIENTED_EDGE('',*,*,#6256,.F.);
#8128=ORIENTED_EDGE('',*,*,#6257,.F.);
#8129=ORIENTED_EDGE('',*,*,#6198,.F.);
#8130=ORIENTED_EDGE('',*,*,#6257,.T.);
#8131=ORIENTED_EDGE('',*,*,#6258,.F.);
#8132=ORIENTED_EDGE('',*,*,#6251,.F.);
#8133=ORIENTED_EDGE('',*,*,#6258,.T.);
#8134=ORIENTED_EDGE('',*,*,#6256,.T.);
#8135=ORIENTED_EDGE('',*,*,#6254,.T.);
#8136=ORIENTED_EDGE('',*,*,#6252,.T.);
#8137=ORIENTED_EDGE('',*,*,#6248,.T.);
#8138=ORIENTED_EDGE('',*,*,#6259,.F.);
#8139=ORIENTED_EDGE('',*,*,#6260,.F.);
#8140=ORIENTED_EDGE('',*,*,#6202,.F.);
#8141=ORIENTED_EDGE('',*,*,#6203,.F.);
#8142=ORIENTED_EDGE('',*,*,#6260,.T.);
#8143=ORIENTED_EDGE('',*,*,#6261,.F.);
#8144=ORIENTED_EDGE('',*,*,#6262,.F.);
#8145=ORIENTED_EDGE('',*,*,#6204,.F.);
#8146=ORIENTED_EDGE('',*,*,#6262,.T.);
#8147=ORIENTED_EDGE('',*,*,#6263,.F.);
#8148=ORIENTED_EDGE('',*,*,#6264,.F.);
#8149=ORIENTED_EDGE('',*,*,#6205,.F.);
#8150=ORIENTED_EDGE('',*,*,#6264,.T.);
#8151=ORIENTED_EDGE('',*,*,#6265,.F.);
#8152=ORIENTED_EDGE('',*,*,#6249,.F.);
#8153=ORIENTED_EDGE('',*,*,#6265,.T.);
#8154=ORIENTED_EDGE('',*,*,#6263,.T.);
#8155=ORIENTED_EDGE('',*,*,#6261,.T.);
#8156=ORIENTED_EDGE('',*,*,#6259,.T.);
#8157=ORIENTED_EDGE('',*,*,#6247,.T.);
#8158=ORIENTED_EDGE('',*,*,#6245,.T.);
#8159=ORIENTED_EDGE('',*,*,#6243,.T.);
#8160=ORIENTED_EDGE('',*,*,#6250,.T.);
#8161=ORIENTED_EDGE('',*,*,#6207,.F.);
#8162=ORIENTED_EDGE('',*,*,#6266,.F.);
#8163=ORIENTED_EDGE('',*,*,#6267,.F.);
#8164=ORIENTED_EDGE('',*,*,#6268,.F.);
#8165=ORIENTED_EDGE('',*,*,#6208,.F.);
#8166=ORIENTED_EDGE('',*,*,#6268,.T.);
#8167=ORIENTED_EDGE('',*,*,#6269,.F.);
#8168=ORIENTED_EDGE('',*,*,#6270,.F.);
#8169=ORIENTED_EDGE('',*,*,#6209,.F.);
#8170=ORIENTED_EDGE('',*,*,#6270,.T.);
#8171=ORIENTED_EDGE('',*,*,#6271,.F.);
#8172=ORIENTED_EDGE('',*,*,#6272,.F.);
#8173=ORIENTED_EDGE('',*,*,#6266,.T.);
#8174=ORIENTED_EDGE('',*,*,#6214,.F.);
#8175=ORIENTED_EDGE('',*,*,#6273,.T.);
#8176=ORIENTED_EDGE('',*,*,#6274,.F.);
#8177=ORIENTED_EDGE('',*,*,#6215,.F.);
#8178=ORIENTED_EDGE('',*,*,#6275,.T.);
#8179=ORIENTED_EDGE('',*,*,#6276,.F.);
#8180=ORIENTED_EDGE('',*,*,#6277,.F.);
#8181=ORIENTED_EDGE('',*,*,#6216,.F.);
#8182=ORIENTED_EDGE('',*,*,#6277,.T.);
#8183=ORIENTED_EDGE('',*,*,#6278,.F.);
#8184=ORIENTED_EDGE('',*,*,#6279,.F.);
#8185=ORIENTED_EDGE('',*,*,#6217,.F.);
#8186=ORIENTED_EDGE('',*,*,#6279,.T.);
#8187=ORIENTED_EDGE('',*,*,#6280,.F.);
#8188=ORIENTED_EDGE('',*,*,#6281,.F.);
#8189=ORIENTED_EDGE('',*,*,#6218,.F.);
#8190=ORIENTED_EDGE('',*,*,#6281,.T.);
#8191=ORIENTED_EDGE('',*,*,#6282,.F.);
#8192=ORIENTED_EDGE('',*,*,#6275,.F.);
#8193=ORIENTED_EDGE('',*,*,#6282,.T.);
#8194=ORIENTED_EDGE('',*,*,#6280,.T.);
#8195=ORIENTED_EDGE('',*,*,#6278,.T.);
#8196=ORIENTED_EDGE('',*,*,#6276,.T.);
#8197=ORIENTED_EDGE('',*,*,#6272,.T.);
#8198=ORIENTED_EDGE('',*,*,#6283,.F.);
#8199=ORIENTED_EDGE('',*,*,#6284,.F.);
#8200=ORIENTED_EDGE('',*,*,#6210,.F.);
#8201=ORIENTED_EDGE('',*,*,#6211,.F.);
#8202=ORIENTED_EDGE('',*,*,#6284,.T.);
#8203=ORIENTED_EDGE('',*,*,#6285,.F.);
#8204=ORIENTED_EDGE('',*,*,#6286,.F.);
#8205=ORIENTED_EDGE('',*,*,#6212,.F.);
#8206=ORIENTED_EDGE('',*,*,#6286,.T.);
#8207=ORIENTED_EDGE('',*,*,#6287,.F.);
#8208=ORIENTED_EDGE('',*,*,#6288,.F.);
#8209=ORIENTED_EDGE('',*,*,#6213,.F.);
#8210=ORIENTED_EDGE('',*,*,#6288,.T.);
#8211=ORIENTED_EDGE('',*,*,#6289,.F.);
#8212=ORIENTED_EDGE('',*,*,#6273,.F.);
#8213=ORIENTED_EDGE('',*,*,#6289,.T.);
#8214=ORIENTED_EDGE('',*,*,#6287,.T.);
#8215=ORIENTED_EDGE('',*,*,#6285,.T.);
#8216=ORIENTED_EDGE('',*,*,#6283,.T.);
#8217=ORIENTED_EDGE('',*,*,#6271,.T.);
#8218=ORIENTED_EDGE('',*,*,#6269,.T.);
#8219=ORIENTED_EDGE('',*,*,#6267,.T.);
#8220=ORIENTED_EDGE('',*,*,#6274,.T.);
#8221=ORIENTED_EDGE('',*,*,#6290,.T.);
#8222=ORIENTED_EDGE('',*,*,#6291,.T.);
#8223=ORIENTED_EDGE('',*,*,#6194,.F.);
#8224=ORIENTED_EDGE('',*,*,#6292,.F.);
#8225=ORIENTED_EDGE('',*,*,#6293,.T.);
#8226=ORIENTED_EDGE('',*,*,#6292,.T.);
#8227=ORIENTED_EDGE('',*,*,#6193,.F.);
#8228=ORIENTED_EDGE('',*,*,#6294,.F.);
#8229=ORIENTED_EDGE('',*,*,#6295,.T.);
#8230=ORIENTED_EDGE('',*,*,#6294,.T.);
#8231=ORIENTED_EDGE('',*,*,#6192,.F.);
#8232=ORIENTED_EDGE('',*,*,#6296,.F.);
#8233=ORIENTED_EDGE('',*,*,#6297,.T.);
#8234=ORIENTED_EDGE('',*,*,#6296,.T.);
#8235=ORIENTED_EDGE('',*,*,#6191,.F.);
#8236=ORIENTED_EDGE('',*,*,#6298,.F.);
#8237=ORIENTED_EDGE('',*,*,#6299,.T.);
#8238=ORIENTED_EDGE('',*,*,#6298,.T.);
#8239=ORIENTED_EDGE('',*,*,#6190,.F.);
#8240=ORIENTED_EDGE('',*,*,#6291,.F.);
#8241=ORIENTED_EDGE('',*,*,#6299,.F.);
#8242=ORIENTED_EDGE('',*,*,#6290,.F.);
#8243=ORIENTED_EDGE('',*,*,#6293,.F.);
#8244=ORIENTED_EDGE('',*,*,#6295,.F.);
#8245=ORIENTED_EDGE('',*,*,#6297,.F.);
#8246=ORIENTED_EDGE('',*,*,#6173,.T.);
#8247=ORIENTED_EDGE('',*,*,#6170,.T.);
#8248=ORIENTED_EDGE('',*,*,#6167,.T.);
#8249=ORIENTED_EDGE('',*,*,#6176,.T.);
#8250=ORIENTED_EDGE('',*,*,#6161,.T.);
#8251=ORIENTED_EDGE('',*,*,#6158,.T.);
#8252=ORIENTED_EDGE('',*,*,#6155,.T.);
#8253=ORIENTED_EDGE('',*,*,#6164,.T.);
#8254=ORIENTED_EDGE('',*,*,#6149,.T.);
#8255=ORIENTED_EDGE('',*,*,#6146,.T.);
#8256=ORIENTED_EDGE('',*,*,#6152,.T.);
#8257=ORIENTED_EDGE('',*,*,#6140,.T.);
#8258=ORIENTED_EDGE('',*,*,#6137,.T.);
#8259=ORIENTED_EDGE('',*,*,#6143,.T.);
#8260=ORIENTED_EDGE('',*,*,#6131,.T.);
#8261=ORIENTED_EDGE('',*,*,#6128,.T.);
#8262=ORIENTED_EDGE('',*,*,#6134,.T.);
#8263=ORIENTED_EDGE('',*,*,#6122,.T.);
#8264=ORIENTED_EDGE('',*,*,#6119,.T.);
#8265=ORIENTED_EDGE('',*,*,#6125,.T.);
#8266=ORIENTED_EDGE('',*,*,#6113,.T.);
#8267=ORIENTED_EDGE('',*,*,#6110,.T.);
#8268=ORIENTED_EDGE('',*,*,#6116,.T.);
#8269=ORIENTED_EDGE('',*,*,#6104,.T.);
#8270=ORIENTED_EDGE('',*,*,#6101,.T.);
#8271=ORIENTED_EDGE('',*,*,#6107,.T.);
#8272=ORIENTED_EDGE('',*,*,#6095,.T.);
#8273=ORIENTED_EDGE('',*,*,#6092,.T.);
#8274=ORIENTED_EDGE('',*,*,#6098,.T.);
#8275=ORIENTED_EDGE('',*,*,#6086,.T.);
#8276=ORIENTED_EDGE('',*,*,#6083,.T.);
#8277=ORIENTED_EDGE('',*,*,#6089,.T.);
#8278=ORIENTED_EDGE('',*,*,#6077,.T.);
#8279=ORIENTED_EDGE('',*,*,#6074,.T.);
#8280=ORIENTED_EDGE('',*,*,#6080,.T.);
#8281=ORIENTED_EDGE('',*,*,#6068,.T.);
#8282=ORIENTED_EDGE('',*,*,#6065,.T.);
#8283=ORIENTED_EDGE('',*,*,#6071,.T.);
#8284=ORIENTED_EDGE('',*,*,#6059,.T.);
#8285=ORIENTED_EDGE('',*,*,#6056,.T.);
#8286=ORIENTED_EDGE('',*,*,#6062,.T.);
#8287=ORIENTED_EDGE('',*,*,#6050,.T.);
#8288=ORIENTED_EDGE('',*,*,#6047,.T.);
#8289=ORIENTED_EDGE('',*,*,#6053,.T.);
#8290=ORIENTED_EDGE('',*,*,#6041,.T.);
#8291=ORIENTED_EDGE('',*,*,#6038,.T.);
#8292=ORIENTED_EDGE('',*,*,#6044,.T.);
#8293=ORIENTED_EDGE('',*,*,#6032,.T.);
#8294=ORIENTED_EDGE('',*,*,#6029,.T.);
#8295=ORIENTED_EDGE('',*,*,#6035,.T.);
#8296=ORIENTED_EDGE('',*,*,#6023,.T.);
#8297=ORIENTED_EDGE('',*,*,#6020,.T.);
#8298=ORIENTED_EDGE('',*,*,#6026,.T.);
#8299=ORIENTED_EDGE('',*,*,#6014,.T.);
#8300=ORIENTED_EDGE('',*,*,#6011,.T.);
#8301=ORIENTED_EDGE('',*,*,#6017,.T.);
#8302=ORIENTED_EDGE('',*,*,#6005,.T.);
#8303=ORIENTED_EDGE('',*,*,#6002,.T.);
#8304=ORIENTED_EDGE('',*,*,#6008,.T.);
#8305=ORIENTED_EDGE('',*,*,#5996,.T.);
#8306=ORIENTED_EDGE('',*,*,#5993,.T.);
#8307=ORIENTED_EDGE('',*,*,#5999,.T.);
#8308=ORIENTED_EDGE('',*,*,#5987,.T.);
#8309=ORIENTED_EDGE('',*,*,#5984,.T.);
#8310=ORIENTED_EDGE('',*,*,#5990,.T.);
#8311=ORIENTED_EDGE('',*,*,#5978,.T.);
#8312=ORIENTED_EDGE('',*,*,#5975,.T.);
#8313=ORIENTED_EDGE('',*,*,#5981,.T.);
#8314=ORIENTED_EDGE('',*,*,#5969,.T.);
#8315=ORIENTED_EDGE('',*,*,#5966,.T.);
#8316=ORIENTED_EDGE('',*,*,#5972,.T.);
#8317=ORIENTED_EDGE('',*,*,#5960,.T.);
#8318=ORIENTED_EDGE('',*,*,#5957,.T.);
#8319=ORIENTED_EDGE('',*,*,#5963,.T.);
#8320=ORIENTED_EDGE('',*,*,#5951,.T.);
#8321=ORIENTED_EDGE('',*,*,#5948,.T.);
#8322=ORIENTED_EDGE('',*,*,#5954,.T.);
#8323=ORIENTED_EDGE('',*,*,#6300,.F.);
#8324=ORIENTED_EDGE('',*,*,#6301,.T.);
#8325=ORIENTED_EDGE('',*,*,#6302,.F.);
#8326=ORIENTED_EDGE('',*,*,#6303,.F.);
#8327=ORIENTED_EDGE('',*,*,#6304,.F.);
#8328=ORIENTED_EDGE('',*,*,#6303,.T.);
#8329=ORIENTED_EDGE('',*,*,#6305,.F.);
#8330=ORIENTED_EDGE('',*,*,#6306,.F.);
#8331=ORIENTED_EDGE('',*,*,#6307,.F.);
#8332=ORIENTED_EDGE('',*,*,#6306,.T.);
#8333=ORIENTED_EDGE('',*,*,#6308,.F.);
#8334=ORIENTED_EDGE('',*,*,#6301,.F.);
#8335=ORIENTED_EDGE('',*,*,#6309,.F.);
#8336=ORIENTED_EDGE('',*,*,#6310,.T.);
#8337=ORIENTED_EDGE('',*,*,#6311,.F.);
#8338=ORIENTED_EDGE('',*,*,#6312,.F.);
#8339=ORIENTED_EDGE('',*,*,#6313,.F.);
#8340=ORIENTED_EDGE('',*,*,#6312,.T.);
#8341=ORIENTED_EDGE('',*,*,#6314,.F.);
#8342=ORIENTED_EDGE('',*,*,#6315,.F.);
#8343=ORIENTED_EDGE('',*,*,#6316,.F.);
#8344=ORIENTED_EDGE('',*,*,#6315,.T.);
#8345=ORIENTED_EDGE('',*,*,#6317,.F.);
#8346=ORIENTED_EDGE('',*,*,#6310,.F.);
#8347=ORIENTED_EDGE('',*,*,#6318,.F.);
#8348=ORIENTED_EDGE('',*,*,#6319,.T.);
#8349=ORIENTED_EDGE('',*,*,#6320,.F.);
#8350=ORIENTED_EDGE('',*,*,#6321,.F.);
#8351=ORIENTED_EDGE('',*,*,#6322,.F.);
#8352=ORIENTED_EDGE('',*,*,#6321,.T.);
#8353=ORIENTED_EDGE('',*,*,#6323,.F.);
#8354=ORIENTED_EDGE('',*,*,#6324,.F.);
#8355=ORIENTED_EDGE('',*,*,#6325,.F.);
#8356=ORIENTED_EDGE('',*,*,#6324,.T.);
#8357=ORIENTED_EDGE('',*,*,#6326,.F.);
#8358=ORIENTED_EDGE('',*,*,#6319,.F.);
#8359=ORIENTED_EDGE('',*,*,#6327,.F.);
#8360=ORIENTED_EDGE('',*,*,#6328,.T.);
#8361=ORIENTED_EDGE('',*,*,#6329,.F.);
#8362=ORIENTED_EDGE('',*,*,#6330,.F.);
#8363=ORIENTED_EDGE('',*,*,#6331,.F.);
#8364=ORIENTED_EDGE('',*,*,#6330,.T.);
#8365=ORIENTED_EDGE('',*,*,#6332,.F.);
#8366=ORIENTED_EDGE('',*,*,#6333,.F.);
#8367=ORIENTED_EDGE('',*,*,#6334,.F.);
#8368=ORIENTED_EDGE('',*,*,#6333,.T.);
#8369=ORIENTED_EDGE('',*,*,#6335,.F.);
#8370=ORIENTED_EDGE('',*,*,#6328,.F.);
#8371=ORIENTED_EDGE('',*,*,#6336,.F.);
#8372=ORIENTED_EDGE('',*,*,#6337,.T.);
#8373=ORIENTED_EDGE('',*,*,#6338,.F.);
#8374=ORIENTED_EDGE('',*,*,#6339,.F.);
#8375=ORIENTED_EDGE('',*,*,#6340,.F.);
#8376=ORIENTED_EDGE('',*,*,#6339,.T.);
#8377=ORIENTED_EDGE('',*,*,#6341,.F.);
#8378=ORIENTED_EDGE('',*,*,#6342,.F.);
#8379=ORIENTED_EDGE('',*,*,#6343,.F.);
#8380=ORIENTED_EDGE('',*,*,#6342,.T.);
#8381=ORIENTED_EDGE('',*,*,#6344,.F.);
#8382=ORIENTED_EDGE('',*,*,#6337,.F.);
#8383=ORIENTED_EDGE('',*,*,#6345,.F.);
#8384=ORIENTED_EDGE('',*,*,#6346,.T.);
#8385=ORIENTED_EDGE('',*,*,#6347,.F.);
#8386=ORIENTED_EDGE('',*,*,#6348,.F.);
#8387=ORIENTED_EDGE('',*,*,#6349,.F.);
#8388=ORIENTED_EDGE('',*,*,#6348,.T.);
#8389=ORIENTED_EDGE('',*,*,#6350,.F.);
#8390=ORIENTED_EDGE('',*,*,#6351,.F.);
#8391=ORIENTED_EDGE('',*,*,#6352,.F.);
#8392=ORIENTED_EDGE('',*,*,#6351,.T.);
#8393=ORIENTED_EDGE('',*,*,#6353,.F.);
#8394=ORIENTED_EDGE('',*,*,#6346,.F.);
#8395=ORIENTED_EDGE('',*,*,#6354,.F.);
#8396=ORIENTED_EDGE('',*,*,#6355,.T.);
#8397=ORIENTED_EDGE('',*,*,#6356,.F.);
#8398=ORIENTED_EDGE('',*,*,#6357,.F.);
#8399=ORIENTED_EDGE('',*,*,#6358,.F.);
#8400=ORIENTED_EDGE('',*,*,#6357,.T.);
#8401=ORIENTED_EDGE('',*,*,#6359,.F.);
#8402=ORIENTED_EDGE('',*,*,#6360,.F.);
#8403=ORIENTED_EDGE('',*,*,#6361,.F.);
#8404=ORIENTED_EDGE('',*,*,#6360,.T.);
#8405=ORIENTED_EDGE('',*,*,#6362,.F.);
#8406=ORIENTED_EDGE('',*,*,#6355,.F.);
#8407=ORIENTED_EDGE('',*,*,#6363,.F.);
#8408=ORIENTED_EDGE('',*,*,#6364,.T.);
#8409=ORIENTED_EDGE('',*,*,#6365,.F.);
#8410=ORIENTED_EDGE('',*,*,#6366,.F.);
#8411=ORIENTED_EDGE('',*,*,#6367,.F.);
#8412=ORIENTED_EDGE('',*,*,#6366,.T.);
#8413=ORIENTED_EDGE('',*,*,#6368,.F.);
#8414=ORIENTED_EDGE('',*,*,#6369,.F.);
#8415=ORIENTED_EDGE('',*,*,#6370,.F.);
#8416=ORIENTED_EDGE('',*,*,#6369,.T.);
#8417=ORIENTED_EDGE('',*,*,#6371,.F.);
#8418=ORIENTED_EDGE('',*,*,#6364,.F.);
#8419=ORIENTED_EDGE('',*,*,#6372,.F.);
#8420=ORIENTED_EDGE('',*,*,#6373,.T.);
#8421=ORIENTED_EDGE('',*,*,#6374,.F.);
#8422=ORIENTED_EDGE('',*,*,#6375,.F.);
#8423=ORIENTED_EDGE('',*,*,#6376,.F.);
#8424=ORIENTED_EDGE('',*,*,#6375,.T.);
#8425=ORIENTED_EDGE('',*,*,#6377,.F.);
#8426=ORIENTED_EDGE('',*,*,#6378,.F.);
#8427=ORIENTED_EDGE('',*,*,#6379,.F.);
#8428=ORIENTED_EDGE('',*,*,#6378,.T.);
#8429=ORIENTED_EDGE('',*,*,#6380,.F.);
#8430=ORIENTED_EDGE('',*,*,#6373,.F.);
#8431=ORIENTED_EDGE('',*,*,#6381,.F.);
#8432=ORIENTED_EDGE('',*,*,#6382,.T.);
#8433=ORIENTED_EDGE('',*,*,#6383,.F.);
#8434=ORIENTED_EDGE('',*,*,#6384,.F.);
#8435=ORIENTED_EDGE('',*,*,#6385,.F.);
#8436=ORIENTED_EDGE('',*,*,#6384,.T.);
#8437=ORIENTED_EDGE('',*,*,#6386,.F.);
#8438=ORIENTED_EDGE('',*,*,#6387,.F.);
#8439=ORIENTED_EDGE('',*,*,#6388,.F.);
#8440=ORIENTED_EDGE('',*,*,#6387,.T.);
#8441=ORIENTED_EDGE('',*,*,#6389,.F.);
#8442=ORIENTED_EDGE('',*,*,#6382,.F.);
#8443=ORIENTED_EDGE('',*,*,#6390,.F.);
#8444=ORIENTED_EDGE('',*,*,#6391,.T.);
#8445=ORIENTED_EDGE('',*,*,#6392,.F.);
#8446=ORIENTED_EDGE('',*,*,#6393,.F.);
#8447=ORIENTED_EDGE('',*,*,#6394,.F.);
#8448=ORIENTED_EDGE('',*,*,#6393,.T.);
#8449=ORIENTED_EDGE('',*,*,#6395,.F.);
#8450=ORIENTED_EDGE('',*,*,#6396,.F.);
#8451=ORIENTED_EDGE('',*,*,#6397,.F.);
#8452=ORIENTED_EDGE('',*,*,#6396,.T.);
#8453=ORIENTED_EDGE('',*,*,#6398,.F.);
#8454=ORIENTED_EDGE('',*,*,#6391,.F.);
#8455=ORIENTED_EDGE('',*,*,#6399,.F.);
#8456=ORIENTED_EDGE('',*,*,#6400,.T.);
#8457=ORIENTED_EDGE('',*,*,#6401,.F.);
#8458=ORIENTED_EDGE('',*,*,#6402,.F.);
#8459=ORIENTED_EDGE('',*,*,#6403,.F.);
#8460=ORIENTED_EDGE('',*,*,#6402,.T.);
#8461=ORIENTED_EDGE('',*,*,#6404,.F.);
#8462=ORIENTED_EDGE('',*,*,#6405,.F.);
#8463=ORIENTED_EDGE('',*,*,#6406,.F.);
#8464=ORIENTED_EDGE('',*,*,#6405,.T.);
#8465=ORIENTED_EDGE('',*,*,#6407,.F.);
#8466=ORIENTED_EDGE('',*,*,#6400,.F.);
#8467=ORIENTED_EDGE('',*,*,#6408,.F.);
#8468=ORIENTED_EDGE('',*,*,#6409,.T.);
#8469=ORIENTED_EDGE('',*,*,#6410,.F.);
#8470=ORIENTED_EDGE('',*,*,#6411,.F.);
#8471=ORIENTED_EDGE('',*,*,#6412,.F.);
#8472=ORIENTED_EDGE('',*,*,#6411,.T.);
#8473=ORIENTED_EDGE('',*,*,#6413,.F.);
#8474=ORIENTED_EDGE('',*,*,#6414,.F.);
#8475=ORIENTED_EDGE('',*,*,#6415,.F.);
#8476=ORIENTED_EDGE('',*,*,#6414,.T.);
#8477=ORIENTED_EDGE('',*,*,#6416,.F.);
#8478=ORIENTED_EDGE('',*,*,#6409,.F.);
#8479=ORIENTED_EDGE('',*,*,#6417,.F.);
#8480=ORIENTED_EDGE('',*,*,#6418,.T.);
#8481=ORIENTED_EDGE('',*,*,#6419,.F.);
#8482=ORIENTED_EDGE('',*,*,#6420,.F.);
#8483=ORIENTED_EDGE('',*,*,#6421,.F.);
#8484=ORIENTED_EDGE('',*,*,#6420,.T.);
#8485=ORIENTED_EDGE('',*,*,#6422,.F.);
#8486=ORIENTED_EDGE('',*,*,#6423,.F.);
#8487=ORIENTED_EDGE('',*,*,#6424,.F.);
#8488=ORIENTED_EDGE('',*,*,#6423,.T.);
#8489=ORIENTED_EDGE('',*,*,#6425,.F.);
#8490=ORIENTED_EDGE('',*,*,#6418,.F.);
#8491=ORIENTED_EDGE('',*,*,#6426,.F.);
#8492=ORIENTED_EDGE('',*,*,#6427,.T.);
#8493=ORIENTED_EDGE('',*,*,#6428,.F.);
#8494=ORIENTED_EDGE('',*,*,#6429,.F.);
#8495=ORIENTED_EDGE('',*,*,#6430,.F.);
#8496=ORIENTED_EDGE('',*,*,#6429,.T.);
#8497=ORIENTED_EDGE('',*,*,#6431,.F.);
#8498=ORIENTED_EDGE('',*,*,#6432,.F.);
#8499=ORIENTED_EDGE('',*,*,#6433,.F.);
#8500=ORIENTED_EDGE('',*,*,#6432,.T.);
#8501=ORIENTED_EDGE('',*,*,#6434,.F.);
#8502=ORIENTED_EDGE('',*,*,#6427,.F.);
#8503=ORIENTED_EDGE('',*,*,#6435,.F.);
#8504=ORIENTED_EDGE('',*,*,#6436,.T.);
#8505=ORIENTED_EDGE('',*,*,#6437,.F.);
#8506=ORIENTED_EDGE('',*,*,#6438,.F.);
#8507=ORIENTED_EDGE('',*,*,#6439,.F.);
#8508=ORIENTED_EDGE('',*,*,#6438,.T.);
#8509=ORIENTED_EDGE('',*,*,#6440,.F.);
#8510=ORIENTED_EDGE('',*,*,#6441,.F.);
#8511=ORIENTED_EDGE('',*,*,#6442,.F.);
#8512=ORIENTED_EDGE('',*,*,#6441,.T.);
#8513=ORIENTED_EDGE('',*,*,#6443,.F.);
#8514=ORIENTED_EDGE('',*,*,#6436,.F.);
#8515=ORIENTED_EDGE('',*,*,#6444,.F.);
#8516=ORIENTED_EDGE('',*,*,#6445,.T.);
#8517=ORIENTED_EDGE('',*,*,#6446,.F.);
#8518=ORIENTED_EDGE('',*,*,#6447,.F.);
#8519=ORIENTED_EDGE('',*,*,#6448,.F.);
#8520=ORIENTED_EDGE('',*,*,#6447,.T.);
#8521=ORIENTED_EDGE('',*,*,#6449,.F.);
#8522=ORIENTED_EDGE('',*,*,#6450,.F.);
#8523=ORIENTED_EDGE('',*,*,#6451,.F.);
#8524=ORIENTED_EDGE('',*,*,#6450,.T.);
#8525=ORIENTED_EDGE('',*,*,#6452,.F.);
#8526=ORIENTED_EDGE('',*,*,#6445,.F.);
#8527=ORIENTED_EDGE('',*,*,#6453,.F.);
#8528=ORIENTED_EDGE('',*,*,#6454,.T.);
#8529=ORIENTED_EDGE('',*,*,#6455,.F.);
#8530=ORIENTED_EDGE('',*,*,#6456,.F.);
#8531=ORIENTED_EDGE('',*,*,#6457,.F.);
#8532=ORIENTED_EDGE('',*,*,#6456,.T.);
#8533=ORIENTED_EDGE('',*,*,#6458,.F.);
#8534=ORIENTED_EDGE('',*,*,#6459,.F.);
#8535=ORIENTED_EDGE('',*,*,#6460,.F.);
#8536=ORIENTED_EDGE('',*,*,#6459,.T.);
#8537=ORIENTED_EDGE('',*,*,#6461,.F.);
#8538=ORIENTED_EDGE('',*,*,#6454,.F.);
#8539=ORIENTED_EDGE('',*,*,#6462,.F.);
#8540=ORIENTED_EDGE('',*,*,#6463,.T.);
#8541=ORIENTED_EDGE('',*,*,#6464,.F.);
#8542=ORIENTED_EDGE('',*,*,#6465,.F.);
#8543=ORIENTED_EDGE('',*,*,#6466,.F.);
#8544=ORIENTED_EDGE('',*,*,#6465,.T.);
#8545=ORIENTED_EDGE('',*,*,#6467,.F.);
#8546=ORIENTED_EDGE('',*,*,#6468,.F.);
#8547=ORIENTED_EDGE('',*,*,#6469,.F.);
#8548=ORIENTED_EDGE('',*,*,#6468,.T.);
#8549=ORIENTED_EDGE('',*,*,#6470,.F.);
#8550=ORIENTED_EDGE('',*,*,#6463,.F.);
#8551=ORIENTED_EDGE('',*,*,#6471,.F.);
#8552=ORIENTED_EDGE('',*,*,#6472,.T.);
#8553=ORIENTED_EDGE('',*,*,#6473,.F.);
#8554=ORIENTED_EDGE('',*,*,#6474,.F.);
#8555=ORIENTED_EDGE('',*,*,#6475,.F.);
#8556=ORIENTED_EDGE('',*,*,#6474,.T.);
#8557=ORIENTED_EDGE('',*,*,#6476,.F.);
#8558=ORIENTED_EDGE('',*,*,#6477,.F.);
#8559=ORIENTED_EDGE('',*,*,#6478,.F.);
#8560=ORIENTED_EDGE('',*,*,#6477,.T.);
#8561=ORIENTED_EDGE('',*,*,#6479,.F.);
#8562=ORIENTED_EDGE('',*,*,#6472,.F.);
#8563=ORIENTED_EDGE('',*,*,#6480,.F.);
#8564=ORIENTED_EDGE('',*,*,#6481,.T.);
#8565=ORIENTED_EDGE('',*,*,#6482,.F.);
#8566=ORIENTED_EDGE('',*,*,#6483,.F.);
#8567=ORIENTED_EDGE('',*,*,#6484,.F.);
#8568=ORIENTED_EDGE('',*,*,#6483,.T.);
#8569=ORIENTED_EDGE('',*,*,#6485,.F.);
#8570=ORIENTED_EDGE('',*,*,#6486,.F.);
#8571=ORIENTED_EDGE('',*,*,#6487,.F.);
#8572=ORIENTED_EDGE('',*,*,#6486,.T.);
#8573=ORIENTED_EDGE('',*,*,#6488,.F.);
#8574=ORIENTED_EDGE('',*,*,#6481,.F.);
#8575=ORIENTED_EDGE('',*,*,#6489,.F.);
#8576=ORIENTED_EDGE('',*,*,#6490,.T.);
#8577=ORIENTED_EDGE('',*,*,#6491,.F.);
#8578=ORIENTED_EDGE('',*,*,#6492,.F.);
#8579=ORIENTED_EDGE('',*,*,#6493,.F.);
#8580=ORIENTED_EDGE('',*,*,#6492,.T.);
#8581=ORIENTED_EDGE('',*,*,#6494,.F.);
#8582=ORIENTED_EDGE('',*,*,#6495,.F.);
#8583=ORIENTED_EDGE('',*,*,#6496,.F.);
#8584=ORIENTED_EDGE('',*,*,#6495,.T.);
#8585=ORIENTED_EDGE('',*,*,#6497,.F.);
#8586=ORIENTED_EDGE('',*,*,#6490,.F.);
#8587=ORIENTED_EDGE('',*,*,#6498,.F.);
#8588=ORIENTED_EDGE('',*,*,#6499,.T.);
#8589=ORIENTED_EDGE('',*,*,#6500,.F.);
#8590=ORIENTED_EDGE('',*,*,#6501,.F.);
#8591=ORIENTED_EDGE('',*,*,#6502,.F.);
#8592=ORIENTED_EDGE('',*,*,#6501,.T.);
#8593=ORIENTED_EDGE('',*,*,#6503,.F.);
#8594=ORIENTED_EDGE('',*,*,#6504,.F.);
#8595=ORIENTED_EDGE('',*,*,#6505,.F.);
#8596=ORIENTED_EDGE('',*,*,#6504,.T.);
#8597=ORIENTED_EDGE('',*,*,#6506,.F.);
#8598=ORIENTED_EDGE('',*,*,#6499,.F.);
#8599=ORIENTED_EDGE('',*,*,#6507,.F.);
#8600=ORIENTED_EDGE('',*,*,#6508,.T.);
#8601=ORIENTED_EDGE('',*,*,#6509,.F.);
#8602=ORIENTED_EDGE('',*,*,#6510,.F.);
#8603=ORIENTED_EDGE('',*,*,#6511,.F.);
#8604=ORIENTED_EDGE('',*,*,#6510,.T.);
#8605=ORIENTED_EDGE('',*,*,#6512,.F.);
#8606=ORIENTED_EDGE('',*,*,#6513,.F.);
#8607=ORIENTED_EDGE('',*,*,#6514,.F.);
#8608=ORIENTED_EDGE('',*,*,#6513,.T.);
#8609=ORIENTED_EDGE('',*,*,#6515,.F.);
#8610=ORIENTED_EDGE('',*,*,#6516,.F.);
#8611=ORIENTED_EDGE('',*,*,#6517,.F.);
#8612=ORIENTED_EDGE('',*,*,#6516,.T.);
#8613=ORIENTED_EDGE('',*,*,#6518,.F.);
#8614=ORIENTED_EDGE('',*,*,#6508,.F.);
#8615=ORIENTED_EDGE('',*,*,#6519,.F.);
#8616=ORIENTED_EDGE('',*,*,#6520,.T.);
#8617=ORIENTED_EDGE('',*,*,#6521,.F.);
#8618=ORIENTED_EDGE('',*,*,#6522,.F.);
#8619=ORIENTED_EDGE('',*,*,#6523,.F.);
#8620=ORIENTED_EDGE('',*,*,#6522,.T.);
#8621=ORIENTED_EDGE('',*,*,#6524,.F.);
#8622=ORIENTED_EDGE('',*,*,#6525,.F.);
#8623=ORIENTED_EDGE('',*,*,#6526,.F.);
#8624=ORIENTED_EDGE('',*,*,#6525,.T.);
#8625=ORIENTED_EDGE('',*,*,#6527,.F.);
#8626=ORIENTED_EDGE('',*,*,#6528,.F.);
#8627=ORIENTED_EDGE('',*,*,#6529,.F.);
#8628=ORIENTED_EDGE('',*,*,#6528,.T.);
#8629=ORIENTED_EDGE('',*,*,#6530,.F.);
#8630=ORIENTED_EDGE('',*,*,#6520,.F.);
#8631=ORIENTED_EDGE('',*,*,#6531,.F.);
#8632=ORIENTED_EDGE('',*,*,#6532,.F.);
#8633=ORIENTED_EDGE('',*,*,#6533,.F.);
#8634=ORIENTED_EDGE('',*,*,#6534,.F.);
#8635=ORIENTED_EDGE('',*,*,#6535,.F.);
#8636=ORIENTED_EDGE('',*,*,#6534,.T.);
#8637=ORIENTED_EDGE('',*,*,#6536,.F.);
#8638=ORIENTED_EDGE('',*,*,#6537,.F.);
#8639=ORIENTED_EDGE('',*,*,#6538,.F.);
#8640=ORIENTED_EDGE('',*,*,#6537,.T.);
#8641=ORIENTED_EDGE('',*,*,#6539,.F.);
#8642=ORIENTED_EDGE('',*,*,#6540,.F.);
#8643=ORIENTED_EDGE('',*,*,#6540,.T.);
#8644=ORIENTED_EDGE('',*,*,#6541,.F.);
#8645=ORIENTED_EDGE('',*,*,#6542,.F.);
#8646=ORIENTED_EDGE('',*,*,#6543,.T.);
#8647=ORIENTED_EDGE('',*,*,#6544,.F.);
#8648=ORIENTED_EDGE('',*,*,#6545,.F.);
#8649=ORIENTED_EDGE('',*,*,#6546,.F.);
#8650=ORIENTED_EDGE('',*,*,#6547,.F.);
#8651=ORIENTED_EDGE('',*,*,#6548,.F.);
#8652=ORIENTED_EDGE('',*,*,#6514,.T.);
#8653=ORIENTED_EDGE('',*,*,#6517,.T.);
#8654=ORIENTED_EDGE('',*,*,#6507,.T.);
#8655=ORIENTED_EDGE('',*,*,#6511,.T.);
#8656=ORIENTED_EDGE('',*,*,#6526,.T.);
#8657=ORIENTED_EDGE('',*,*,#6529,.T.);
#8658=ORIENTED_EDGE('',*,*,#6519,.T.);
#8659=ORIENTED_EDGE('',*,*,#6523,.T.);
#8660=ORIENTED_EDGE('',*,*,#6549,.T.);
#8661=ORIENTED_EDGE('',*,*,#6550,.T.);
#8662=ORIENTED_EDGE('',*,*,#6551,.T.);
#8663=ORIENTED_EDGE('',*,*,#6552,.T.);
#8664=ORIENTED_EDGE('',*,*,#6553,.T.);
#8665=ORIENTED_EDGE('',*,*,#6554,.T.);
#8666=ORIENTED_EDGE('',*,*,#6555,.T.);
#8667=ORIENTED_EDGE('',*,*,#6556,.T.);
#8668=ORIENTED_EDGE('',*,*,#6557,.T.);
#8669=ORIENTED_EDGE('',*,*,#6558,.T.);
#8670=ORIENTED_EDGE('',*,*,#6559,.T.);
#8671=ORIENTED_EDGE('',*,*,#6560,.T.);
#8672=ORIENTED_EDGE('',*,*,#6561,.T.);
#8673=ORIENTED_EDGE('',*,*,#6562,.T.);
#8674=ORIENTED_EDGE('',*,*,#6563,.T.);
#8675=ORIENTED_EDGE('',*,*,#6564,.T.);
#8676=ORIENTED_EDGE('',*,*,#6565,.T.);
#8677=ORIENTED_EDGE('',*,*,#6566,.T.);
#8678=ORIENTED_EDGE('',*,*,#6567,.T.);
#8679=ORIENTED_EDGE('',*,*,#6568,.T.);
#8680=ORIENTED_EDGE('',*,*,#6569,.T.);
#8681=ORIENTED_EDGE('',*,*,#6570,.T.);
#8682=ORIENTED_EDGE('',*,*,#6571,.T.);
#8683=ORIENTED_EDGE('',*,*,#6572,.T.);
#8684=ORIENTED_EDGE('',*,*,#6539,.T.);
#8685=ORIENTED_EDGE('',*,*,#6536,.T.);
#8686=ORIENTED_EDGE('',*,*,#6533,.T.);
#8687=ORIENTED_EDGE('',*,*,#6573,.T.);
#8688=ORIENTED_EDGE('',*,*,#6574,.T.);
#8689=ORIENTED_EDGE('',*,*,#6575,.T.);
#8690=ORIENTED_EDGE('',*,*,#6576,.T.);
#8691=ORIENTED_EDGE('',*,*,#6541,.T.);
#8692=ORIENTED_EDGE('',*,*,#6577,.T.);
#8693=ORIENTED_EDGE('',*,*,#6578,.T.);
#8694=ORIENTED_EDGE('',*,*,#6579,.T.);
#8695=ORIENTED_EDGE('',*,*,#6580,.T.);
#8696=ORIENTED_EDGE('',*,*,#6502,.T.);
#8697=ORIENTED_EDGE('',*,*,#6505,.T.);
#8698=ORIENTED_EDGE('',*,*,#6498,.T.);
#8699=ORIENTED_EDGE('',*,*,#6493,.T.);
#8700=ORIENTED_EDGE('',*,*,#6496,.T.);
#8701=ORIENTED_EDGE('',*,*,#6489,.T.);
#8702=ORIENTED_EDGE('',*,*,#6484,.T.);
#8703=ORIENTED_EDGE('',*,*,#6487,.T.);
#8704=ORIENTED_EDGE('',*,*,#6480,.T.);
#8705=ORIENTED_EDGE('',*,*,#6475,.T.);
#8706=ORIENTED_EDGE('',*,*,#6478,.T.);
#8707=ORIENTED_EDGE('',*,*,#6471,.T.);
#8708=ORIENTED_EDGE('',*,*,#6466,.T.);
#8709=ORIENTED_EDGE('',*,*,#6469,.T.);
#8710=ORIENTED_EDGE('',*,*,#6462,.T.);
#8711=ORIENTED_EDGE('',*,*,#6457,.T.);
#8712=ORIENTED_EDGE('',*,*,#6460,.T.);
#8713=ORIENTED_EDGE('',*,*,#6453,.T.);
#8714=ORIENTED_EDGE('',*,*,#6448,.T.);
#8715=ORIENTED_EDGE('',*,*,#6451,.T.);
#8716=ORIENTED_EDGE('',*,*,#6444,.T.);
#8717=ORIENTED_EDGE('',*,*,#6439,.T.);
#8718=ORIENTED_EDGE('',*,*,#6442,.T.);
#8719=ORIENTED_EDGE('',*,*,#6435,.T.);
#8720=ORIENTED_EDGE('',*,*,#6430,.T.);
#8721=ORIENTED_EDGE('',*,*,#6433,.T.);
#8722=ORIENTED_EDGE('',*,*,#6426,.T.);
#8723=ORIENTED_EDGE('',*,*,#6421,.T.);
#8724=ORIENTED_EDGE('',*,*,#6424,.T.);
#8725=ORIENTED_EDGE('',*,*,#6417,.T.);
#8726=ORIENTED_EDGE('',*,*,#6412,.T.);
#8727=ORIENTED_EDGE('',*,*,#6415,.T.);
#8728=ORIENTED_EDGE('',*,*,#6408,.T.);
#8729=ORIENTED_EDGE('',*,*,#6403,.T.);
#8730=ORIENTED_EDGE('',*,*,#6406,.T.);
#8731=ORIENTED_EDGE('',*,*,#6399,.T.);
#8732=ORIENTED_EDGE('',*,*,#6394,.T.);
#8733=ORIENTED_EDGE('',*,*,#6397,.T.);
#8734=ORIENTED_EDGE('',*,*,#6390,.T.);
#8735=ORIENTED_EDGE('',*,*,#6385,.T.);
#8736=ORIENTED_EDGE('',*,*,#6388,.T.);
#8737=ORIENTED_EDGE('',*,*,#6381,.T.);
#8738=ORIENTED_EDGE('',*,*,#6376,.T.);
#8739=ORIENTED_EDGE('',*,*,#6379,.T.);
#8740=ORIENTED_EDGE('',*,*,#6372,.T.);
#8741=ORIENTED_EDGE('',*,*,#6367,.T.);
#8742=ORIENTED_EDGE('',*,*,#6370,.T.);
#8743=ORIENTED_EDGE('',*,*,#6363,.T.);
#8744=ORIENTED_EDGE('',*,*,#6358,.T.);
#8745=ORIENTED_EDGE('',*,*,#6361,.T.);
#8746=ORIENTED_EDGE('',*,*,#6354,.T.);
#8747=ORIENTED_EDGE('',*,*,#6349,.T.);
#8748=ORIENTED_EDGE('',*,*,#6352,.T.);
#8749=ORIENTED_EDGE('',*,*,#6345,.T.);
#8750=ORIENTED_EDGE('',*,*,#6340,.T.);
#8751=ORIENTED_EDGE('',*,*,#6343,.T.);
#8752=ORIENTED_EDGE('',*,*,#6336,.T.);
#8753=ORIENTED_EDGE('',*,*,#6331,.T.);
#8754=ORIENTED_EDGE('',*,*,#6334,.T.);
#8755=ORIENTED_EDGE('',*,*,#6327,.T.);
#8756=ORIENTED_EDGE('',*,*,#6322,.T.);
#8757=ORIENTED_EDGE('',*,*,#6325,.T.);
#8758=ORIENTED_EDGE('',*,*,#6318,.T.);
#8759=ORIENTED_EDGE('',*,*,#6313,.T.);
#8760=ORIENTED_EDGE('',*,*,#6316,.T.);
#8761=ORIENTED_EDGE('',*,*,#6309,.T.);
#8762=ORIENTED_EDGE('',*,*,#6304,.T.);
#8763=ORIENTED_EDGE('',*,*,#6307,.T.);
#8764=ORIENTED_EDGE('',*,*,#6300,.T.);
#8765=ORIENTED_EDGE('',*,*,#6581,.T.);
#8766=ORIENTED_EDGE('',*,*,#6582,.T.);
#8767=ORIENTED_EDGE('',*,*,#6577,.F.);
#8768=ORIENTED_EDGE('',*,*,#6583,.F.);
#8769=ORIENTED_EDGE('',*,*,#6584,.T.);
#8770=ORIENTED_EDGE('',*,*,#6583,.T.);
#8771=ORIENTED_EDGE('',*,*,#6580,.F.);
#8772=ORIENTED_EDGE('',*,*,#6585,.F.);
#8773=ORIENTED_EDGE('',*,*,#6586,.T.);
#8774=ORIENTED_EDGE('',*,*,#6585,.T.);
#8775=ORIENTED_EDGE('',*,*,#6579,.F.);
#8776=ORIENTED_EDGE('',*,*,#6587,.F.);
#8777=ORIENTED_EDGE('',*,*,#6588,.T.);
#8778=ORIENTED_EDGE('',*,*,#6587,.T.);
#8779=ORIENTED_EDGE('',*,*,#6578,.F.);
#8780=ORIENTED_EDGE('',*,*,#6582,.F.);
#8781=ORIENTED_EDGE('',*,*,#6588,.F.);
#8782=ORIENTED_EDGE('',*,*,#6581,.F.);
#8783=ORIENTED_EDGE('',*,*,#6584,.F.);
#8784=ORIENTED_EDGE('',*,*,#6586,.F.);
#8785=ORIENTED_EDGE('',*,*,#6532,.T.);
#8786=ORIENTED_EDGE('',*,*,#6589,.T.);
#8787=ORIENTED_EDGE('',*,*,#6590,.T.);
#8788=ORIENTED_EDGE('',*,*,#6573,.F.);
#8789=ORIENTED_EDGE('',*,*,#6591,.T.);
#8790=ORIENTED_EDGE('',*,*,#6542,.T.);
#8791=ORIENTED_EDGE('',*,*,#6576,.F.);
#8792=ORIENTED_EDGE('',*,*,#6592,.F.);
#8793=ORIENTED_EDGE('',*,*,#6593,.T.);
#8794=ORIENTED_EDGE('',*,*,#6592,.T.);
#8795=ORIENTED_EDGE('',*,*,#6575,.F.);
#8796=ORIENTED_EDGE('',*,*,#6594,.F.);
#8797=ORIENTED_EDGE('',*,*,#6595,.T.);
#8798=ORIENTED_EDGE('',*,*,#6594,.T.);
#8799=ORIENTED_EDGE('',*,*,#6574,.F.);
#8800=ORIENTED_EDGE('',*,*,#6590,.F.);
#8801=ORIENTED_EDGE('',*,*,#6595,.F.);
#8802=ORIENTED_EDGE('',*,*,#6589,.F.);
#8803=ORIENTED_EDGE('',*,*,#6531,.T.);
#8804=ORIENTED_EDGE('',*,*,#6535,.T.);
#8805=ORIENTED_EDGE('',*,*,#6538,.T.);
#8806=ORIENTED_EDGE('',*,*,#6543,.F.);
#8807=ORIENTED_EDGE('',*,*,#6591,.F.);
#8808=ORIENTED_EDGE('',*,*,#6593,.F.);
#8809=ORIENTED_EDGE('',*,*,#6596,.F.);
#8810=ORIENTED_EDGE('',*,*,#6597,.F.);
#8811=ORIENTED_EDGE('',*,*,#6555,.F.);
#8812=ORIENTED_EDGE('',*,*,#6598,.F.);
#8813=ORIENTED_EDGE('',*,*,#6599,.F.);
#8814=ORIENTED_EDGE('',*,*,#6598,.T.);
#8815=ORIENTED_EDGE('',*,*,#6554,.F.);
#8816=ORIENTED_EDGE('',*,*,#6600,.F.);
#8817=ORIENTED_EDGE('',*,*,#6601,.F.);
#8818=ORIENTED_EDGE('',*,*,#6600,.T.);
#8819=ORIENTED_EDGE('',*,*,#6553,.F.);
#8820=ORIENTED_EDGE('',*,*,#6602,.F.);
#8821=ORIENTED_EDGE('',*,*,#6602,.T.);
#8822=ORIENTED_EDGE('',*,*,#6560,.F.);
#8823=ORIENTED_EDGE('',*,*,#6603,.F.);
#8824=ORIENTED_EDGE('',*,*,#6604,.T.);
#8825=ORIENTED_EDGE('',*,*,#6605,.T.);
#8826=ORIENTED_EDGE('',*,*,#6606,.T.);
#8827=ORIENTED_EDGE('',*,*,#6549,.F.);
#8828=ORIENTED_EDGE('',*,*,#6607,.F.);
#8829=ORIENTED_EDGE('',*,*,#6608,.T.);
#8830=ORIENTED_EDGE('',*,*,#6607,.T.);
#8831=ORIENTED_EDGE('',*,*,#6552,.F.);
#8832=ORIENTED_EDGE('',*,*,#6609,.F.);
#8833=ORIENTED_EDGE('',*,*,#6610,.T.);
#8834=ORIENTED_EDGE('',*,*,#6609,.T.);
#8835=ORIENTED_EDGE('',*,*,#6551,.F.);
#8836=ORIENTED_EDGE('',*,*,#6611,.F.);
#8837=ORIENTED_EDGE('',*,*,#6612,.T.);
#8838=ORIENTED_EDGE('',*,*,#6611,.T.);
#8839=ORIENTED_EDGE('',*,*,#6550,.F.);
#8840=ORIENTED_EDGE('',*,*,#6606,.F.);
#8841=ORIENTED_EDGE('',*,*,#6612,.F.);
#8842=ORIENTED_EDGE('',*,*,#6605,.F.);
#8843=ORIENTED_EDGE('',*,*,#6608,.F.);
#8844=ORIENTED_EDGE('',*,*,#6610,.F.);
#8845=ORIENTED_EDGE('',*,*,#6597,.T.);
#8846=ORIENTED_EDGE('',*,*,#6613,.T.);
#8847=ORIENTED_EDGE('',*,*,#6614,.T.);
#8848=ORIENTED_EDGE('',*,*,#6556,.F.);
#8849=ORIENTED_EDGE('',*,*,#6615,.T.);
#8850=ORIENTED_EDGE('',*,*,#6603,.T.);
#8851=ORIENTED_EDGE('',*,*,#6559,.F.);
#8852=ORIENTED_EDGE('',*,*,#6616,.F.);
#8853=ORIENTED_EDGE('',*,*,#6617,.T.);
#8854=ORIENTED_EDGE('',*,*,#6616,.T.);
#8855=ORIENTED_EDGE('',*,*,#6558,.F.);
#8856=ORIENTED_EDGE('',*,*,#6618,.F.);
#8857=ORIENTED_EDGE('',*,*,#6619,.T.);
#8858=ORIENTED_EDGE('',*,*,#6618,.T.);
#8859=ORIENTED_EDGE('',*,*,#6557,.F.);
#8860=ORIENTED_EDGE('',*,*,#6614,.F.);
#8861=ORIENTED_EDGE('',*,*,#6619,.F.);
#8862=ORIENTED_EDGE('',*,*,#6613,.F.);
#8863=ORIENTED_EDGE('',*,*,#6596,.T.);
#8864=ORIENTED_EDGE('',*,*,#6599,.T.);
#8865=ORIENTED_EDGE('',*,*,#6601,.T.);
#8866=ORIENTED_EDGE('',*,*,#6604,.F.);
#8867=ORIENTED_EDGE('',*,*,#6615,.F.);
#8868=ORIENTED_EDGE('',*,*,#6617,.F.);
#8869=ORIENTED_EDGE('',*,*,#6620,.F.);
#8870=ORIENTED_EDGE('',*,*,#6621,.F.);
#8871=ORIENTED_EDGE('',*,*,#6563,.F.);
#8872=ORIENTED_EDGE('',*,*,#6622,.F.);
#8873=ORIENTED_EDGE('',*,*,#6623,.F.);
#8874=ORIENTED_EDGE('',*,*,#6622,.T.);
#8875=ORIENTED_EDGE('',*,*,#6562,.F.);
#8876=ORIENTED_EDGE('',*,*,#6624,.F.);
#8877=ORIENTED_EDGE('',*,*,#6625,.F.);
#8878=ORIENTED_EDGE('',*,*,#6624,.T.);
#8879=ORIENTED_EDGE('',*,*,#6561,.F.);
#8880=ORIENTED_EDGE('',*,*,#6626,.F.);
#8881=ORIENTED_EDGE('',*,*,#6626,.T.);
#8882=ORIENTED_EDGE('',*,*,#6568,.F.);
#8883=ORIENTED_EDGE('',*,*,#6627,.F.);
#8884=ORIENTED_EDGE('',*,*,#6628,.T.);
#8885=ORIENTED_EDGE('',*,*,#6629,.T.);
#8886=ORIENTED_EDGE('',*,*,#6630,.T.);
#8887=ORIENTED_EDGE('',*,*,#6569,.F.);
#8888=ORIENTED_EDGE('',*,*,#6631,.F.);
#8889=ORIENTED_EDGE('',*,*,#6632,.T.);
#8890=ORIENTED_EDGE('',*,*,#6631,.T.);
#8891=ORIENTED_EDGE('',*,*,#6572,.F.);
#8892=ORIENTED_EDGE('',*,*,#6633,.F.);
#8893=ORIENTED_EDGE('',*,*,#6634,.T.);
#8894=ORIENTED_EDGE('',*,*,#6633,.T.);
#8895=ORIENTED_EDGE('',*,*,#6571,.F.);
#8896=ORIENTED_EDGE('',*,*,#6635,.F.);
#8897=ORIENTED_EDGE('',*,*,#6636,.T.);
#8898=ORIENTED_EDGE('',*,*,#6635,.T.);
#8899=ORIENTED_EDGE('',*,*,#6570,.F.);
#8900=ORIENTED_EDGE('',*,*,#6630,.F.);
#8901=ORIENTED_EDGE('',*,*,#6636,.F.);
#8902=ORIENTED_EDGE('',*,*,#6629,.F.);
#8903=ORIENTED_EDGE('',*,*,#6632,.F.);
#8904=ORIENTED_EDGE('',*,*,#6634,.F.);
#8905=ORIENTED_EDGE('',*,*,#6621,.T.);
#8906=ORIENTED_EDGE('',*,*,#6637,.T.);
#8907=ORIENTED_EDGE('',*,*,#6638,.T.);
#8908=ORIENTED_EDGE('',*,*,#6564,.F.);
#8909=ORIENTED_EDGE('',*,*,#6639,.T.);
#8910=ORIENTED_EDGE('',*,*,#6627,.T.);
#8911=ORIENTED_EDGE('',*,*,#6567,.F.);
#8912=ORIENTED_EDGE('',*,*,#6640,.F.);
#8913=ORIENTED_EDGE('',*,*,#6641,.T.);
#8914=ORIENTED_EDGE('',*,*,#6640,.T.);
#8915=ORIENTED_EDGE('',*,*,#6566,.F.);
#8916=ORIENTED_EDGE('',*,*,#6642,.F.);
#8917=ORIENTED_EDGE('',*,*,#6643,.T.);
#8918=ORIENTED_EDGE('',*,*,#6642,.T.);
#8919=ORIENTED_EDGE('',*,*,#6565,.F.);
#8920=ORIENTED_EDGE('',*,*,#6638,.F.);
#8921=ORIENTED_EDGE('',*,*,#6643,.F.);
#8922=ORIENTED_EDGE('',*,*,#6637,.F.);
#8923=ORIENTED_EDGE('',*,*,#6620,.T.);
#8924=ORIENTED_EDGE('',*,*,#6623,.T.);
#8925=ORIENTED_EDGE('',*,*,#6625,.T.);
#8926=ORIENTED_EDGE('',*,*,#6628,.F.);
#8927=ORIENTED_EDGE('',*,*,#6639,.F.);
#8928=ORIENTED_EDGE('',*,*,#6641,.F.);
#8929=ORIENTED_EDGE('',*,*,#6545,.T.);
#8930=ORIENTED_EDGE('',*,*,#6644,.T.);
#8931=ORIENTED_EDGE('',*,*,#6645,.F.);
#8932=ORIENTED_EDGE('',*,*,#6646,.F.);
#8933=ORIENTED_EDGE('',*,*,#6546,.T.);
#8934=ORIENTED_EDGE('',*,*,#6646,.T.);
#8935=ORIENTED_EDGE('',*,*,#6647,.F.);
#8936=ORIENTED_EDGE('',*,*,#6648,.F.);
#8937=ORIENTED_EDGE('',*,*,#6547,.T.);
#8938=ORIENTED_EDGE('',*,*,#6648,.T.);
#8939=ORIENTED_EDGE('',*,*,#6649,.F.);
#8940=ORIENTED_EDGE('',*,*,#6650,.F.);
#8941=ORIENTED_EDGE('',*,*,#6548,.T.);
#8942=ORIENTED_EDGE('',*,*,#6650,.T.);
#8943=ORIENTED_EDGE('',*,*,#6651,.F.);
#8944=ORIENTED_EDGE('',*,*,#6652,.F.);
#8945=ORIENTED_EDGE('',*,*,#6544,.T.);
#8946=ORIENTED_EDGE('',*,*,#6652,.T.);
#8947=ORIENTED_EDGE('',*,*,#6653,.F.);
#8948=ORIENTED_EDGE('',*,*,#6644,.F.);
#8949=ORIENTED_EDGE('',*,*,#6653,.T.);
#8950=ORIENTED_EDGE('',*,*,#6651,.T.);
#8951=ORIENTED_EDGE('',*,*,#6649,.T.);
#8952=ORIENTED_EDGE('',*,*,#6647,.T.);
#8953=ORIENTED_EDGE('',*,*,#6645,.T.);
#8954=ORIENTED_EDGE('',*,*,#6527,.T.);
#8955=ORIENTED_EDGE('',*,*,#6524,.T.);
#8956=ORIENTED_EDGE('',*,*,#6521,.T.);
#8957=ORIENTED_EDGE('',*,*,#6530,.T.);
#8958=ORIENTED_EDGE('',*,*,#6515,.T.);
#8959=ORIENTED_EDGE('',*,*,#6512,.T.);
#8960=ORIENTED_EDGE('',*,*,#6509,.T.);
#8961=ORIENTED_EDGE('',*,*,#6518,.T.);
#8962=ORIENTED_EDGE('',*,*,#6503,.T.);
#8963=ORIENTED_EDGE('',*,*,#6500,.T.);
#8964=ORIENTED_EDGE('',*,*,#6506,.T.);
#8965=ORIENTED_EDGE('',*,*,#6494,.T.);
#8966=ORIENTED_EDGE('',*,*,#6491,.T.);
#8967=ORIENTED_EDGE('',*,*,#6497,.T.);
#8968=ORIENTED_EDGE('',*,*,#6485,.T.);
#8969=ORIENTED_EDGE('',*,*,#6482,.T.);
#8970=ORIENTED_EDGE('',*,*,#6488,.T.);
#8971=ORIENTED_EDGE('',*,*,#6476,.T.);
#8972=ORIENTED_EDGE('',*,*,#6473,.T.);
#8973=ORIENTED_EDGE('',*,*,#6479,.T.);
#8974=ORIENTED_EDGE('',*,*,#6467,.T.);
#8975=ORIENTED_EDGE('',*,*,#6464,.T.);
#8976=ORIENTED_EDGE('',*,*,#6470,.T.);
#8977=ORIENTED_EDGE('',*,*,#6458,.T.);
#8978=ORIENTED_EDGE('',*,*,#6455,.T.);
#8979=ORIENTED_EDGE('',*,*,#6461,.T.);
#8980=ORIENTED_EDGE('',*,*,#6449,.T.);
#8981=ORIENTED_EDGE('',*,*,#6446,.T.);
#8982=ORIENTED_EDGE('',*,*,#6452,.T.);
#8983=ORIENTED_EDGE('',*,*,#6440,.T.);
#8984=ORIENTED_EDGE('',*,*,#6437,.T.);
#8985=ORIENTED_EDGE('',*,*,#6443,.T.);
#8986=ORIENTED_EDGE('',*,*,#6431,.T.);
#8987=ORIENTED_EDGE('',*,*,#6428,.T.);
#8988=ORIENTED_EDGE('',*,*,#6434,.T.);
#8989=ORIENTED_EDGE('',*,*,#6422,.T.);
#8990=ORIENTED_EDGE('',*,*,#6419,.T.);
#8991=ORIENTED_EDGE('',*,*,#6425,.T.);
#8992=ORIENTED_EDGE('',*,*,#6413,.T.);
#8993=ORIENTED_EDGE('',*,*,#6410,.T.);
#8994=ORIENTED_EDGE('',*,*,#6416,.T.);
#8995=ORIENTED_EDGE('',*,*,#6404,.T.);
#8996=ORIENTED_EDGE('',*,*,#6401,.T.);
#8997=ORIENTED_EDGE('',*,*,#6407,.T.);
#8998=ORIENTED_EDGE('',*,*,#6395,.T.);
#8999=ORIENTED_EDGE('',*,*,#6392,.T.);
#9000=ORIENTED_EDGE('',*,*,#6398,.T.);
#9001=ORIENTED_EDGE('',*,*,#6386,.T.);
#9002=ORIENTED_EDGE('',*,*,#6383,.T.);
#9003=ORIENTED_EDGE('',*,*,#6389,.T.);
#9004=ORIENTED_EDGE('',*,*,#6377,.T.);
#9005=ORIENTED_EDGE('',*,*,#6374,.T.);
#9006=ORIENTED_EDGE('',*,*,#6380,.T.);
#9007=ORIENTED_EDGE('',*,*,#6368,.T.);
#9008=ORIENTED_EDGE('',*,*,#6365,.T.);
#9009=ORIENTED_EDGE('',*,*,#6371,.T.);
#9010=ORIENTED_EDGE('',*,*,#6359,.T.);
#9011=ORIENTED_EDGE('',*,*,#6356,.T.);
#9012=ORIENTED_EDGE('',*,*,#6362,.T.);
#9013=ORIENTED_EDGE('',*,*,#6350,.T.);
#9014=ORIENTED_EDGE('',*,*,#6347,.T.);
#9015=ORIENTED_EDGE('',*,*,#6353,.T.);
#9016=ORIENTED_EDGE('',*,*,#6341,.T.);
#9017=ORIENTED_EDGE('',*,*,#6338,.T.);
#9018=ORIENTED_EDGE('',*,*,#6344,.T.);
#9019=ORIENTED_EDGE('',*,*,#6332,.T.);
#9020=ORIENTED_EDGE('',*,*,#6329,.T.);
#9021=ORIENTED_EDGE('',*,*,#6335,.T.);
#9022=ORIENTED_EDGE('',*,*,#6323,.T.);
#9023=ORIENTED_EDGE('',*,*,#6320,.T.);
#9024=ORIENTED_EDGE('',*,*,#6326,.T.);
#9025=ORIENTED_EDGE('',*,*,#6314,.T.);
#9026=ORIENTED_EDGE('',*,*,#6311,.T.);
#9027=ORIENTED_EDGE('',*,*,#6317,.T.);
#9028=ORIENTED_EDGE('',*,*,#6305,.T.);
#9029=ORIENTED_EDGE('',*,*,#6302,.T.);
#9030=ORIENTED_EDGE('',*,*,#6308,.T.);
#9031=ORIENTED_EDGE('',*,*,#6654,.F.);
#9032=ORIENTED_EDGE('',*,*,#6655,.F.);
#9033=ORIENTED_EDGE('',*,*,#6656,.F.);
#9034=ORIENTED_EDGE('',*,*,#6657,.F.);
#9035=ORIENTED_EDGE('',*,*,#6658,.F.);
#9036=ORIENTED_EDGE('',*,*,#6657,.T.);
#9037=ORIENTED_EDGE('',*,*,#6659,.F.);
#9038=ORIENTED_EDGE('',*,*,#6660,.F.);
#9039=ORIENTED_EDGE('',*,*,#6661,.F.);
#9040=ORIENTED_EDGE('',*,*,#6660,.T.);
#9041=ORIENTED_EDGE('',*,*,#6662,.F.);
#9042=ORIENTED_EDGE('',*,*,#6663,.F.);
#9043=ORIENTED_EDGE('',*,*,#6655,.T.);
#9044=ORIENTED_EDGE('',*,*,#6664,.F.);
#9045=ORIENTED_EDGE('',*,*,#6665,.T.);
#9046=ORIENTED_EDGE('',*,*,#6666,.T.);
#9047=ORIENTED_EDGE('',*,*,#6667,.T.);
#9048=ORIENTED_EDGE('',*,*,#6668,.F.);
#9049=ORIENTED_EDGE('',*,*,#6663,.T.);
#9050=ORIENTED_EDGE('',*,*,#6669,.F.);
#9051=ORIENTED_EDGE('',*,*,#6670,.T.);
#9052=ORIENTED_EDGE('',*,*,#6671,.F.);
#9053=ORIENTED_EDGE('',*,*,#6672,.F.);
#9054=ORIENTED_EDGE('',*,*,#6673,.T.);
#9055=ORIENTED_EDGE('',*,*,#6674,.F.);
#9056=ORIENTED_EDGE('',*,*,#6675,.F.);
#9057=ORIENTED_EDGE('',*,*,#6676,.F.);
#9058=ORIENTED_EDGE('',*,*,#6675,.T.);
#9059=ORIENTED_EDGE('',*,*,#6677,.F.);
#9060=ORIENTED_EDGE('',*,*,#6678,.F.);
#9061=ORIENTED_EDGE('',*,*,#6679,.F.);
#9062=ORIENTED_EDGE('',*,*,#6680,.F.);
#9063=ORIENTED_EDGE('',*,*,#6681,.F.);
#9064=ORIENTED_EDGE('',*,*,#6673,.F.);
#9065=ORIENTED_EDGE('',*,*,#6680,.T.);
#9066=ORIENTED_EDGE('',*,*,#6682,.F.);
#9067=ORIENTED_EDGE('',*,*,#6683,.T.);
#9068=ORIENTED_EDGE('',*,*,#6684,.F.);
#9069=ORIENTED_EDGE('',*,*,#6685,.F.);
#9070=ORIENTED_EDGE('',*,*,#6670,.F.);
#9071=ORIENTED_EDGE('',*,*,#6686,.F.);
#9072=ORIENTED_EDGE('',*,*,#6687,.F.);
#9073=ORIENTED_EDGE('',*,*,#6688,.F.);
#9074=ORIENTED_EDGE('',*,*,#6687,.T.);
#9075=ORIENTED_EDGE('',*,*,#6689,.F.);
#9076=ORIENTED_EDGE('',*,*,#6690,.F.);
#9077=ORIENTED_EDGE('',*,*,#6691,.F.);
#9078=ORIENTED_EDGE('',*,*,#6690,.T.);
#9079=ORIENTED_EDGE('',*,*,#6692,.F.);
#9080=ORIENTED_EDGE('',*,*,#6693,.F.);
#9081=ORIENTED_EDGE('',*,*,#6693,.T.);
#9082=ORIENTED_EDGE('',*,*,#6694,.F.);
#9083=ORIENTED_EDGE('',*,*,#6695,.T.);
#9084=ORIENTED_EDGE('',*,*,#6696,.F.);
#9085=ORIENTED_EDGE('',*,*,#6697,.F.);
#9086=ORIENTED_EDGE('',*,*,#6698,.T.);
#9087=ORIENTED_EDGE('',*,*,#6699,.F.);
#9088=ORIENTED_EDGE('',*,*,#6700,.F.);
#9089=ORIENTED_EDGE('',*,*,#6701,.F.);
#9090=ORIENTED_EDGE('',*,*,#6700,.T.);
#9091=ORIENTED_EDGE('',*,*,#6702,.F.);
#9092=ORIENTED_EDGE('',*,*,#6683,.F.);
#9093=ORIENTED_EDGE('',*,*,#6703,.F.);
#9094=ORIENTED_EDGE('',*,*,#6704,.F.);
#9095=ORIENTED_EDGE('',*,*,#6705,.F.);
#9096=ORIENTED_EDGE('',*,*,#6698,.F.);
#9097=ORIENTED_EDGE('',*,*,#6704,.T.);
#9098=ORIENTED_EDGE('',*,*,#6706,.F.);
#9099=ORIENTED_EDGE('',*,*,#6707,.T.);
#9100=ORIENTED_EDGE('',*,*,#6708,.F.);
#9101=ORIENTED_EDGE('',*,*,#6709,.F.);
#9102=ORIENTED_EDGE('',*,*,#6695,.F.);
#9103=ORIENTED_EDGE('',*,*,#6710,.F.);
#9104=ORIENTED_EDGE('',*,*,#6711,.F.);
#9105=ORIENTED_EDGE('',*,*,#6712,.F.);
#9106=ORIENTED_EDGE('',*,*,#6711,.T.);
#9107=ORIENTED_EDGE('',*,*,#6713,.F.);
#9108=ORIENTED_EDGE('',*,*,#6714,.F.);
#9109=ORIENTED_EDGE('',*,*,#6715,.F.);
#9110=ORIENTED_EDGE('',*,*,#6714,.T.);
#9111=ORIENTED_EDGE('',*,*,#6716,.F.);
#9112=ORIENTED_EDGE('',*,*,#6717,.F.);
#9113=ORIENTED_EDGE('',*,*,#6717,.T.);
#9114=ORIENTED_EDGE('',*,*,#6718,.F.);
#9115=ORIENTED_EDGE('',*,*,#6719,.T.);
#9116=ORIENTED_EDGE('',*,*,#6720,.F.);
#9117=ORIENTED_EDGE('',*,*,#6721,.F.);
#9118=ORIENTED_EDGE('',*,*,#6722,.T.);
#9119=ORIENTED_EDGE('',*,*,#6723,.F.);
#9120=ORIENTED_EDGE('',*,*,#6724,.F.);
#9121=ORIENTED_EDGE('',*,*,#6725,.F.);
#9122=ORIENTED_EDGE('',*,*,#6724,.T.);
#9123=ORIENTED_EDGE('',*,*,#6726,.F.);
#9124=ORIENTED_EDGE('',*,*,#6707,.F.);
#9125=ORIENTED_EDGE('',*,*,#6727,.F.);
#9126=ORIENTED_EDGE('',*,*,#6728,.F.);
#9127=ORIENTED_EDGE('',*,*,#6729,.F.);
#9128=ORIENTED_EDGE('',*,*,#6722,.F.);
#9129=ORIENTED_EDGE('',*,*,#6728,.T.);
#9130=ORIENTED_EDGE('',*,*,#6730,.F.);
#9131=ORIENTED_EDGE('',*,*,#6731,.T.);
#9132=ORIENTED_EDGE('',*,*,#6732,.F.);
#9133=ORIENTED_EDGE('',*,*,#6733,.F.);
#9134=ORIENTED_EDGE('',*,*,#6719,.F.);
#9135=ORIENTED_EDGE('',*,*,#6734,.F.);
#9136=ORIENTED_EDGE('',*,*,#6735,.F.);
#9137=ORIENTED_EDGE('',*,*,#6736,.F.);
#9138=ORIENTED_EDGE('',*,*,#6735,.T.);
#9139=ORIENTED_EDGE('',*,*,#6737,.F.);
#9140=ORIENTED_EDGE('',*,*,#6738,.F.);
#9141=ORIENTED_EDGE('',*,*,#6739,.F.);
#9142=ORIENTED_EDGE('',*,*,#6738,.T.);
#9143=ORIENTED_EDGE('',*,*,#6740,.F.);
#9144=ORIENTED_EDGE('',*,*,#6741,.F.);
#9145=ORIENTED_EDGE('',*,*,#6741,.T.);
#9146=ORIENTED_EDGE('',*,*,#6742,.F.);
#9147=ORIENTED_EDGE('',*,*,#6743,.T.);
#9148=ORIENTED_EDGE('',*,*,#6744,.F.);
#9149=ORIENTED_EDGE('',*,*,#6745,.F.);
#9150=ORIENTED_EDGE('',*,*,#6746,.T.);
#9151=ORIENTED_EDGE('',*,*,#6747,.F.);
#9152=ORIENTED_EDGE('',*,*,#6748,.F.);
#9153=ORIENTED_EDGE('',*,*,#6749,.F.);
#9154=ORIENTED_EDGE('',*,*,#6748,.T.);
#9155=ORIENTED_EDGE('',*,*,#6750,.F.);
#9156=ORIENTED_EDGE('',*,*,#6731,.F.);
#9157=ORIENTED_EDGE('',*,*,#6751,.F.);
#9158=ORIENTED_EDGE('',*,*,#6752,.F.);
#9159=ORIENTED_EDGE('',*,*,#6753,.F.);
#9160=ORIENTED_EDGE('',*,*,#6746,.F.);
#9161=ORIENTED_EDGE('',*,*,#6752,.T.);
#9162=ORIENTED_EDGE('',*,*,#6754,.F.);
#9163=ORIENTED_EDGE('',*,*,#6755,.T.);
#9164=ORIENTED_EDGE('',*,*,#6756,.F.);
#9165=ORIENTED_EDGE('',*,*,#6757,.F.);
#9166=ORIENTED_EDGE('',*,*,#6743,.F.);
#9167=ORIENTED_EDGE('',*,*,#6758,.F.);
#9168=ORIENTED_EDGE('',*,*,#6759,.F.);
#9169=ORIENTED_EDGE('',*,*,#6760,.F.);
#9170=ORIENTED_EDGE('',*,*,#6759,.T.);
#9171=ORIENTED_EDGE('',*,*,#6761,.F.);
#9172=ORIENTED_EDGE('',*,*,#6762,.F.);
#9173=ORIENTED_EDGE('',*,*,#6763,.F.);
#9174=ORIENTED_EDGE('',*,*,#6762,.T.);
#9175=ORIENTED_EDGE('',*,*,#6764,.F.);
#9176=ORIENTED_EDGE('',*,*,#6765,.F.);
#9177=ORIENTED_EDGE('',*,*,#6765,.T.);
#9178=ORIENTED_EDGE('',*,*,#6766,.F.);
#9179=ORIENTED_EDGE('',*,*,#6767,.T.);
#9180=ORIENTED_EDGE('',*,*,#6768,.F.);
#9181=ORIENTED_EDGE('',*,*,#6769,.F.);
#9182=ORIENTED_EDGE('',*,*,#6770,.T.);
#9183=ORIENTED_EDGE('',*,*,#6771,.F.);
#9184=ORIENTED_EDGE('',*,*,#6772,.F.);
#9185=ORIENTED_EDGE('',*,*,#6773,.F.);
#9186=ORIENTED_EDGE('',*,*,#6772,.T.);
#9187=ORIENTED_EDGE('',*,*,#6774,.F.);
#9188=ORIENTED_EDGE('',*,*,#6755,.F.);
#9189=ORIENTED_EDGE('',*,*,#6775,.F.);
#9190=ORIENTED_EDGE('',*,*,#6776,.F.);
#9191=ORIENTED_EDGE('',*,*,#6777,.F.);
#9192=ORIENTED_EDGE('',*,*,#6770,.F.);
#9193=ORIENTED_EDGE('',*,*,#6776,.T.);
#9194=ORIENTED_EDGE('',*,*,#6778,.F.);
#9195=ORIENTED_EDGE('',*,*,#6779,.T.);
#9196=ORIENTED_EDGE('',*,*,#6780,.F.);
#9197=ORIENTED_EDGE('',*,*,#6781,.F.);
#9198=ORIENTED_EDGE('',*,*,#6767,.F.);
#9199=ORIENTED_EDGE('',*,*,#6782,.F.);
#9200=ORIENTED_EDGE('',*,*,#6783,.F.);
#9201=ORIENTED_EDGE('',*,*,#6784,.F.);
#9202=ORIENTED_EDGE('',*,*,#6783,.T.);
#9203=ORIENTED_EDGE('',*,*,#6785,.F.);
#9204=ORIENTED_EDGE('',*,*,#6786,.F.);
#9205=ORIENTED_EDGE('',*,*,#6787,.F.);
#9206=ORIENTED_EDGE('',*,*,#6786,.T.);
#9207=ORIENTED_EDGE('',*,*,#6788,.F.);
#9208=ORIENTED_EDGE('',*,*,#6789,.F.);
#9209=ORIENTED_EDGE('',*,*,#6789,.T.);
#9210=ORIENTED_EDGE('',*,*,#6790,.F.);
#9211=ORIENTED_EDGE('',*,*,#6791,.T.);
#9212=ORIENTED_EDGE('',*,*,#6792,.F.);
#9213=ORIENTED_EDGE('',*,*,#6793,.F.);
#9214=ORIENTED_EDGE('',*,*,#6794,.T.);
#9215=ORIENTED_EDGE('',*,*,#6795,.F.);
#9216=ORIENTED_EDGE('',*,*,#6796,.F.);
#9217=ORIENTED_EDGE('',*,*,#6797,.F.);
#9218=ORIENTED_EDGE('',*,*,#6796,.T.);
#9219=ORIENTED_EDGE('',*,*,#6798,.F.);
#9220=ORIENTED_EDGE('',*,*,#6779,.F.);
#9221=ORIENTED_EDGE('',*,*,#6799,.F.);
#9222=ORIENTED_EDGE('',*,*,#6800,.F.);
#9223=ORIENTED_EDGE('',*,*,#6801,.F.);
#9224=ORIENTED_EDGE('',*,*,#6794,.F.);
#9225=ORIENTED_EDGE('',*,*,#6800,.T.);
#9226=ORIENTED_EDGE('',*,*,#6802,.F.);
#9227=ORIENTED_EDGE('',*,*,#6803,.T.);
#9228=ORIENTED_EDGE('',*,*,#6804,.F.);
#9229=ORIENTED_EDGE('',*,*,#6805,.F.);
#9230=ORIENTED_EDGE('',*,*,#6791,.F.);
#9231=ORIENTED_EDGE('',*,*,#6806,.F.);
#9232=ORIENTED_EDGE('',*,*,#6807,.F.);
#9233=ORIENTED_EDGE('',*,*,#6808,.F.);
#9234=ORIENTED_EDGE('',*,*,#6807,.T.);
#9235=ORIENTED_EDGE('',*,*,#6809,.F.);
#9236=ORIENTED_EDGE('',*,*,#6810,.F.);
#9237=ORIENTED_EDGE('',*,*,#6811,.F.);
#9238=ORIENTED_EDGE('',*,*,#6810,.T.);
#9239=ORIENTED_EDGE('',*,*,#6812,.F.);
#9240=ORIENTED_EDGE('',*,*,#6813,.F.);
#9241=ORIENTED_EDGE('',*,*,#6813,.T.);
#9242=ORIENTED_EDGE('',*,*,#6814,.F.);
#9243=ORIENTED_EDGE('',*,*,#6815,.T.);
#9244=ORIENTED_EDGE('',*,*,#6816,.F.);
#9245=ORIENTED_EDGE('',*,*,#6817,.F.);
#9246=ORIENTED_EDGE('',*,*,#6818,.T.);
#9247=ORIENTED_EDGE('',*,*,#6819,.F.);
#9248=ORIENTED_EDGE('',*,*,#6820,.F.);
#9249=ORIENTED_EDGE('',*,*,#6821,.F.);
#9250=ORIENTED_EDGE('',*,*,#6820,.T.);
#9251=ORIENTED_EDGE('',*,*,#6822,.F.);
#9252=ORIENTED_EDGE('',*,*,#6803,.F.);
#9253=ORIENTED_EDGE('',*,*,#6823,.F.);
#9254=ORIENTED_EDGE('',*,*,#6824,.F.);
#9255=ORIENTED_EDGE('',*,*,#6825,.F.);
#9256=ORIENTED_EDGE('',*,*,#6818,.F.);
#9257=ORIENTED_EDGE('',*,*,#6824,.T.);
#9258=ORIENTED_EDGE('',*,*,#6826,.F.);
#9259=ORIENTED_EDGE('',*,*,#6827,.T.);
#9260=ORIENTED_EDGE('',*,*,#6828,.F.);
#9261=ORIENTED_EDGE('',*,*,#6829,.F.);
#9262=ORIENTED_EDGE('',*,*,#6815,.F.);
#9263=ORIENTED_EDGE('',*,*,#6830,.F.);
#9264=ORIENTED_EDGE('',*,*,#6831,.F.);
#9265=ORIENTED_EDGE('',*,*,#6832,.F.);
#9266=ORIENTED_EDGE('',*,*,#6831,.T.);
#9267=ORIENTED_EDGE('',*,*,#6833,.F.);
#9268=ORIENTED_EDGE('',*,*,#6834,.F.);
#9269=ORIENTED_EDGE('',*,*,#6835,.F.);
#9270=ORIENTED_EDGE('',*,*,#6834,.T.);
#9271=ORIENTED_EDGE('',*,*,#6836,.F.);
#9272=ORIENTED_EDGE('',*,*,#6837,.F.);
#9273=ORIENTED_EDGE('',*,*,#6837,.T.);
#9274=ORIENTED_EDGE('',*,*,#6838,.F.);
#9275=ORIENTED_EDGE('',*,*,#6839,.T.);
#9276=ORIENTED_EDGE('',*,*,#6840,.F.);
#9277=ORIENTED_EDGE('',*,*,#6841,.F.);
#9278=ORIENTED_EDGE('',*,*,#6842,.T.);
#9279=ORIENTED_EDGE('',*,*,#6843,.F.);
#9280=ORIENTED_EDGE('',*,*,#6844,.F.);
#9281=ORIENTED_EDGE('',*,*,#6845,.F.);
#9282=ORIENTED_EDGE('',*,*,#6844,.T.);
#9283=ORIENTED_EDGE('',*,*,#6846,.F.);
#9284=ORIENTED_EDGE('',*,*,#6827,.F.);
#9285=ORIENTED_EDGE('',*,*,#6847,.F.);
#9286=ORIENTED_EDGE('',*,*,#6848,.F.);
#9287=ORIENTED_EDGE('',*,*,#6849,.F.);
#9288=ORIENTED_EDGE('',*,*,#6842,.F.);
#9289=ORIENTED_EDGE('',*,*,#6848,.T.);
#9290=ORIENTED_EDGE('',*,*,#6850,.F.);
#9291=ORIENTED_EDGE('',*,*,#6851,.T.);
#9292=ORIENTED_EDGE('',*,*,#6852,.F.);
#9293=ORIENTED_EDGE('',*,*,#6853,.F.);
#9294=ORIENTED_EDGE('',*,*,#6839,.F.);
#9295=ORIENTED_EDGE('',*,*,#6854,.F.);
#9296=ORIENTED_EDGE('',*,*,#6855,.F.);
#9297=ORIENTED_EDGE('',*,*,#6856,.F.);
#9298=ORIENTED_EDGE('',*,*,#6855,.T.);
#9299=ORIENTED_EDGE('',*,*,#6857,.F.);
#9300=ORIENTED_EDGE('',*,*,#6858,.F.);
#9301=ORIENTED_EDGE('',*,*,#6859,.F.);
#9302=ORIENTED_EDGE('',*,*,#6858,.T.);
#9303=ORIENTED_EDGE('',*,*,#6860,.F.);
#9304=ORIENTED_EDGE('',*,*,#6861,.F.);
#9305=ORIENTED_EDGE('',*,*,#6861,.T.);
#9306=ORIENTED_EDGE('',*,*,#6862,.F.);
#9307=ORIENTED_EDGE('',*,*,#6863,.T.);
#9308=ORIENTED_EDGE('',*,*,#6864,.F.);
#9309=ORIENTED_EDGE('',*,*,#6865,.F.);
#9310=ORIENTED_EDGE('',*,*,#6866,.T.);
#9311=ORIENTED_EDGE('',*,*,#6867,.F.);
#9312=ORIENTED_EDGE('',*,*,#6868,.F.);
#9313=ORIENTED_EDGE('',*,*,#6869,.F.);
#9314=ORIENTED_EDGE('',*,*,#6868,.T.);
#9315=ORIENTED_EDGE('',*,*,#6870,.F.);
#9316=ORIENTED_EDGE('',*,*,#6851,.F.);
#9317=ORIENTED_EDGE('',*,*,#6871,.F.);
#9318=ORIENTED_EDGE('',*,*,#6872,.F.);
#9319=ORIENTED_EDGE('',*,*,#6873,.F.);
#9320=ORIENTED_EDGE('',*,*,#6866,.F.);
#9321=ORIENTED_EDGE('',*,*,#6872,.T.);
#9322=ORIENTED_EDGE('',*,*,#6874,.F.);
#9323=ORIENTED_EDGE('',*,*,#6875,.T.);
#9324=ORIENTED_EDGE('',*,*,#6876,.F.);
#9325=ORIENTED_EDGE('',*,*,#6877,.F.);
#9326=ORIENTED_EDGE('',*,*,#6863,.F.);
#9327=ORIENTED_EDGE('',*,*,#6878,.F.);
#9328=ORIENTED_EDGE('',*,*,#6879,.F.);
#9329=ORIENTED_EDGE('',*,*,#6880,.F.);
#9330=ORIENTED_EDGE('',*,*,#6879,.T.);
#9331=ORIENTED_EDGE('',*,*,#6881,.F.);
#9332=ORIENTED_EDGE('',*,*,#6882,.F.);
#9333=ORIENTED_EDGE('',*,*,#6883,.F.);
#9334=ORIENTED_EDGE('',*,*,#6882,.T.);
#9335=ORIENTED_EDGE('',*,*,#6884,.F.);
#9336=ORIENTED_EDGE('',*,*,#6885,.F.);
#9337=ORIENTED_EDGE('',*,*,#6885,.T.);
#9338=ORIENTED_EDGE('',*,*,#6886,.F.);
#9339=ORIENTED_EDGE('',*,*,#6887,.F.);
#9340=ORIENTED_EDGE('',*,*,#6888,.T.);
#9341=ORIENTED_EDGE('',*,*,#6889,.T.);
#9342=ORIENTED_EDGE('',*,*,#6890,.F.);
#9343=ORIENTED_EDGE('',*,*,#6891,.F.);
#9344=ORIENTED_EDGE('',*,*,#6892,.T.);
#9345=ORIENTED_EDGE('',*,*,#6893,.F.);
#9346=ORIENTED_EDGE('',*,*,#6894,.F.);
#9347=ORIENTED_EDGE('',*,*,#6895,.F.);
#9348=ORIENTED_EDGE('',*,*,#6894,.T.);
#9349=ORIENTED_EDGE('',*,*,#6896,.F.);
#9350=ORIENTED_EDGE('',*,*,#6875,.F.);
#9351=ORIENTED_EDGE('',*,*,#6897,.F.);
#9352=ORIENTED_EDGE('',*,*,#6898,.F.);
#9353=ORIENTED_EDGE('',*,*,#6899,.F.);
#9354=ORIENTED_EDGE('',*,*,#6892,.F.);
#9355=ORIENTED_EDGE('',*,*,#6898,.T.);
#9356=ORIENTED_EDGE('',*,*,#6900,.F.);
#9357=ORIENTED_EDGE('',*,*,#6901,.T.);
#9358=ORIENTED_EDGE('',*,*,#6902,.F.);
#9359=ORIENTED_EDGE('',*,*,#6666,.F.);
#9360=ORIENTED_EDGE('',*,*,#6903,.T.);
#9361=ORIENTED_EDGE('',*,*,#6904,.T.);
#9362=ORIENTED_EDGE('',*,*,#6905,.F.);
#9363=ORIENTED_EDGE('',*,*,#6665,.F.);
#9364=ORIENTED_EDGE('',*,*,#6906,.F.);
#9365=ORIENTED_EDGE('',*,*,#6907,.F.);
#9366=ORIENTED_EDGE('',*,*,#6908,.F.);
#9367=ORIENTED_EDGE('',*,*,#6903,.F.);
#9368=ORIENTED_EDGE('',*,*,#6909,.T.);
#9369=ORIENTED_EDGE('',*,*,#6910,.T.);
#9370=ORIENTED_EDGE('',*,*,#6911,.F.);
#9371=ORIENTED_EDGE('',*,*,#6912,.T.);
#9372=ORIENTED_EDGE('',*,*,#6904,.F.);
#9373=ORIENTED_EDGE('',*,*,#6913,.F.);
#9374=ORIENTED_EDGE('',*,*,#6914,.F.);
#9375=ORIENTED_EDGE('',*,*,#6915,.F.);
#9376=ORIENTED_EDGE('',*,*,#6916,.F.);
#9377=ORIENTED_EDGE('',*,*,#6917,.F.);
#9378=ORIENTED_EDGE('',*,*,#6661,.T.);
#9379=ORIENTED_EDGE('',*,*,#6671,.T.);
#9380=ORIENTED_EDGE('',*,*,#6685,.T.);
#9381=ORIENTED_EDGE('',*,*,#6688,.T.);
#9382=ORIENTED_EDGE('',*,*,#6691,.T.);
#9383=ORIENTED_EDGE('',*,*,#6696,.T.);
#9384=ORIENTED_EDGE('',*,*,#6709,.T.);
#9385=ORIENTED_EDGE('',*,*,#6712,.T.);
#9386=ORIENTED_EDGE('',*,*,#6715,.T.);
#9387=ORIENTED_EDGE('',*,*,#6720,.T.);
#9388=ORIENTED_EDGE('',*,*,#6733,.T.);
#9389=ORIENTED_EDGE('',*,*,#6736,.T.);
#9390=ORIENTED_EDGE('',*,*,#6739,.T.);
#9391=ORIENTED_EDGE('',*,*,#6744,.T.);
#9392=ORIENTED_EDGE('',*,*,#6757,.T.);
#9393=ORIENTED_EDGE('',*,*,#6760,.T.);
#9394=ORIENTED_EDGE('',*,*,#6763,.T.);
#9395=ORIENTED_EDGE('',*,*,#6768,.T.);
#9396=ORIENTED_EDGE('',*,*,#6781,.T.);
#9397=ORIENTED_EDGE('',*,*,#6784,.T.);
#9398=ORIENTED_EDGE('',*,*,#6787,.T.);
#9399=ORIENTED_EDGE('',*,*,#6792,.T.);
#9400=ORIENTED_EDGE('',*,*,#6805,.T.);
#9401=ORIENTED_EDGE('',*,*,#6808,.T.);
#9402=ORIENTED_EDGE('',*,*,#6811,.T.);
#9403=ORIENTED_EDGE('',*,*,#6816,.T.);
#9404=ORIENTED_EDGE('',*,*,#6829,.T.);
#9405=ORIENTED_EDGE('',*,*,#6832,.T.);
#9406=ORIENTED_EDGE('',*,*,#6835,.T.);
#9407=ORIENTED_EDGE('',*,*,#6840,.T.);
#9408=ORIENTED_EDGE('',*,*,#6853,.T.);
#9409=ORIENTED_EDGE('',*,*,#6856,.T.);
#9410=ORIENTED_EDGE('',*,*,#6859,.T.);
#9411=ORIENTED_EDGE('',*,*,#6864,.T.);
#9412=ORIENTED_EDGE('',*,*,#6877,.T.);
#9413=ORIENTED_EDGE('',*,*,#6880,.T.);
#9414=ORIENTED_EDGE('',*,*,#6883,.T.);
#9415=ORIENTED_EDGE('',*,*,#6890,.T.);
#9416=ORIENTED_EDGE('',*,*,#6918,.T.);
#9417=ORIENTED_EDGE('',*,*,#6900,.T.);
#9418=ORIENTED_EDGE('',*,*,#6897,.T.);
#9419=ORIENTED_EDGE('',*,*,#6891,.T.);
#9420=ORIENTED_EDGE('',*,*,#6895,.T.);
#9421=ORIENTED_EDGE('',*,*,#6874,.T.);
#9422=ORIENTED_EDGE('',*,*,#6871,.T.);
#9423=ORIENTED_EDGE('',*,*,#6865,.T.);
#9424=ORIENTED_EDGE('',*,*,#6869,.T.);
#9425=ORIENTED_EDGE('',*,*,#6850,.T.);
#9426=ORIENTED_EDGE('',*,*,#6847,.T.);
#9427=ORIENTED_EDGE('',*,*,#6841,.T.);
#9428=ORIENTED_EDGE('',*,*,#6845,.T.);
#9429=ORIENTED_EDGE('',*,*,#6826,.T.);
#9430=ORIENTED_EDGE('',*,*,#6823,.T.);
#9431=ORIENTED_EDGE('',*,*,#6817,.T.);
#9432=ORIENTED_EDGE('',*,*,#6821,.T.);
#9433=ORIENTED_EDGE('',*,*,#6802,.T.);
#9434=ORIENTED_EDGE('',*,*,#6799,.T.);
#9435=ORIENTED_EDGE('',*,*,#6793,.T.);
#9436=ORIENTED_EDGE('',*,*,#6797,.T.);
#9437=ORIENTED_EDGE('',*,*,#6778,.T.);
#9438=ORIENTED_EDGE('',*,*,#6775,.T.);
#9439=ORIENTED_EDGE('',*,*,#6769,.T.);
#9440=ORIENTED_EDGE('',*,*,#6773,.T.);
#9441=ORIENTED_EDGE('',*,*,#6754,.T.);
#9442=ORIENTED_EDGE('',*,*,#6751,.T.);
#9443=ORIENTED_EDGE('',*,*,#6745,.T.);
#9444=ORIENTED_EDGE('',*,*,#6749,.T.);
#9445=ORIENTED_EDGE('',*,*,#6730,.T.);
#9446=ORIENTED_EDGE('',*,*,#6727,.T.);
#9447=ORIENTED_EDGE('',*,*,#6721,.T.);
#9448=ORIENTED_EDGE('',*,*,#6725,.T.);
#9449=ORIENTED_EDGE('',*,*,#6706,.T.);
#9450=ORIENTED_EDGE('',*,*,#6703,.T.);
#9451=ORIENTED_EDGE('',*,*,#6697,.T.);
#9452=ORIENTED_EDGE('',*,*,#6701,.T.);
#9453=ORIENTED_EDGE('',*,*,#6682,.T.);
#9454=ORIENTED_EDGE('',*,*,#6679,.T.);
#9455=ORIENTED_EDGE('',*,*,#6672,.T.);
#9456=ORIENTED_EDGE('',*,*,#6676,.T.);
#9457=ORIENTED_EDGE('',*,*,#6919,.T.);
#9458=ORIENTED_EDGE('',*,*,#6906,.T.);
#9459=ORIENTED_EDGE('',*,*,#6664,.T.);
#9460=ORIENTED_EDGE('',*,*,#6654,.T.);
#9461=ORIENTED_EDGE('',*,*,#6658,.T.);
#9462=ORIENTED_EDGE('',*,*,#6920,.T.);
#9463=ORIENTED_EDGE('',*,*,#6911,.T.);
#9464=ORIENTED_EDGE('',*,*,#6921,.T.);
#9465=ORIENTED_EDGE('',*,*,#6922,.T.);
#9466=ORIENTED_EDGE('',*,*,#6908,.T.);
#9467=ORIENTED_EDGE('',*,*,#6923,.T.);
#9468=ORIENTED_EDGE('',*,*,#6677,.T.);
#9469=ORIENTED_EDGE('',*,*,#6674,.T.);
#9470=ORIENTED_EDGE('',*,*,#6681,.T.);
#9471=ORIENTED_EDGE('',*,*,#6684,.T.);
#9472=ORIENTED_EDGE('',*,*,#6702,.T.);
#9473=ORIENTED_EDGE('',*,*,#6699,.T.);
#9474=ORIENTED_EDGE('',*,*,#6705,.T.);
#9475=ORIENTED_EDGE('',*,*,#6708,.T.);
#9476=ORIENTED_EDGE('',*,*,#6726,.T.);
#9477=ORIENTED_EDGE('',*,*,#6723,.T.);
#9478=ORIENTED_EDGE('',*,*,#6729,.T.);
#9479=ORIENTED_EDGE('',*,*,#6732,.T.);
#9480=ORIENTED_EDGE('',*,*,#6750,.T.);
#9481=ORIENTED_EDGE('',*,*,#6747,.T.);
#9482=ORIENTED_EDGE('',*,*,#6753,.T.);
#9483=ORIENTED_EDGE('',*,*,#6756,.T.);
#9484=ORIENTED_EDGE('',*,*,#6774,.T.);
#9485=ORIENTED_EDGE('',*,*,#6771,.T.);
#9486=ORIENTED_EDGE('',*,*,#6777,.T.);
#9487=ORIENTED_EDGE('',*,*,#6780,.T.);
#9488=ORIENTED_EDGE('',*,*,#6798,.T.);
#9489=ORIENTED_EDGE('',*,*,#6795,.T.);
#9490=ORIENTED_EDGE('',*,*,#6801,.T.);
#9491=ORIENTED_EDGE('',*,*,#6804,.T.);
#9492=ORIENTED_EDGE('',*,*,#6822,.T.);
#9493=ORIENTED_EDGE('',*,*,#6819,.T.);
#9494=ORIENTED_EDGE('',*,*,#6825,.T.);
#9495=ORIENTED_EDGE('',*,*,#6828,.T.);
#9496=ORIENTED_EDGE('',*,*,#6846,.T.);
#9497=ORIENTED_EDGE('',*,*,#6843,.T.);
#9498=ORIENTED_EDGE('',*,*,#6849,.T.);
#9499=ORIENTED_EDGE('',*,*,#6852,.T.);
#9500=ORIENTED_EDGE('',*,*,#6870,.T.);
#9501=ORIENTED_EDGE('',*,*,#6867,.T.);
#9502=ORIENTED_EDGE('',*,*,#6873,.T.);
#9503=ORIENTED_EDGE('',*,*,#6876,.T.);
#9504=ORIENTED_EDGE('',*,*,#6896,.T.);
#9505=ORIENTED_EDGE('',*,*,#6893,.T.);
#9506=ORIENTED_EDGE('',*,*,#6899,.T.);
#9507=ORIENTED_EDGE('',*,*,#6902,.T.);
#9508=ORIENTED_EDGE('',*,*,#6924,.T.);
#9509=ORIENTED_EDGE('',*,*,#6913,.T.);
#9510=ORIENTED_EDGE('',*,*,#6888,.F.);
#9511=ORIENTED_EDGE('',*,*,#6925,.T.);
#9512=ORIENTED_EDGE('',*,*,#6914,.T.);
#9513=ORIENTED_EDGE('',*,*,#6926,.F.);
#9514=ORIENTED_EDGE('',*,*,#6889,.F.);
#9515=ORIENTED_EDGE('',*,*,#6926,.T.);
#9516=ORIENTED_EDGE('',*,*,#6924,.F.);
#9517=ORIENTED_EDGE('',*,*,#6901,.F.);
#9518=ORIENTED_EDGE('',*,*,#6918,.F.);
#9519=ORIENTED_EDGE('',*,*,#6678,.T.);
#9520=ORIENTED_EDGE('',*,*,#6923,.F.);
#9521=ORIENTED_EDGE('',*,*,#6907,.T.);
#9522=ORIENTED_EDGE('',*,*,#6919,.F.);
#9523=ORIENTED_EDGE('',*,*,#6887,.T.);
#9524=ORIENTED_EDGE('',*,*,#6927,.F.);
#9525=ORIENTED_EDGE('',*,*,#6928,.F.);
#9526=ORIENTED_EDGE('',*,*,#6929,.F.);
#9527=ORIENTED_EDGE('',*,*,#6915,.T.);
#9528=ORIENTED_EDGE('',*,*,#6925,.F.);
#9529=ORIENTED_EDGE('',*,*,#6929,.T.);
#9530=ORIENTED_EDGE('',*,*,#6930,.T.);
#9531=ORIENTED_EDGE('',*,*,#6931,.T.);
#9532=ORIENTED_EDGE('',*,*,#6916,.T.);
#9533=ORIENTED_EDGE('',*,*,#6932,.F.);
#9534=ORIENTED_EDGE('',*,*,#6667,.F.);
#9535=ORIENTED_EDGE('',*,*,#6905,.T.);
#9536=ORIENTED_EDGE('',*,*,#6912,.F.);
#9537=ORIENTED_EDGE('',*,*,#6920,.F.);
#9538=ORIENTED_EDGE('',*,*,#6933,.T.);
#9539=ORIENTED_EDGE('',*,*,#6927,.T.);
#9540=ORIENTED_EDGE('',*,*,#6886,.T.);
#9541=ORIENTED_EDGE('',*,*,#6884,.T.);
#9542=ORIENTED_EDGE('',*,*,#6881,.T.);
#9543=ORIENTED_EDGE('',*,*,#6878,.T.);
#9544=ORIENTED_EDGE('',*,*,#6862,.T.);
#9545=ORIENTED_EDGE('',*,*,#6860,.T.);
#9546=ORIENTED_EDGE('',*,*,#6857,.T.);
#9547=ORIENTED_EDGE('',*,*,#6854,.T.);
#9548=ORIENTED_EDGE('',*,*,#6838,.T.);
#9549=ORIENTED_EDGE('',*,*,#6836,.T.);
#9550=ORIENTED_EDGE('',*,*,#6833,.T.);
#9551=ORIENTED_EDGE('',*,*,#6830,.T.);
#9552=ORIENTED_EDGE('',*,*,#6814,.T.);
#9553=ORIENTED_EDGE('',*,*,#6812,.T.);
#9554=ORIENTED_EDGE('',*,*,#6809,.T.);
#9555=ORIENTED_EDGE('',*,*,#6806,.T.);
#9556=ORIENTED_EDGE('',*,*,#6790,.T.);
#9557=ORIENTED_EDGE('',*,*,#6788,.T.);
#9558=ORIENTED_EDGE('',*,*,#6785,.T.);
#9559=ORIENTED_EDGE('',*,*,#6782,.T.);
#9560=ORIENTED_EDGE('',*,*,#6766,.T.);
#9561=ORIENTED_EDGE('',*,*,#6764,.T.);
#9562=ORIENTED_EDGE('',*,*,#6761,.T.);
#9563=ORIENTED_EDGE('',*,*,#6758,.T.);
#9564=ORIENTED_EDGE('',*,*,#6742,.T.);
#9565=ORIENTED_EDGE('',*,*,#6740,.T.);
#9566=ORIENTED_EDGE('',*,*,#6737,.T.);
#9567=ORIENTED_EDGE('',*,*,#6734,.T.);
#9568=ORIENTED_EDGE('',*,*,#6718,.T.);
#9569=ORIENTED_EDGE('',*,*,#6716,.T.);
#9570=ORIENTED_EDGE('',*,*,#6713,.T.);
#9571=ORIENTED_EDGE('',*,*,#6710,.T.);
#9572=ORIENTED_EDGE('',*,*,#6694,.T.);
#9573=ORIENTED_EDGE('',*,*,#6692,.T.);
#9574=ORIENTED_EDGE('',*,*,#6689,.T.);
#9575=ORIENTED_EDGE('',*,*,#6686,.T.);
#9576=ORIENTED_EDGE('',*,*,#6669,.T.);
#9577=ORIENTED_EDGE('',*,*,#6662,.T.);
#9578=ORIENTED_EDGE('',*,*,#6659,.T.);
#9579=ORIENTED_EDGE('',*,*,#6656,.T.);
#9580=ORIENTED_EDGE('',*,*,#6668,.T.);
#9581=ORIENTED_EDGE('',*,*,#6932,.T.);
#9582=ORIENTED_EDGE('',*,*,#6934,.T.);
#9583=ORIENTED_EDGE('',*,*,#6922,.F.);
#9584=ORIENTED_EDGE('',*,*,#6935,.F.);
#9585=ORIENTED_EDGE('',*,*,#6936,.T.);
#9586=ORIENTED_EDGE('',*,*,#6937,.T.);
#9587=ORIENTED_EDGE('',*,*,#6930,.F.);
#9588=ORIENTED_EDGE('',*,*,#6928,.T.);
#9589=ORIENTED_EDGE('',*,*,#6934,.F.);
#9590=ORIENTED_EDGE('',*,*,#6933,.F.);
#9591=ORIENTED_EDGE('',*,*,#6936,.F.);
#9592=ORIENTED_EDGE('',*,*,#6938,.F.);
#9593=ORIENTED_EDGE('',*,*,#6909,.F.);
#9594=ORIENTED_EDGE('',*,*,#6939,.F.);
#9595=ORIENTED_EDGE('',*,*,#6938,.T.);
#9596=ORIENTED_EDGE('',*,*,#6935,.T.);
#9597=ORIENTED_EDGE('',*,*,#6921,.F.);
#9598=ORIENTED_EDGE('',*,*,#6910,.F.);
#9599=ORIENTED_EDGE('',*,*,#6939,.T.);
#9600=ORIENTED_EDGE('',*,*,#6917,.T.);
#9601=ORIENTED_EDGE('',*,*,#6931,.F.);
#9602=ORIENTED_EDGE('',*,*,#6937,.F.);
#9603=ORIENTED_EDGE('',*,*,#6940,.T.);
#9604=ORIENTED_EDGE('',*,*,#6941,.T.);
#9605=ORIENTED_EDGE('',*,*,#6942,.F.);
#9606=ORIENTED_EDGE('',*,*,#6943,.F.);
#9607=ORIENTED_EDGE('',*,*,#6944,.T.);
#9608=ORIENTED_EDGE('',*,*,#6943,.T.);
#9609=ORIENTED_EDGE('',*,*,#6945,.F.);
#9610=ORIENTED_EDGE('',*,*,#6946,.F.);
#9611=ORIENTED_EDGE('',*,*,#6947,.T.);
#9612=ORIENTED_EDGE('',*,*,#6946,.T.);
#9613=ORIENTED_EDGE('',*,*,#6948,.F.);
#9614=ORIENTED_EDGE('',*,*,#6949,.F.);
#9615=ORIENTED_EDGE('',*,*,#6950,.T.);
#9616=ORIENTED_EDGE('',*,*,#6949,.T.);
#9617=ORIENTED_EDGE('',*,*,#6951,.F.);
#9618=ORIENTED_EDGE('',*,*,#6941,.F.);
#9619=ORIENTED_EDGE('',*,*,#6951,.T.);
#9620=ORIENTED_EDGE('',*,*,#6948,.T.);
#9621=ORIENTED_EDGE('',*,*,#6945,.T.);
#9622=ORIENTED_EDGE('',*,*,#6942,.T.);
#9623=ORIENTED_EDGE('',*,*,#6950,.F.);
#9624=ORIENTED_EDGE('',*,*,#6940,.F.);
#9625=ORIENTED_EDGE('',*,*,#6944,.F.);
#9626=ORIENTED_EDGE('',*,*,#6947,.F.);
#9627=ORIENTED_EDGE('',*,*,#6952,.T.);
#9628=ORIENTED_EDGE('',*,*,#6953,.F.);
#9629=ORIENTED_EDGE('',*,*,#6954,.F.);
#9630=ORIENTED_EDGE('',*,*,#6955,.F.);
#9631=ORIENTED_EDGE('',*,*,#6956,.T.);
#9632=ORIENTED_EDGE('',*,*,#6955,.T.);
#9633=ORIENTED_EDGE('',*,*,#6957,.F.);
#9634=ORIENTED_EDGE('',*,*,#6958,.F.);
#9635=ORIENTED_EDGE('',*,*,#6959,.T.);
#9636=ORIENTED_EDGE('',*,*,#6958,.T.);
#9637=ORIENTED_EDGE('',*,*,#6960,.F.);
#9638=ORIENTED_EDGE('',*,*,#6961,.F.);
#9639=ORIENTED_EDGE('',*,*,#6962,.F.);
#9640=ORIENTED_EDGE('',*,*,#6960,.T.);
#9641=ORIENTED_EDGE('',*,*,#6957,.T.);
#9642=ORIENTED_EDGE('',*,*,#6954,.T.);
#9643=ORIENTED_EDGE('',*,*,#6963,.F.);
#9644=ORIENTED_EDGE('',*,*,#6952,.F.);
#9645=ORIENTED_EDGE('',*,*,#6956,.F.);
#9646=ORIENTED_EDGE('',*,*,#6959,.F.);
#9647=ORIENTED_EDGE('',*,*,#6964,.T.);
#9648=ORIENTED_EDGE('',*,*,#6965,.T.);
#9649=ORIENTED_EDGE('',*,*,#6966,.F.);
#9650=ORIENTED_EDGE('',*,*,#6967,.F.);
#9651=ORIENTED_EDGE('',*,*,#6968,.T.);
#9652=ORIENTED_EDGE('',*,*,#6969,.F.);
#9653=ORIENTED_EDGE('',*,*,#6970,.F.);
#9654=ORIENTED_EDGE('',*,*,#6971,.F.);
#9655=ORIENTED_EDGE('',*,*,#6972,.T.);
#9656=ORIENTED_EDGE('',*,*,#6971,.T.);
#9657=ORIENTED_EDGE('',*,*,#6973,.F.);
#9658=ORIENTED_EDGE('',*,*,#6965,.F.);
#9659=ORIENTED_EDGE('',*,*,#6973,.T.);
#9660=ORIENTED_EDGE('',*,*,#6970,.T.);
#9661=ORIENTED_EDGE('',*,*,#6974,.F.);
#9662=ORIENTED_EDGE('',*,*,#6966,.T.);
#9663=ORIENTED_EDGE('',*,*,#6972,.F.);
#9664=ORIENTED_EDGE('',*,*,#6964,.F.);
#9665=ORIENTED_EDGE('',*,*,#6975,.F.);
#9666=ORIENTED_EDGE('',*,*,#6968,.F.);
#9667=ORIENTED_EDGE('',*,*,#6976,.T.);
#9668=ORIENTED_EDGE('',*,*,#6977,.T.);
#9669=ORIENTED_EDGE('',*,*,#6978,.F.);
#9670=ORIENTED_EDGE('',*,*,#6979,.F.);
#9671=ORIENTED_EDGE('',*,*,#6980,.T.);
#9672=ORIENTED_EDGE('',*,*,#6979,.T.);
#9673=ORIENTED_EDGE('',*,*,#6981,.F.);
#9674=ORIENTED_EDGE('',*,*,#6982,.F.);
#9675=ORIENTED_EDGE('',*,*,#6961,.T.);
#9676=ORIENTED_EDGE('',*,*,#6962,.T.);
#9677=ORIENTED_EDGE('',*,*,#6953,.T.);
#9678=ORIENTED_EDGE('',*,*,#6963,.T.);
#9679=ORIENTED_EDGE('',*,*,#6983,.T.);
#9680=ORIENTED_EDGE('',*,*,#6982,.T.);
#9681=ORIENTED_EDGE('',*,*,#6984,.F.);
#9682=ORIENTED_EDGE('',*,*,#6985,.F.);
#9683=ORIENTED_EDGE('',*,*,#6986,.T.);
#9684=ORIENTED_EDGE('',*,*,#6985,.T.);
#9685=ORIENTED_EDGE('',*,*,#6987,.F.);
#9686=ORIENTED_EDGE('',*,*,#6977,.F.);
#9687=ORIENTED_EDGE('',*,*,#6969,.T.);
#9688=ORIENTED_EDGE('',*,*,#6975,.T.);
#9689=ORIENTED_EDGE('',*,*,#6967,.T.);
#9690=ORIENTED_EDGE('',*,*,#6974,.T.);
#9691=ORIENTED_EDGE('',*,*,#6987,.T.);
#9692=ORIENTED_EDGE('',*,*,#6984,.T.);
#9693=ORIENTED_EDGE('',*,*,#6981,.T.);
#9694=ORIENTED_EDGE('',*,*,#6978,.T.);
#9695=ORIENTED_EDGE('',*,*,#6986,.F.);
#9696=ORIENTED_EDGE('',*,*,#6976,.F.);
#9697=ORIENTED_EDGE('',*,*,#6980,.F.);
#9698=ORIENTED_EDGE('',*,*,#6983,.F.);
#9699=ORIENTED_EDGE('',*,*,#6988,.F.);
#9700=ORIENTED_EDGE('',*,*,#6989,.T.);
#9701=ORIENTED_EDGE('',*,*,#6990,.F.);
#9702=ORIENTED_EDGE('',*,*,#6991,.F.);
#9703=ORIENTED_EDGE('',*,*,#6992,.F.);
#9704=ORIENTED_EDGE('',*,*,#6991,.T.);
#9705=ORIENTED_EDGE('',*,*,#6993,.F.);
#9706=ORIENTED_EDGE('',*,*,#6994,.F.);
#9707=ORIENTED_EDGE('',*,*,#6995,.F.);
#9708=ORIENTED_EDGE('',*,*,#6994,.T.);
#9709=ORIENTED_EDGE('',*,*,#6996,.F.);
#9710=ORIENTED_EDGE('',*,*,#6997,.F.);
#9711=ORIENTED_EDGE('',*,*,#6998,.F.);
#9712=ORIENTED_EDGE('',*,*,#6997,.T.);
#9713=ORIENTED_EDGE('',*,*,#6999,.F.);
#9714=ORIENTED_EDGE('',*,*,#7000,.F.);
#9715=ORIENTED_EDGE('',*,*,#7001,.F.);
#9716=ORIENTED_EDGE('',*,*,#7000,.T.);
#9717=ORIENTED_EDGE('',*,*,#7002,.F.);
#9718=ORIENTED_EDGE('',*,*,#7003,.F.);
#9719=ORIENTED_EDGE('',*,*,#7004,.F.);
#9720=ORIENTED_EDGE('',*,*,#7003,.T.);
#9721=ORIENTED_EDGE('',*,*,#7005,.F.);
#9722=ORIENTED_EDGE('',*,*,#7006,.F.);
#9723=ORIENTED_EDGE('',*,*,#7007,.F.);
#9724=ORIENTED_EDGE('',*,*,#7006,.T.);
#9725=ORIENTED_EDGE('',*,*,#7008,.F.);
#9726=ORIENTED_EDGE('',*,*,#7009,.F.);
#9727=ORIENTED_EDGE('',*,*,#7010,.F.);
#9728=ORIENTED_EDGE('',*,*,#7009,.T.);
#9729=ORIENTED_EDGE('',*,*,#7011,.F.);
#9730=ORIENTED_EDGE('',*,*,#7012,.F.);
#9731=ORIENTED_EDGE('',*,*,#7013,.F.);
#9732=ORIENTED_EDGE('',*,*,#7012,.T.);
#9733=ORIENTED_EDGE('',*,*,#7014,.F.);
#9734=ORIENTED_EDGE('',*,*,#7015,.F.);
#9735=ORIENTED_EDGE('',*,*,#7016,.F.);
#9736=ORIENTED_EDGE('',*,*,#7015,.T.);
#9737=ORIENTED_EDGE('',*,*,#7017,.F.);
#9738=ORIENTED_EDGE('',*,*,#7018,.F.);
#9739=ORIENTED_EDGE('',*,*,#7019,.F.);
#9740=ORIENTED_EDGE('',*,*,#7018,.T.);
#9741=ORIENTED_EDGE('',*,*,#7020,.F.);
#9742=ORIENTED_EDGE('',*,*,#7021,.F.);
#9743=ORIENTED_EDGE('',*,*,#7022,.F.);
#9744=ORIENTED_EDGE('',*,*,#7021,.T.);
#9745=ORIENTED_EDGE('',*,*,#7023,.F.);
#9746=ORIENTED_EDGE('',*,*,#6989,.F.);
#9747=ORIENTED_EDGE('',*,*,#7023,.T.);
#9748=ORIENTED_EDGE('',*,*,#7020,.T.);
#9749=ORIENTED_EDGE('',*,*,#7017,.T.);
#9750=ORIENTED_EDGE('',*,*,#7014,.T.);
#9751=ORIENTED_EDGE('',*,*,#7011,.T.);
#9752=ORIENTED_EDGE('',*,*,#7008,.T.);
#9753=ORIENTED_EDGE('',*,*,#7005,.T.);
#9754=ORIENTED_EDGE('',*,*,#7002,.T.);
#9755=ORIENTED_EDGE('',*,*,#6999,.T.);
#9756=ORIENTED_EDGE('',*,*,#6996,.T.);
#9757=ORIENTED_EDGE('',*,*,#6993,.T.);
#9758=ORIENTED_EDGE('',*,*,#6990,.T.);
#9759=ORIENTED_EDGE('',*,*,#7022,.T.);
#9760=ORIENTED_EDGE('',*,*,#6988,.T.);
#9761=ORIENTED_EDGE('',*,*,#6992,.T.);
#9762=ORIENTED_EDGE('',*,*,#6995,.T.);
#9763=ORIENTED_EDGE('',*,*,#6998,.T.);
#9764=ORIENTED_EDGE('',*,*,#7001,.T.);
#9765=ORIENTED_EDGE('',*,*,#7004,.T.);
#9766=ORIENTED_EDGE('',*,*,#7007,.T.);
#9767=ORIENTED_EDGE('',*,*,#7010,.T.);
#9768=ORIENTED_EDGE('',*,*,#7013,.T.);
#9769=ORIENTED_EDGE('',*,*,#7016,.T.);
#9770=ORIENTED_EDGE('',*,*,#7019,.T.);
#9771=ORIENTED_EDGE('',*,*,#7024,.F.);
#9772=ORIENTED_EDGE('',*,*,#7025,.T.);
#9773=ORIENTED_EDGE('',*,*,#7026,.F.);
#9774=ORIENTED_EDGE('',*,*,#7027,.F.);
#9775=ORIENTED_EDGE('',*,*,#7028,.F.);
#9776=ORIENTED_EDGE('',*,*,#7027,.T.);
#9777=ORIENTED_EDGE('',*,*,#7029,.F.);
#9778=ORIENTED_EDGE('',*,*,#7030,.F.);
#9779=ORIENTED_EDGE('',*,*,#7031,.F.);
#9780=ORIENTED_EDGE('',*,*,#7030,.T.);
#9781=ORIENTED_EDGE('',*,*,#7032,.F.);
#9782=ORIENTED_EDGE('',*,*,#7033,.F.);
#9783=ORIENTED_EDGE('',*,*,#7034,.F.);
#9784=ORIENTED_EDGE('',*,*,#7033,.T.);
#9785=ORIENTED_EDGE('',*,*,#7035,.F.);
#9786=ORIENTED_EDGE('',*,*,#7036,.F.);
#9787=ORIENTED_EDGE('',*,*,#7037,.F.);
#9788=ORIENTED_EDGE('',*,*,#7036,.T.);
#9789=ORIENTED_EDGE('',*,*,#7038,.F.);
#9790=ORIENTED_EDGE('',*,*,#7039,.F.);
#9791=ORIENTED_EDGE('',*,*,#7040,.F.);
#9792=ORIENTED_EDGE('',*,*,#7039,.T.);
#9793=ORIENTED_EDGE('',*,*,#7041,.F.);
#9794=ORIENTED_EDGE('',*,*,#7042,.F.);
#9795=ORIENTED_EDGE('',*,*,#7043,.F.);
#9796=ORIENTED_EDGE('',*,*,#7042,.T.);
#9797=ORIENTED_EDGE('',*,*,#7044,.F.);
#9798=ORIENTED_EDGE('',*,*,#7045,.F.);
#9799=ORIENTED_EDGE('',*,*,#7046,.F.);
#9800=ORIENTED_EDGE('',*,*,#7045,.T.);
#9801=ORIENTED_EDGE('',*,*,#7047,.F.);
#9802=ORIENTED_EDGE('',*,*,#7048,.F.);
#9803=ORIENTED_EDGE('',*,*,#7049,.F.);
#9804=ORIENTED_EDGE('',*,*,#7048,.T.);
#9805=ORIENTED_EDGE('',*,*,#7050,.F.);
#9806=ORIENTED_EDGE('',*,*,#7051,.F.);
#9807=ORIENTED_EDGE('',*,*,#7052,.F.);
#9808=ORIENTED_EDGE('',*,*,#7051,.T.);
#9809=ORIENTED_EDGE('',*,*,#7053,.F.);
#9810=ORIENTED_EDGE('',*,*,#7054,.F.);
#9811=ORIENTED_EDGE('',*,*,#7055,.F.);
#9812=ORIENTED_EDGE('',*,*,#7054,.T.);
#9813=ORIENTED_EDGE('',*,*,#7056,.F.);
#9814=ORIENTED_EDGE('',*,*,#7057,.F.);
#9815=ORIENTED_EDGE('',*,*,#7058,.F.);
#9816=ORIENTED_EDGE('',*,*,#7057,.T.);
#9817=ORIENTED_EDGE('',*,*,#7059,.F.);
#9818=ORIENTED_EDGE('',*,*,#7060,.F.);
#9819=ORIENTED_EDGE('',*,*,#7061,.F.);
#9820=ORIENTED_EDGE('',*,*,#7060,.T.);
#9821=ORIENTED_EDGE('',*,*,#7062,.F.);
#9822=ORIENTED_EDGE('',*,*,#7025,.F.);
#9823=ORIENTED_EDGE('',*,*,#7062,.T.);
#9824=ORIENTED_EDGE('',*,*,#7059,.T.);
#9825=ORIENTED_EDGE('',*,*,#7056,.T.);
#9826=ORIENTED_EDGE('',*,*,#7053,.T.);
#9827=ORIENTED_EDGE('',*,*,#7050,.T.);
#9828=ORIENTED_EDGE('',*,*,#7047,.T.);
#9829=ORIENTED_EDGE('',*,*,#7044,.T.);
#9830=ORIENTED_EDGE('',*,*,#7041,.T.);
#9831=ORIENTED_EDGE('',*,*,#7038,.T.);
#9832=ORIENTED_EDGE('',*,*,#7035,.T.);
#9833=ORIENTED_EDGE('',*,*,#7032,.T.);
#9834=ORIENTED_EDGE('',*,*,#7029,.T.);
#9835=ORIENTED_EDGE('',*,*,#7026,.T.);
#9836=ORIENTED_EDGE('',*,*,#7061,.T.);
#9837=ORIENTED_EDGE('',*,*,#7024,.T.);
#9838=ORIENTED_EDGE('',*,*,#7028,.T.);
#9839=ORIENTED_EDGE('',*,*,#7031,.T.);
#9840=ORIENTED_EDGE('',*,*,#7034,.T.);
#9841=ORIENTED_EDGE('',*,*,#7037,.T.);
#9842=ORIENTED_EDGE('',*,*,#7040,.T.);
#9843=ORIENTED_EDGE('',*,*,#7043,.T.);
#9844=ORIENTED_EDGE('',*,*,#7046,.T.);
#9845=ORIENTED_EDGE('',*,*,#7049,.T.);
#9846=ORIENTED_EDGE('',*,*,#7052,.T.);
#9847=ORIENTED_EDGE('',*,*,#7055,.T.);
#9848=ORIENTED_EDGE('',*,*,#7058,.T.);
#9849=ORIENTED_EDGE('',*,*,#7063,.F.);
#9850=ORIENTED_EDGE('',*,*,#7064,.T.);
#9851=ORIENTED_EDGE('',*,*,#7065,.F.);
#9852=ORIENTED_EDGE('',*,*,#7066,.F.);
#9853=ORIENTED_EDGE('',*,*,#7067,.F.);
#9854=ORIENTED_EDGE('',*,*,#7066,.T.);
#9855=ORIENTED_EDGE('',*,*,#7068,.F.);
#9856=ORIENTED_EDGE('',*,*,#7069,.F.);
#9857=ORIENTED_EDGE('',*,*,#7070,.F.);
#9858=ORIENTED_EDGE('',*,*,#7069,.T.);
#9859=ORIENTED_EDGE('',*,*,#7071,.F.);
#9860=ORIENTED_EDGE('',*,*,#7064,.F.);
#9861=ORIENTED_EDGE('',*,*,#7072,.F.);
#9862=ORIENTED_EDGE('',*,*,#7073,.T.);
#9863=ORIENTED_EDGE('',*,*,#7074,.F.);
#9864=ORIENTED_EDGE('',*,*,#7075,.F.);
#9865=ORIENTED_EDGE('',*,*,#7076,.F.);
#9866=ORIENTED_EDGE('',*,*,#7075,.T.);
#9867=ORIENTED_EDGE('',*,*,#7077,.F.);
#9868=ORIENTED_EDGE('',*,*,#7078,.F.);
#9869=ORIENTED_EDGE('',*,*,#7079,.F.);
#9870=ORIENTED_EDGE('',*,*,#7078,.T.);
#9871=ORIENTED_EDGE('',*,*,#7080,.F.);
#9872=ORIENTED_EDGE('',*,*,#7081,.F.);
#9873=ORIENTED_EDGE('',*,*,#7082,.F.);
#9874=ORIENTED_EDGE('',*,*,#7081,.T.);
#9875=ORIENTED_EDGE('',*,*,#7083,.F.);
#9876=ORIENTED_EDGE('',*,*,#7084,.F.);
#9877=ORIENTED_EDGE('',*,*,#7085,.F.);
#9878=ORIENTED_EDGE('',*,*,#7084,.T.);
#9879=ORIENTED_EDGE('',*,*,#7086,.F.);
#9880=ORIENTED_EDGE('',*,*,#7087,.F.);
#9881=ORIENTED_EDGE('',*,*,#7088,.F.);
#9882=ORIENTED_EDGE('',*,*,#7087,.T.);
#9883=ORIENTED_EDGE('',*,*,#7089,.F.);
#9884=ORIENTED_EDGE('',*,*,#7090,.F.);
#9885=ORIENTED_EDGE('',*,*,#7091,.F.);
#9886=ORIENTED_EDGE('',*,*,#7090,.T.);
#9887=ORIENTED_EDGE('',*,*,#7092,.F.);
#9888=ORIENTED_EDGE('',*,*,#7093,.F.);
#9889=ORIENTED_EDGE('',*,*,#7094,.F.);
#9890=ORIENTED_EDGE('',*,*,#7093,.T.);
#9891=ORIENTED_EDGE('',*,*,#7095,.F.);
#9892=ORIENTED_EDGE('',*,*,#7073,.F.);
#9893=ORIENTED_EDGE('',*,*,#7095,.T.);
#9894=ORIENTED_EDGE('',*,*,#7092,.T.);
#9895=ORIENTED_EDGE('',*,*,#7089,.T.);
#9896=ORIENTED_EDGE('',*,*,#7086,.T.);
#9897=ORIENTED_EDGE('',*,*,#7083,.T.);
#9898=ORIENTED_EDGE('',*,*,#7080,.T.);
#9899=ORIENTED_EDGE('',*,*,#7077,.T.);
#9900=ORIENTED_EDGE('',*,*,#7074,.T.);
#9901=ORIENTED_EDGE('',*,*,#7071,.T.);
#9902=ORIENTED_EDGE('',*,*,#7068,.T.);
#9903=ORIENTED_EDGE('',*,*,#7065,.T.);
#9904=ORIENTED_EDGE('',*,*,#7094,.T.);
#9905=ORIENTED_EDGE('',*,*,#7072,.T.);
#9906=ORIENTED_EDGE('',*,*,#7076,.T.);
#9907=ORIENTED_EDGE('',*,*,#7079,.T.);
#9908=ORIENTED_EDGE('',*,*,#7082,.T.);
#9909=ORIENTED_EDGE('',*,*,#7085,.T.);
#9910=ORIENTED_EDGE('',*,*,#7088,.T.);
#9911=ORIENTED_EDGE('',*,*,#7091,.T.);
#9912=ORIENTED_EDGE('',*,*,#7070,.T.);
#9913=ORIENTED_EDGE('',*,*,#7063,.T.);
#9914=ORIENTED_EDGE('',*,*,#7067,.T.);
#9915=ORIENTED_EDGE('',*,*,#7096,.F.);
#9916=ORIENTED_EDGE('',*,*,#7097,.T.);
#9917=ORIENTED_EDGE('',*,*,#7098,.F.);
#9918=ORIENTED_EDGE('',*,*,#7099,.F.);
#9919=ORIENTED_EDGE('',*,*,#7100,.F.);
#9920=ORIENTED_EDGE('',*,*,#7099,.T.);
#9921=ORIENTED_EDGE('',*,*,#7101,.F.);
#9922=ORIENTED_EDGE('',*,*,#7102,.F.);
#9923=ORIENTED_EDGE('',*,*,#7103,.F.);
#9924=ORIENTED_EDGE('',*,*,#7102,.T.);
#9925=ORIENTED_EDGE('',*,*,#7104,.F.);
#9926=ORIENTED_EDGE('',*,*,#7105,.F.);
#9927=ORIENTED_EDGE('',*,*,#7106,.F.);
#9928=ORIENTED_EDGE('',*,*,#7105,.T.);
#9929=ORIENTED_EDGE('',*,*,#7107,.F.);
#9930=ORIENTED_EDGE('',*,*,#7108,.F.);
#9931=ORIENTED_EDGE('',*,*,#7109,.F.);
#9932=ORIENTED_EDGE('',*,*,#7108,.T.);
#9933=ORIENTED_EDGE('',*,*,#7110,.F.);
#9934=ORIENTED_EDGE('',*,*,#7111,.F.);
#9935=ORIENTED_EDGE('',*,*,#7112,.F.);
#9936=ORIENTED_EDGE('',*,*,#7111,.T.);
#9937=ORIENTED_EDGE('',*,*,#7113,.F.);
#9938=ORIENTED_EDGE('',*,*,#7114,.F.);
#9939=ORIENTED_EDGE('',*,*,#7115,.F.);
#9940=ORIENTED_EDGE('',*,*,#7114,.T.);
#9941=ORIENTED_EDGE('',*,*,#7116,.F.);
#9942=ORIENTED_EDGE('',*,*,#7117,.F.);
#9943=ORIENTED_EDGE('',*,*,#7118,.F.);
#9944=ORIENTED_EDGE('',*,*,#7117,.T.);
#9945=ORIENTED_EDGE('',*,*,#7119,.F.);
#9946=ORIENTED_EDGE('',*,*,#7120,.F.);
#9947=ORIENTED_EDGE('',*,*,#7121,.F.);
#9948=ORIENTED_EDGE('',*,*,#7120,.T.);
#9949=ORIENTED_EDGE('',*,*,#7122,.F.);
#9950=ORIENTED_EDGE('',*,*,#7123,.F.);
#9951=ORIENTED_EDGE('',*,*,#7124,.F.);
#9952=ORIENTED_EDGE('',*,*,#7123,.T.);
#9953=ORIENTED_EDGE('',*,*,#7125,.F.);
#9954=ORIENTED_EDGE('',*,*,#7126,.F.);
#9955=ORIENTED_EDGE('',*,*,#7127,.F.);
#9956=ORIENTED_EDGE('',*,*,#7126,.T.);
#9957=ORIENTED_EDGE('',*,*,#7128,.F.);
#9958=ORIENTED_EDGE('',*,*,#7129,.F.);
#9959=ORIENTED_EDGE('',*,*,#7130,.F.);
#9960=ORIENTED_EDGE('',*,*,#7129,.T.);
#9961=ORIENTED_EDGE('',*,*,#7131,.F.);
#9962=ORIENTED_EDGE('',*,*,#7132,.F.);
#9963=ORIENTED_EDGE('',*,*,#7133,.F.);
#9964=ORIENTED_EDGE('',*,*,#7132,.T.);
#9965=ORIENTED_EDGE('',*,*,#7134,.F.);
#9966=ORIENTED_EDGE('',*,*,#7135,.F.);
#9967=ORIENTED_EDGE('',*,*,#7136,.F.);
#9968=ORIENTED_EDGE('',*,*,#7135,.T.);
#9969=ORIENTED_EDGE('',*,*,#7137,.F.);
#9970=ORIENTED_EDGE('',*,*,#7138,.F.);
#9971=ORIENTED_EDGE('',*,*,#7139,.F.);
#9972=ORIENTED_EDGE('',*,*,#7138,.T.);
#9973=ORIENTED_EDGE('',*,*,#7140,.F.);
#9974=ORIENTED_EDGE('',*,*,#7141,.F.);
#9975=ORIENTED_EDGE('',*,*,#7142,.F.);
#9976=ORIENTED_EDGE('',*,*,#7141,.T.);
#9977=ORIENTED_EDGE('',*,*,#7143,.F.);
#9978=ORIENTED_EDGE('',*,*,#7144,.F.);
#9979=ORIENTED_EDGE('',*,*,#7145,.F.);
#9980=ORIENTED_EDGE('',*,*,#7144,.T.);
#9981=ORIENTED_EDGE('',*,*,#7146,.F.);
#9982=ORIENTED_EDGE('',*,*,#7147,.F.);
#9983=ORIENTED_EDGE('',*,*,#7148,.F.);
#9984=ORIENTED_EDGE('',*,*,#7147,.T.);
#9985=ORIENTED_EDGE('',*,*,#7149,.F.);
#9986=ORIENTED_EDGE('',*,*,#7150,.F.);
#9987=ORIENTED_EDGE('',*,*,#7151,.F.);
#9988=ORIENTED_EDGE('',*,*,#7150,.T.);
#9989=ORIENTED_EDGE('',*,*,#7152,.F.);
#9990=ORIENTED_EDGE('',*,*,#7153,.F.);
#9991=ORIENTED_EDGE('',*,*,#7154,.F.);
#9992=ORIENTED_EDGE('',*,*,#7153,.T.);
#9993=ORIENTED_EDGE('',*,*,#7155,.F.);
#9994=ORIENTED_EDGE('',*,*,#7156,.F.);
#9995=ORIENTED_EDGE('',*,*,#7157,.F.);
#9996=ORIENTED_EDGE('',*,*,#7156,.T.);
#9997=ORIENTED_EDGE('',*,*,#7158,.F.);
#9998=ORIENTED_EDGE('',*,*,#7159,.F.);
#9999=ORIENTED_EDGE('',*,*,#7160,.F.);
#10000=ORIENTED_EDGE('',*,*,#7159,.T.);
#10001=ORIENTED_EDGE('',*,*,#7161,.F.);
#10002=ORIENTED_EDGE('',*,*,#7162,.F.);
#10003=ORIENTED_EDGE('',*,*,#7163,.F.);
#10004=ORIENTED_EDGE('',*,*,#7162,.T.);
#10005=ORIENTED_EDGE('',*,*,#7164,.F.);
#10006=ORIENTED_EDGE('',*,*,#7165,.F.);
#10007=ORIENTED_EDGE('',*,*,#7166,.F.);
#10008=ORIENTED_EDGE('',*,*,#7165,.T.);
#10009=ORIENTED_EDGE('',*,*,#7167,.F.);
#10010=ORIENTED_EDGE('',*,*,#7168,.F.);
#10011=ORIENTED_EDGE('',*,*,#7169,.F.);
#10012=ORIENTED_EDGE('',*,*,#7168,.T.);
#10013=ORIENTED_EDGE('',*,*,#7170,.F.);
#10014=ORIENTED_EDGE('',*,*,#7097,.F.);
#10015=ORIENTED_EDGE('',*,*,#7170,.T.);
#10016=ORIENTED_EDGE('',*,*,#7167,.T.);
#10017=ORIENTED_EDGE('',*,*,#7164,.T.);
#10018=ORIENTED_EDGE('',*,*,#7161,.T.);
#10019=ORIENTED_EDGE('',*,*,#7158,.T.);
#10020=ORIENTED_EDGE('',*,*,#7155,.T.);
#10021=ORIENTED_EDGE('',*,*,#7152,.T.);
#10022=ORIENTED_EDGE('',*,*,#7149,.T.);
#10023=ORIENTED_EDGE('',*,*,#7146,.T.);
#10024=ORIENTED_EDGE('',*,*,#7143,.T.);
#10025=ORIENTED_EDGE('',*,*,#7140,.T.);
#10026=ORIENTED_EDGE('',*,*,#7137,.T.);
#10027=ORIENTED_EDGE('',*,*,#7134,.T.);
#10028=ORIENTED_EDGE('',*,*,#7131,.T.);
#10029=ORIENTED_EDGE('',*,*,#7128,.T.);
#10030=ORIENTED_EDGE('',*,*,#7125,.T.);
#10031=ORIENTED_EDGE('',*,*,#7122,.T.);
#10032=ORIENTED_EDGE('',*,*,#7119,.T.);
#10033=ORIENTED_EDGE('',*,*,#7116,.T.);
#10034=ORIENTED_EDGE('',*,*,#7113,.T.);
#10035=ORIENTED_EDGE('',*,*,#7110,.T.);
#10036=ORIENTED_EDGE('',*,*,#7107,.T.);
#10037=ORIENTED_EDGE('',*,*,#7104,.T.);
#10038=ORIENTED_EDGE('',*,*,#7101,.T.);
#10039=ORIENTED_EDGE('',*,*,#7098,.T.);
#10040=ORIENTED_EDGE('',*,*,#7169,.T.);
#10041=ORIENTED_EDGE('',*,*,#7096,.T.);
#10042=ORIENTED_EDGE('',*,*,#7100,.T.);
#10043=ORIENTED_EDGE('',*,*,#7103,.T.);
#10044=ORIENTED_EDGE('',*,*,#7106,.T.);
#10045=ORIENTED_EDGE('',*,*,#7109,.T.);
#10046=ORIENTED_EDGE('',*,*,#7112,.T.);
#10047=ORIENTED_EDGE('',*,*,#7115,.T.);
#10048=ORIENTED_EDGE('',*,*,#7118,.T.);
#10049=ORIENTED_EDGE('',*,*,#7121,.T.);
#10050=ORIENTED_EDGE('',*,*,#7124,.T.);
#10051=ORIENTED_EDGE('',*,*,#7127,.T.);
#10052=ORIENTED_EDGE('',*,*,#7130,.T.);
#10053=ORIENTED_EDGE('',*,*,#7133,.T.);
#10054=ORIENTED_EDGE('',*,*,#7136,.T.);
#10055=ORIENTED_EDGE('',*,*,#7139,.T.);
#10056=ORIENTED_EDGE('',*,*,#7142,.T.);
#10057=ORIENTED_EDGE('',*,*,#7145,.T.);
#10058=ORIENTED_EDGE('',*,*,#7148,.T.);
#10059=ORIENTED_EDGE('',*,*,#7151,.T.);
#10060=ORIENTED_EDGE('',*,*,#7154,.T.);
#10061=ORIENTED_EDGE('',*,*,#7157,.T.);
#10062=ORIENTED_EDGE('',*,*,#7160,.T.);
#10063=ORIENTED_EDGE('',*,*,#7163,.T.);
#10064=ORIENTED_EDGE('',*,*,#7166,.T.);
#10065=ORIENTED_EDGE('',*,*,#7171,.F.);
#10066=ORIENTED_EDGE('',*,*,#7172,.T.);
#10067=ORIENTED_EDGE('',*,*,#7173,.F.);
#10068=ORIENTED_EDGE('',*,*,#7174,.F.);
#10069=ORIENTED_EDGE('',*,*,#7175,.F.);
#10070=ORIENTED_EDGE('',*,*,#7174,.T.);
#10071=ORIENTED_EDGE('',*,*,#7176,.F.);
#10072=ORIENTED_EDGE('',*,*,#7177,.F.);
#10073=ORIENTED_EDGE('',*,*,#7178,.F.);
#10074=ORIENTED_EDGE('',*,*,#7177,.T.);
#10075=ORIENTED_EDGE('',*,*,#7179,.F.);
#10076=ORIENTED_EDGE('',*,*,#7180,.F.);
#10077=ORIENTED_EDGE('',*,*,#7181,.F.);
#10078=ORIENTED_EDGE('',*,*,#7180,.T.);
#10079=ORIENTED_EDGE('',*,*,#7182,.F.);
#10080=ORIENTED_EDGE('',*,*,#7183,.F.);
#10081=ORIENTED_EDGE('',*,*,#7184,.F.);
#10082=ORIENTED_EDGE('',*,*,#7183,.T.);
#10083=ORIENTED_EDGE('',*,*,#7185,.F.);
#10084=ORIENTED_EDGE('',*,*,#7186,.F.);
#10085=ORIENTED_EDGE('',*,*,#7187,.F.);
#10086=ORIENTED_EDGE('',*,*,#7186,.T.);
#10087=ORIENTED_EDGE('',*,*,#7188,.F.);
#10088=ORIENTED_EDGE('',*,*,#7189,.F.);
#10089=ORIENTED_EDGE('',*,*,#7190,.F.);
#10090=ORIENTED_EDGE('',*,*,#7189,.T.);
#10091=ORIENTED_EDGE('',*,*,#7191,.F.);
#10092=ORIENTED_EDGE('',*,*,#7192,.F.);
#10093=ORIENTED_EDGE('',*,*,#7193,.F.);
#10094=ORIENTED_EDGE('',*,*,#7192,.T.);
#10095=ORIENTED_EDGE('',*,*,#7194,.F.);
#10096=ORIENTED_EDGE('',*,*,#7195,.F.);
#10097=ORIENTED_EDGE('',*,*,#7196,.F.);
#10098=ORIENTED_EDGE('',*,*,#7195,.T.);
#10099=ORIENTED_EDGE('',*,*,#7197,.F.);
#10100=ORIENTED_EDGE('',*,*,#7198,.F.);
#10101=ORIENTED_EDGE('',*,*,#7199,.F.);
#10102=ORIENTED_EDGE('',*,*,#7198,.T.);
#10103=ORIENTED_EDGE('',*,*,#7200,.F.);
#10104=ORIENTED_EDGE('',*,*,#7172,.F.);
#10105=ORIENTED_EDGE('',*,*,#7200,.T.);
#10106=ORIENTED_EDGE('',*,*,#7197,.T.);
#10107=ORIENTED_EDGE('',*,*,#7194,.T.);
#10108=ORIENTED_EDGE('',*,*,#7191,.T.);
#10109=ORIENTED_EDGE('',*,*,#7188,.T.);
#10110=ORIENTED_EDGE('',*,*,#7185,.T.);
#10111=ORIENTED_EDGE('',*,*,#7182,.T.);
#10112=ORIENTED_EDGE('',*,*,#7179,.T.);
#10113=ORIENTED_EDGE('',*,*,#7176,.T.);
#10114=ORIENTED_EDGE('',*,*,#7173,.T.);
#10115=ORIENTED_EDGE('',*,*,#7199,.T.);
#10116=ORIENTED_EDGE('',*,*,#7171,.T.);
#10117=ORIENTED_EDGE('',*,*,#7175,.T.);
#10118=ORIENTED_EDGE('',*,*,#7178,.T.);
#10119=ORIENTED_EDGE('',*,*,#7181,.T.);
#10120=ORIENTED_EDGE('',*,*,#7184,.T.);
#10121=ORIENTED_EDGE('',*,*,#7187,.T.);
#10122=ORIENTED_EDGE('',*,*,#7190,.T.);
#10123=ORIENTED_EDGE('',*,*,#7193,.T.);
#10124=ORIENTED_EDGE('',*,*,#7196,.T.);
#10125=ORIENTED_EDGE('',*,*,#7201,.F.);
#10126=ORIENTED_EDGE('',*,*,#7202,.T.);
#10127=ORIENTED_EDGE('',*,*,#7203,.F.);
#10128=ORIENTED_EDGE('',*,*,#7204,.F.);
#10129=ORIENTED_EDGE('',*,*,#7205,.F.);
#10130=ORIENTED_EDGE('',*,*,#7204,.T.);
#10131=ORIENTED_EDGE('',*,*,#7206,.F.);
#10132=ORIENTED_EDGE('',*,*,#7207,.F.);
#10133=ORIENTED_EDGE('',*,*,#7208,.F.);
#10134=ORIENTED_EDGE('',*,*,#7207,.T.);
#10135=ORIENTED_EDGE('',*,*,#7209,.F.);
#10136=ORIENTED_EDGE('',*,*,#7202,.F.);
#10137=ORIENTED_EDGE('',*,*,#7210,.F.);
#10138=ORIENTED_EDGE('',*,*,#7211,.T.);
#10139=ORIENTED_EDGE('',*,*,#7212,.F.);
#10140=ORIENTED_EDGE('',*,*,#7213,.F.);
#10141=ORIENTED_EDGE('',*,*,#7214,.F.);
#10142=ORIENTED_EDGE('',*,*,#7213,.T.);
#10143=ORIENTED_EDGE('',*,*,#7215,.F.);
#10144=ORIENTED_EDGE('',*,*,#7216,.F.);
#10145=ORIENTED_EDGE('',*,*,#7217,.F.);
#10146=ORIENTED_EDGE('',*,*,#7216,.T.);
#10147=ORIENTED_EDGE('',*,*,#7218,.F.);
#10148=ORIENTED_EDGE('',*,*,#7219,.F.);
#10149=ORIENTED_EDGE('',*,*,#7220,.F.);
#10150=ORIENTED_EDGE('',*,*,#7219,.T.);
#10151=ORIENTED_EDGE('',*,*,#7221,.F.);
#10152=ORIENTED_EDGE('',*,*,#7222,.F.);
#10153=ORIENTED_EDGE('',*,*,#7223,.F.);
#10154=ORIENTED_EDGE('',*,*,#7222,.T.);
#10155=ORIENTED_EDGE('',*,*,#7224,.F.);
#10156=ORIENTED_EDGE('',*,*,#7225,.F.);
#10157=ORIENTED_EDGE('',*,*,#7226,.F.);
#10158=ORIENTED_EDGE('',*,*,#7225,.T.);
#10159=ORIENTED_EDGE('',*,*,#7227,.F.);
#10160=ORIENTED_EDGE('',*,*,#7228,.F.);
#10161=ORIENTED_EDGE('',*,*,#7229,.F.);
#10162=ORIENTED_EDGE('',*,*,#7228,.T.);
#10163=ORIENTED_EDGE('',*,*,#7230,.F.);
#10164=ORIENTED_EDGE('',*,*,#7231,.F.);
#10165=ORIENTED_EDGE('',*,*,#7232,.F.);
#10166=ORIENTED_EDGE('',*,*,#7231,.T.);
#10167=ORIENTED_EDGE('',*,*,#7233,.F.);
#10168=ORIENTED_EDGE('',*,*,#7211,.F.);
#10169=ORIENTED_EDGE('',*,*,#7233,.T.);
#10170=ORIENTED_EDGE('',*,*,#7230,.T.);
#10171=ORIENTED_EDGE('',*,*,#7227,.T.);
#10172=ORIENTED_EDGE('',*,*,#7224,.T.);
#10173=ORIENTED_EDGE('',*,*,#7221,.T.);
#10174=ORIENTED_EDGE('',*,*,#7218,.T.);
#10175=ORIENTED_EDGE('',*,*,#7215,.T.);
#10176=ORIENTED_EDGE('',*,*,#7212,.T.);
#10177=ORIENTED_EDGE('',*,*,#7209,.T.);
#10178=ORIENTED_EDGE('',*,*,#7206,.T.);
#10179=ORIENTED_EDGE('',*,*,#7203,.T.);
#10180=ORIENTED_EDGE('',*,*,#7232,.T.);
#10181=ORIENTED_EDGE('',*,*,#7210,.T.);
#10182=ORIENTED_EDGE('',*,*,#7214,.T.);
#10183=ORIENTED_EDGE('',*,*,#7217,.T.);
#10184=ORIENTED_EDGE('',*,*,#7220,.T.);
#10185=ORIENTED_EDGE('',*,*,#7223,.T.);
#10186=ORIENTED_EDGE('',*,*,#7226,.T.);
#10187=ORIENTED_EDGE('',*,*,#7229,.T.);
#10188=ORIENTED_EDGE('',*,*,#7208,.T.);
#10189=ORIENTED_EDGE('',*,*,#7201,.T.);
#10190=ORIENTED_EDGE('',*,*,#7205,.T.);
#10191=ORIENTED_EDGE('',*,*,#7234,.F.);
#10192=ORIENTED_EDGE('',*,*,#7235,.T.);
#10193=ORIENTED_EDGE('',*,*,#7236,.F.);
#10194=ORIENTED_EDGE('',*,*,#7237,.F.);
#10195=ORIENTED_EDGE('',*,*,#7238,.F.);
#10196=ORIENTED_EDGE('',*,*,#7237,.T.);
#10197=ORIENTED_EDGE('',*,*,#7239,.F.);
#10198=ORIENTED_EDGE('',*,*,#7240,.F.);
#10199=ORIENTED_EDGE('',*,*,#7241,.F.);
#10200=ORIENTED_EDGE('',*,*,#7240,.T.);
#10201=ORIENTED_EDGE('',*,*,#7242,.F.);
#10202=ORIENTED_EDGE('',*,*,#7243,.F.);
#10203=ORIENTED_EDGE('',*,*,#7244,.F.);
#10204=ORIENTED_EDGE('',*,*,#7243,.T.);
#10205=ORIENTED_EDGE('',*,*,#7245,.F.);
#10206=ORIENTED_EDGE('',*,*,#7246,.F.);
#10207=ORIENTED_EDGE('',*,*,#7247,.F.);
#10208=ORIENTED_EDGE('',*,*,#7246,.T.);
#10209=ORIENTED_EDGE('',*,*,#7248,.F.);
#10210=ORIENTED_EDGE('',*,*,#7249,.F.);
#10211=ORIENTED_EDGE('',*,*,#7250,.F.);
#10212=ORIENTED_EDGE('',*,*,#7249,.T.);
#10213=ORIENTED_EDGE('',*,*,#7251,.F.);
#10214=ORIENTED_EDGE('',*,*,#7252,.F.);
#10215=ORIENTED_EDGE('',*,*,#7253,.F.);
#10216=ORIENTED_EDGE('',*,*,#7252,.T.);
#10217=ORIENTED_EDGE('',*,*,#7254,.F.);
#10218=ORIENTED_EDGE('',*,*,#7255,.F.);
#10219=ORIENTED_EDGE('',*,*,#7256,.F.);
#10220=ORIENTED_EDGE('',*,*,#7255,.T.);
#10221=ORIENTED_EDGE('',*,*,#7257,.F.);
#10222=ORIENTED_EDGE('',*,*,#7235,.F.);
#10223=ORIENTED_EDGE('',*,*,#7258,.F.);
#10224=ORIENTED_EDGE('',*,*,#7259,.T.);
#10225=ORIENTED_EDGE('',*,*,#7260,.F.);
#10226=ORIENTED_EDGE('',*,*,#7261,.F.);
#10227=ORIENTED_EDGE('',*,*,#7262,.F.);
#10228=ORIENTED_EDGE('',*,*,#7261,.T.);
#10229=ORIENTED_EDGE('',*,*,#7263,.F.);
#10230=ORIENTED_EDGE('',*,*,#7264,.F.);
#10231=ORIENTED_EDGE('',*,*,#7265,.F.);
#10232=ORIENTED_EDGE('',*,*,#7264,.T.);
#10233=ORIENTED_EDGE('',*,*,#7266,.F.);
#10234=ORIENTED_EDGE('',*,*,#7267,.F.);
#10235=ORIENTED_EDGE('',*,*,#7268,.F.);
#10236=ORIENTED_EDGE('',*,*,#7267,.T.);
#10237=ORIENTED_EDGE('',*,*,#7269,.F.);
#10238=ORIENTED_EDGE('',*,*,#7270,.F.);
#10239=ORIENTED_EDGE('',*,*,#7271,.F.);
#10240=ORIENTED_EDGE('',*,*,#7270,.T.);
#10241=ORIENTED_EDGE('',*,*,#7272,.F.);
#10242=ORIENTED_EDGE('',*,*,#7273,.F.);
#10243=ORIENTED_EDGE('',*,*,#7274,.F.);
#10244=ORIENTED_EDGE('',*,*,#7273,.T.);
#10245=ORIENTED_EDGE('',*,*,#7275,.F.);
#10246=ORIENTED_EDGE('',*,*,#7276,.F.);
#10247=ORIENTED_EDGE('',*,*,#7277,.F.);
#10248=ORIENTED_EDGE('',*,*,#7276,.T.);
#10249=ORIENTED_EDGE('',*,*,#7278,.F.);
#10250=ORIENTED_EDGE('',*,*,#7279,.F.);
#10251=ORIENTED_EDGE('',*,*,#7280,.F.);
#10252=ORIENTED_EDGE('',*,*,#7279,.T.);
#10253=ORIENTED_EDGE('',*,*,#7281,.F.);
#10254=ORIENTED_EDGE('',*,*,#7282,.F.);
#10255=ORIENTED_EDGE('',*,*,#7283,.F.);
#10256=ORIENTED_EDGE('',*,*,#7282,.T.);
#10257=ORIENTED_EDGE('',*,*,#7284,.F.);
#10258=ORIENTED_EDGE('',*,*,#7285,.F.);
#10259=ORIENTED_EDGE('',*,*,#7286,.F.);
#10260=ORIENTED_EDGE('',*,*,#7285,.T.);
#10261=ORIENTED_EDGE('',*,*,#7287,.F.);
#10262=ORIENTED_EDGE('',*,*,#7288,.F.);
#10263=ORIENTED_EDGE('',*,*,#7289,.F.);
#10264=ORIENTED_EDGE('',*,*,#7288,.T.);
#10265=ORIENTED_EDGE('',*,*,#7290,.F.);
#10266=ORIENTED_EDGE('',*,*,#7291,.F.);
#10267=ORIENTED_EDGE('',*,*,#7292,.F.);
#10268=ORIENTED_EDGE('',*,*,#7291,.T.);
#10269=ORIENTED_EDGE('',*,*,#7293,.F.);
#10270=ORIENTED_EDGE('',*,*,#7294,.F.);
#10271=ORIENTED_EDGE('',*,*,#7295,.F.);
#10272=ORIENTED_EDGE('',*,*,#7294,.T.);
#10273=ORIENTED_EDGE('',*,*,#7296,.F.);
#10274=ORIENTED_EDGE('',*,*,#7297,.F.);
#10275=ORIENTED_EDGE('',*,*,#7298,.F.);
#10276=ORIENTED_EDGE('',*,*,#7297,.T.);
#10277=ORIENTED_EDGE('',*,*,#7299,.F.);
#10278=ORIENTED_EDGE('',*,*,#7300,.F.);
#10279=ORIENTED_EDGE('',*,*,#7301,.F.);
#10280=ORIENTED_EDGE('',*,*,#7300,.T.);
#10281=ORIENTED_EDGE('',*,*,#7302,.F.);
#10282=ORIENTED_EDGE('',*,*,#7303,.F.);
#10283=ORIENTED_EDGE('',*,*,#7304,.F.);
#10284=ORIENTED_EDGE('',*,*,#7303,.T.);
#10285=ORIENTED_EDGE('',*,*,#7305,.F.);
#10286=ORIENTED_EDGE('',*,*,#7306,.F.);
#10287=ORIENTED_EDGE('',*,*,#7307,.F.);
#10288=ORIENTED_EDGE('',*,*,#7306,.T.);
#10289=ORIENTED_EDGE('',*,*,#7308,.F.);
#10290=ORIENTED_EDGE('',*,*,#7309,.F.);
#10291=ORIENTED_EDGE('',*,*,#7310,.F.);
#10292=ORIENTED_EDGE('',*,*,#7309,.T.);
#10293=ORIENTED_EDGE('',*,*,#7311,.F.);
#10294=ORIENTED_EDGE('',*,*,#7312,.F.);
#10295=ORIENTED_EDGE('',*,*,#7313,.F.);
#10296=ORIENTED_EDGE('',*,*,#7312,.T.);
#10297=ORIENTED_EDGE('',*,*,#7314,.F.);
#10298=ORIENTED_EDGE('',*,*,#7259,.F.);
#10299=ORIENTED_EDGE('',*,*,#7314,.T.);
#10300=ORIENTED_EDGE('',*,*,#7311,.T.);
#10301=ORIENTED_EDGE('',*,*,#7308,.T.);
#10302=ORIENTED_EDGE('',*,*,#7305,.T.);
#10303=ORIENTED_EDGE('',*,*,#7302,.T.);
#10304=ORIENTED_EDGE('',*,*,#7299,.T.);
#10305=ORIENTED_EDGE('',*,*,#7296,.T.);
#10306=ORIENTED_EDGE('',*,*,#7293,.T.);
#10307=ORIENTED_EDGE('',*,*,#7290,.T.);
#10308=ORIENTED_EDGE('',*,*,#7287,.T.);
#10309=ORIENTED_EDGE('',*,*,#7284,.T.);
#10310=ORIENTED_EDGE('',*,*,#7281,.T.);
#10311=ORIENTED_EDGE('',*,*,#7278,.T.);
#10312=ORIENTED_EDGE('',*,*,#7275,.T.);
#10313=ORIENTED_EDGE('',*,*,#7272,.T.);
#10314=ORIENTED_EDGE('',*,*,#7269,.T.);
#10315=ORIENTED_EDGE('',*,*,#7266,.T.);
#10316=ORIENTED_EDGE('',*,*,#7263,.T.);
#10317=ORIENTED_EDGE('',*,*,#7260,.T.);
#10318=ORIENTED_EDGE('',*,*,#7257,.T.);
#10319=ORIENTED_EDGE('',*,*,#7254,.T.);
#10320=ORIENTED_EDGE('',*,*,#7251,.T.);
#10321=ORIENTED_EDGE('',*,*,#7248,.T.);
#10322=ORIENTED_EDGE('',*,*,#7245,.T.);
#10323=ORIENTED_EDGE('',*,*,#7242,.T.);
#10324=ORIENTED_EDGE('',*,*,#7239,.T.);
#10325=ORIENTED_EDGE('',*,*,#7236,.T.);
#10326=ORIENTED_EDGE('',*,*,#7313,.T.);
#10327=ORIENTED_EDGE('',*,*,#7258,.T.);
#10328=ORIENTED_EDGE('',*,*,#7262,.T.);
#10329=ORIENTED_EDGE('',*,*,#7265,.T.);
#10330=ORIENTED_EDGE('',*,*,#7268,.T.);
#10331=ORIENTED_EDGE('',*,*,#7271,.T.);
#10332=ORIENTED_EDGE('',*,*,#7274,.T.);
#10333=ORIENTED_EDGE('',*,*,#7277,.T.);
#10334=ORIENTED_EDGE('',*,*,#7280,.T.);
#10335=ORIENTED_EDGE('',*,*,#7283,.T.);
#10336=ORIENTED_EDGE('',*,*,#7286,.T.);
#10337=ORIENTED_EDGE('',*,*,#7289,.T.);
#10338=ORIENTED_EDGE('',*,*,#7292,.T.);
#10339=ORIENTED_EDGE('',*,*,#7295,.T.);
#10340=ORIENTED_EDGE('',*,*,#7298,.T.);
#10341=ORIENTED_EDGE('',*,*,#7301,.T.);
#10342=ORIENTED_EDGE('',*,*,#7304,.T.);
#10343=ORIENTED_EDGE('',*,*,#7307,.T.);
#10344=ORIENTED_EDGE('',*,*,#7310,.T.);
#10345=ORIENTED_EDGE('',*,*,#7256,.T.);
#10346=ORIENTED_EDGE('',*,*,#7234,.T.);
#10347=ORIENTED_EDGE('',*,*,#7238,.T.);
#10348=ORIENTED_EDGE('',*,*,#7241,.T.);
#10349=ORIENTED_EDGE('',*,*,#7244,.T.);
#10350=ORIENTED_EDGE('',*,*,#7247,.T.);
#10351=ORIENTED_EDGE('',*,*,#7250,.T.);
#10352=ORIENTED_EDGE('',*,*,#7253,.T.);
#10353=ORIENTED_EDGE('',*,*,#7315,.F.);
#10354=ORIENTED_EDGE('',*,*,#7316,.T.);
#10355=ORIENTED_EDGE('',*,*,#7317,.F.);
#10356=ORIENTED_EDGE('',*,*,#7318,.F.);
#10357=ORIENTED_EDGE('',*,*,#7319,.F.);
#10358=ORIENTED_EDGE('',*,*,#7318,.T.);
#10359=ORIENTED_EDGE('',*,*,#7320,.F.);
#10360=ORIENTED_EDGE('',*,*,#7321,.F.);
#10361=ORIENTED_EDGE('',*,*,#7322,.F.);
#10362=ORIENTED_EDGE('',*,*,#7321,.T.);
#10363=ORIENTED_EDGE('',*,*,#7323,.F.);
#10364=ORIENTED_EDGE('',*,*,#7324,.F.);
#10365=ORIENTED_EDGE('',*,*,#7325,.F.);
#10366=ORIENTED_EDGE('',*,*,#7324,.T.);
#10367=ORIENTED_EDGE('',*,*,#7326,.F.);
#10368=ORIENTED_EDGE('',*,*,#7327,.F.);
#10369=ORIENTED_EDGE('',*,*,#7328,.F.);
#10370=ORIENTED_EDGE('',*,*,#7327,.T.);
#10371=ORIENTED_EDGE('',*,*,#7329,.F.);
#10372=ORIENTED_EDGE('',*,*,#7330,.F.);
#10373=ORIENTED_EDGE('',*,*,#7331,.F.);
#10374=ORIENTED_EDGE('',*,*,#7330,.T.);
#10375=ORIENTED_EDGE('',*,*,#7332,.F.);
#10376=ORIENTED_EDGE('',*,*,#7333,.F.);
#10377=ORIENTED_EDGE('',*,*,#7334,.F.);
#10378=ORIENTED_EDGE('',*,*,#7333,.T.);
#10379=ORIENTED_EDGE('',*,*,#7335,.F.);
#10380=ORIENTED_EDGE('',*,*,#7336,.F.);
#10381=ORIENTED_EDGE('',*,*,#7337,.F.);
#10382=ORIENTED_EDGE('',*,*,#7336,.T.);
#10383=ORIENTED_EDGE('',*,*,#7338,.F.);
#10384=ORIENTED_EDGE('',*,*,#7316,.F.);
#10385=ORIENTED_EDGE('',*,*,#7338,.T.);
#10386=ORIENTED_EDGE('',*,*,#7335,.T.);
#10387=ORIENTED_EDGE('',*,*,#7332,.T.);
#10388=ORIENTED_EDGE('',*,*,#7329,.T.);
#10389=ORIENTED_EDGE('',*,*,#7326,.T.);
#10390=ORIENTED_EDGE('',*,*,#7323,.T.);
#10391=ORIENTED_EDGE('',*,*,#7320,.T.);
#10392=ORIENTED_EDGE('',*,*,#7317,.T.);
#10393=ORIENTED_EDGE('',*,*,#7337,.T.);
#10394=ORIENTED_EDGE('',*,*,#7315,.T.);
#10395=ORIENTED_EDGE('',*,*,#7319,.T.);
#10396=ORIENTED_EDGE('',*,*,#7322,.T.);
#10397=ORIENTED_EDGE('',*,*,#7325,.T.);
#10398=ORIENTED_EDGE('',*,*,#7328,.T.);
#10399=ORIENTED_EDGE('',*,*,#7331,.T.);
#10400=ORIENTED_EDGE('',*,*,#7334,.T.);
#10401=ORIENTED_EDGE('',*,*,#7339,.F.);
#10402=ORIENTED_EDGE('',*,*,#7340,.T.);
#10403=ORIENTED_EDGE('',*,*,#7341,.F.);
#10404=ORIENTED_EDGE('',*,*,#7342,.F.);
#10405=ORIENTED_EDGE('',*,*,#7343,.F.);
#10406=ORIENTED_EDGE('',*,*,#7342,.T.);
#10407=ORIENTED_EDGE('',*,*,#7344,.F.);
#10408=ORIENTED_EDGE('',*,*,#7345,.F.);
#10409=ORIENTED_EDGE('',*,*,#7346,.F.);
#10410=ORIENTED_EDGE('',*,*,#7345,.T.);
#10411=ORIENTED_EDGE('',*,*,#7347,.F.);
#10412=ORIENTED_EDGE('',*,*,#7340,.F.);
#10413=ORIENTED_EDGE('',*,*,#7348,.F.);
#10414=ORIENTED_EDGE('',*,*,#7349,.T.);
#10415=ORIENTED_EDGE('',*,*,#7350,.F.);
#10416=ORIENTED_EDGE('',*,*,#7351,.F.);
#10417=ORIENTED_EDGE('',*,*,#7352,.F.);
#10418=ORIENTED_EDGE('',*,*,#7351,.T.);
#10419=ORIENTED_EDGE('',*,*,#7353,.F.);
#10420=ORIENTED_EDGE('',*,*,#7354,.F.);
#10421=ORIENTED_EDGE('',*,*,#7355,.F.);
#10422=ORIENTED_EDGE('',*,*,#7354,.T.);
#10423=ORIENTED_EDGE('',*,*,#7356,.F.);
#10424=ORIENTED_EDGE('',*,*,#7357,.F.);
#10425=ORIENTED_EDGE('',*,*,#7358,.F.);
#10426=ORIENTED_EDGE('',*,*,#7357,.T.);
#10427=ORIENTED_EDGE('',*,*,#7359,.F.);
#10428=ORIENTED_EDGE('',*,*,#7360,.F.);
#10429=ORIENTED_EDGE('',*,*,#7361,.F.);
#10430=ORIENTED_EDGE('',*,*,#7360,.T.);
#10431=ORIENTED_EDGE('',*,*,#7362,.F.);
#10432=ORIENTED_EDGE('',*,*,#7363,.F.);
#10433=ORIENTED_EDGE('',*,*,#7364,.F.);
#10434=ORIENTED_EDGE('',*,*,#7363,.T.);
#10435=ORIENTED_EDGE('',*,*,#7365,.F.);
#10436=ORIENTED_EDGE('',*,*,#7366,.F.);
#10437=ORIENTED_EDGE('',*,*,#7367,.F.);
#10438=ORIENTED_EDGE('',*,*,#7366,.T.);
#10439=ORIENTED_EDGE('',*,*,#7368,.F.);
#10440=ORIENTED_EDGE('',*,*,#7369,.F.);
#10441=ORIENTED_EDGE('',*,*,#7370,.F.);
#10442=ORIENTED_EDGE('',*,*,#7369,.T.);
#10443=ORIENTED_EDGE('',*,*,#7371,.F.);
#10444=ORIENTED_EDGE('',*,*,#7349,.F.);
#10445=ORIENTED_EDGE('',*,*,#7371,.T.);
#10446=ORIENTED_EDGE('',*,*,#7368,.T.);
#10447=ORIENTED_EDGE('',*,*,#7365,.T.);
#10448=ORIENTED_EDGE('',*,*,#7362,.T.);
#10449=ORIENTED_EDGE('',*,*,#7359,.T.);
#10450=ORIENTED_EDGE('',*,*,#7356,.T.);
#10451=ORIENTED_EDGE('',*,*,#7353,.T.);
#10452=ORIENTED_EDGE('',*,*,#7350,.T.);
#10453=ORIENTED_EDGE('',*,*,#7347,.T.);
#10454=ORIENTED_EDGE('',*,*,#7344,.T.);
#10455=ORIENTED_EDGE('',*,*,#7341,.T.);
#10456=ORIENTED_EDGE('',*,*,#7370,.T.);
#10457=ORIENTED_EDGE('',*,*,#7348,.T.);
#10458=ORIENTED_EDGE('',*,*,#7352,.T.);
#10459=ORIENTED_EDGE('',*,*,#7355,.T.);
#10460=ORIENTED_EDGE('',*,*,#7358,.T.);
#10461=ORIENTED_EDGE('',*,*,#7361,.T.);
#10462=ORIENTED_EDGE('',*,*,#7364,.T.);
#10463=ORIENTED_EDGE('',*,*,#7367,.T.);
#10464=ORIENTED_EDGE('',*,*,#7346,.T.);
#10465=ORIENTED_EDGE('',*,*,#7339,.T.);
#10466=ORIENTED_EDGE('',*,*,#7343,.T.);
#10467=ORIENTED_EDGE('',*,*,#7372,.F.);
#10468=ORIENTED_EDGE('',*,*,#7373,.T.);
#10469=ORIENTED_EDGE('',*,*,#7374,.F.);
#10470=ORIENTED_EDGE('',*,*,#7375,.F.);
#10471=ORIENTED_EDGE('',*,*,#7376,.F.);
#10472=ORIENTED_EDGE('',*,*,#7375,.T.);
#10473=ORIENTED_EDGE('',*,*,#7377,.F.);
#10474=ORIENTED_EDGE('',*,*,#7378,.F.);
#10475=ORIENTED_EDGE('',*,*,#7379,.F.);
#10476=ORIENTED_EDGE('',*,*,#7378,.T.);
#10477=ORIENTED_EDGE('',*,*,#7380,.F.);
#10478=ORIENTED_EDGE('',*,*,#7381,.F.);
#10479=ORIENTED_EDGE('',*,*,#7382,.F.);
#10480=ORIENTED_EDGE('',*,*,#7381,.T.);
#10481=ORIENTED_EDGE('',*,*,#7383,.F.);
#10482=ORIENTED_EDGE('',*,*,#7384,.F.);
#10483=ORIENTED_EDGE('',*,*,#7385,.F.);
#10484=ORIENTED_EDGE('',*,*,#7384,.T.);
#10485=ORIENTED_EDGE('',*,*,#7386,.F.);
#10486=ORIENTED_EDGE('',*,*,#7387,.F.);
#10487=ORIENTED_EDGE('',*,*,#7388,.F.);
#10488=ORIENTED_EDGE('',*,*,#7387,.T.);
#10489=ORIENTED_EDGE('',*,*,#7389,.F.);
#10490=ORIENTED_EDGE('',*,*,#7390,.F.);
#10491=ORIENTED_EDGE('',*,*,#7391,.F.);
#10492=ORIENTED_EDGE('',*,*,#7390,.T.);
#10493=ORIENTED_EDGE('',*,*,#7392,.F.);
#10494=ORIENTED_EDGE('',*,*,#7373,.F.);
#10495=ORIENTED_EDGE('',*,*,#7392,.T.);
#10496=ORIENTED_EDGE('',*,*,#7389,.T.);
#10497=ORIENTED_EDGE('',*,*,#7386,.T.);
#10498=ORIENTED_EDGE('',*,*,#7383,.T.);
#10499=ORIENTED_EDGE('',*,*,#7380,.T.);
#10500=ORIENTED_EDGE('',*,*,#7377,.T.);
#10501=ORIENTED_EDGE('',*,*,#7374,.T.);
#10502=ORIENTED_EDGE('',*,*,#7391,.T.);
#10503=ORIENTED_EDGE('',*,*,#7372,.T.);
#10504=ORIENTED_EDGE('',*,*,#7376,.T.);
#10505=ORIENTED_EDGE('',*,*,#7379,.T.);
#10506=ORIENTED_EDGE('',*,*,#7382,.T.);
#10507=ORIENTED_EDGE('',*,*,#7385,.T.);
#10508=ORIENTED_EDGE('',*,*,#7388,.T.);
#10509=ORIENTED_EDGE('',*,*,#7393,.F.);
#10510=ORIENTED_EDGE('',*,*,#7394,.T.);
#10511=ORIENTED_EDGE('',*,*,#7395,.F.);
#10512=ORIENTED_EDGE('',*,*,#7396,.F.);
#10513=ORIENTED_EDGE('',*,*,#7397,.F.);
#10514=ORIENTED_EDGE('',*,*,#7396,.T.);
#10515=ORIENTED_EDGE('',*,*,#7398,.F.);
#10516=ORIENTED_EDGE('',*,*,#7399,.F.);
#10517=ORIENTED_EDGE('',*,*,#7400,.F.);
#10518=ORIENTED_EDGE('',*,*,#7399,.T.);
#10519=ORIENTED_EDGE('',*,*,#7401,.F.);
#10520=ORIENTED_EDGE('',*,*,#7402,.F.);
#10521=ORIENTED_EDGE('',*,*,#7403,.F.);
#10522=ORIENTED_EDGE('',*,*,#7402,.T.);
#10523=ORIENTED_EDGE('',*,*,#7404,.F.);
#10524=ORIENTED_EDGE('',*,*,#7394,.F.);
#10525=ORIENTED_EDGE('',*,*,#7404,.T.);
#10526=ORIENTED_EDGE('',*,*,#7401,.T.);
#10527=ORIENTED_EDGE('',*,*,#7398,.T.);
#10528=ORIENTED_EDGE('',*,*,#7395,.T.);
#10529=ORIENTED_EDGE('',*,*,#7403,.T.);
#10530=ORIENTED_EDGE('',*,*,#7393,.T.);
#10531=ORIENTED_EDGE('',*,*,#7397,.T.);
#10532=ORIENTED_EDGE('',*,*,#7400,.T.);
#10533=ORIENTED_EDGE('',*,*,#7405,.F.);
#10534=ORIENTED_EDGE('',*,*,#7406,.T.);
#10535=ORIENTED_EDGE('',*,*,#7407,.F.);
#10536=ORIENTED_EDGE('',*,*,#7408,.F.);
#10537=ORIENTED_EDGE('',*,*,#7409,.F.);
#10538=ORIENTED_EDGE('',*,*,#7408,.T.);
#10539=ORIENTED_EDGE('',*,*,#7410,.F.);
#10540=ORIENTED_EDGE('',*,*,#7411,.F.);
#10541=ORIENTED_EDGE('',*,*,#7412,.F.);
#10542=ORIENTED_EDGE('',*,*,#7411,.T.);
#10543=ORIENTED_EDGE('',*,*,#7413,.F.);
#10544=ORIENTED_EDGE('',*,*,#7414,.F.);
#10545=ORIENTED_EDGE('',*,*,#7415,.F.);
#10546=ORIENTED_EDGE('',*,*,#7414,.T.);
#10547=ORIENTED_EDGE('',*,*,#7416,.F.);
#10548=ORIENTED_EDGE('',*,*,#7417,.F.);
#10549=ORIENTED_EDGE('',*,*,#7418,.F.);
#10550=ORIENTED_EDGE('',*,*,#7417,.T.);
#10551=ORIENTED_EDGE('',*,*,#7419,.F.);
#10552=ORIENTED_EDGE('',*,*,#7420,.F.);
#10553=ORIENTED_EDGE('',*,*,#7421,.F.);
#10554=ORIENTED_EDGE('',*,*,#7420,.T.);
#10555=ORIENTED_EDGE('',*,*,#7422,.F.);
#10556=ORIENTED_EDGE('',*,*,#7423,.F.);
#10557=ORIENTED_EDGE('',*,*,#7424,.F.);
#10558=ORIENTED_EDGE('',*,*,#7423,.T.);
#10559=ORIENTED_EDGE('',*,*,#7425,.F.);
#10560=ORIENTED_EDGE('',*,*,#7426,.F.);
#10561=ORIENTED_EDGE('',*,*,#7427,.F.);
#10562=ORIENTED_EDGE('',*,*,#7426,.T.);
#10563=ORIENTED_EDGE('',*,*,#7428,.F.);
#10564=ORIENTED_EDGE('',*,*,#7406,.F.);
#10565=ORIENTED_EDGE('',*,*,#7428,.T.);
#10566=ORIENTED_EDGE('',*,*,#7425,.T.);
#10567=ORIENTED_EDGE('',*,*,#7422,.T.);
#10568=ORIENTED_EDGE('',*,*,#7419,.T.);
#10569=ORIENTED_EDGE('',*,*,#7416,.T.);
#10570=ORIENTED_EDGE('',*,*,#7413,.T.);
#10571=ORIENTED_EDGE('',*,*,#7410,.T.);
#10572=ORIENTED_EDGE('',*,*,#7407,.T.);
#10573=ORIENTED_EDGE('',*,*,#7427,.T.);
#10574=ORIENTED_EDGE('',*,*,#7405,.T.);
#10575=ORIENTED_EDGE('',*,*,#7409,.T.);
#10576=ORIENTED_EDGE('',*,*,#7412,.T.);
#10577=ORIENTED_EDGE('',*,*,#7415,.T.);
#10578=ORIENTED_EDGE('',*,*,#7418,.T.);
#10579=ORIENTED_EDGE('',*,*,#7421,.T.);
#10580=ORIENTED_EDGE('',*,*,#7424,.T.);
#10581=ORIENTED_EDGE('',*,*,#7429,.F.);
#10582=ORIENTED_EDGE('',*,*,#7430,.T.);
#10583=ORIENTED_EDGE('',*,*,#7431,.F.);
#10584=ORIENTED_EDGE('',*,*,#7432,.F.);
#10585=ORIENTED_EDGE('',*,*,#7433,.F.);
#10586=ORIENTED_EDGE('',*,*,#7432,.T.);
#10587=ORIENTED_EDGE('',*,*,#7434,.F.);
#10588=ORIENTED_EDGE('',*,*,#7435,.F.);
#10589=ORIENTED_EDGE('',*,*,#7436,.F.);
#10590=ORIENTED_EDGE('',*,*,#7435,.T.);
#10591=ORIENTED_EDGE('',*,*,#7437,.F.);
#10592=ORIENTED_EDGE('',*,*,#7438,.F.);
#10593=ORIENTED_EDGE('',*,*,#7439,.F.);
#10594=ORIENTED_EDGE('',*,*,#7438,.T.);
#10595=ORIENTED_EDGE('',*,*,#7440,.F.);
#10596=ORIENTED_EDGE('',*,*,#7441,.F.);
#10597=ORIENTED_EDGE('',*,*,#7442,.F.);
#10598=ORIENTED_EDGE('',*,*,#7441,.T.);
#10599=ORIENTED_EDGE('',*,*,#7443,.F.);
#10600=ORIENTED_EDGE('',*,*,#7444,.F.);
#10601=ORIENTED_EDGE('',*,*,#7445,.F.);
#10602=ORIENTED_EDGE('',*,*,#7444,.T.);
#10603=ORIENTED_EDGE('',*,*,#7446,.F.);
#10604=ORIENTED_EDGE('',*,*,#7447,.F.);
#10605=ORIENTED_EDGE('',*,*,#7448,.F.);
#10606=ORIENTED_EDGE('',*,*,#7447,.T.);
#10607=ORIENTED_EDGE('',*,*,#7449,.F.);
#10608=ORIENTED_EDGE('',*,*,#7450,.F.);
#10609=ORIENTED_EDGE('',*,*,#7451,.F.);
#10610=ORIENTED_EDGE('',*,*,#7450,.T.);
#10611=ORIENTED_EDGE('',*,*,#7452,.F.);
#10612=ORIENTED_EDGE('',*,*,#7453,.F.);
#10613=ORIENTED_EDGE('',*,*,#7454,.F.);
#10614=ORIENTED_EDGE('',*,*,#7453,.T.);
#10615=ORIENTED_EDGE('',*,*,#7455,.F.);
#10616=ORIENTED_EDGE('',*,*,#7456,.F.);
#10617=ORIENTED_EDGE('',*,*,#7457,.F.);
#10618=ORIENTED_EDGE('',*,*,#7456,.T.);
#10619=ORIENTED_EDGE('',*,*,#7458,.F.);
#10620=ORIENTED_EDGE('',*,*,#7459,.F.);
#10621=ORIENTED_EDGE('',*,*,#7460,.F.);
#10622=ORIENTED_EDGE('',*,*,#7459,.T.);
#10623=ORIENTED_EDGE('',*,*,#7461,.F.);
#10624=ORIENTED_EDGE('',*,*,#7462,.F.);
#10625=ORIENTED_EDGE('',*,*,#7463,.F.);
#10626=ORIENTED_EDGE('',*,*,#7462,.T.);
#10627=ORIENTED_EDGE('',*,*,#7464,.F.);
#10628=ORIENTED_EDGE('',*,*,#7465,.F.);
#10629=ORIENTED_EDGE('',*,*,#7466,.F.);
#10630=ORIENTED_EDGE('',*,*,#7465,.T.);
#10631=ORIENTED_EDGE('',*,*,#7467,.F.);
#10632=ORIENTED_EDGE('',*,*,#7468,.F.);
#10633=ORIENTED_EDGE('',*,*,#7469,.F.);
#10634=ORIENTED_EDGE('',*,*,#7468,.T.);
#10635=ORIENTED_EDGE('',*,*,#7470,.F.);
#10636=ORIENTED_EDGE('',*,*,#7471,.F.);
#10637=ORIENTED_EDGE('',*,*,#7472,.F.);
#10638=ORIENTED_EDGE('',*,*,#7471,.T.);
#10639=ORIENTED_EDGE('',*,*,#7473,.F.);
#10640=ORIENTED_EDGE('',*,*,#7474,.F.);
#10641=ORIENTED_EDGE('',*,*,#7475,.F.);
#10642=ORIENTED_EDGE('',*,*,#7474,.T.);
#10643=ORIENTED_EDGE('',*,*,#7476,.F.);
#10644=ORIENTED_EDGE('',*,*,#7477,.F.);
#10645=ORIENTED_EDGE('',*,*,#7478,.F.);
#10646=ORIENTED_EDGE('',*,*,#7477,.T.);
#10647=ORIENTED_EDGE('',*,*,#7479,.F.);
#10648=ORIENTED_EDGE('',*,*,#7480,.F.);
#10649=ORIENTED_EDGE('',*,*,#7481,.F.);
#10650=ORIENTED_EDGE('',*,*,#7480,.T.);
#10651=ORIENTED_EDGE('',*,*,#7482,.F.);
#10652=ORIENTED_EDGE('',*,*,#7483,.F.);
#10653=ORIENTED_EDGE('',*,*,#7484,.F.);
#10654=ORIENTED_EDGE('',*,*,#7483,.T.);
#10655=ORIENTED_EDGE('',*,*,#7485,.F.);
#10656=ORIENTED_EDGE('',*,*,#7486,.F.);
#10657=ORIENTED_EDGE('',*,*,#7487,.F.);
#10658=ORIENTED_EDGE('',*,*,#7486,.T.);
#10659=ORIENTED_EDGE('',*,*,#7488,.F.);
#10660=ORIENTED_EDGE('',*,*,#7489,.F.);
#10661=ORIENTED_EDGE('',*,*,#7490,.F.);
#10662=ORIENTED_EDGE('',*,*,#7489,.T.);
#10663=ORIENTED_EDGE('',*,*,#7491,.F.);
#10664=ORIENTED_EDGE('',*,*,#7492,.F.);
#10665=ORIENTED_EDGE('',*,*,#7493,.F.);
#10666=ORIENTED_EDGE('',*,*,#7492,.T.);
#10667=ORIENTED_EDGE('',*,*,#7494,.F.);
#10668=ORIENTED_EDGE('',*,*,#7495,.F.);
#10669=ORIENTED_EDGE('',*,*,#7496,.F.);
#10670=ORIENTED_EDGE('',*,*,#7495,.T.);
#10671=ORIENTED_EDGE('',*,*,#7497,.F.);
#10672=ORIENTED_EDGE('',*,*,#7498,.F.);
#10673=ORIENTED_EDGE('',*,*,#7499,.F.);
#10674=ORIENTED_EDGE('',*,*,#7498,.T.);
#10675=ORIENTED_EDGE('',*,*,#7500,.F.);
#10676=ORIENTED_EDGE('',*,*,#7501,.F.);
#10677=ORIENTED_EDGE('',*,*,#7502,.F.);
#10678=ORIENTED_EDGE('',*,*,#7501,.T.);
#10679=ORIENTED_EDGE('',*,*,#7503,.F.);
#10680=ORIENTED_EDGE('',*,*,#7504,.F.);
#10681=ORIENTED_EDGE('',*,*,#7505,.F.);
#10682=ORIENTED_EDGE('',*,*,#7504,.T.);
#10683=ORIENTED_EDGE('',*,*,#7506,.F.);
#10684=ORIENTED_EDGE('',*,*,#7507,.F.);
#10685=ORIENTED_EDGE('',*,*,#7508,.F.);
#10686=ORIENTED_EDGE('',*,*,#7507,.T.);
#10687=ORIENTED_EDGE('',*,*,#7509,.F.);
#10688=ORIENTED_EDGE('',*,*,#7510,.F.);
#10689=ORIENTED_EDGE('',*,*,#7511,.F.);
#10690=ORIENTED_EDGE('',*,*,#7510,.T.);
#10691=ORIENTED_EDGE('',*,*,#7512,.F.);
#10692=ORIENTED_EDGE('',*,*,#7513,.F.);
#10693=ORIENTED_EDGE('',*,*,#7514,.F.);
#10694=ORIENTED_EDGE('',*,*,#7513,.T.);
#10695=ORIENTED_EDGE('',*,*,#7515,.F.);
#10696=ORIENTED_EDGE('',*,*,#7430,.F.);
#10697=ORIENTED_EDGE('',*,*,#7515,.T.);
#10698=ORIENTED_EDGE('',*,*,#7512,.T.);
#10699=ORIENTED_EDGE('',*,*,#7509,.T.);
#10700=ORIENTED_EDGE('',*,*,#7506,.T.);
#10701=ORIENTED_EDGE('',*,*,#7503,.T.);
#10702=ORIENTED_EDGE('',*,*,#7500,.T.);
#10703=ORIENTED_EDGE('',*,*,#7497,.T.);
#10704=ORIENTED_EDGE('',*,*,#7494,.T.);
#10705=ORIENTED_EDGE('',*,*,#7491,.T.);
#10706=ORIENTED_EDGE('',*,*,#7488,.T.);
#10707=ORIENTED_EDGE('',*,*,#7485,.T.);
#10708=ORIENTED_EDGE('',*,*,#7482,.T.);
#10709=ORIENTED_EDGE('',*,*,#7479,.T.);
#10710=ORIENTED_EDGE('',*,*,#7476,.T.);
#10711=ORIENTED_EDGE('',*,*,#7473,.T.);
#10712=ORIENTED_EDGE('',*,*,#7470,.T.);
#10713=ORIENTED_EDGE('',*,*,#7467,.T.);
#10714=ORIENTED_EDGE('',*,*,#7464,.T.);
#10715=ORIENTED_EDGE('',*,*,#7461,.T.);
#10716=ORIENTED_EDGE('',*,*,#7458,.T.);
#10717=ORIENTED_EDGE('',*,*,#7455,.T.);
#10718=ORIENTED_EDGE('',*,*,#7452,.T.);
#10719=ORIENTED_EDGE('',*,*,#7449,.T.);
#10720=ORIENTED_EDGE('',*,*,#7446,.T.);
#10721=ORIENTED_EDGE('',*,*,#7443,.T.);
#10722=ORIENTED_EDGE('',*,*,#7440,.T.);
#10723=ORIENTED_EDGE('',*,*,#7437,.T.);
#10724=ORIENTED_EDGE('',*,*,#7434,.T.);
#10725=ORIENTED_EDGE('',*,*,#7431,.T.);
#10726=ORIENTED_EDGE('',*,*,#7514,.T.);
#10727=ORIENTED_EDGE('',*,*,#7429,.T.);
#10728=ORIENTED_EDGE('',*,*,#7433,.T.);
#10729=ORIENTED_EDGE('',*,*,#7436,.T.);
#10730=ORIENTED_EDGE('',*,*,#7439,.T.);
#10731=ORIENTED_EDGE('',*,*,#7442,.T.);
#10732=ORIENTED_EDGE('',*,*,#7445,.T.);
#10733=ORIENTED_EDGE('',*,*,#7448,.T.);
#10734=ORIENTED_EDGE('',*,*,#7451,.T.);
#10735=ORIENTED_EDGE('',*,*,#7454,.T.);
#10736=ORIENTED_EDGE('',*,*,#7457,.T.);
#10737=ORIENTED_EDGE('',*,*,#7460,.T.);
#10738=ORIENTED_EDGE('',*,*,#7463,.T.);
#10739=ORIENTED_EDGE('',*,*,#7466,.T.);
#10740=ORIENTED_EDGE('',*,*,#7469,.T.);
#10741=ORIENTED_EDGE('',*,*,#7472,.T.);
#10742=ORIENTED_EDGE('',*,*,#7475,.T.);
#10743=ORIENTED_EDGE('',*,*,#7478,.T.);
#10744=ORIENTED_EDGE('',*,*,#7481,.T.);
#10745=ORIENTED_EDGE('',*,*,#7484,.T.);
#10746=ORIENTED_EDGE('',*,*,#7487,.T.);
#10747=ORIENTED_EDGE('',*,*,#7490,.T.);
#10748=ORIENTED_EDGE('',*,*,#7493,.T.);
#10749=ORIENTED_EDGE('',*,*,#7496,.T.);
#10750=ORIENTED_EDGE('',*,*,#7499,.T.);
#10751=ORIENTED_EDGE('',*,*,#7502,.T.);
#10752=ORIENTED_EDGE('',*,*,#7505,.T.);
#10753=ORIENTED_EDGE('',*,*,#7508,.T.);
#10754=ORIENTED_EDGE('',*,*,#7511,.T.);
#10755=ORIENTED_EDGE('',*,*,#7516,.F.);
#10756=ORIENTED_EDGE('',*,*,#7517,.T.);
#10757=ORIENTED_EDGE('',*,*,#7518,.F.);
#10758=ORIENTED_EDGE('',*,*,#7519,.F.);
#10759=ORIENTED_EDGE('',*,*,#7520,.F.);
#10760=ORIENTED_EDGE('',*,*,#7519,.T.);
#10761=ORIENTED_EDGE('',*,*,#7521,.F.);
#10762=ORIENTED_EDGE('',*,*,#7522,.F.);
#10763=ORIENTED_EDGE('',*,*,#7523,.F.);
#10764=ORIENTED_EDGE('',*,*,#7522,.T.);
#10765=ORIENTED_EDGE('',*,*,#7524,.F.);
#10766=ORIENTED_EDGE('',*,*,#7525,.F.);
#10767=ORIENTED_EDGE('',*,*,#7526,.F.);
#10768=ORIENTED_EDGE('',*,*,#7525,.T.);
#10769=ORIENTED_EDGE('',*,*,#7527,.F.);
#10770=ORIENTED_EDGE('',*,*,#7528,.F.);
#10771=ORIENTED_EDGE('',*,*,#7529,.F.);
#10772=ORIENTED_EDGE('',*,*,#7528,.T.);
#10773=ORIENTED_EDGE('',*,*,#7530,.F.);
#10774=ORIENTED_EDGE('',*,*,#7531,.F.);
#10775=ORIENTED_EDGE('',*,*,#7532,.F.);
#10776=ORIENTED_EDGE('',*,*,#7531,.T.);
#10777=ORIENTED_EDGE('',*,*,#7533,.F.);
#10778=ORIENTED_EDGE('',*,*,#7534,.F.);
#10779=ORIENTED_EDGE('',*,*,#7535,.F.);
#10780=ORIENTED_EDGE('',*,*,#7534,.T.);
#10781=ORIENTED_EDGE('',*,*,#7536,.F.);
#10782=ORIENTED_EDGE('',*,*,#7537,.F.);
#10783=ORIENTED_EDGE('',*,*,#7538,.F.);
#10784=ORIENTED_EDGE('',*,*,#7537,.T.);
#10785=ORIENTED_EDGE('',*,*,#7539,.F.);
#10786=ORIENTED_EDGE('',*,*,#7540,.F.);
#10787=ORIENTED_EDGE('',*,*,#7541,.F.);
#10788=ORIENTED_EDGE('',*,*,#7540,.T.);
#10789=ORIENTED_EDGE('',*,*,#7542,.F.);
#10790=ORIENTED_EDGE('',*,*,#7543,.F.);
#10791=ORIENTED_EDGE('',*,*,#7544,.F.);
#10792=ORIENTED_EDGE('',*,*,#7543,.T.);
#10793=ORIENTED_EDGE('',*,*,#7545,.F.);
#10794=ORIENTED_EDGE('',*,*,#7546,.F.);
#10795=ORIENTED_EDGE('',*,*,#7547,.F.);
#10796=ORIENTED_EDGE('',*,*,#7546,.T.);
#10797=ORIENTED_EDGE('',*,*,#7548,.F.);
#10798=ORIENTED_EDGE('',*,*,#7549,.F.);
#10799=ORIENTED_EDGE('',*,*,#7550,.F.);
#10800=ORIENTED_EDGE('',*,*,#7549,.T.);
#10801=ORIENTED_EDGE('',*,*,#7551,.F.);
#10802=ORIENTED_EDGE('',*,*,#7552,.F.);
#10803=ORIENTED_EDGE('',*,*,#7553,.F.);
#10804=ORIENTED_EDGE('',*,*,#7552,.T.);
#10805=ORIENTED_EDGE('',*,*,#7554,.F.);
#10806=ORIENTED_EDGE('',*,*,#7555,.F.);
#10807=ORIENTED_EDGE('',*,*,#7556,.F.);
#10808=ORIENTED_EDGE('',*,*,#7555,.T.);
#10809=ORIENTED_EDGE('',*,*,#7557,.F.);
#10810=ORIENTED_EDGE('',*,*,#7558,.F.);
#10811=ORIENTED_EDGE('',*,*,#7559,.F.);
#10812=ORIENTED_EDGE('',*,*,#7558,.T.);
#10813=ORIENTED_EDGE('',*,*,#7560,.F.);
#10814=ORIENTED_EDGE('',*,*,#7561,.F.);
#10815=ORIENTED_EDGE('',*,*,#7562,.F.);
#10816=ORIENTED_EDGE('',*,*,#7561,.T.);
#10817=ORIENTED_EDGE('',*,*,#7563,.F.);
#10818=ORIENTED_EDGE('',*,*,#7564,.F.);
#10819=ORIENTED_EDGE('',*,*,#7565,.F.);
#10820=ORIENTED_EDGE('',*,*,#7564,.T.);
#10821=ORIENTED_EDGE('',*,*,#7566,.F.);
#10822=ORIENTED_EDGE('',*,*,#7567,.F.);
#10823=ORIENTED_EDGE('',*,*,#7568,.F.);
#10824=ORIENTED_EDGE('',*,*,#7567,.T.);
#10825=ORIENTED_EDGE('',*,*,#7569,.F.);
#10826=ORIENTED_EDGE('',*,*,#7570,.F.);
#10827=ORIENTED_EDGE('',*,*,#7571,.F.);
#10828=ORIENTED_EDGE('',*,*,#7570,.T.);
#10829=ORIENTED_EDGE('',*,*,#7572,.F.);
#10830=ORIENTED_EDGE('',*,*,#7573,.F.);
#10831=ORIENTED_EDGE('',*,*,#7574,.F.);
#10832=ORIENTED_EDGE('',*,*,#7573,.T.);
#10833=ORIENTED_EDGE('',*,*,#7575,.F.);
#10834=ORIENTED_EDGE('',*,*,#7576,.F.);
#10835=ORIENTED_EDGE('',*,*,#7577,.F.);
#10836=ORIENTED_EDGE('',*,*,#7576,.T.);
#10837=ORIENTED_EDGE('',*,*,#7578,.F.);
#10838=ORIENTED_EDGE('',*,*,#7579,.F.);
#10839=ORIENTED_EDGE('',*,*,#7580,.F.);
#10840=ORIENTED_EDGE('',*,*,#7579,.T.);
#10841=ORIENTED_EDGE('',*,*,#7581,.F.);
#10842=ORIENTED_EDGE('',*,*,#7582,.F.);
#10843=ORIENTED_EDGE('',*,*,#7583,.F.);
#10844=ORIENTED_EDGE('',*,*,#7582,.T.);
#10845=ORIENTED_EDGE('',*,*,#7584,.F.);
#10846=ORIENTED_EDGE('',*,*,#7585,.F.);
#10847=ORIENTED_EDGE('',*,*,#7586,.F.);
#10848=ORIENTED_EDGE('',*,*,#7585,.T.);
#10849=ORIENTED_EDGE('',*,*,#7587,.F.);
#10850=ORIENTED_EDGE('',*,*,#7588,.F.);
#10851=ORIENTED_EDGE('',*,*,#7589,.F.);
#10852=ORIENTED_EDGE('',*,*,#7588,.T.);
#10853=ORIENTED_EDGE('',*,*,#7590,.F.);
#10854=ORIENTED_EDGE('',*,*,#7591,.F.);
#10855=ORIENTED_EDGE('',*,*,#7592,.F.);
#10856=ORIENTED_EDGE('',*,*,#7591,.T.);
#10857=ORIENTED_EDGE('',*,*,#7593,.F.);
#10858=ORIENTED_EDGE('',*,*,#7594,.F.);
#10859=ORIENTED_EDGE('',*,*,#7595,.F.);
#10860=ORIENTED_EDGE('',*,*,#7594,.T.);
#10861=ORIENTED_EDGE('',*,*,#7596,.F.);
#10862=ORIENTED_EDGE('',*,*,#7597,.F.);
#10863=ORIENTED_EDGE('',*,*,#7598,.F.);
#10864=ORIENTED_EDGE('',*,*,#7597,.T.);
#10865=ORIENTED_EDGE('',*,*,#7599,.F.);
#10866=ORIENTED_EDGE('',*,*,#7600,.F.);
#10867=ORIENTED_EDGE('',*,*,#7601,.F.);
#10868=ORIENTED_EDGE('',*,*,#7600,.T.);
#10869=ORIENTED_EDGE('',*,*,#7602,.F.);
#10870=ORIENTED_EDGE('',*,*,#7517,.F.);
#10871=ORIENTED_EDGE('',*,*,#7602,.T.);
#10872=ORIENTED_EDGE('',*,*,#7599,.T.);
#10873=ORIENTED_EDGE('',*,*,#7596,.T.);
#10874=ORIENTED_EDGE('',*,*,#7593,.T.);
#10875=ORIENTED_EDGE('',*,*,#7590,.T.);
#10876=ORIENTED_EDGE('',*,*,#7587,.T.);
#10877=ORIENTED_EDGE('',*,*,#7584,.T.);
#10878=ORIENTED_EDGE('',*,*,#7581,.T.);
#10879=ORIENTED_EDGE('',*,*,#7578,.T.);
#10880=ORIENTED_EDGE('',*,*,#7575,.T.);
#10881=ORIENTED_EDGE('',*,*,#7572,.T.);
#10882=ORIENTED_EDGE('',*,*,#7569,.T.);
#10883=ORIENTED_EDGE('',*,*,#7566,.T.);
#10884=ORIENTED_EDGE('',*,*,#7563,.T.);
#10885=ORIENTED_EDGE('',*,*,#7560,.T.);
#10886=ORIENTED_EDGE('',*,*,#7557,.T.);
#10887=ORIENTED_EDGE('',*,*,#7554,.T.);
#10888=ORIENTED_EDGE('',*,*,#7551,.T.);
#10889=ORIENTED_EDGE('',*,*,#7548,.T.);
#10890=ORIENTED_EDGE('',*,*,#7545,.T.);
#10891=ORIENTED_EDGE('',*,*,#7542,.T.);
#10892=ORIENTED_EDGE('',*,*,#7539,.T.);
#10893=ORIENTED_EDGE('',*,*,#7536,.T.);
#10894=ORIENTED_EDGE('',*,*,#7533,.T.);
#10895=ORIENTED_EDGE('',*,*,#7530,.T.);
#10896=ORIENTED_EDGE('',*,*,#7527,.T.);
#10897=ORIENTED_EDGE('',*,*,#7524,.T.);
#10898=ORIENTED_EDGE('',*,*,#7521,.T.);
#10899=ORIENTED_EDGE('',*,*,#7518,.T.);
#10900=ORIENTED_EDGE('',*,*,#7601,.T.);
#10901=ORIENTED_EDGE('',*,*,#7516,.T.);
#10902=ORIENTED_EDGE('',*,*,#7520,.T.);
#10903=ORIENTED_EDGE('',*,*,#7523,.T.);
#10904=ORIENTED_EDGE('',*,*,#7526,.T.);
#10905=ORIENTED_EDGE('',*,*,#7529,.T.);
#10906=ORIENTED_EDGE('',*,*,#7532,.T.);
#10907=ORIENTED_EDGE('',*,*,#7535,.T.);
#10908=ORIENTED_EDGE('',*,*,#7538,.T.);
#10909=ORIENTED_EDGE('',*,*,#7541,.T.);
#10910=ORIENTED_EDGE('',*,*,#7544,.T.);
#10911=ORIENTED_EDGE('',*,*,#7547,.T.);
#10912=ORIENTED_EDGE('',*,*,#7550,.T.);
#10913=ORIENTED_EDGE('',*,*,#7553,.T.);
#10914=ORIENTED_EDGE('',*,*,#7556,.T.);
#10915=ORIENTED_EDGE('',*,*,#7559,.T.);
#10916=ORIENTED_EDGE('',*,*,#7562,.T.);
#10917=ORIENTED_EDGE('',*,*,#7565,.T.);
#10918=ORIENTED_EDGE('',*,*,#7568,.T.);
#10919=ORIENTED_EDGE('',*,*,#7571,.T.);
#10920=ORIENTED_EDGE('',*,*,#7574,.T.);
#10921=ORIENTED_EDGE('',*,*,#7577,.T.);
#10922=ORIENTED_EDGE('',*,*,#7580,.T.);
#10923=ORIENTED_EDGE('',*,*,#7583,.T.);
#10924=ORIENTED_EDGE('',*,*,#7586,.T.);
#10925=ORIENTED_EDGE('',*,*,#7589,.T.);
#10926=ORIENTED_EDGE('',*,*,#7592,.T.);
#10927=ORIENTED_EDGE('',*,*,#7595,.T.);
#10928=ORIENTED_EDGE('',*,*,#7598,.T.);
#10929=ORIENTED_EDGE('',*,*,#7603,.T.);
#10930=ORIENTED_EDGE('',*,*,#7604,.T.);
#10931=ORIENTED_EDGE('',*,*,#7605,.F.);
#10932=ORIENTED_EDGE('',*,*,#7606,.F.);
#10933=ORIENTED_EDGE('',*,*,#7607,.T.);
#10934=ORIENTED_EDGE('',*,*,#7606,.T.);
#10935=ORIENTED_EDGE('',*,*,#7608,.F.);
#10936=ORIENTED_EDGE('',*,*,#7609,.F.);
#10937=ORIENTED_EDGE('',*,*,#7610,.T.);
#10938=ORIENTED_EDGE('',*,*,#7609,.T.);
#10939=ORIENTED_EDGE('',*,*,#7611,.F.);
#10940=ORIENTED_EDGE('',*,*,#7612,.F.);
#10941=ORIENTED_EDGE('',*,*,#7613,.T.);
#10942=ORIENTED_EDGE('',*,*,#7612,.T.);
#10943=ORIENTED_EDGE('',*,*,#7614,.F.);
#10944=ORIENTED_EDGE('',*,*,#7604,.F.);
#10945=ORIENTED_EDGE('',*,*,#7614,.T.);
#10946=ORIENTED_EDGE('',*,*,#7611,.T.);
#10947=ORIENTED_EDGE('',*,*,#7608,.T.);
#10948=ORIENTED_EDGE('',*,*,#7605,.T.);
#10949=ORIENTED_EDGE('',*,*,#7613,.F.);
#10950=ORIENTED_EDGE('',*,*,#7603,.F.);
#10951=ORIENTED_EDGE('',*,*,#7607,.F.);
#10952=ORIENTED_EDGE('',*,*,#7610,.F.);
#10953=PLANE('',#12175);
#10954=PLANE('',#12176);
#10955=PLANE('',#12177);
#10956=PLANE('',#12178);
#10957=PLANE('',#12179);
#10958=PLANE('',#12180);
#10959=PLANE('',#12181);
#10960=PLANE('',#12182);
#10961=PLANE('',#12183);
#10962=PLANE('',#12184);
#10963=PLANE('',#12185);
#10964=PLANE('',#12186);
#10965=PLANE('',#12187);
#10966=PLANE('',#12188);
#10967=PLANE('',#12189);
#10968=PLANE('',#12190);
#10969=PLANE('',#12191);
#10970=PLANE('',#12192);
#10971=PLANE('',#12193);
#10972=PLANE('',#12194);
#10973=PLANE('',#12195);
#10974=PLANE('',#12196);
#10975=PLANE('',#12197);
#10976=PLANE('',#12198);
#10977=PLANE('',#12199);
#10978=PLANE('',#12200);
#10979=PLANE('',#12201);
#10980=PLANE('',#12202);
#10981=PLANE('',#12203);
#10982=PLANE('',#12204);
#10983=PLANE('',#12205);
#10984=PLANE('',#12206);
#10985=PLANE('',#12207);
#10986=PLANE('',#12208);
#10987=PLANE('',#12209);
#10988=PLANE('',#12210);
#10989=PLANE('',#12211);
#10990=PLANE('',#12212);
#10991=PLANE('',#12213);
#10992=PLANE('',#12214);
#10993=PLANE('',#12215);
#10994=PLANE('',#12216);
#10995=PLANE('',#12217);
#10996=PLANE('',#12218);
#10997=PLANE('',#12219);
#10998=PLANE('',#12220);
#10999=PLANE('',#12221);
#11000=PLANE('',#12222);
#11001=PLANE('',#12223);
#11002=PLANE('',#12224);
#11003=PLANE('',#12225);
#11004=PLANE('',#12226);
#11005=PLANE('',#12227);
#11006=PLANE('',#12228);
#11007=PLANE('',#12229);
#11008=PLANE('',#12230);
#11009=PLANE('',#12231);
#11010=PLANE('',#12232);
#11011=PLANE('',#12233);
#11012=PLANE('',#12234);
#11013=PLANE('',#12235);
#11014=PLANE('',#12236);
#11015=PLANE('',#12237);
#11016=PLANE('',#12238);
#11017=PLANE('',#12239);
#11018=PLANE('',#12240);
#11019=PLANE('',#12241);
#11020=PLANE('',#12242);
#11021=PLANE('',#12243);
#11022=PLANE('',#12244);
#11023=PLANE('',#12245);
#11024=PLANE('',#12246);
#11025=PLANE('',#12247);
#11026=PLANE('',#12248);
#11027=PLANE('',#12249);
#11028=PLANE('',#12250);
#11029=PLANE('',#12251);
#11030=PLANE('',#12252);
#11031=PLANE('',#12253);
#11032=PLANE('',#12254);
#11033=PLANE('',#12255);
#11034=PLANE('',#12256);
#11035=PLANE('',#12257);
#11036=PLANE('',#12258);
#11037=PLANE('',#12259);
#11038=PLANE('',#12260);
#11039=PLANE('',#12261);
#11040=PLANE('',#12262);
#11041=PLANE('',#12263);
#11042=PLANE('',#12264);
#11043=PLANE('',#12265);
#11044=PLANE('',#12266);
#11045=PLANE('',#12267);
#11046=PLANE('',#12268);
#11047=PLANE('',#12269);
#11048=PLANE('',#12270);
#11049=PLANE('',#12271);
#11050=PLANE('',#12272);
#11051=PLANE('',#12273);
#11052=PLANE('',#12274);
#11053=PLANE('',#12275);
#11054=PLANE('',#12276);
#11055=PLANE('',#12277);
#11056=PLANE('',#12278);
#11057=PLANE('',#12279);
#11058=PLANE('',#12280);
#11059=PLANE('',#12281);
#11060=PLANE('',#12282);
#11061=PLANE('',#12283);
#11062=PLANE('',#12284);
#11063=PLANE('',#12285);
#11064=PLANE('',#12286);
#11065=PLANE('',#12287);
#11066=PLANE('',#12288);
#11067=PLANE('',#12289);
#11068=PLANE('',#12290);
#11069=PLANE('',#12291);
#11070=PLANE('',#12292);
#11071=PLANE('',#12293);
#11072=PLANE('',#12294);
#11073=PLANE('',#12295);
#11074=PLANE('',#12296);
#11075=PLANE('',#12297);
#11076=PLANE('',#12298);
#11077=PLANE('',#12299);
#11078=PLANE('',#12300);
#11079=PLANE('',#12302);
#11080=PLANE('',#12303);
#11081=PLANE('',#12304);
#11082=PLANE('',#12305);
#11083=PLANE('',#12306);
#11084=PLANE('',#12307);
#11085=PLANE('',#12308);
#11086=PLANE('',#12309);
#11087=PLANE('',#12310);
#11088=PLANE('',#12311);
#11089=PLANE('',#12312);
#11090=PLANE('',#12313);
#11091=PLANE('',#12314);
#11092=PLANE('',#12315);
#11093=PLANE('',#12316);
#11094=PLANE('',#12317);
#11095=PLANE('',#12318);
#11096=PLANE('',#12319);
#11097=PLANE('',#12320);
#11098=PLANE('',#12321);
#11099=PLANE('',#12322);
#11100=PLANE('',#12323);
#11101=PLANE('',#12324);
#11102=PLANE('',#12325);
#11103=PLANE('',#12326);
#11104=PLANE('',#12327);
#11105=PLANE('',#12328);
#11106=PLANE('',#12329);
#11107=PLANE('',#12330);
#11108=PLANE('',#12331);
#11109=PLANE('',#12332);
#11110=PLANE('',#12333);
#11111=PLANE('',#12334);
#11112=PLANE('',#12335);
#11113=PLANE('',#12336);
#11114=PLANE('',#12337);
#11115=PLANE('',#12338);
#11116=PLANE('',#12339);
#11117=PLANE('',#12340);
#11118=PLANE('',#12341);
#11119=PLANE('',#12342);
#11120=PLANE('',#12343);
#11121=PLANE('',#12344);
#11122=PLANE('',#12345);
#11123=PLANE('',#12346);
#11124=PLANE('',#12347);
#11125=PLANE('',#12348);
#11126=PLANE('',#12349);
#11127=PLANE('',#12350);
#11128=PLANE('',#12351);
#11129=PLANE('',#12352);
#11130=PLANE('',#12353);
#11131=PLANE('',#12354);
#11132=PLANE('',#12355);
#11133=PLANE('',#12356);
#11134=PLANE('',#12357);
#11135=PLANE('',#12358);
#11136=PLANE('',#12359);
#11137=PLANE('',#12360);
#11138=PLANE('',#12361);
#11139=PLANE('',#12362);
#11140=PLANE('',#12363);
#11141=PLANE('',#12364);
#11142=PLANE('',#12365);
#11143=PLANE('',#12366);
#11144=PLANE('',#12367);
#11145=PLANE('',#12368);
#11146=PLANE('',#12369);
#11147=PLANE('',#12370);
#11148=PLANE('',#12371);
#11149=PLANE('',#12372);
#11150=PLANE('',#12373);
#11151=PLANE('',#12374);
#11152=PLANE('',#12375);
#11153=PLANE('',#12376);
#11154=PLANE('',#12377);
#11155=PLANE('',#12378);
#11156=PLANE('',#12379);
#11157=PLANE('',#12380);
#11158=PLANE('',#12381);
#11159=PLANE('',#12382);
#11160=PLANE('',#12383);
#11161=PLANE('',#12384);
#11162=PLANE('',#12385);
#11163=PLANE('',#12386);
#11164=PLANE('',#12387);
#11165=PLANE('',#12388);
#11166=PLANE('',#12389);
#11167=PLANE('',#12390);
#11168=PLANE('',#12391);
#11169=PLANE('',#12392);
#11170=PLANE('',#12393);
#11171=PLANE('',#12394);
#11172=PLANE('',#12395);
#11173=PLANE('',#12396);
#11174=PLANE('',#12397);
#11175=PLANE('',#12398);
#11176=PLANE('',#12399);
#11177=PLANE('',#12400);
#11178=PLANE('',#12401);
#11179=PLANE('',#12402);
#11180=PLANE('',#12403);
#11181=PLANE('',#12404);
#11182=PLANE('',#12405);
#11183=PLANE('',#12406);
#11184=PLANE('',#12407);
#11185=PLANE('',#12408);
#11186=PLANE('',#12409);
#11187=PLANE('',#12410);
#11188=PLANE('',#12411);
#11189=PLANE('',#12412);
#11190=PLANE('',#12413);
#11191=PLANE('',#12414);
#11192=PLANE('',#12415);
#11193=PLANE('',#12416);
#11194=PLANE('',#12417);
#11195=PLANE('',#12418);
#11196=PLANE('',#12419);
#11197=PLANE('',#12420);
#11198=PLANE('',#12421);
#11199=PLANE('',#12422);
#11200=PLANE('',#12423);
#11201=PLANE('',#12424);
#11202=PLANE('',#12425);
#11203=PLANE('',#12426);
#11204=PLANE('',#12427);
#11205=PLANE('',#12429);
#11206=PLANE('',#12430);
#11207=PLANE('',#12431);
#11208=PLANE('',#12432);
#11209=PLANE('',#12433);
#11210=PLANE('',#12434);
#11211=PLANE('',#12435);
#11212=PLANE('',#12436);
#11213=PLANE('',#12437);
#11214=PLANE('',#12438);
#11215=PLANE('',#12439);
#11216=PLANE('',#12440);
#11217=PLANE('',#12441);
#11218=PLANE('',#12442);
#11219=PLANE('',#12443);
#11220=PLANE('',#12444);
#11221=PLANE('',#12445);
#11222=PLANE('',#12446);
#11223=PLANE('',#12447);
#11224=PLANE('',#12448);
#11225=PLANE('',#12449);
#11226=PLANE('',#12450);
#11227=PLANE('',#12451);
#11228=PLANE('',#12452);
#11229=PLANE('',#12453);
#11230=PLANE('',#12454);
#11231=PLANE('',#12455);
#11232=PLANE('',#12456);
#11233=PLANE('',#12457);
#11234=PLANE('',#12458);
#11235=PLANE('',#12459);
#11236=PLANE('',#12460);
#11237=PLANE('',#12461);
#11238=PLANE('',#12462);
#11239=PLANE('',#12463);
#11240=PLANE('',#12464);
#11241=PLANE('',#12465);
#11242=PLANE('',#12466);
#11243=PLANE('',#12467);
#11244=PLANE('',#12468);
#11245=PLANE('',#12469);
#11246=PLANE('',#12470);
#11247=PLANE('',#12471);
#11248=PLANE('',#12472);
#11249=PLANE('',#12473);
#11250=PLANE('',#12474);
#11251=PLANE('',#12475);
#11252=PLANE('',#12476);
#11253=PLANE('',#12477);
#11254=PLANE('',#12478);
#11255=PLANE('',#12479);
#11256=PLANE('',#12480);
#11257=PLANE('',#12481);
#11258=PLANE('',#12482);
#11259=PLANE('',#12483);
#11260=PLANE('',#12484);
#11261=PLANE('',#12485);
#11262=PLANE('',#12486);
#11263=PLANE('',#12487);
#11264=PLANE('',#12488);
#11265=PLANE('',#12489);
#11266=PLANE('',#12490);
#11267=PLANE('',#12491);
#11268=PLANE('',#12492);
#11269=PLANE('',#12493);
#11270=PLANE('',#12494);
#11271=PLANE('',#12495);
#11272=PLANE('',#12496);
#11273=PLANE('',#12497);
#11274=PLANE('',#12498);
#11275=PLANE('',#12499);
#11276=PLANE('',#12500);
#11277=PLANE('',#12501);
#11278=PLANE('',#12502);
#11279=PLANE('',#12503);
#11280=PLANE('',#12504);
#11281=PLANE('',#12505);
#11282=PLANE('',#12506);
#11283=PLANE('',#12507);
#11284=PLANE('',#12508);
#11285=PLANE('',#12509);
#11286=PLANE('',#12510);
#11287=PLANE('',#12511);
#11288=PLANE('',#12512);
#11289=PLANE('',#12513);
#11290=PLANE('',#12514);
#11291=PLANE('',#12515);
#11292=PLANE('',#12516);
#11293=PLANE('',#12517);
#11294=PLANE('',#12518);
#11295=PLANE('',#12519);
#11296=PLANE('',#12520);
#11297=PLANE('',#12521);
#11298=PLANE('',#12522);
#11299=PLANE('',#12523);
#11300=PLANE('',#12524);
#11301=PLANE('',#12525);
#11302=PLANE('',#12526);
#11303=PLANE('',#12528);
#11304=PLANE('',#12529);
#11305=PLANE('',#12530);
#11306=PLANE('',#12531);
#11307=PLANE('',#12532);
#11308=PLANE('',#12533);
#11309=PLANE('',#12535);
#11310=PLANE('',#12536);
#11311=PLANE('',#12537);
#11312=PLANE('',#12538);
#11313=PLANE('',#12539);
#11314=PLANE('',#12540);
#11315=PLANE('',#12541);
#11316=PLANE('',#12542);
#11317=PLANE('',#12543);
#11318=PLANE('',#12544);
#11319=PLANE('',#12545);
#11320=PLANE('',#12546);
#11321=PLANE('',#12547);
#11322=PLANE('',#12548);
#11323=PLANE('',#12549);
#11324=PLANE('',#12550);
#11325=PLANE('',#12552);
#11326=PLANE('',#12553);
#11327=PLANE('',#12554);
#11328=PLANE('',#12555);
#11329=PLANE('',#12556);
#11330=PLANE('',#12557);
#11331=PLANE('',#12558);
#11332=PLANE('',#12559);
#11333=PLANE('',#12560);
#11334=PLANE('',#12561);
#11335=PLANE('',#12562);
#11336=PLANE('',#12563);
#11337=PLANE('',#12564);
#11338=PLANE('',#12565);
#11339=PLANE('',#12566);
#11340=PLANE('',#12567);
#11341=PLANE('',#12568);
#11342=PLANE('',#12569);
#11343=PLANE('',#12570);
#11344=PLANE('',#12571);
#11345=PLANE('',#12572);
#11346=PLANE('',#12573);
#11347=PLANE('',#12574);
#11348=PLANE('',#12575);
#11349=PLANE('',#12576);
#11350=PLANE('',#12577);
#11351=PLANE('',#12578);
#11352=PLANE('',#12579);
#11353=PLANE('',#12580);
#11354=PLANE('',#12581);
#11355=PLANE('',#12582);
#11356=PLANE('',#12583);
#11357=PLANE('',#12584);
#11358=PLANE('',#12585);
#11359=PLANE('',#12586);
#11360=PLANE('',#12587);
#11361=PLANE('',#12588);
#11362=PLANE('',#12589);
#11363=PLANE('',#12590);
#11364=PLANE('',#12591);
#11365=PLANE('',#12592);
#11366=PLANE('',#12593);
#11367=PLANE('',#12594);
#11368=PLANE('',#12595);
#11369=PLANE('',#12596);
#11370=PLANE('',#12597);
#11371=PLANE('',#12598);
#11372=PLANE('',#12599);
#11373=PLANE('',#12600);
#11374=PLANE('',#12601);
#11375=PLANE('',#12602);
#11376=PLANE('',#12603);
#11377=PLANE('',#12604);
#11378=PLANE('',#12605);
#11379=PLANE('',#12606);
#11380=PLANE('',#12607);
#11381=PLANE('',#12608);
#11382=PLANE('',#12609);
#11383=PLANE('',#12610);
#11384=PLANE('',#12611);
#11385=PLANE('',#12612);
#11386=PLANE('',#12613);
#11387=PLANE('',#12614);
#11388=PLANE('',#12615);
#11389=PLANE('',#12616);
#11390=PLANE('',#12617);
#11391=PLANE('',#12618);
#11392=PLANE('',#12619);
#11393=PLANE('',#12620);
#11394=PLANE('',#12621);
#11395=PLANE('',#12622);
#11396=PLANE('',#12623);
#11397=PLANE('',#12624);
#11398=PLANE('',#12625);
#11399=PLANE('',#12626);
#11400=PLANE('',#12627);
#11401=PLANE('',#12628);
#11402=PLANE('',#12629);
#11403=PLANE('',#12630);
#11404=PLANE('',#12631);
#11405=PLANE('',#12632);
#11406=PLANE('',#12633);
#11407=PLANE('',#12634);
#11408=PLANE('',#12635);
#11409=PLANE('',#12636);
#11410=PLANE('',#12637);
#11411=PLANE('',#12638);
#11412=PLANE('',#12639);
#11413=PLANE('',#12640);
#11414=PLANE('',#12641);
#11415=PLANE('',#12642);
#11416=PLANE('',#12643);
#11417=PLANE('',#12644);
#11418=PLANE('',#12645);
#11419=PLANE('',#12646);
#11420=PLANE('',#12647);
#11421=PLANE('',#12648);
#11422=PLANE('',#12649);
#11423=PLANE('',#12650);
#11424=PLANE('',#12651);
#11425=PLANE('',#12652);
#11426=PLANE('',#12653);
#11427=PLANE('',#12654);
#11428=PLANE('',#12655);
#11429=PLANE('',#12656);
#11430=PLANE('',#12657);
#11431=PLANE('',#12658);
#11432=PLANE('',#12659);
#11433=PLANE('',#12660);
#11434=PLANE('',#12661);
#11435=PLANE('',#12662);
#11436=PLANE('',#12663);
#11437=PLANE('',#12664);
#11438=PLANE('',#12665);
#11439=PLANE('',#12666);
#11440=PLANE('',#12667);
#11441=PLANE('',#12668);
#11442=PLANE('',#12669);
#11443=PLANE('',#12670);
#11444=PLANE('',#12671);
#11445=PLANE('',#12672);
#11446=PLANE('',#12673);
#11447=PLANE('',#12674);
#11448=PLANE('',#12675);
#11449=PLANE('',#12676);
#11450=PLANE('',#12677);
#11451=PLANE('',#12678);
#11452=PLANE('',#12679);
#11453=PLANE('',#12680);
#11454=PLANE('',#12681);
#11455=PLANE('',#12682);
#11456=PLANE('',#12683);
#11457=PLANE('',#12684);
#11458=PLANE('',#12685);
#11459=PLANE('',#12686);
#11460=PLANE('',#12687);
#11461=PLANE('',#12688);
#11462=PLANE('',#12689);
#11463=PLANE('',#12690);
#11464=PLANE('',#12691);
#11465=PLANE('',#12692);
#11466=PLANE('',#12693);
#11467=PLANE('',#12694);
#11468=PLANE('',#12695);
#11469=PLANE('',#12696);
#11470=PLANE('',#12697);
#11471=PLANE('',#12698);
#11472=PLANE('',#12699);
#11473=PLANE('',#12700);
#11474=PLANE('',#12701);
#11475=ADVANCED_FACE('',(#508),#10953,.F.);
#11476=ADVANCED_FACE('',(#509),#10954,.F.);
#11477=ADVANCED_FACE('',(#510),#10955,.F.);
#11478=ADVANCED_FACE('',(#511),#10956,.F.);
#11479=ADVANCED_FACE('',(#512),#10957,.F.);
#11480=ADVANCED_FACE('',(#513),#10958,.F.);
#11481=ADVANCED_FACE('',(#514),#10959,.F.);
#11482=ADVANCED_FACE('',(#515),#10960,.F.);
#11483=ADVANCED_FACE('',(#516),#10961,.F.);
#11484=ADVANCED_FACE('',(#517),#10962,.F.);
#11485=ADVANCED_FACE('',(#518),#10963,.F.);
#11486=ADVANCED_FACE('',(#519),#10964,.F.);
#11487=ADVANCED_FACE('',(#520),#10965,.F.);
#11488=ADVANCED_FACE('',(#521),#10966,.F.);
#11489=ADVANCED_FACE('',(#522),#10967,.F.);
#11490=ADVANCED_FACE('',(#523),#10968,.F.);
#11491=ADVANCED_FACE('',(#524),#10969,.F.);
#11492=ADVANCED_FACE('',(#525),#10970,.F.);
#11493=ADVANCED_FACE('',(#526),#10971,.F.);
#11494=ADVANCED_FACE('',(#527),#10972,.F.);
#11495=ADVANCED_FACE('',(#528),#10973,.F.);
#11496=ADVANCED_FACE('',(#529),#10974,.F.);
#11497=ADVANCED_FACE('',(#530),#10975,.F.);
#11498=ADVANCED_FACE('',(#531),#10976,.F.);
#11499=ADVANCED_FACE('',(#532),#10977,.F.);
#11500=ADVANCED_FACE('',(#533),#10978,.F.);
#11501=ADVANCED_FACE('',(#534),#10979,.F.);
#11502=ADVANCED_FACE('',(#535),#10980,.F.);
#11503=ADVANCED_FACE('',(#536),#10981,.F.);
#11504=ADVANCED_FACE('',(#537),#10982,.F.);
#11505=ADVANCED_FACE('',(#538),#10983,.F.);
#11506=ADVANCED_FACE('',(#539),#10984,.F.);
#11507=ADVANCED_FACE('',(#540),#10985,.F.);
#11508=ADVANCED_FACE('',(#541),#10986,.F.);
#11509=ADVANCED_FACE('',(#542),#10987,.F.);
#11510=ADVANCED_FACE('',(#543),#10988,.F.);
#11511=ADVANCED_FACE('',(#544),#10989,.F.);
#11512=ADVANCED_FACE('',(#545),#10990,.F.);
#11513=ADVANCED_FACE('',(#546),#10991,.F.);
#11514=ADVANCED_FACE('',(#547),#10992,.F.);
#11515=ADVANCED_FACE('',(#548),#10993,.F.);
#11516=ADVANCED_FACE('',(#549),#10994,.F.);
#11517=ADVANCED_FACE('',(#550),#10995,.F.);
#11518=ADVANCED_FACE('',(#551),#10996,.F.);
#11519=ADVANCED_FACE('',(#552),#10997,.F.);
#11520=ADVANCED_FACE('',(#553),#10998,.F.);
#11521=ADVANCED_FACE('',(#554),#10999,.F.);
#11522=ADVANCED_FACE('',(#555),#11000,.F.);
#11523=ADVANCED_FACE('',(#556),#11001,.F.);
#11524=ADVANCED_FACE('',(#557),#11002,.F.);
#11525=ADVANCED_FACE('',(#558),#11003,.F.);
#11526=ADVANCED_FACE('',(#559),#11004,.F.);
#11527=ADVANCED_FACE('',(#560),#11005,.F.);
#11528=ADVANCED_FACE('',(#561),#11006,.F.);
#11529=ADVANCED_FACE('',(#562),#11007,.F.);
#11530=ADVANCED_FACE('',(#563),#11008,.F.);
#11531=ADVANCED_FACE('',(#564),#11009,.F.);
#11532=ADVANCED_FACE('',(#565),#11010,.F.);
#11533=ADVANCED_FACE('',(#566),#11011,.F.);
#11534=ADVANCED_FACE('',(#567),#11012,.F.);
#11535=ADVANCED_FACE('',(#568),#11013,.F.);
#11536=ADVANCED_FACE('',(#569),#11014,.F.);
#11537=ADVANCED_FACE('',(#570),#11015,.F.);
#11538=ADVANCED_FACE('',(#571),#11016,.F.);
#11539=ADVANCED_FACE('',(#572),#11017,.F.);
#11540=ADVANCED_FACE('',(#573),#11018,.F.);
#11541=ADVANCED_FACE('',(#574),#11019,.F.);
#11542=ADVANCED_FACE('',(#575),#11020,.F.);
#11543=ADVANCED_FACE('',(#576),#11021,.F.);
#11544=ADVANCED_FACE('',(#577),#11022,.F.);
#11545=ADVANCED_FACE('',(#578),#11023,.F.);
#11546=ADVANCED_FACE('',(#579),#11024,.F.);
#11547=ADVANCED_FACE('',(#580),#11025,.F.);
#11548=ADVANCED_FACE('',(#581),#11026,.F.);
#11549=ADVANCED_FACE('',(#582),#11027,.F.);
#11550=ADVANCED_FACE('',(#583),#11028,.F.);
#11551=ADVANCED_FACE('',(#584),#11029,.F.);
#11552=ADVANCED_FACE('',(#585),#11030,.T.);
#11553=ADVANCED_FACE('',(#586),#11031,.T.);
#11554=ADVANCED_FACE('',(#587),#11032,.T.);
#11555=ADVANCED_FACE('',(#588),#11033,.T.);
#11556=ADVANCED_FACE('',(#589,#386,#387,#388,#389,#390,#391,#392,#393,#394,
#395,#396,#397,#398,#399,#400,#401,#402,#403,#404,#405,#406,#407,#408,#409,
#410,#411,#412,#413,#414,#415,#416),#11034,.T.);
#11557=ADVANCED_FACE('',(#590),#11035,.T.);
#11558=ADVANCED_FACE('',(#591),#11036,.T.);
#11559=ADVANCED_FACE('',(#592),#11037,.T.);
#11560=ADVANCED_FACE('',(#593),#11038,.T.);
#11561=ADVANCED_FACE('',(#594),#11039,.T.);
#11562=ADVANCED_FACE('',(#595),#11040,.T.);
#11563=ADVANCED_FACE('',(#596),#11041,.T.);
#11564=ADVANCED_FACE('',(#597),#11042,.T.);
#11565=ADVANCED_FACE('',(#598),#11043,.T.);
#11566=ADVANCED_FACE('',(#599),#11044,.T.);
#11567=ADVANCED_FACE('',(#600),#11045,.T.);
#11568=ADVANCED_FACE('',(#601),#11046,.T.);
#11569=ADVANCED_FACE('',(#602),#11047,.T.);
#11570=ADVANCED_FACE('',(#603),#11048,.T.);
#11571=ADVANCED_FACE('',(#604),#11049,.T.);
#11572=ADVANCED_FACE('',(#605),#11050,.T.);
#11573=ADVANCED_FACE('',(#606),#11051,.T.);
#11574=ADVANCED_FACE('',(#607),#11052,.T.);
#11575=ADVANCED_FACE('',(#608),#11053,.T.);
#11576=ADVANCED_FACE('',(#609),#11054,.T.);
#11577=ADVANCED_FACE('',(#610),#11055,.T.);
#11578=ADVANCED_FACE('',(#611),#11056,.T.);
#11579=ADVANCED_FACE('',(#612),#11057,.T.);
#11580=ADVANCED_FACE('',(#613),#11058,.T.);
#11581=ADVANCED_FACE('',(#614),#11059,.T.);
#11582=ADVANCED_FACE('',(#615),#11060,.T.);
#11583=ADVANCED_FACE('',(#616),#11061,.T.);
#11584=ADVANCED_FACE('',(#617),#11062,.T.);
#11585=ADVANCED_FACE('',(#618),#11063,.T.);
#11586=ADVANCED_FACE('',(#619),#11064,.T.);
#11587=ADVANCED_FACE('',(#620),#11065,.T.);
#11588=ADVANCED_FACE('',(#621),#11066,.T.);
#11589=ADVANCED_FACE('',(#622),#11067,.T.);
#11590=ADVANCED_FACE('',(#623),#11068,.T.);
#11591=ADVANCED_FACE('',(#624),#11069,.T.);
#11592=ADVANCED_FACE('',(#625),#11070,.T.);
#11593=ADVANCED_FACE('',(#626),#11071,.T.);
#11594=ADVANCED_FACE('',(#627),#11072,.T.);
#11595=ADVANCED_FACE('',(#628),#11073,.T.);
#11596=ADVANCED_FACE('',(#629),#11074,.T.);
#11597=ADVANCED_FACE('',(#630),#11075,.T.);
#11598=ADVANCED_FACE('',(#631),#11076,.T.);
#11599=ADVANCED_FACE('',(#632),#11077,.T.);
#11600=ADVANCED_FACE('',(#633,#417,#418,#419,#420,#421,#422,#423,#424,#425,
#426,#427,#428,#429,#430,#431,#432,#433,#434,#435,#436,#437,#438,#439,#440,
#441),#11078,.F.);
#11601=ADVANCED_FACE('',(#634),#11079,.F.);
#11602=ADVANCED_FACE('',(#635),#11080,.F.);
#11603=ADVANCED_FACE('',(#636),#11081,.F.);
#11604=ADVANCED_FACE('',(#637),#11082,.F.);
#11605=ADVANCED_FACE('',(#638),#11083,.F.);
#11606=ADVANCED_FACE('',(#639),#11084,.F.);
#11607=ADVANCED_FACE('',(#640),#11085,.F.);
#11608=ADVANCED_FACE('',(#641),#11086,.F.);
#11609=ADVANCED_FACE('',(#642),#11087,.F.);
#11610=ADVANCED_FACE('',(#643),#11088,.F.);
#11611=ADVANCED_FACE('',(#644),#11089,.F.);
#11612=ADVANCED_FACE('',(#645),#11090,.F.);
#11613=ADVANCED_FACE('',(#646),#11091,.F.);
#11614=ADVANCED_FACE('',(#647),#11092,.F.);
#11615=ADVANCED_FACE('',(#648),#11093,.F.);
#11616=ADVANCED_FACE('',(#649),#11094,.F.);
#11617=ADVANCED_FACE('',(#650),#11095,.F.);
#11618=ADVANCED_FACE('',(#651),#11096,.F.);
#11619=ADVANCED_FACE('',(#652),#11097,.F.);
#11620=ADVANCED_FACE('',(#653),#11098,.F.);
#11621=ADVANCED_FACE('',(#654),#11099,.F.);
#11622=ADVANCED_FACE('',(#655),#11100,.F.);
#11623=ADVANCED_FACE('',(#656),#11101,.F.);
#11624=ADVANCED_FACE('',(#657),#11102,.F.);
#11625=ADVANCED_FACE('',(#658),#11103,.F.);
#11626=ADVANCED_FACE('',(#659),#11104,.F.);
#11627=ADVANCED_FACE('',(#660),#11105,.F.);
#11628=ADVANCED_FACE('',(#661),#11106,.F.);
#11629=ADVANCED_FACE('',(#662),#11107,.F.);
#11630=ADVANCED_FACE('',(#663),#11108,.F.);
#11631=ADVANCED_FACE('',(#664),#11109,.F.);
#11632=ADVANCED_FACE('',(#665),#11110,.F.);
#11633=ADVANCED_FACE('',(#666),#11111,.F.);
#11634=ADVANCED_FACE('',(#667),#11112,.F.);
#11635=ADVANCED_FACE('',(#668),#11113,.F.);
#11636=ADVANCED_FACE('',(#669),#11114,.F.);
#11637=ADVANCED_FACE('',(#670),#11115,.F.);
#11638=ADVANCED_FACE('',(#671),#11116,.F.);
#11639=ADVANCED_FACE('',(#672),#11117,.F.);
#11640=ADVANCED_FACE('',(#673),#11118,.F.);
#11641=ADVANCED_FACE('',(#674),#11119,.F.);
#11642=ADVANCED_FACE('',(#675),#11120,.F.);
#11643=ADVANCED_FACE('',(#676),#11121,.F.);
#11644=ADVANCED_FACE('',(#677),#11122,.F.);
#11645=ADVANCED_FACE('',(#678),#11123,.F.);
#11646=ADVANCED_FACE('',(#679),#11124,.F.);
#11647=ADVANCED_FACE('',(#680),#11125,.F.);
#11648=ADVANCED_FACE('',(#681),#11126,.F.);
#11649=ADVANCED_FACE('',(#682),#11127,.F.);
#11650=ADVANCED_FACE('',(#683),#11128,.F.);
#11651=ADVANCED_FACE('',(#684),#11129,.F.);
#11652=ADVANCED_FACE('',(#685),#11130,.F.);
#11653=ADVANCED_FACE('',(#686),#11131,.F.);
#11654=ADVANCED_FACE('',(#687),#11132,.F.);
#11655=ADVANCED_FACE('',(#688),#11133,.F.);
#11656=ADVANCED_FACE('',(#689),#11134,.F.);
#11657=ADVANCED_FACE('',(#690),#11135,.F.);
#11658=ADVANCED_FACE('',(#691),#11136,.F.);
#11659=ADVANCED_FACE('',(#692),#11137,.F.);
#11660=ADVANCED_FACE('',(#693),#11138,.F.);
#11661=ADVANCED_FACE('',(#694),#11139,.F.);
#11662=ADVANCED_FACE('',(#695),#11140,.F.);
#11663=ADVANCED_FACE('',(#696),#11141,.F.);
#11664=ADVANCED_FACE('',(#697),#11142,.F.);
#11665=ADVANCED_FACE('',(#698),#11143,.F.);
#11666=ADVANCED_FACE('',(#699),#11144,.F.);
#11667=ADVANCED_FACE('',(#700),#11145,.F.);
#11668=ADVANCED_FACE('',(#701),#11146,.F.);
#11669=ADVANCED_FACE('',(#702),#11147,.F.);
#11670=ADVANCED_FACE('',(#703),#11148,.F.);
#11671=ADVANCED_FACE('',(#704),#11149,.F.);
#11672=ADVANCED_FACE('',(#705),#11150,.F.);
#11673=ADVANCED_FACE('',(#706),#11151,.F.);
#11674=ADVANCED_FACE('',(#707),#11152,.F.);
#11675=ADVANCED_FACE('',(#708),#11153,.F.);
#11676=ADVANCED_FACE('',(#709),#11154,.F.);
#11677=ADVANCED_FACE('',(#710),#11155,.F.);
#11678=ADVANCED_FACE('',(#711),#11156,.T.);
#11679=ADVANCED_FACE('',(#712),#11157,.T.);
#11680=ADVANCED_FACE('',(#713),#11158,.T.);
#11681=ADVANCED_FACE('',(#714),#11159,.T.);
#11682=ADVANCED_FACE('',(#715,#442,#443,#444,#445,#446,#447,#448,#449,#450,
#451,#452,#453,#454,#455,#456,#457,#458,#459,#460,#461,#462,#463,#464,#465,
#466,#467,#468,#469,#470,#471,#472),#11160,.F.);
#11683=ADVANCED_FACE('',(#716),#11161,.T.);
#11684=ADVANCED_FACE('',(#717),#11162,.T.);
#11685=ADVANCED_FACE('',(#718),#11163,.T.);
#11686=ADVANCED_FACE('',(#719),#11164,.T.);
#11687=ADVANCED_FACE('',(#720),#11165,.F.);
#11688=ADVANCED_FACE('',(#721),#11166,.T.);
#11689=ADVANCED_FACE('',(#722),#11167,.T.);
#11690=ADVANCED_FACE('',(#723),#11168,.T.);
#11691=ADVANCED_FACE('',(#724),#11169,.T.);
#11692=ADVANCED_FACE('',(#725),#11170,.F.);
#11693=ADVANCED_FACE('',(#726),#11171,.T.);
#11694=ADVANCED_FACE('',(#727),#11172,.T.);
#11695=ADVANCED_FACE('',(#728),#11173,.T.);
#11696=ADVANCED_FACE('',(#729),#11174,.T.);
#11697=ADVANCED_FACE('',(#730),#11175,.T.);
#11698=ADVANCED_FACE('',(#731),#11176,.T.);
#11699=ADVANCED_FACE('',(#732),#11177,.T.);
#11700=ADVANCED_FACE('',(#733),#11178,.T.);
#11701=ADVANCED_FACE('',(#734),#11179,.F.);
#11702=ADVANCED_FACE('',(#735),#11180,.T.);
#11703=ADVANCED_FACE('',(#736),#11181,.T.);
#11704=ADVANCED_FACE('',(#737),#11182,.T.);
#11705=ADVANCED_FACE('',(#738),#11183,.T.);
#11706=ADVANCED_FACE('',(#739),#11184,.F.);
#11707=ADVANCED_FACE('',(#740),#11185,.T.);
#11708=ADVANCED_FACE('',(#741),#11186,.T.);
#11709=ADVANCED_FACE('',(#742),#11187,.T.);
#11710=ADVANCED_FACE('',(#743),#11188,.T.);
#11711=ADVANCED_FACE('',(#744),#11189,.T.);
#11712=ADVANCED_FACE('',(#745),#11190,.T.);
#11713=ADVANCED_FACE('',(#746),#11191,.T.);
#11714=ADVANCED_FACE('',(#747),#11192,.T.);
#11715=ADVANCED_FACE('',(#748),#11193,.F.);
#11716=ADVANCED_FACE('',(#749),#11194,.T.);
#11717=ADVANCED_FACE('',(#750),#11195,.T.);
#11718=ADVANCED_FACE('',(#751),#11196,.T.);
#11719=ADVANCED_FACE('',(#752),#11197,.T.);
#11720=ADVANCED_FACE('',(#753),#11198,.F.);
#11721=ADVANCED_FACE('',(#754),#11199,.T.);
#11722=ADVANCED_FACE('',(#755),#11200,.T.);
#11723=ADVANCED_FACE('',(#756),#11201,.T.);
#11724=ADVANCED_FACE('',(#757),#11202,.T.);
#11725=ADVANCED_FACE('',(#758),#11203,.T.);
#11726=ADVANCED_FACE('',(#759,#473,#474,#475,#476,#477,#478,#479,#480,#481,
#482,#483,#484,#485,#486,#487,#488,#489,#490,#491,#492,#493,#494,#495,#496,
#497),#11204,.T.);
#11727=ADVANCED_FACE('',(#760),#11205,.T.);
#11728=ADVANCED_FACE('',(#761),#11206,.T.);
#11729=ADVANCED_FACE('',(#762),#11207,.T.);
#11730=ADVANCED_FACE('',(#763),#11208,.T.);
#11731=ADVANCED_FACE('',(#764),#11209,.T.);
#11732=ADVANCED_FACE('',(#765),#11210,.T.);
#11733=ADVANCED_FACE('',(#766),#11211,.T.);
#11734=ADVANCED_FACE('',(#767),#11212,.T.);
#11735=ADVANCED_FACE('',(#768),#11213,.T.);
#11736=ADVANCED_FACE('',(#769),#11214,.T.);
#11737=ADVANCED_FACE('',(#770),#11215,.T.);
#11738=ADVANCED_FACE('',(#771),#11216,.T.);
#11739=ADVANCED_FACE('',(#772),#11217,.T.);
#11740=ADVANCED_FACE('',(#773),#11218,.T.);
#11741=ADVANCED_FACE('',(#774),#11219,.T.);
#11742=ADVANCED_FACE('',(#775),#11220,.T.);
#11743=ADVANCED_FACE('',(#776),#11221,.T.);
#11744=ADVANCED_FACE('',(#777),#11222,.T.);
#11745=ADVANCED_FACE('',(#778),#11223,.T.);
#11746=ADVANCED_FACE('',(#779),#11224,.T.);
#11747=ADVANCED_FACE('',(#780),#11225,.T.);
#11748=ADVANCED_FACE('',(#781),#11226,.T.);
#11749=ADVANCED_FACE('',(#782),#11227,.T.);
#11750=ADVANCED_FACE('',(#783),#11228,.T.);
#11751=ADVANCED_FACE('',(#784),#11229,.T.);
#11752=ADVANCED_FACE('',(#785),#11230,.T.);
#11753=ADVANCED_FACE('',(#786),#11231,.T.);
#11754=ADVANCED_FACE('',(#787),#11232,.T.);
#11755=ADVANCED_FACE('',(#788),#11233,.T.);
#11756=ADVANCED_FACE('',(#789),#11234,.T.);
#11757=ADVANCED_FACE('',(#790),#11235,.T.);
#11758=ADVANCED_FACE('',(#791),#11236,.T.);
#11759=ADVANCED_FACE('',(#792),#11237,.T.);
#11760=ADVANCED_FACE('',(#793),#11238,.T.);
#11761=ADVANCED_FACE('',(#794),#11239,.T.);
#11762=ADVANCED_FACE('',(#795),#11240,.T.);
#11763=ADVANCED_FACE('',(#796),#11241,.T.);
#11764=ADVANCED_FACE('',(#797),#11242,.T.);
#11765=ADVANCED_FACE('',(#798),#11243,.T.);
#11766=ADVANCED_FACE('',(#799),#11244,.T.);
#11767=ADVANCED_FACE('',(#800),#11245,.T.);
#11768=ADVANCED_FACE('',(#801),#11246,.T.);
#11769=ADVANCED_FACE('',(#802),#11247,.T.);
#11770=ADVANCED_FACE('',(#803),#11248,.T.);
#11771=ADVANCED_FACE('',(#804),#11249,.T.);
#11772=ADVANCED_FACE('',(#805),#11250,.T.);
#11773=ADVANCED_FACE('',(#806),#11251,.T.);
#11774=ADVANCED_FACE('',(#807),#11252,.T.);
#11775=ADVANCED_FACE('',(#808),#11253,.T.);
#11776=ADVANCED_FACE('',(#809),#11254,.T.);
#11777=ADVANCED_FACE('',(#810),#11255,.T.);
#11778=ADVANCED_FACE('',(#811),#11256,.T.);
#11779=ADVANCED_FACE('',(#812),#11257,.T.);
#11780=ADVANCED_FACE('',(#813),#11258,.T.);
#11781=ADVANCED_FACE('',(#814),#11259,.T.);
#11782=ADVANCED_FACE('',(#815),#11260,.T.);
#11783=ADVANCED_FACE('',(#816),#11261,.T.);
#11784=ADVANCED_FACE('',(#817),#11262,.T.);
#11785=ADVANCED_FACE('',(#818),#11263,.T.);
#11786=ADVANCED_FACE('',(#819),#11264,.T.);
#11787=ADVANCED_FACE('',(#820),#11265,.T.);
#11788=ADVANCED_FACE('',(#821),#11266,.T.);
#11789=ADVANCED_FACE('',(#822),#11267,.T.);
#11790=ADVANCED_FACE('',(#823),#11268,.T.);
#11791=ADVANCED_FACE('',(#824),#11269,.T.);
#11792=ADVANCED_FACE('',(#825),#11270,.T.);
#11793=ADVANCED_FACE('',(#826),#11271,.T.);
#11794=ADVANCED_FACE('',(#827),#11272,.T.);
#11795=ADVANCED_FACE('',(#828),#11273,.T.);
#11796=ADVANCED_FACE('',(#829),#11274,.T.);
#11797=ADVANCED_FACE('',(#830),#11275,.T.);
#11798=ADVANCED_FACE('',(#831),#11276,.T.);
#11799=ADVANCED_FACE('',(#832),#11277,.T.);
#11800=ADVANCED_FACE('',(#833),#11278,.T.);
#11801=ADVANCED_FACE('',(#834),#11279,.T.);
#11802=ADVANCED_FACE('',(#835),#11280,.T.);
#11803=ADVANCED_FACE('',(#836),#11281,.T.);
#11804=ADVANCED_FACE('',(#837),#11282,.T.);
#11805=ADVANCED_FACE('',(#838),#11283,.T.);
#11806=ADVANCED_FACE('',(#839),#11284,.T.);
#11807=ADVANCED_FACE('',(#840),#11285,.T.);
#11808=ADVANCED_FACE('',(#841),#11286,.T.);
#11809=ADVANCED_FACE('',(#842),#11287,.F.);
#11810=ADVANCED_FACE('',(#843),#11288,.T.);
#11811=ADVANCED_FACE('',(#844),#11289,.T.);
#11812=ADVANCED_FACE('',(#845),#11290,.T.);
#11813=ADVANCED_FACE('',(#846),#11291,.T.);
#11814=ADVANCED_FACE('',(#847),#11292,.T.);
#11815=ADVANCED_FACE('',(#848),#11293,.T.);
#11816=ADVANCED_FACE('',(#849),#11294,.T.);
#11817=ADVANCED_FACE('',(#850),#11295,.T.);
#11818=ADVANCED_FACE('',(#851),#11296,.T.);
#11819=ADVANCED_FACE('',(#852),#11297,.T.);
#11820=ADVANCED_FACE('',(#853),#11298,.T.);
#11821=ADVANCED_FACE('',(#854),#11299,.T.);
#11822=ADVANCED_FACE('',(#855),#11300,.F.);
#11823=ADVANCED_FACE('',(#856),#11301,.T.);
#11824=ADVANCED_FACE('',(#857),#11302,.T.);
#11825=ADVANCED_FACE('',(#858),#11303,.T.);
#11826=ADVANCED_FACE('',(#859),#11304,.T.);
#11827=ADVANCED_FACE('',(#860),#11305,.T.);
#11828=ADVANCED_FACE('',(#861),#11306,.T.);
#11829=ADVANCED_FACE('',(#862),#11307,.T.);
#11830=ADVANCED_FACE('',(#863),#11308,.F.);
#11831=ADVANCED_FACE('',(#864),#11309,.T.);
#11832=ADVANCED_FACE('',(#865),#11310,.T.);
#11833=ADVANCED_FACE('',(#866),#11311,.T.);
#11834=ADVANCED_FACE('',(#867),#11312,.T.);
#11835=ADVANCED_FACE('',(#868),#11313,.F.);
#11836=ADVANCED_FACE('',(#869),#11314,.T.);
#11837=ADVANCED_FACE('',(#870),#11315,.T.);
#11838=ADVANCED_FACE('',(#871),#11316,.T.);
#11839=ADVANCED_FACE('',(#872),#11317,.T.);
#11840=ADVANCED_FACE('',(#873),#11318,.F.);
#11841=ADVANCED_FACE('',(#874),#11319,.T.);
#11842=ADVANCED_FACE('',(#875,#498),#11320,.T.);
#11843=ADVANCED_FACE('',(#876),#11321,.T.);
#11844=ADVANCED_FACE('',(#877,#499),#11322,.T.);
#11845=ADVANCED_FACE('',(#878),#11323,.T.);
#11846=ADVANCED_FACE('',(#879),#11324,.F.);
#11847=ADVANCED_FACE('',(#880),#11325,.T.);
#11848=ADVANCED_FACE('',(#881),#11326,.T.);
#11849=ADVANCED_FACE('',(#882),#11327,.T.);
#11850=ADVANCED_FACE('',(#883),#11328,.T.);
#11851=ADVANCED_FACE('',(#884),#11329,.T.);
#11852=ADVANCED_FACE('',(#885),#11330,.T.);
#11853=ADVANCED_FACE('',(#886),#11331,.T.);
#11854=ADVANCED_FACE('',(#887),#11332,.T.);
#11855=ADVANCED_FACE('',(#888),#11333,.T.);
#11856=ADVANCED_FACE('',(#889),#11334,.T.);
#11857=ADVANCED_FACE('',(#890),#11335,.T.);
#11858=ADVANCED_FACE('',(#891),#11336,.T.);
#11859=ADVANCED_FACE('',(#892),#11337,.T.);
#11860=ADVANCED_FACE('',(#893),#11338,.F.);
#11861=ADVANCED_FACE('',(#894),#11339,.T.);
#11862=ADVANCED_FACE('',(#895),#11340,.T.);
#11863=ADVANCED_FACE('',(#896),#11341,.T.);
#11864=ADVANCED_FACE('',(#897),#11342,.T.);
#11865=ADVANCED_FACE('',(#898),#11343,.T.);
#11866=ADVANCED_FACE('',(#899),#11344,.T.);
#11867=ADVANCED_FACE('',(#900),#11345,.T.);
#11868=ADVANCED_FACE('',(#901),#11346,.T.);
#11869=ADVANCED_FACE('',(#902),#11347,.T.);
#11870=ADVANCED_FACE('',(#903),#11348,.T.);
#11871=ADVANCED_FACE('',(#904),#11349,.T.);
#11872=ADVANCED_FACE('',(#905),#11350,.T.);
#11873=ADVANCED_FACE('',(#906),#11351,.T.);
#11874=ADVANCED_FACE('',(#907),#11352,.T.);
#11875=ADVANCED_FACE('',(#908),#11353,.F.);
#11876=ADVANCED_FACE('',(#909),#11354,.T.);
#11877=ADVANCED_FACE('',(#910),#11355,.T.);
#11878=ADVANCED_FACE('',(#911),#11356,.T.);
#11879=ADVANCED_FACE('',(#912),#11357,.T.);
#11880=ADVANCED_FACE('',(#913),#11358,.T.);
#11881=ADVANCED_FACE('',(#914),#11359,.T.);
#11882=ADVANCED_FACE('',(#915),#11360,.T.);
#11883=ADVANCED_FACE('',(#916),#11361,.T.);
#11884=ADVANCED_FACE('',(#917),#11362,.T.);
#11885=ADVANCED_FACE('',(#918),#11363,.T.);
#11886=ADVANCED_FACE('',(#919),#11364,.T.);
#11887=ADVANCED_FACE('',(#920,#500),#11365,.T.);
#11888=ADVANCED_FACE('',(#921,#501),#11366,.F.);
#11889=ADVANCED_FACE('',(#922),#11367,.T.);
#11890=ADVANCED_FACE('',(#923),#11368,.T.);
#11891=ADVANCED_FACE('',(#924),#11369,.T.);
#11892=ADVANCED_FACE('',(#925),#245,.T.);
#11893=ADVANCED_FACE('',(#926),#246,.T.);
#11894=ADVANCED_FACE('',(#927),#247,.T.);
#11895=ADVANCED_FACE('',(#928),#248,.T.);
#11896=ADVANCED_FACE('',(#929),#249,.T.);
#11897=ADVANCED_FACE('',(#930),#250,.T.);
#11898=ADVANCED_FACE('',(#931),#251,.T.);
#11899=ADVANCED_FACE('',(#932),#252,.T.);
#11900=ADVANCED_FACE('',(#933),#253,.T.);
#11901=ADVANCED_FACE('',(#934),#254,.T.);
#11902=ADVANCED_FACE('',(#935),#255,.T.);
#11903=ADVANCED_FACE('',(#936),#11370,.T.);
#11904=ADVANCED_FACE('',(#937),#256,.T.);
#11905=ADVANCED_FACE('',(#938),#257,.T.);
#11906=ADVANCED_FACE('',(#939),#258,.T.);
#11907=ADVANCED_FACE('',(#940),#259,.T.);
#11908=ADVANCED_FACE('',(#941),#260,.T.);
#11909=ADVANCED_FACE('',(#942),#261,.T.);
#11910=ADVANCED_FACE('',(#943),#262,.T.);
#11911=ADVANCED_FACE('',(#944),#263,.T.);
#11912=ADVANCED_FACE('',(#945),#11371,.T.);
#11913=ADVANCED_FACE('',(#946),#11372,.T.);
#11914=ADVANCED_FACE('',(#947),#11373,.T.);
#11915=ADVANCED_FACE('',(#948),#11374,.F.);
#11916=ADVANCED_FACE('',(#949),#11375,.T.);
#11917=ADVANCED_FACE('',(#950),#11376,.T.);
#11918=ADVANCED_FACE('',(#951),#11377,.T.);
#11919=ADVANCED_FACE('',(#952),#11378,.T.);
#11920=ADVANCED_FACE('',(#953),#11379,.T.);
#11921=ADVANCED_FACE('',(#954),#11380,.T.);
#11922=ADVANCED_FACE('',(#955),#11381,.T.);
#11923=ADVANCED_FACE('',(#956),#11382,.T.);
#11924=ADVANCED_FACE('',(#957),#11383,.T.);
#11925=ADVANCED_FACE('',(#958),#11384,.T.);
#11926=ADVANCED_FACE('',(#959),#11385,.T.);
#11927=ADVANCED_FACE('',(#960),#11386,.F.);
#11928=ADVANCED_FACE('',(#961),#11387,.T.);
#11929=ADVANCED_FACE('',(#962),#11388,.T.);
#11930=ADVANCED_FACE('',(#963),#11389,.T.);
#11931=ADVANCED_FACE('',(#964),#11390,.T.);
#11932=ADVANCED_FACE('',(#965),#11391,.T.);
#11933=ADVANCED_FACE('',(#966),#11392,.T.);
#11934=ADVANCED_FACE('',(#967),#11393,.T.);
#11935=ADVANCED_FACE('',(#968),#11394,.T.);
#11936=ADVANCED_FACE('',(#969),#11395,.T.);
#11937=ADVANCED_FACE('',(#970),#11396,.T.);
#11938=ADVANCED_FACE('',(#971),#11397,.T.);
#11939=ADVANCED_FACE('',(#972,#502),#11398,.T.);
#11940=ADVANCED_FACE('',(#973,#503),#11399,.F.);
#11941=ADVANCED_FACE('',(#974),#11400,.T.);
#11942=ADVANCED_FACE('',(#975),#264,.T.);
#11943=ADVANCED_FACE('',(#976),#265,.T.);
#11944=ADVANCED_FACE('',(#977),#266,.T.);
#11945=ADVANCED_FACE('',(#978),#267,.T.);
#11946=ADVANCED_FACE('',(#979),#268,.T.);
#11947=ADVANCED_FACE('',(#980),#11401,.T.);
#11948=ADVANCED_FACE('',(#981),#11402,.T.);
#11949=ADVANCED_FACE('',(#982),#11403,.T.);
#11950=ADVANCED_FACE('',(#983),#11404,.T.);
#11951=ADVANCED_FACE('',(#984),#269,.T.);
#11952=ADVANCED_FACE('',(#985),#270,.T.);
#11953=ADVANCED_FACE('',(#986),#271,.T.);
#11954=ADVANCED_FACE('',(#987),#272,.T.);
#11955=ADVANCED_FACE('',(#988),#273,.T.);
#11956=ADVANCED_FACE('',(#989),#274,.T.);
#11957=ADVANCED_FACE('',(#990),#275,.T.);
#11958=ADVANCED_FACE('',(#991),#276,.T.);
#11959=ADVANCED_FACE('',(#992),#277,.T.);
#11960=ADVANCED_FACE('',(#993),#11405,.T.);
#11961=ADVANCED_FACE('',(#994),#11406,.T.);
#11962=ADVANCED_FACE('',(#995),#11407,.T.);
#11963=ADVANCED_FACE('',(#996),#278,.T.);
#11964=ADVANCED_FACE('',(#997),#279,.T.);
#11965=ADVANCED_FACE('',(#998),#11408,.T.);
#11966=ADVANCED_FACE('',(#999),#11409,.T.);
#11967=ADVANCED_FACE('',(#1000),#11410,.T.);
#11968=ADVANCED_FACE('',(#1001,#504),#11411,.T.);
#11969=ADVANCED_FACE('',(#1002,#505),#11412,.F.);
#11970=ADVANCED_FACE('',(#1003),#11413,.T.);
#11971=ADVANCED_FACE('',(#1004),#11414,.T.);
#11972=ADVANCED_FACE('',(#1005),#11415,.T.);
#11973=ADVANCED_FACE('',(#1006),#11416,.T.);
#11974=ADVANCED_FACE('',(#1007),#11417,.T.);
#11975=ADVANCED_FACE('',(#1008),#11418,.T.);
#11976=ADVANCED_FACE('',(#1009),#11419,.T.);
#11977=ADVANCED_FACE('',(#1010),#11420,.T.);
#11978=ADVANCED_FACE('',(#1011),#11421,.T.);
#11979=ADVANCED_FACE('',(#1012),#11422,.F.);
#11980=ADVANCED_FACE('',(#1013),#11423,.T.);
#11981=ADVANCED_FACE('',(#1014),#11424,.T.);
#11982=ADVANCED_FACE('',(#1015),#11425,.T.);
#11983=ADVANCED_FACE('',(#1016),#11426,.T.);
#11984=ADVANCED_FACE('',(#1017),#11427,.T.);
#11985=ADVANCED_FACE('',(#1018),#11428,.T.);
#11986=ADVANCED_FACE('',(#1019),#11429,.T.);
#11987=ADVANCED_FACE('',(#1020),#11430,.T.);
#11988=ADVANCED_FACE('',(#1021),#11431,.T.);
#11989=ADVANCED_FACE('',(#1022),#11432,.T.);
#11990=ADVANCED_FACE('',(#1023),#11433,.T.);
#11991=ADVANCED_FACE('',(#1024,#506),#11434,.T.);
#11992=ADVANCED_FACE('',(#1025,#507),#11435,.F.);
#11993=ADVANCED_FACE('',(#1026),#11436,.T.);
#11994=ADVANCED_FACE('',(#1027),#11437,.T.);
#11995=ADVANCED_FACE('',(#1028),#11438,.T.);
#11996=ADVANCED_FACE('',(#1029),#11439,.T.);
#11997=ADVANCED_FACE('',(#1030),#11440,.T.);
#11998=ADVANCED_FACE('',(#1031),#11441,.T.);
#11999=ADVANCED_FACE('',(#1032),#11442,.T.);
#12000=ADVANCED_FACE('',(#1033),#11443,.T.);
#12001=ADVANCED_FACE('',(#1034),#11444,.F.);
#12002=ADVANCED_FACE('',(#1035),#11445,.T.);
#12003=ADVANCED_FACE('',(#1036),#11446,.T.);
#12004=ADVANCED_FACE('',(#1037),#11447,.T.);
#12005=ADVANCED_FACE('',(#1038),#11448,.T.);
#12006=ADVANCED_FACE('',(#1039),#11449,.T.);
#12007=ADVANCED_FACE('',(#1040),#11450,.F.);
#12008=ADVANCED_FACE('',(#1041),#11451,.T.);
#12009=ADVANCED_FACE('',(#1042),#11452,.T.);
#12010=ADVANCED_FACE('',(#1043),#11453,.T.);
#12011=ADVANCED_FACE('',(#1044),#11454,.T.);
#12012=ADVANCED_FACE('',(#1045),#11455,.T.);
#12013=ADVANCED_FACE('',(#1046),#11456,.T.);
#12014=ADVANCED_FACE('',(#1047),#11457,.T.);
#12015=ADVANCED_FACE('',(#1048),#11458,.T.);
#12016=ADVANCED_FACE('',(#1049),#11459,.T.);
#12017=ADVANCED_FACE('',(#1050),#11460,.F.);
#12018=ADVANCED_FACE('',(#1051),#11461,.T.);
#12019=ADVANCED_FACE('',(#1052),#280,.T.);
#12020=ADVANCED_FACE('',(#1053),#281,.T.);
#12021=ADVANCED_FACE('',(#1054),#282,.T.);
#12022=ADVANCED_FACE('',(#1055),#283,.T.);
#12023=ADVANCED_FACE('',(#1056),#284,.T.);
#12024=ADVANCED_FACE('',(#1057),#285,.T.);
#12025=ADVANCED_FACE('',(#1058),#286,.T.);
#12026=ADVANCED_FACE('',(#1059),#287,.T.);
#12027=ADVANCED_FACE('',(#1060),#288,.T.);
#12028=ADVANCED_FACE('',(#1061),#289,.T.);
#12029=ADVANCED_FACE('',(#1062),#290,.T.);
#12030=ADVANCED_FACE('',(#1063),#291,.T.);
#12031=ADVANCED_FACE('',(#1064),#292,.T.);
#12032=ADVANCED_FACE('',(#1065),#11462,.T.);
#12033=ADVANCED_FACE('',(#1066),#293,.T.);
#12034=ADVANCED_FACE('',(#1067),#294,.T.);
#12035=ADVANCED_FACE('',(#1068),#295,.T.);
#12036=ADVANCED_FACE('',(#1069),#296,.T.);
#12037=ADVANCED_FACE('',(#1070),#297,.T.);
#12038=ADVANCED_FACE('',(#1071),#298,.T.);
#12039=ADVANCED_FACE('',(#1072),#299,.T.);
#12040=ADVANCED_FACE('',(#1073),#300,.T.);
#12041=ADVANCED_FACE('',(#1074),#301,.T.);
#12042=ADVANCED_FACE('',(#1075),#302,.T.);
#12043=ADVANCED_FACE('',(#1076),#303,.T.);
#12044=ADVANCED_FACE('',(#1077),#304,.T.);
#12045=ADVANCED_FACE('',(#1078),#305,.T.);
#12046=ADVANCED_FACE('',(#1079),#306,.T.);
#12047=ADVANCED_FACE('',(#1080),#11463,.T.);
#12048=ADVANCED_FACE('',(#1081),#11464,.F.);
#12049=ADVANCED_FACE('',(#1082),#11465,.T.);
#12050=ADVANCED_FACE('',(#1083),#307,.T.);
#12051=ADVANCED_FACE('',(#1084),#308,.T.);
#12052=ADVANCED_FACE('',(#1085),#309,.T.);
#12053=ADVANCED_FACE('',(#1086),#310,.T.);
#12054=ADVANCED_FACE('',(#1087),#311,.T.);
#12055=ADVANCED_FACE('',(#1088),#312,.T.);
#12056=ADVANCED_FACE('',(#1089),#313,.T.);
#12057=ADVANCED_FACE('',(#1090),#314,.T.);
#12058=ADVANCED_FACE('',(#1091),#315,.T.);
#12059=ADVANCED_FACE('',(#1092),#316,.T.);
#12060=ADVANCED_FACE('',(#1093),#317,.T.);
#12061=ADVANCED_FACE('',(#1094),#318,.T.);
#12062=ADVANCED_FACE('',(#1095),#319,.T.);
#12063=ADVANCED_FACE('',(#1096),#11466,.T.);
#12064=ADVANCED_FACE('',(#1097),#320,.T.);
#12065=ADVANCED_FACE('',(#1098),#321,.T.);
#12066=ADVANCED_FACE('',(#1099),#322,.T.);
#12067=ADVANCED_FACE('',(#1100),#323,.T.);
#12068=ADVANCED_FACE('',(#1101),#324,.T.);
#12069=ADVANCED_FACE('',(#1102),#325,.T.);
#12070=ADVANCED_FACE('',(#1103),#326,.T.);
#12071=ADVANCED_FACE('',(#1104),#327,.T.);
#12072=ADVANCED_FACE('',(#1105),#328,.T.);
#12073=ADVANCED_FACE('',(#1106),#329,.T.);
#12074=ADVANCED_FACE('',(#1107),#330,.T.);
#12075=ADVANCED_FACE('',(#1108),#331,.T.);
#12076=ADVANCED_FACE('',(#1109),#332,.T.);
#12077=ADVANCED_FACE('',(#1110),#333,.T.);
#12078=ADVANCED_FACE('',(#1111),#11467,.T.);
#12079=ADVANCED_FACE('',(#1112),#11468,.F.);
#12080=ADVANCED_FACE('',(#1113),#11469,.T.);
#12081=ADVANCED_FACE('',(#1114),#11470,.T.);
#12082=ADVANCED_FACE('',(#1115),#11471,.T.);
#12083=ADVANCED_FACE('',(#1116),#11472,.T.);
#12084=ADVANCED_FACE('',(#1117),#11473,.T.);
#12085=ADVANCED_FACE('',(#1118),#11474,.F.);
#12086=CLOSED_SHELL('',(#11475,#11476,#11477,#11478,#11479,#11480,#11481,
#11482,#11483,#11484,#11485,#11486,#11487,#11488,#11489,#11490,#11491,#11492,
#11493,#11494,#11495,#11496,#11497,#11498,#11499,#11500,#11501,#11502,#11503,
#11504,#11505,#11506,#11507,#11508,#11509,#11510,#11511,#11512,#11513,#11514,
#11515,#11516,#11517,#11518,#11519,#11520,#11521,#11522,#11523,#11524,#11525,
#11526,#11527,#11528,#11529,#11530,#11531,#11532,#11533,#11534,#11535,#11536,
#11537,#11538,#11539,#11540,#11541,#11542,#11543,#11544,#11545,#11546,#11547,
#11548,#11549,#11550,#11551,#11552,#11553,#11554,#11555,#11556,#11557,#11558,
#11559,#11560,#11561,#11562,#11563,#11564,#11565,#11566,#11567,#11568,#11569,
#11570,#11571,#11572,#11573,#11574,#11575,#11576,#11577,#11578,#11579,#11580,
#11581,#11582,#11583,#11584,#11585,#11586,#11587,#11588,#11589,#11590,#11591,
#11592,#11593,#11594,#11595,#11596,#11597,#11598,#11599,#11600));
#12087=CLOSED_SHELL('',(#11601,#11602,#11603,#11604,#11605,#11606,#11607,
#11608,#11609,#11610,#11611,#11612,#11613,#11614,#11615,#11616,#11617,#11618,
#11619,#11620,#11621,#11622,#11623,#11624,#11625,#11626,#11627,#11628,#11629,
#11630,#11631,#11632,#11633,#11634,#11635,#11636,#11637,#11638,#11639,#11640,
#11641,#11642,#11643,#11644,#11645,#11646,#11647,#11648,#11649,#11650,#11651,
#11652,#11653,#11654,#11655,#11656,#11657,#11658,#11659,#11660,#11661,#11662,
#11663,#11664,#11665,#11666,#11667,#11668,#11669,#11670,#11671,#11672,#11673,
#11674,#11675,#11676,#11677,#11678,#11679,#11680,#11681,#11682,#11683,#11684,
#11685,#11686,#11687,#11688,#11689,#11690,#11691,#11692,#11693,#11694,#11695,
#11696,#11697,#11698,#11699,#11700,#11701,#11702,#11703,#11704,#11705,#11706,
#11707,#11708,#11709,#11710,#11711,#11712,#11713,#11714,#11715,#11716,#11717,
#11718,#11719,#11720,#11721,#11722,#11723,#11724,#11725,#11726));
#12088=CLOSED_SHELL('',(#11727,#11728,#11729,#11730,#11731,#11732,#11733,
#11734,#11735,#11736,#11737,#11738,#11739,#11740,#11741,#11742,#11743,#11744,
#11745,#11746,#11747,#11748,#11749,#11750,#11751,#11752,#11753,#11754,#11755,
#11756,#11757,#11758,#11759,#11760,#11761,#11762,#11763,#11764,#11765,#11766,
#11767,#11768,#11769,#11770,#11771,#11772,#11773,#11774,#11775,#11776,#11777,
#11778,#11779,#11780,#11781,#11782,#11783,#11784,#11785,#11786,#11787,#11788,
#11789,#11790,#11791,#11792,#11793,#11794,#11795,#11796,#11797,#11798,#11799,
#11800,#11801,#11802,#11803,#11804,#11805,#11806,#11807,#11808,#11809,#11810,
#11811,#11812,#11813,#11814,#11815,#11816,#11817,#11818,#11819,#11820,#11821,
#11822,#11823,#11824));
#12089=CLOSED_SHELL('',(#11825,#11826,#11827,#11828,#11829,#11830));
#12090=CLOSED_SHELL('',(#11831,#11832,#11833,#11834,#11835,#11836,#11837,
#11838,#11839,#11840,#11841,#11842,#11843,#11844,#11845,#11846));
#12091=CLOSED_SHELL('',(#11847,#11848,#11849,#11850,#11851,#11852,#11853,
#11854,#11855,#11856,#11857,#11858,#11859,#11860));
#12092=CLOSED_SHELL('',(#11861,#11862,#11863,#11864,#11865,#11866,#11867,
#11868,#11869,#11870,#11871,#11872,#11873,#11874,#11875));
#12093=CLOSED_SHELL('',(#11876,#11877,#11878,#11879,#11880,#11881,#11882,
#11883,#11884,#11885,#11886,#11887,#11888));
#12094=CLOSED_SHELL('',(#11889,#11890,#11891,#11892,#11893,#11894,#11895,
#11896,#11897,#11898,#11899,#11900,#11901,#11902,#11903,#11904,#11905,#11906,
#11907,#11908,#11909,#11910,#11911,#11912,#11913,#11914,#11915));
#12095=CLOSED_SHELL('',(#11916,#11917,#11918,#11919,#11920,#11921,#11922,
#11923,#11924,#11925,#11926,#11927));
#12096=CLOSED_SHELL('',(#11928,#11929,#11930,#11931,#11932,#11933,#11934,
#11935,#11936,#11937,#11938,#11939,#11940));
#12097=CLOSED_SHELL('',(#11941,#11942,#11943,#11944,#11945,#11946,#11947,
#11948,#11949,#11950,#11951,#11952,#11953,#11954,#11955,#11956,#11957,#11958,
#11959,#11960,#11961,#11962,#11963,#11964,#11965,#11966,#11967,#11968,#11969));
#12098=CLOSED_SHELL('',(#11970,#11971,#11972,#11973,#11974,#11975,#11976,
#11977,#11978,#11979));
#12099=CLOSED_SHELL('',(#11980,#11981,#11982,#11983,#11984,#11985,#11986,
#11987,#11988,#11989,#11990,#11991,#11992));
#12100=CLOSED_SHELL('',(#11993,#11994,#11995,#11996,#11997,#11998,#11999,
#12000,#12001));
#12101=CLOSED_SHELL('',(#12002,#12003,#12004,#12005,#12006,#12007));
#12102=CLOSED_SHELL('',(#12008,#12009,#12010,#12011,#12012,#12013,#12014,
#12015,#12016,#12017));
#12103=CLOSED_SHELL('',(#12018,#12019,#12020,#12021,#12022,#12023,#12024,
#12025,#12026,#12027,#12028,#12029,#12030,#12031,#12032,#12033,#12034,#12035,
#12036,#12037,#12038,#12039,#12040,#12041,#12042,#12043,#12044,#12045,#12046,
#12047,#12048));
#12104=CLOSED_SHELL('',(#12049,#12050,#12051,#12052,#12053,#12054,#12055,
#12056,#12057,#12058,#12059,#12060,#12061,#12062,#12063,#12064,#12065,#12066,
#12067,#12068,#12069,#12070,#12071,#12072,#12073,#12074,#12075,#12076,#12077,
#12078,#12079));
#12105=CLOSED_SHELL('',(#12080,#12081,#12082,#12083,#12084,#12085));
#12106=DERIVED_UNIT_ELEMENT(#12118,1.);
#12107=DERIVED_UNIT_ELEMENT(#20236,-3.);
#12108=DERIVED_UNIT_ELEMENT(#12118,1.);
#12109=DERIVED_UNIT_ELEMENT(#20236,-3.);
#12110=DERIVED_UNIT_ELEMENT(#12118,1.);
#12111=DERIVED_UNIT_ELEMENT(#20236,-3.);
#12112=DERIVED_UNIT_ELEMENT(#12118,1.);
#12113=DERIVED_UNIT_ELEMENT(#20236,-3.);
#12114=DERIVED_UNIT_ELEMENT(#12118,1.);
#12115=DERIVED_UNIT_ELEMENT(#20236,-3.);
#12116=DERIVED_UNIT_ELEMENT(#12118,1.);
#12117=DERIVED_UNIT_ELEMENT(#20236,-3.);
#12118=(
MASS_UNIT()
NAMED_UNIT(*)
SI_UNIT(.KILO.,.GRAM.)
);
#12119=DERIVED_UNIT((#12106,#12107));
#12120=DERIVED_UNIT((#12108,#12109));
#12121=DERIVED_UNIT((#12110,#12111));
#12122=DERIVED_UNIT((#12112,#12113));
#12123=DERIVED_UNIT((#12114,#12115));
#12124=DERIVED_UNIT((#12116,#12117));
#12125=MEASURE_REPRESENTATION_ITEM('density measure',
POSITIVE_RATIO_MEASURE(7850.),#12119);
#12126=MEASURE_REPRESENTATION_ITEM('density measure',
POSITIVE_RATIO_MEASURE(7850.),#12120);
#12127=MEASURE_REPRESENTATION_ITEM('density measure',
POSITIVE_RATIO_MEASURE(7850.),#12121);
#12128=MEASURE_REPRESENTATION_ITEM('density measure',
POSITIVE_RATIO_MEASURE(7850.),#12122);
#12129=MEASURE_REPRESENTATION_ITEM('density measure',
POSITIVE_RATIO_MEASURE(7850.),#12123);
#12130=MEASURE_REPRESENTATION_ITEM('density measure',
POSITIVE_RATIO_MEASURE(7850.),#12124);
#12131=PROPERTY_DEFINITION_REPRESENTATION(#12161,#12143);
#12132=PROPERTY_DEFINITION_REPRESENTATION(#12162,#12144);
#12133=PROPERTY_DEFINITION_REPRESENTATION(#12163,#12145);
#12134=PROPERTY_DEFINITION_REPRESENTATION(#12164,#12146);
#12135=PROPERTY_DEFINITION_REPRESENTATION(#12165,#12147);
#12136=PROPERTY_DEFINITION_REPRESENTATION(#12166,#12148);
#12137=PROPERTY_DEFINITION_REPRESENTATION(#12167,#12149);
#12138=PROPERTY_DEFINITION_REPRESENTATION(#12168,#12150);
#12139=PROPERTY_DEFINITION_REPRESENTATION(#12169,#12151);
#12140=PROPERTY_DEFINITION_REPRESENTATION(#12170,#12152);
#12141=PROPERTY_DEFINITION_REPRESENTATION(#12171,#12153);
#12142=PROPERTY_DEFINITION_REPRESENTATION(#12172,#12154);
#12143=REPRESENTATION('material name',(#12155),#20228);
#12144=REPRESENTATION('density',(#12125),#20228);
#12145=REPRESENTATION('material name',(#12156),#20229);
#12146=REPRESENTATION('density',(#12126),#20229);
#12147=REPRESENTATION('material name',(#12157),#20230);
#12148=REPRESENTATION('density',(#12127),#20230);
#12149=REPRESENTATION('material name',(#12158),#20231);
#12150=REPRESENTATION('density',(#12128),#20231);
#12151=REPRESENTATION('material name',(#12159),#20232);
#12152=REPRESENTATION('density',(#12129),#20232);
#12153=REPRESENTATION('material name',(#12160),#20233);
#12154=REPRESENTATION('density',(#12130),#20233);
#12155=DESCRIPTIVE_REPRESENTATION_ITEM('Steel','Steel');
#12156=DESCRIPTIVE_REPRESENTATION_ITEM('Steel','Steel');
#12157=DESCRIPTIVE_REPRESENTATION_ITEM('Steel','Steel');
#12158=DESCRIPTIVE_REPRESENTATION_ITEM('Steel','Steel');
#12159=DESCRIPTIVE_REPRESENTATION_ITEM('Steel','Steel');
#12160=DESCRIPTIVE_REPRESENTATION_ITEM('Steel','Steel');
#12161=PROPERTY_DEFINITION('material property','material name',#20276);
#12162=PROPERTY_DEFINITION('material property','density of part',#20276);
#12163=PROPERTY_DEFINITION('material property','material name',#20277);
#12164=PROPERTY_DEFINITION('material property','density of part',#20277);
#12165=PROPERTY_DEFINITION('material property','material name',#20278);
#12166=PROPERTY_DEFINITION('material property','density of part',#20278);
#12167=PROPERTY_DEFINITION('material property','material name',#20279);
#12168=PROPERTY_DEFINITION('material property','density of part',#20279);
#12169=PROPERTY_DEFINITION('material property','material name',#20280);
#12170=PROPERTY_DEFINITION('material property','density of part',#20280);
#12171=PROPERTY_DEFINITION('material property','material name',#20281);
#12172=PROPERTY_DEFINITION('material property','density of part',#20281);
#12173=AXIS2_PLACEMENT_3D('',#15293,#12716,#12717);
#12174=AXIS2_PLACEMENT_3D('',#15294,#12718,#12719);
#12175=AXIS2_PLACEMENT_3D('',#15295,#12720,#12721);
#12176=AXIS2_PLACEMENT_3D('',#15304,#12726,#12727);
#12177=AXIS2_PLACEMENT_3D('',#15310,#12731,#12732);
#12178=AXIS2_PLACEMENT_3D('',#15313,#12735,#12736);
#12179=AXIS2_PLACEMENT_3D('',#15322,#12741,#12742);
#12180=AXIS2_PLACEMENT_3D('',#15328,#12746,#12747);
#12181=AXIS2_PLACEMENT_3D('',#15331,#12750,#12751);
#12182=AXIS2_PLACEMENT_3D('',#15340,#12756,#12757);
#12183=AXIS2_PLACEMENT_3D('',#15346,#12761,#12762);
#12184=AXIS2_PLACEMENT_3D('',#15349,#12765,#12766);
#12185=AXIS2_PLACEMENT_3D('',#15358,#12771,#12772);
#12186=AXIS2_PLACEMENT_3D('',#15364,#12776,#12777);
#12187=AXIS2_PLACEMENT_3D('',#15367,#12780,#12781);
#12188=AXIS2_PLACEMENT_3D('',#15376,#12786,#12787);
#12189=AXIS2_PLACEMENT_3D('',#15382,#12791,#12792);
#12190=AXIS2_PLACEMENT_3D('',#15385,#12795,#12796);
#12191=AXIS2_PLACEMENT_3D('',#15394,#12801,#12802);
#12192=AXIS2_PLACEMENT_3D('',#15400,#12806,#12807);
#12193=AXIS2_PLACEMENT_3D('',#15403,#12810,#12811);
#12194=AXIS2_PLACEMENT_3D('',#15412,#12816,#12817);
#12195=AXIS2_PLACEMENT_3D('',#15418,#12821,#12822);
#12196=AXIS2_PLACEMENT_3D('',#15421,#12825,#12826);
#12197=AXIS2_PLACEMENT_3D('',#15430,#12831,#12832);
#12198=AXIS2_PLACEMENT_3D('',#15436,#12836,#12837);
#12199=AXIS2_PLACEMENT_3D('',#15439,#12840,#12841);
#12200=AXIS2_PLACEMENT_3D('',#15448,#12846,#12847);
#12201=AXIS2_PLACEMENT_3D('',#15454,#12851,#12852);
#12202=AXIS2_PLACEMENT_3D('',#15457,#12855,#12856);
#12203=AXIS2_PLACEMENT_3D('',#15466,#12861,#12862);
#12204=AXIS2_PLACEMENT_3D('',#15472,#12866,#12867);
#12205=AXIS2_PLACEMENT_3D('',#15475,#12870,#12871);
#12206=AXIS2_PLACEMENT_3D('',#15484,#12876,#12877);
#12207=AXIS2_PLACEMENT_3D('',#15490,#12881,#12882);
#12208=AXIS2_PLACEMENT_3D('',#15493,#12885,#12886);
#12209=AXIS2_PLACEMENT_3D('',#15502,#12891,#12892);
#12210=AXIS2_PLACEMENT_3D('',#15508,#12896,#12897);
#12211=AXIS2_PLACEMENT_3D('',#15511,#12900,#12901);
#12212=AXIS2_PLACEMENT_3D('',#15520,#12906,#12907);
#12213=AXIS2_PLACEMENT_3D('',#15526,#12911,#12912);
#12214=AXIS2_PLACEMENT_3D('',#15529,#12915,#12916);
#12215=AXIS2_PLACEMENT_3D('',#15538,#12921,#12922);
#12216=AXIS2_PLACEMENT_3D('',#15544,#12926,#12927);
#12217=AXIS2_PLACEMENT_3D('',#15547,#12930,#12931);
#12218=AXIS2_PLACEMENT_3D('',#15556,#12936,#12937);
#12219=AXIS2_PLACEMENT_3D('',#15562,#12941,#12942);
#12220=AXIS2_PLACEMENT_3D('',#15565,#12945,#12946);
#12221=AXIS2_PLACEMENT_3D('',#15574,#12951,#12952);
#12222=AXIS2_PLACEMENT_3D('',#15580,#12956,#12957);
#12223=AXIS2_PLACEMENT_3D('',#15583,#12960,#12961);
#12224=AXIS2_PLACEMENT_3D('',#15592,#12966,#12967);
#12225=AXIS2_PLACEMENT_3D('',#15598,#12971,#12972);
#12226=AXIS2_PLACEMENT_3D('',#15601,#12975,#12976);
#12227=AXIS2_PLACEMENT_3D('',#15610,#12981,#12982);
#12228=AXIS2_PLACEMENT_3D('',#15616,#12986,#12987);
#12229=AXIS2_PLACEMENT_3D('',#15619,#12990,#12991);
#12230=AXIS2_PLACEMENT_3D('',#15628,#12996,#12997);
#12231=AXIS2_PLACEMENT_3D('',#15634,#13001,#13002);
#12232=AXIS2_PLACEMENT_3D('',#15637,#13005,#13006);
#12233=AXIS2_PLACEMENT_3D('',#15646,#13011,#13012);
#12234=AXIS2_PLACEMENT_3D('',#15652,#13016,#13017);
#12235=AXIS2_PLACEMENT_3D('',#15655,#13020,#13021);
#12236=AXIS2_PLACEMENT_3D('',#15664,#13026,#13027);
#12237=AXIS2_PLACEMENT_3D('',#15670,#13031,#13032);
#12238=AXIS2_PLACEMENT_3D('',#15673,#13035,#13036);
#12239=AXIS2_PLACEMENT_3D('',#15682,#13041,#13042);
#12240=AXIS2_PLACEMENT_3D('',#15688,#13046,#13047);
#12241=AXIS2_PLACEMENT_3D('',#15691,#13050,#13051);
#12242=AXIS2_PLACEMENT_3D('',#15700,#13056,#13057);
#12243=AXIS2_PLACEMENT_3D('',#15706,#13061,#13062);
#12244=AXIS2_PLACEMENT_3D('',#15709,#13065,#13066);
#12245=AXIS2_PLACEMENT_3D('',#15718,#13071,#13072);
#12246=AXIS2_PLACEMENT_3D('',#15724,#13076,#13077);
#12247=AXIS2_PLACEMENT_3D('',#15730,#13081,#13082);
#12248=AXIS2_PLACEMENT_3D('',#15733,#13085,#13086);
#12249=AXIS2_PLACEMENT_3D('',#15742,#13091,#13092);
#12250=AXIS2_PLACEMENT_3D('',#15748,#13096,#13097);
#12251=AXIS2_PLACEMENT_3D('',#15754,#13101,#13102);
#12252=AXIS2_PLACEMENT_3D('',#15757,#13105,#13106);
#12253=AXIS2_PLACEMENT_3D('',#15766,#13111,#13112);
#12254=AXIS2_PLACEMENT_3D('',#15772,#13116,#13117);
#12255=AXIS2_PLACEMENT_3D('',#15778,#13121,#13122);
#12256=AXIS2_PLACEMENT_3D('',#15784,#13126,#13127);
#12257=AXIS2_PLACEMENT_3D('',#15858,#13165,#13166);
#12258=AXIS2_PLACEMENT_3D('',#15864,#13170,#13171);
#12259=AXIS2_PLACEMENT_3D('',#15868,#13174,#13175);
#12260=AXIS2_PLACEMENT_3D('',#15872,#13178,#13179);
#12261=AXIS2_PLACEMENT_3D('',#15874,#13181,#13182);
#12262=AXIS2_PLACEMENT_3D('',#15875,#13183,#13184);
#12263=AXIS2_PLACEMENT_3D('',#15879,#13187,#13188);
#12264=AXIS2_PLACEMENT_3D('',#15883,#13191,#13192);
#12265=AXIS2_PLACEMENT_3D('',#15887,#13195,#13196);
#12266=AXIS2_PLACEMENT_3D('',#15889,#13198,#13199);
#12267=AXIS2_PLACEMENT_3D('',#15890,#13200,#13201);
#12268=AXIS2_PLACEMENT_3D('',#15896,#13205,#13206);
#12269=AXIS2_PLACEMENT_3D('',#15900,#13209,#13210);
#12270=AXIS2_PLACEMENT_3D('',#15904,#13213,#13214);
#12271=AXIS2_PLACEMENT_3D('',#15908,#13217,#13218);
#12272=AXIS2_PLACEMENT_3D('',#15914,#13222,#13223);
#12273=AXIS2_PLACEMENT_3D('',#15918,#13226,#13227);
#12274=AXIS2_PLACEMENT_3D('',#15922,#13230,#13231);
#12275=AXIS2_PLACEMENT_3D('',#15924,#13233,#13234);
#12276=AXIS2_PLACEMENT_3D('',#15925,#13235,#13236);
#12277=AXIS2_PLACEMENT_3D('',#15929,#13239,#13240);
#12278=AXIS2_PLACEMENT_3D('',#15933,#13243,#13244);
#12279=AXIS2_PLACEMENT_3D('',#15937,#13247,#13248);
#12280=AXIS2_PLACEMENT_3D('',#15939,#13250,#13251);
#12281=AXIS2_PLACEMENT_3D('',#15940,#13252,#13253);
#12282=AXIS2_PLACEMENT_3D('',#15946,#13257,#13258);
#12283=AXIS2_PLACEMENT_3D('',#15950,#13261,#13262);
#12284=AXIS2_PLACEMENT_3D('',#15954,#13265,#13266);
#12285=AXIS2_PLACEMENT_3D('',#15958,#13269,#13270);
#12286=AXIS2_PLACEMENT_3D('',#15964,#13274,#13275);
#12287=AXIS2_PLACEMENT_3D('',#15968,#13278,#13279);
#12288=AXIS2_PLACEMENT_3D('',#15972,#13282,#13283);
#12289=AXIS2_PLACEMENT_3D('',#15974,#13285,#13286);
#12290=AXIS2_PLACEMENT_3D('',#15975,#13287,#13288);
#12291=AXIS2_PLACEMENT_3D('',#15979,#13291,#13292);
#12292=AXIS2_PLACEMENT_3D('',#15983,#13295,#13296);
#12293=AXIS2_PLACEMENT_3D('',#15987,#13299,#13300);
#12294=AXIS2_PLACEMENT_3D('',#15989,#13302,#13303);
#12295=AXIS2_PLACEMENT_3D('',#15990,#13304,#13305);
#12296=AXIS2_PLACEMENT_3D('',#15996,#13309,#13310);
#12297=AXIS2_PLACEMENT_3D('',#16000,#13313,#13314);
#12298=AXIS2_PLACEMENT_3D('',#16004,#13317,#13318);
#12299=AXIS2_PLACEMENT_3D('',#16008,#13321,#13322);
#12300=AXIS2_PLACEMENT_3D('',#16010,#13324,#13325);
#12301=AXIS2_PLACEMENT_3D('',#16011,#13326,#13327);
#12302=AXIS2_PLACEMENT_3D('',#16012,#13328,#13329);
#12303=AXIS2_PLACEMENT_3D('',#16021,#13334,#13335);
#12304=AXIS2_PLACEMENT_3D('',#16027,#13339,#13340);
#12305=AXIS2_PLACEMENT_3D('',#16030,#13343,#13344);
#12306=AXIS2_PLACEMENT_3D('',#16039,#13349,#13350);
#12307=AXIS2_PLACEMENT_3D('',#16045,#13354,#13355);
#12308=AXIS2_PLACEMENT_3D('',#16048,#13358,#13359);
#12309=AXIS2_PLACEMENT_3D('',#16057,#13364,#13365);
#12310=AXIS2_PLACEMENT_3D('',#16063,#13369,#13370);
#12311=AXIS2_PLACEMENT_3D('',#16066,#13373,#13374);
#12312=AXIS2_PLACEMENT_3D('',#16075,#13379,#13380);
#12313=AXIS2_PLACEMENT_3D('',#16081,#13384,#13385);
#12314=AXIS2_PLACEMENT_3D('',#16084,#13388,#13389);
#12315=AXIS2_PLACEMENT_3D('',#16093,#13394,#13395);
#12316=AXIS2_PLACEMENT_3D('',#16099,#13399,#13400);
#12317=AXIS2_PLACEMENT_3D('',#16102,#13403,#13404);
#12318=AXIS2_PLACEMENT_3D('',#16111,#13409,#13410);
#12319=AXIS2_PLACEMENT_3D('',#16117,#13414,#13415);
#12320=AXIS2_PLACEMENT_3D('',#16120,#13418,#13419);
#12321=AXIS2_PLACEMENT_3D('',#16129,#13424,#13425);
#12322=AXIS2_PLACEMENT_3D('',#16135,#13429,#13430);
#12323=AXIS2_PLACEMENT_3D('',#16138,#13433,#13434);
#12324=AXIS2_PLACEMENT_3D('',#16147,#13439,#13440);
#12325=AXIS2_PLACEMENT_3D('',#16153,#13444,#13445);
#12326=AXIS2_PLACEMENT_3D('',#16156,#13448,#13449);
#12327=AXIS2_PLACEMENT_3D('',#16165,#13454,#13455);
#12328=AXIS2_PLACEMENT_3D('',#16171,#13459,#13460);
#12329=AXIS2_PLACEMENT_3D('',#16174,#13463,#13464);
#12330=AXIS2_PLACEMENT_3D('',#16183,#13469,#13470);
#12331=AXIS2_PLACEMENT_3D('',#16189,#13474,#13475);
#12332=AXIS2_PLACEMENT_3D('',#16192,#13478,#13479);
#12333=AXIS2_PLACEMENT_3D('',#16201,#13484,#13485);
#12334=AXIS2_PLACEMENT_3D('',#16207,#13489,#13490);
#12335=AXIS2_PLACEMENT_3D('',#16210,#13493,#13494);
#12336=AXIS2_PLACEMENT_3D('',#16219,#13499,#13500);
#12337=AXIS2_PLACEMENT_3D('',#16225,#13504,#13505);
#12338=AXIS2_PLACEMENT_3D('',#16228,#13508,#13509);
#12339=AXIS2_PLACEMENT_3D('',#16237,#13514,#13515);
#12340=AXIS2_PLACEMENT_3D('',#16243,#13519,#13520);
#12341=AXIS2_PLACEMENT_3D('',#16246,#13523,#13524);
#12342=AXIS2_PLACEMENT_3D('',#16255,#13529,#13530);
#12343=AXIS2_PLACEMENT_3D('',#16261,#13534,#13535);
#12344=AXIS2_PLACEMENT_3D('',#16264,#13538,#13539);
#12345=AXIS2_PLACEMENT_3D('',#16273,#13544,#13545);
#12346=AXIS2_PLACEMENT_3D('',#16279,#13549,#13550);
#12347=AXIS2_PLACEMENT_3D('',#16282,#13553,#13554);
#12348=AXIS2_PLACEMENT_3D('',#16291,#13559,#13560);
#12349=AXIS2_PLACEMENT_3D('',#16297,#13564,#13565);
#12350=AXIS2_PLACEMENT_3D('',#16300,#13568,#13569);
#12351=AXIS2_PLACEMENT_3D('',#16309,#13574,#13575);
#12352=AXIS2_PLACEMENT_3D('',#16315,#13579,#13580);
#12353=AXIS2_PLACEMENT_3D('',#16318,#13583,#13584);
#12354=AXIS2_PLACEMENT_3D('',#16327,#13589,#13590);
#12355=AXIS2_PLACEMENT_3D('',#16333,#13594,#13595);
#12356=AXIS2_PLACEMENT_3D('',#16336,#13598,#13599);
#12357=AXIS2_PLACEMENT_3D('',#16345,#13604,#13605);
#12358=AXIS2_PLACEMENT_3D('',#16351,#13609,#13610);
#12359=AXIS2_PLACEMENT_3D('',#16354,#13613,#13614);
#12360=AXIS2_PLACEMENT_3D('',#16363,#13619,#13620);
#12361=AXIS2_PLACEMENT_3D('',#16369,#13624,#13625);
#12362=AXIS2_PLACEMENT_3D('',#16372,#13628,#13629);
#12363=AXIS2_PLACEMENT_3D('',#16381,#13634,#13635);
#12364=AXIS2_PLACEMENT_3D('',#16387,#13639,#13640);
#12365=AXIS2_PLACEMENT_3D('',#16390,#13643,#13644);
#12366=AXIS2_PLACEMENT_3D('',#16399,#13649,#13650);
#12367=AXIS2_PLACEMENT_3D('',#16405,#13654,#13655);
#12368=AXIS2_PLACEMENT_3D('',#16408,#13658,#13659);
#12369=AXIS2_PLACEMENT_3D('',#16417,#13664,#13665);
#12370=AXIS2_PLACEMENT_3D('',#16423,#13669,#13670);
#12371=AXIS2_PLACEMENT_3D('',#16426,#13673,#13674);
#12372=AXIS2_PLACEMENT_3D('',#16435,#13679,#13680);
#12373=AXIS2_PLACEMENT_3D('',#16441,#13684,#13685);
#12374=AXIS2_PLACEMENT_3D('',#16447,#13689,#13690);
#12375=AXIS2_PLACEMENT_3D('',#16450,#13693,#13694);
#12376=AXIS2_PLACEMENT_3D('',#16459,#13699,#13700);
#12377=AXIS2_PLACEMENT_3D('',#16465,#13704,#13705);
#12378=AXIS2_PLACEMENT_3D('',#16471,#13709,#13710);
#12379=AXIS2_PLACEMENT_3D('',#16474,#13713,#13714);
#12380=AXIS2_PLACEMENT_3D('',#16483,#13719,#13720);
#12381=AXIS2_PLACEMENT_3D('',#16489,#13724,#13725);
#12382=AXIS2_PLACEMENT_3D('',#16495,#13729,#13730);
#12383=AXIS2_PLACEMENT_3D('',#16501,#13734,#13735);
#12384=AXIS2_PLACEMENT_3D('',#16575,#13773,#13774);
#12385=AXIS2_PLACEMENT_3D('',#16581,#13778,#13779);
#12386=AXIS2_PLACEMENT_3D('',#16585,#13782,#13783);
#12387=AXIS2_PLACEMENT_3D('',#16589,#13786,#13787);
#12388=AXIS2_PLACEMENT_3D('',#16591,#13789,#13790);
#12389=AXIS2_PLACEMENT_3D('',#16592,#13791,#13792);
#12390=AXIS2_PLACEMENT_3D('',#16596,#13795,#13796);
#12391=AXIS2_PLACEMENT_3D('',#16600,#13799,#13800);
#12392=AXIS2_PLACEMENT_3D('',#16604,#13803,#13804);
#12393=AXIS2_PLACEMENT_3D('',#16606,#13806,#13807);
#12394=AXIS2_PLACEMENT_3D('',#16607,#13808,#13809);
#12395=AXIS2_PLACEMENT_3D('',#16613,#13813,#13814);
#12396=AXIS2_PLACEMENT_3D('',#16617,#13817,#13818);
#12397=AXIS2_PLACEMENT_3D('',#16621,#13821,#13822);
#12398=AXIS2_PLACEMENT_3D('',#16625,#13825,#13826);
#12399=AXIS2_PLACEMENT_3D('',#16631,#13830,#13831);
#12400=AXIS2_PLACEMENT_3D('',#16635,#13834,#13835);
#12401=AXIS2_PLACEMENT_3D('',#16639,#13838,#13839);
#12402=AXIS2_PLACEMENT_3D('',#16641,#13841,#13842);
#12403=AXIS2_PLACEMENT_3D('',#16642,#13843,#13844);
#12404=AXIS2_PLACEMENT_3D('',#16646,#13847,#13848);
#12405=AXIS2_PLACEMENT_3D('',#16650,#13851,#13852);
#12406=AXIS2_PLACEMENT_3D('',#16654,#13855,#13856);
#12407=AXIS2_PLACEMENT_3D('',#16656,#13858,#13859);
#12408=AXIS2_PLACEMENT_3D('',#16657,#13860,#13861);
#12409=AXIS2_PLACEMENT_3D('',#16663,#13865,#13866);
#12410=AXIS2_PLACEMENT_3D('',#16667,#13869,#13870);
#12411=AXIS2_PLACEMENT_3D('',#16671,#13873,#13874);
#12412=AXIS2_PLACEMENT_3D('',#16675,#13877,#13878);
#12413=AXIS2_PLACEMENT_3D('',#16681,#13882,#13883);
#12414=AXIS2_PLACEMENT_3D('',#16685,#13886,#13887);
#12415=AXIS2_PLACEMENT_3D('',#16689,#13890,#13891);
#12416=AXIS2_PLACEMENT_3D('',#16691,#13893,#13894);
#12417=AXIS2_PLACEMENT_3D('',#16692,#13895,#13896);
#12418=AXIS2_PLACEMENT_3D('',#16696,#13899,#13900);
#12419=AXIS2_PLACEMENT_3D('',#16700,#13903,#13904);
#12420=AXIS2_PLACEMENT_3D('',#16704,#13907,#13908);
#12421=AXIS2_PLACEMENT_3D('',#16706,#13910,#13911);
#12422=AXIS2_PLACEMENT_3D('',#16707,#13912,#13913);
#12423=AXIS2_PLACEMENT_3D('',#16713,#13917,#13918);
#12424=AXIS2_PLACEMENT_3D('',#16717,#13921,#13922);
#12425=AXIS2_PLACEMENT_3D('',#16721,#13925,#13926);
#12426=AXIS2_PLACEMENT_3D('',#16725,#13929,#13930);
#12427=AXIS2_PLACEMENT_3D('',#16727,#13932,#13933);
#12428=AXIS2_PLACEMENT_3D('',#16728,#13934,#13935);
#12429=AXIS2_PLACEMENT_3D('',#16729,#13936,#13937);
#12430=AXIS2_PLACEMENT_3D('',#16738,#13942,#13943);
#12431=AXIS2_PLACEMENT_3D('',#16744,#13947,#13948);
#12432=AXIS2_PLACEMENT_3D('',#16750,#13952,#13953);
#12433=AXIS2_PLACEMENT_3D('',#16760,#13959,#13960);
#12434=AXIS2_PLACEMENT_3D('',#16766,#13964,#13965);
#12435=AXIS2_PLACEMENT_3D('',#16775,#13970,#13971);
#12436=AXIS2_PLACEMENT_3D('',#16781,#13975,#13976);
#12437=AXIS2_PLACEMENT_3D('',#16787,#13980,#13981);
#12438=AXIS2_PLACEMENT_3D('',#16793,#13985,#13986);
#12439=AXIS2_PLACEMENT_3D('',#16799,#13990,#13991);
#12440=AXIS2_PLACEMENT_3D('',#16805,#13995,#13996);
#12441=AXIS2_PLACEMENT_3D('',#16811,#14000,#14001);
#12442=AXIS2_PLACEMENT_3D('',#16817,#14005,#14006);
#12443=AXIS2_PLACEMENT_3D('',#16826,#14011,#14012);
#12444=AXIS2_PLACEMENT_3D('',#16829,#14015,#14016);
#12445=AXIS2_PLACEMENT_3D('',#16835,#14020,#14021);
#12446=AXIS2_PLACEMENT_3D('',#16841,#14025,#14026);
#12447=AXIS2_PLACEMENT_3D('',#16847,#14030,#14031);
#12448=AXIS2_PLACEMENT_3D('',#16853,#14035,#14036);
#12449=AXIS2_PLACEMENT_3D('',#16859,#14040,#14041);
#12450=AXIS2_PLACEMENT_3D('',#16865,#14045,#14046);
#12451=AXIS2_PLACEMENT_3D('',#16874,#14051,#14052);
#12452=AXIS2_PLACEMENT_3D('',#16877,#14055,#14056);
#12453=AXIS2_PLACEMENT_3D('',#16883,#14060,#14061);
#12454=AXIS2_PLACEMENT_3D('',#16889,#14065,#14066);
#12455=AXIS2_PLACEMENT_3D('',#16895,#14070,#14071);
#12456=AXIS2_PLACEMENT_3D('',#16901,#14075,#14076);
#12457=AXIS2_PLACEMENT_3D('',#16907,#14080,#14081);
#12458=AXIS2_PLACEMENT_3D('',#16913,#14085,#14086);
#12459=AXIS2_PLACEMENT_3D('',#16922,#14091,#14092);
#12460=AXIS2_PLACEMENT_3D('',#16925,#14095,#14096);
#12461=AXIS2_PLACEMENT_3D('',#16931,#14100,#14101);
#12462=AXIS2_PLACEMENT_3D('',#16937,#14105,#14106);
#12463=AXIS2_PLACEMENT_3D('',#16943,#14110,#14111);
#12464=AXIS2_PLACEMENT_3D('',#16949,#14115,#14116);
#12465=AXIS2_PLACEMENT_3D('',#16955,#14120,#14121);
#12466=AXIS2_PLACEMENT_3D('',#16961,#14125,#14126);
#12467=AXIS2_PLACEMENT_3D('',#16970,#14131,#14132);
#12468=AXIS2_PLACEMENT_3D('',#16973,#14135,#14136);
#12469=AXIS2_PLACEMENT_3D('',#16979,#14140,#14141);
#12470=AXIS2_PLACEMENT_3D('',#16985,#14145,#14146);
#12471=AXIS2_PLACEMENT_3D('',#16991,#14150,#14151);
#12472=AXIS2_PLACEMENT_3D('',#16997,#14155,#14156);
#12473=AXIS2_PLACEMENT_3D('',#17003,#14160,#14161);
#12474=AXIS2_PLACEMENT_3D('',#17009,#14165,#14166);
#12475=AXIS2_PLACEMENT_3D('',#17018,#14171,#14172);
#12476=AXIS2_PLACEMENT_3D('',#17021,#14175,#14176);
#12477=AXIS2_PLACEMENT_3D('',#17027,#14180,#14181);
#12478=AXIS2_PLACEMENT_3D('',#17033,#14185,#14186);
#12479=AXIS2_PLACEMENT_3D('',#17039,#14190,#14191);
#12480=AXIS2_PLACEMENT_3D('',#17045,#14195,#14196);
#12481=AXIS2_PLACEMENT_3D('',#17051,#14200,#14201);
#12482=AXIS2_PLACEMENT_3D('',#17057,#14205,#14206);
#12483=AXIS2_PLACEMENT_3D('',#17066,#14211,#14212);
#12484=AXIS2_PLACEMENT_3D('',#17069,#14215,#14216);
#12485=AXIS2_PLACEMENT_3D('',#17075,#14220,#14221);
#12486=AXIS2_PLACEMENT_3D('',#17081,#14225,#14226);
#12487=AXIS2_PLACEMENT_3D('',#17087,#14230,#14231);
#12488=AXIS2_PLACEMENT_3D('',#17093,#14235,#14236);
#12489=AXIS2_PLACEMENT_3D('',#17099,#14240,#14241);
#12490=AXIS2_PLACEMENT_3D('',#17105,#14245,#14246);
#12491=AXIS2_PLACEMENT_3D('',#17114,#14251,#14252);
#12492=AXIS2_PLACEMENT_3D('',#17117,#14255,#14256);
#12493=AXIS2_PLACEMENT_3D('',#17123,#14260,#14261);
#12494=AXIS2_PLACEMENT_3D('',#17129,#14265,#14266);
#12495=AXIS2_PLACEMENT_3D('',#17135,#14270,#14271);
#12496=AXIS2_PLACEMENT_3D('',#17141,#14275,#14276);
#12497=AXIS2_PLACEMENT_3D('',#17147,#14280,#14281);
#12498=AXIS2_PLACEMENT_3D('',#17153,#14285,#14286);
#12499=AXIS2_PLACEMENT_3D('',#17162,#14291,#14292);
#12500=AXIS2_PLACEMENT_3D('',#17165,#14295,#14296);
#12501=AXIS2_PLACEMENT_3D('',#17171,#14300,#14301);
#12502=AXIS2_PLACEMENT_3D('',#17177,#14305,#14306);
#12503=AXIS2_PLACEMENT_3D('',#17183,#14310,#14311);
#12504=AXIS2_PLACEMENT_3D('',#17189,#14315,#14316);
#12505=AXIS2_PLACEMENT_3D('',#17195,#14320,#14321);
#12506=AXIS2_PLACEMENT_3D('',#17205,#14327,#14328);
#12507=AXIS2_PLACEMENT_3D('',#17214,#14333,#14334);
#12508=AXIS2_PLACEMENT_3D('',#17217,#14337,#14338);
#12509=AXIS2_PLACEMENT_3D('',#17223,#14342,#14343);
#12510=AXIS2_PLACEMENT_3D('',#17229,#14347,#14348);
#12511=AXIS2_PLACEMENT_3D('',#17235,#14352,#14353);
#12512=AXIS2_PLACEMENT_3D('',#17241,#14357,#14358);
#12513=AXIS2_PLACEMENT_3D('',#17259,#14368,#14369);
#12514=AXIS2_PLACEMENT_3D('',#17262,#14372,#14373);
#12515=AXIS2_PLACEMENT_3D('',#17268,#14377,#14378);
#12516=AXIS2_PLACEMENT_3D('',#17271,#14381,#14382);
#12517=AXIS2_PLACEMENT_3D('',#17274,#14385,#14386);
#12518=AXIS2_PLACEMENT_3D('',#17275,#14387,#14388);
#12519=AXIS2_PLACEMENT_3D('',#17276,#14389,#14390);
#12520=AXIS2_PLACEMENT_3D('',#17282,#14394,#14395);
#12521=AXIS2_PLACEMENT_3D('',#17286,#14398,#14399);
#12522=AXIS2_PLACEMENT_3D('',#17290,#14402,#14403);
#12523=AXIS2_PLACEMENT_3D('',#17292,#14405,#14406);
#12524=AXIS2_PLACEMENT_3D('',#17298,#14410,#14411);
#12525=AXIS2_PLACEMENT_3D('',#17301,#14414,#14415);
#12526=AXIS2_PLACEMENT_3D('',#17302,#14416,#14417);
#12527=AXIS2_PLACEMENT_3D('',#17303,#14418,#14419);
#12528=AXIS2_PLACEMENT_3D('',#17304,#14420,#14421);
#12529=AXIS2_PLACEMENT_3D('',#17313,#14426,#14427);
#12530=AXIS2_PLACEMENT_3D('',#17319,#14431,#14432);
#12531=AXIS2_PLACEMENT_3D('',#17325,#14436,#14437);
#12532=AXIS2_PLACEMENT_3D('',#17328,#14440,#14441);
#12533=AXIS2_PLACEMENT_3D('',#17329,#14442,#14443);
#12534=AXIS2_PLACEMENT_3D('',#17330,#14444,#14445);
#12535=AXIS2_PLACEMENT_3D('',#17331,#14446,#14447);
#12536=AXIS2_PLACEMENT_3D('',#17340,#14452,#14453);
#12537=AXIS2_PLACEMENT_3D('',#17346,#14457,#14458);
#12538=AXIS2_PLACEMENT_3D('',#17352,#14462,#14463);
#12539=AXIS2_PLACEMENT_3D('',#17354,#14465,#14466);
#12540=AXIS2_PLACEMENT_3D('',#17356,#14468,#14469);
#12541=AXIS2_PLACEMENT_3D('',#17365,#14474,#14475);
#12542=AXIS2_PLACEMENT_3D('',#17374,#14480,#14481);
#12543=AXIS2_PLACEMENT_3D('',#17377,#14484,#14485);
#12544=AXIS2_PLACEMENT_3D('',#17379,#14487,#14488);
#12545=AXIS2_PLACEMENT_3D('',#17381,#14490,#14491);
#12546=AXIS2_PLACEMENT_3D('',#17390,#14496,#14497);
#12547=AXIS2_PLACEMENT_3D('',#17396,#14501,#14502);
#12548=AXIS2_PLACEMENT_3D('',#17402,#14506,#14507);
#12549=AXIS2_PLACEMENT_3D('',#17405,#14510,#14511);
#12550=AXIS2_PLACEMENT_3D('',#17406,#14512,#14513);
#12551=AXIS2_PLACEMENT_3D('',#17407,#14514,#14515);
#12552=AXIS2_PLACEMENT_3D('',#17408,#14516,#14517);
#12553=AXIS2_PLACEMENT_3D('',#17417,#14522,#14523);
#12554=AXIS2_PLACEMENT_3D('',#17423,#14527,#14528);
#12555=AXIS2_PLACEMENT_3D('',#17429,#14532,#14533);
#12556=AXIS2_PLACEMENT_3D('',#17435,#14537,#14538);
#12557=AXIS2_PLACEMENT_3D('',#17441,#14542,#14543);
#12558=AXIS2_PLACEMENT_3D('',#17447,#14547,#14548);
#12559=AXIS2_PLACEMENT_3D('',#17453,#14552,#14553);
#12560=AXIS2_PLACEMENT_3D('',#17459,#14557,#14558);
#12561=AXIS2_PLACEMENT_3D('',#17465,#14562,#14563);
#12562=AXIS2_PLACEMENT_3D('',#17471,#14567,#14568);
#12563=AXIS2_PLACEMENT_3D('',#17477,#14572,#14573);
#12564=AXIS2_PLACEMENT_3D('',#17480,#14576,#14577);
#12565=AXIS2_PLACEMENT_3D('',#17481,#14578,#14579);
#12566=AXIS2_PLACEMENT_3D('',#17482,#14580,#14581);
#12567=AXIS2_PLACEMENT_3D('',#17491,#14586,#14587);
#12568=AXIS2_PLACEMENT_3D('',#17497,#14591,#14592);
#12569=AXIS2_PLACEMENT_3D('',#17503,#14596,#14597);
#12570=AXIS2_PLACEMENT_3D('',#17509,#14601,#14602);
#12571=AXIS2_PLACEMENT_3D('',#17515,#14606,#14607);
#12572=AXIS2_PLACEMENT_3D('',#17521,#14611,#14612);
#12573=AXIS2_PLACEMENT_3D('',#17527,#14616,#14617);
#12574=AXIS2_PLACEMENT_3D('',#17533,#14621,#14622);
#12575=AXIS2_PLACEMENT_3D('',#17539,#14626,#14627);
#12576=AXIS2_PLACEMENT_3D('',#17545,#14631,#14632);
#12577=AXIS2_PLACEMENT_3D('',#17551,#14636,#14637);
#12578=AXIS2_PLACEMENT_3D('',#17557,#14641,#14642);
#12579=AXIS2_PLACEMENT_3D('',#17560,#14645,#14646);
#12580=AXIS2_PLACEMENT_3D('',#17561,#14647,#14648);
#12581=AXIS2_PLACEMENT_3D('',#17562,#14649,#14650);
#12582=AXIS2_PLACEMENT_3D('',#17571,#14655,#14656);
#12583=AXIS2_PLACEMENT_3D('',#17577,#14660,#14661);
#12584=AXIS2_PLACEMENT_3D('',#17580,#14664,#14665);
#12585=AXIS2_PLACEMENT_3D('',#17589,#14670,#14671);
#12586=AXIS2_PLACEMENT_3D('',#17595,#14675,#14676);
#12587=AXIS2_PLACEMENT_3D('',#17601,#14680,#14681);
#12588=AXIS2_PLACEMENT_3D('',#17607,#14685,#14686);
#12589=AXIS2_PLACEMENT_3D('',#17613,#14690,#14691);
#12590=AXIS2_PLACEMENT_3D('',#17619,#14695,#14696);
#12591=AXIS2_PLACEMENT_3D('',#17625,#14700,#14701);
#12592=AXIS2_PLACEMENT_3D('',#17628,#14704,#14705);
#12593=AXIS2_PLACEMENT_3D('',#17629,#14706,#14707);
#12594=AXIS2_PLACEMENT_3D('',#17630,#14708,#14709);
#12595=AXIS2_PLACEMENT_3D('',#17639,#14714,#14715);
#12596=AXIS2_PLACEMENT_3D('',#17645,#14719,#14720);
#12597=AXIS2_PLACEMENT_3D('',#17904,#14735,#14736);
#12598=AXIS2_PLACEMENT_3D('',#18094,#14748,#14749);
#12599=AXIS2_PLACEMENT_3D('',#18100,#14753,#14754);
#12600=AXIS2_PLACEMENT_3D('',#18103,#14757,#14758);
#12601=AXIS2_PLACEMENT_3D('',#18104,#14759,#14760);
#12602=AXIS2_PLACEMENT_3D('',#18105,#14761,#14762);
#12603=AXIS2_PLACEMENT_3D('',#18114,#14767,#14768);
#12604=AXIS2_PLACEMENT_3D('',#18120,#14772,#14773);
#12605=AXIS2_PLACEMENT_3D('',#18126,#14777,#14778);
#12606=AXIS2_PLACEMENT_3D('',#18132,#14782,#14783);
#12607=AXIS2_PLACEMENT_3D('',#18138,#14787,#14788);
#12608=AXIS2_PLACEMENT_3D('',#18144,#14792,#14793);
#12609=AXIS2_PLACEMENT_3D('',#18150,#14797,#14798);
#12610=AXIS2_PLACEMENT_3D('',#18156,#14802,#14803);
#12611=AXIS2_PLACEMENT_3D('',#18162,#14807,#14808);
#12612=AXIS2_PLACEMENT_3D('',#18165,#14811,#14812);
#12613=AXIS2_PLACEMENT_3D('',#18166,#14813,#14814);
#12614=AXIS2_PLACEMENT_3D('',#18167,#14815,#14816);
#12615=AXIS2_PLACEMENT_3D('',#18176,#14821,#14822);
#12616=AXIS2_PLACEMENT_3D('',#18182,#14826,#14827);
#12617=AXIS2_PLACEMENT_3D('',#18185,#14830,#14831);
#12618=AXIS2_PLACEMENT_3D('',#18194,#14836,#14837);
#12619=AXIS2_PLACEMENT_3D('',#18200,#14841,#14842);
#12620=AXIS2_PLACEMENT_3D('',#18206,#14846,#14847);
#12621=AXIS2_PLACEMENT_3D('',#18212,#14851,#14852);
#12622=AXIS2_PLACEMENT_3D('',#18218,#14856,#14857);
#12623=AXIS2_PLACEMENT_3D('',#18224,#14861,#14862);
#12624=AXIS2_PLACEMENT_3D('',#18230,#14866,#14867);
#12625=AXIS2_PLACEMENT_3D('',#18233,#14870,#14871);
#12626=AXIS2_PLACEMENT_3D('',#18234,#14872,#14873);
#12627=AXIS2_PLACEMENT_3D('',#18235,#14874,#14875);
#12628=AXIS2_PLACEMENT_3D('',#18359,#14885,#14886);
#12629=AXIS2_PLACEMENT_3D('',#18365,#14890,#14891);
#12630=AXIS2_PLACEMENT_3D('',#18368,#14894,#14895);
#12631=AXIS2_PLACEMENT_3D('',#18377,#14900,#14901);
#12632=AXIS2_PLACEMENT_3D('',#18590,#14914,#14915);
#12633=AXIS2_PLACEMENT_3D('',#18596,#14919,#14920);
#12634=AXIS2_PLACEMENT_3D('',#18602,#14924,#14925);
#12635=AXIS2_PLACEMENT_3D('',#18654,#14931,#14932);
#12636=AXIS2_PLACEMENT_3D('',#18660,#14936,#14937);
#12637=AXIS2_PLACEMENT_3D('',#18666,#14941,#14942);
#12638=AXIS2_PLACEMENT_3D('',#18669,#14945,#14946);
#12639=AXIS2_PLACEMENT_3D('',#18670,#14947,#14948);
#12640=AXIS2_PLACEMENT_3D('',#18671,#14949,#14950);
#12641=AXIS2_PLACEMENT_3D('',#18680,#14955,#14956);
#12642=AXIS2_PLACEMENT_3D('',#18686,#14960,#14961);
#12643=AXIS2_PLACEMENT_3D('',#18692,#14965,#14966);
#12644=AXIS2_PLACEMENT_3D('',#18698,#14970,#14971);
#12645=AXIS2_PLACEMENT_3D('',#18704,#14975,#14976);
#12646=AXIS2_PLACEMENT_3D('',#18710,#14980,#14981);
#12647=AXIS2_PLACEMENT_3D('',#18716,#14985,#14986);
#12648=AXIS2_PLACEMENT_3D('',#18719,#14989,#14990);
#12649=AXIS2_PLACEMENT_3D('',#18720,#14991,#14992);
#12650=AXIS2_PLACEMENT_3D('',#18721,#14993,#14994);
#12651=AXIS2_PLACEMENT_3D('',#18730,#14999,#15000);
#12652=AXIS2_PLACEMENT_3D('',#18736,#15004,#15005);
#12653=AXIS2_PLACEMENT_3D('',#18739,#15008,#15009);
#12654=AXIS2_PLACEMENT_3D('',#18748,#15014,#15015);
#12655=AXIS2_PLACEMENT_3D('',#18754,#15019,#15020);
#12656=AXIS2_PLACEMENT_3D('',#18760,#15024,#15025);
#12657=AXIS2_PLACEMENT_3D('',#18766,#15029,#15030);
#12658=AXIS2_PLACEMENT_3D('',#18772,#15034,#15035);
#12659=AXIS2_PLACEMENT_3D('',#18778,#15039,#15040);
#12660=AXIS2_PLACEMENT_3D('',#18784,#15044,#15045);
#12661=AXIS2_PLACEMENT_3D('',#18787,#15048,#15049);
#12662=AXIS2_PLACEMENT_3D('',#18788,#15050,#15051);
#12663=AXIS2_PLACEMENT_3D('',#18789,#15052,#15053);
#12664=AXIS2_PLACEMENT_3D('',#18798,#15058,#15059);
#12665=AXIS2_PLACEMENT_3D('',#18804,#15063,#15064);
#12666=AXIS2_PLACEMENT_3D('',#18810,#15068,#15069);
#12667=AXIS2_PLACEMENT_3D('',#18816,#15073,#15074);
#12668=AXIS2_PLACEMENT_3D('',#18822,#15078,#15079);
#12669=AXIS2_PLACEMENT_3D('',#18828,#15083,#15084);
#12670=AXIS2_PLACEMENT_3D('',#18831,#15087,#15088);
#12671=AXIS2_PLACEMENT_3D('',#18832,#15089,#15090);
#12672=AXIS2_PLACEMENT_3D('',#18833,#15091,#15092);
#12673=AXIS2_PLACEMENT_3D('',#18842,#15097,#15098);
#12674=AXIS2_PLACEMENT_3D('',#18848,#15102,#15103);
#12675=AXIS2_PLACEMENT_3D('',#18854,#15107,#15108);
#12676=AXIS2_PLACEMENT_3D('',#18857,#15111,#15112);
#12677=AXIS2_PLACEMENT_3D('',#18858,#15113,#15114);
#12678=AXIS2_PLACEMENT_3D('',#18859,#15115,#15116);
#12679=AXIS2_PLACEMENT_3D('',#18868,#15121,#15122);
#12680=AXIS2_PLACEMENT_3D('',#18874,#15126,#15127);
#12681=AXIS2_PLACEMENT_3D('',#18880,#15131,#15132);
#12682=AXIS2_PLACEMENT_3D('',#18886,#15136,#15137);
#12683=AXIS2_PLACEMENT_3D('',#18892,#15141,#15142);
#12684=AXIS2_PLACEMENT_3D('',#18898,#15146,#15147);
#12685=AXIS2_PLACEMENT_3D('',#18904,#15151,#15152);
#12686=AXIS2_PLACEMENT_3D('',#18907,#15155,#15156);
#12687=AXIS2_PLACEMENT_3D('',#18908,#15157,#15158);
#12688=AXIS2_PLACEMENT_3D('',#18909,#15159,#15160);
#12689=AXIS2_PLACEMENT_3D('',#19217,#15178,#15179);
#12690=AXIS2_PLACEMENT_3D('',#19542,#15196,#15197);
#12691=AXIS2_PLACEMENT_3D('',#19543,#15198,#15199);
#12692=AXIS2_PLACEMENT_3D('',#19544,#15200,#15201);
#12693=AXIS2_PLACEMENT_3D('',#19852,#15219,#15220);
#12694=AXIS2_PLACEMENT_3D('',#20177,#15237,#15238);
#12695=AXIS2_PLACEMENT_3D('',#20178,#15239,#15240);
#12696=AXIS2_PLACEMENT_3D('',#20179,#15241,#15242);
#12697=AXIS2_PLACEMENT_3D('',#20188,#15247,#15248);
#12698=AXIS2_PLACEMENT_3D('',#20194,#15252,#15253);
#12699=AXIS2_PLACEMENT_3D('',#20200,#15257,#15258);
#12700=AXIS2_PLACEMENT_3D('',#20203,#15261,#15262);
#12701=AXIS2_PLACEMENT_3D('',#20204,#15263,#15264);
#12702=AXIS2_PLACEMENT_3D('',#20205,#15265,#15266);
#12703=AXIS2_PLACEMENT_3D('',#20206,#15267,#15268);
#12704=AXIS2_PLACEMENT_3D('',#20207,#15269,#15270);
#12705=AXIS2_PLACEMENT_3D('',#20208,#15271,#15272);
#12706=AXIS2_PLACEMENT_3D('',#20209,#15273,#15274);
#12707=AXIS2_PLACEMENT_3D('',#20210,#15275,#15276);
#12708=AXIS2_PLACEMENT_3D('',#20211,#15277,#15278);
#12709=AXIS2_PLACEMENT_3D('',#20212,#15279,#15280);
#12710=AXIS2_PLACEMENT_3D('',#20213,#15281,#15282);
#12711=AXIS2_PLACEMENT_3D('',#20214,#15283,#15284);
#12712=AXIS2_PLACEMENT_3D('',#20215,#15285,#15286);
#12713=AXIS2_PLACEMENT_3D('',#20216,#15287,#15288);
#12714=AXIS2_PLACEMENT_3D('',#20217,#15289,#15290);
#12715=AXIS2_PLACEMENT_3D('',#20218,#15291,#15292);
#12716=DIRECTION('axis',(0.,0.,1.));
#12717=DIRECTION('refdir',(1.,0.,0.));
#12718=DIRECTION('axis',(0.,0.,1.));
#12719=DIRECTION('refdir',(1.,0.,0.));
#12720=DIRECTION('center_axis',(0.,0.923879302279503,-0.382683988193311));
#12721=DIRECTION('ref_axis',(0.,0.382683988193311,0.923879302279503));
#12722=DIRECTION('',(0.,-0.382683988193311,-0.923879302279503));
#12723=DIRECTION('',(1.,0.,0.));
#12724=DIRECTION('',(0.,0.382683988193311,0.923879302279503));
#12725=DIRECTION('',(1.,0.,0.));
#12726=DIRECTION('center_axis',(0.,-0.893445521930398,-0.449171570051488));
#12727=DIRECTION('ref_axis',(0.,0.449171570051488,-0.893445521930398));
#12728=DIRECTION('',(0.,-0.449171570051488,0.893445521930398));
#12729=DIRECTION('',(0.,0.449171570051488,-0.893445521930398));
#12730=DIRECTION('',(1.,0.,0.));
#12731=DIRECTION('center_axis',(0.,-0.207911690817759,0.978147600733806));
#12732=DIRECTION('ref_axis',(0.,-0.978147600733806,-0.207911690817759));
#12733=DIRECTION('',(0.,0.978147600733806,0.207911690817759));
#12734=DIRECTION('',(0.,-0.978147600733806,-0.207911690817759));
#12735=DIRECTION('center_axis',(0.,-0.923879302279503,0.382683988193311));
#12736=DIRECTION('ref_axis',(0.,-0.382683988193311,-0.923879302279503));
#12737=DIRECTION('',(0.,0.382683988193311,0.923879302279503));
#12738=DIRECTION('',(1.,0.,0.));
#12739=DIRECTION('',(0.,-0.382683988193311,-0.923879302279503));
#12740=DIRECTION('',(1.,0.,0.));
#12741=DIRECTION('center_axis',(0.,0.893445521930398,0.449171570051489));
#12742=DIRECTION('ref_axis',(0.,-0.449171570051489,0.893445521930398));
#12743=DIRECTION('',(0.,0.449171570051489,-0.893445521930398));
#12744=DIRECTION('',(0.,-0.449171570051489,0.893445521930398));
#12745=DIRECTION('',(1.,0.,0.));
#12746=DIRECTION('center_axis',(0.,0.207911690817761,-0.978147600733805));
#12747=DIRECTION('ref_axis',(0.,0.978147600733805,0.207911690817761));
#12748=DIRECTION('',(0.,-0.978147600733805,-0.207911690817761));
#12749=DIRECTION('',(0.,0.978147600733805,0.207911690817761));
#12750=DIRECTION('center_axis',(0.,-0.956491607922016,-0.291759839550881));
#12751=DIRECTION('ref_axis',(0.,0.291759839550881,-0.956491607922016));
#12752=DIRECTION('',(0.,-0.291759839550881,0.956491607922016));
#12753=DIRECTION('',(1.,0.,0.));
#12754=DIRECTION('',(0.,0.291759839550881,-0.956491607922016));
#12755=DIRECTION('',(1.,0.,0.));
#12756=DIRECTION('center_axis',(0.,-0.207911690817759,0.978147600733806));
#12757=DIRECTION('ref_axis',(0.,-0.978147600733806,-0.207911690817759));
#12758=DIRECTION('',(0.,0.978147600733806,0.207911690817759));
#12759=DIRECTION('',(0.,-0.978147600733806,-0.207911690817759));
#12760=DIRECTION('',(1.,0.,0.));
#12761=DIRECTION('center_axis',(0.,1.,0.));
#12762=DIRECTION('ref_axis',(0.,0.,1.));
#12763=DIRECTION('',(0.,0.,-1.));
#12764=DIRECTION('',(0.,0.,1.));
#12765=DIRECTION('center_axis',(0.,0.965424865965333,-0.260681468800178));
#12766=DIRECTION('ref_axis',(0.,0.260681468800178,0.965424865965333));
#12767=DIRECTION('',(0.,-0.260681468800178,-0.965424865965333));
#12768=DIRECTION('',(1.,0.,0.));
#12769=DIRECTION('',(0.,0.260681468800178,0.965424865965333));
#12770=DIRECTION('',(1.,0.,0.));
#12771=DIRECTION('center_axis',(0.,-0.956491607922016,-0.291759839550881));
#12772=DIRECTION('ref_axis',(0.,0.291759839550881,-0.956491607922016));
#12773=DIRECTION('',(0.,-0.291759839550881,0.956491607922016));
#12774=DIRECTION('',(0.,0.291759839550881,-0.956491607922016));
#12775=DIRECTION('',(1.,0.,0.));
#12776=DIRECTION('center_axis',(0.,-0.207911690817759,0.978147600733806));
#12777=DIRECTION('ref_axis',(0.,-0.978147600733806,-0.207911690817759));
#12778=DIRECTION('',(0.,0.978147600733806,0.207911690817759));
#12779=DIRECTION('',(0.,-0.978147600733806,-0.207911690817759));
#12780=DIRECTION('center_axis',(0.,0.965424865965333,-0.260681468800178));
#12781=DIRECTION('ref_axis',(0.,0.260681468800178,0.965424865965333));
#12782=DIRECTION('',(0.,-0.260681468800178,-0.965424865965333));
#12783=DIRECTION('',(1.,0.,0.));
#12784=DIRECTION('',(0.,0.260681468800178,0.965424865965333));
#12785=DIRECTION('',(1.,0.,0.));
#12786=DIRECTION('center_axis',(0.,-0.956491607922016,-0.291759839550881));
#12787=DIRECTION('ref_axis',(0.,0.291759839550881,-0.956491607922016));
#12788=DIRECTION('',(0.,-0.291759839550881,0.956491607922016));
#12789=DIRECTION('',(0.,0.291759839550881,-0.956491607922016));
#12790=DIRECTION('',(1.,0.,0.));
#12791=DIRECTION('center_axis',(0.,-0.207911690817759,0.978147600733806));
#12792=DIRECTION('ref_axis',(0.,-0.978147600733806,-0.207911690817759));
#12793=DIRECTION('',(0.,0.978147600733806,0.207911690817759));
#12794=DIRECTION('',(0.,-0.978147600733806,-0.207911690817759));
#12795=DIRECTION('center_axis',(0.,-0.965424865965333,0.260681468800178));
#12796=DIRECTION('ref_axis',(0.,-0.260681468800178,-0.965424865965333));
#12797=DIRECTION('',(0.,0.260681468800178,0.965424865965333));
#12798=DIRECTION('',(1.,0.,0.));
#12799=DIRECTION('',(0.,-0.260681468800178,-0.965424865965333));
#12800=DIRECTION('',(1.,0.,0.));
#12801=DIRECTION('center_axis',(0.,0.956491607922016,0.291759839550881));
#12802=DIRECTION('ref_axis',(0.,-0.291759839550881,0.956491607922016));
#12803=DIRECTION('',(0.,0.291759839550881,-0.956491607922016));
#12804=DIRECTION('',(0.,-0.291759839550881,0.956491607922016));
#12805=DIRECTION('',(1.,0.,0.));
#12806=DIRECTION('center_axis',(0.,0.207911690817759,-0.978147600733806));
#12807=DIRECTION('ref_axis',(0.,0.978147600733806,0.207911690817759));
#12808=DIRECTION('',(0.,-0.978147600733806,-0.207911690817759));
#12809=DIRECTION('',(0.,0.978147600733806,0.207911690817759));
#12810=DIRECTION('center_axis',(0.,-0.965424865965333,0.260681468800178));
#12811=DIRECTION('ref_axis',(0.,-0.260681468800178,-0.965424865965333));
#12812=DIRECTION('',(0.,0.260681468800178,0.965424865965333));
#12813=DIRECTION('',(1.,0.,0.));
#12814=DIRECTION('',(0.,-0.260681468800178,-0.965424865965333));
#12815=DIRECTION('',(1.,0.,0.));
#12816=DIRECTION('center_axis',(0.,0.956491607922016,0.291759839550881));
#12817=DIRECTION('ref_axis',(0.,-0.291759839550881,0.956491607922016));
#12818=DIRECTION('',(0.,0.291759839550881,-0.956491607922016));
#12819=DIRECTION('',(0.,-0.291759839550881,0.956491607922016));
#12820=DIRECTION('',(1.,0.,0.));
#12821=DIRECTION('center_axis',(0.,0.207911690817759,-0.978147600733806));
#12822=DIRECTION('ref_axis',(0.,0.978147600733806,0.207911690817759));
#12823=DIRECTION('',(0.,-0.978147600733806,-0.207911690817759));
#12824=DIRECTION('',(0.,0.978147600733806,0.207911690817759));
#12825=DIRECTION('center_axis',(0.,-0.956491607922016,-0.291759839550881));
#12826=DIRECTION('ref_axis',(0.,0.291759839550881,-0.956491607922016));
#12827=DIRECTION('',(0.,-0.291759839550881,0.956491607922016));
#12828=DIRECTION('',(1.,0.,0.));
#12829=DIRECTION('',(0.,0.291759839550881,-0.956491607922016));
#12830=DIRECTION('',(1.,0.,0.));
#12831=DIRECTION('center_axis',(0.,-0.207911690817759,0.978147600733806));
#12832=DIRECTION('ref_axis',(0.,-0.978147600733806,-0.207911690817759));
#12833=DIRECTION('',(0.,0.978147600733806,0.207911690817759));
#12834=DIRECTION('',(0.,-0.978147600733806,-0.207911690817759));
#12835=DIRECTION('',(1.,0.,0.));
#12836=DIRECTION('center_axis',(0.,1.,0.));
#12837=DIRECTION('ref_axis',(0.,0.,1.));
#12838=DIRECTION('',(0.,0.,-1.));
#12839=DIRECTION('',(0.,0.,1.));
#12840=DIRECTION('center_axis',(0.,0.965424865965333,-0.260681468800178));
#12841=DIRECTION('ref_axis',(0.,0.260681468800178,0.965424865965333));
#12842=DIRECTION('',(0.,-0.260681468800178,-0.965424865965333));
#12843=DIRECTION('',(1.,0.,0.));
#12844=DIRECTION('',(0.,0.260681468800178,0.965424865965333));
#12845=DIRECTION('',(1.,0.,0.));
#12846=DIRECTION('center_axis',(0.,-0.956491607922016,-0.291759839550881));
#12847=DIRECTION('ref_axis',(0.,0.291759839550881,-0.956491607922016));
#12848=DIRECTION('',(0.,-0.291759839550881,0.956491607922016));
#12849=DIRECTION('',(0.,0.291759839550881,-0.956491607922016));
#12850=DIRECTION('',(1.,0.,0.));
#12851=DIRECTION('center_axis',(0.,-0.20791169081776,0.978147600733806));
#12852=DIRECTION('ref_axis',(0.,-0.978147600733805,-0.20791169081776));
#12853=DIRECTION('',(0.,0.978147600733805,0.20791169081776));
#12854=DIRECTION('',(0.,-0.978147600733805,-0.20791169081776));
#12855=DIRECTION('center_axis',(0.,0.965424865965333,-0.260681468800178));
#12856=DIRECTION('ref_axis',(0.,0.260681468800178,0.965424865965333));
#12857=DIRECTION('',(0.,-0.260681468800178,-0.965424865965333));
#12858=DIRECTION('',(1.,0.,0.));
#12859=DIRECTION('',(0.,0.260681468800178,0.965424865965333));
#12860=DIRECTION('',(1.,0.,0.));
#12861=DIRECTION('center_axis',(0.,-0.956491607922016,-0.291759839550881));
#12862=DIRECTION('ref_axis',(0.,0.291759839550881,-0.956491607922016));
#12863=DIRECTION('',(0.,-0.291759839550881,0.956491607922016));
#12864=DIRECTION('',(0.,0.291759839550881,-0.956491607922016));
#12865=DIRECTION('',(1.,0.,0.));
#12866=DIRECTION('center_axis',(0.,-0.20791169081776,0.978147600733805));
#12867=DIRECTION('ref_axis',(0.,-0.978147600733805,-0.20791169081776));
#12868=DIRECTION('',(0.,0.978147600733805,0.20791169081776));
#12869=DIRECTION('',(0.,-0.978147600733805,-0.20791169081776));
#12870=DIRECTION('center_axis',(0.,-0.965424865965333,0.260681468800178));
#12871=DIRECTION('ref_axis',(0.,-0.260681468800178,-0.965424865965333));
#12872=DIRECTION('',(0.,0.260681468800178,0.965424865965333));
#12873=DIRECTION('',(1.,0.,0.));
#12874=DIRECTION('',(0.,-0.260681468800178,-0.965424865965333));
#12875=DIRECTION('',(1.,0.,0.));
#12876=DIRECTION('center_axis',(0.,0.956491607922016,0.291759839550881));
#12877=DIRECTION('ref_axis',(0.,-0.291759839550881,0.956491607922016));
#12878=DIRECTION('',(0.,0.291759839550881,-0.956491607922016));
#12879=DIRECTION('',(0.,-0.291759839550881,0.956491607922016));
#12880=DIRECTION('',(1.,0.,0.));
#12881=DIRECTION('center_axis',(0.,0.207911690817759,-0.978147600733806));
#12882=DIRECTION('ref_axis',(0.,0.978147600733806,0.207911690817759));
#12883=DIRECTION('',(0.,-0.978147600733806,-0.207911690817759));
#12884=DIRECTION('',(0.,0.978147600733806,0.207911690817759));
#12885=DIRECTION('center_axis',(0.,-0.965424865965333,0.260681468800178));
#12886=DIRECTION('ref_axis',(0.,-0.260681468800178,-0.965424865965333));
#12887=DIRECTION('',(0.,0.260681468800178,0.965424865965333));
#12888=DIRECTION('',(1.,0.,0.));
#12889=DIRECTION('',(0.,-0.260681468800178,-0.965424865965333));
#12890=DIRECTION('',(1.,0.,0.));
#12891=DIRECTION('center_axis',(0.,0.956491607922016,0.291759839550881));
#12892=DIRECTION('ref_axis',(0.,-0.291759839550881,0.956491607922016));
#12893=DIRECTION('',(0.,0.291759839550881,-0.956491607922016));
#12894=DIRECTION('',(0.,-0.291759839550881,0.956491607922016));
#12895=DIRECTION('',(1.,0.,0.));
#12896=DIRECTION('center_axis',(0.,0.207911690817759,-0.978147600733806));
#12897=DIRECTION('ref_axis',(0.,0.978147600733805,0.207911690817759));
#12898=DIRECTION('',(0.,-0.978147600733805,-0.207911690817759));
#12899=DIRECTION('',(0.,0.978147600733805,0.207911690817759));
#12900=DIRECTION('center_axis',(0.,-0.965424865965333,0.260681468800178));
#12901=DIRECTION('ref_axis',(0.,-0.260681468800178,-0.965424865965333));
#12902=DIRECTION('',(0.,0.260681468800178,0.965424865965333));
#12903=DIRECTION('',(1.,0.,0.));
#12904=DIRECTION('',(0.,-0.260681468800178,-0.965424865965333));
#12905=DIRECTION('',(1.,0.,0.));
#12906=DIRECTION('center_axis',(0.,0.956491607922016,0.291759839550881));
#12907=DIRECTION('ref_axis',(0.,-0.291759839550881,0.956491607922016));
#12908=DIRECTION('',(0.,0.291759839550881,-0.956491607922016));
#12909=DIRECTION('',(0.,-0.291759839550881,0.956491607922016));
#12910=DIRECTION('',(1.,0.,0.));
#12911=DIRECTION('center_axis',(0.,0.207911690817759,-0.978147600733806));
#12912=DIRECTION('ref_axis',(0.,0.978147600733806,0.207911690817759));
#12913=DIRECTION('',(0.,-0.978147600733806,-0.207911690817759));
#12914=DIRECTION('',(0.,0.978147600733806,0.207911690817759));
#12915=DIRECTION('center_axis',(0.,0.965424865965333,-0.260681468800178));
#12916=DIRECTION('ref_axis',(0.,0.260681468800178,0.965424865965333));
#12917=DIRECTION('',(0.,-0.260681468800178,-0.965424865965333));
#12918=DIRECTION('',(1.,0.,0.));
#12919=DIRECTION('',(0.,0.260681468800178,0.965424865965333));
#12920=DIRECTION('',(1.,0.,0.));
#12921=DIRECTION('center_axis',(0.,-0.956491607922016,-0.291759839550881));
#12922=DIRECTION('ref_axis',(0.,0.291759839550881,-0.956491607922016));
#12923=DIRECTION('',(0.,-0.291759839550881,0.956491607922016));
#12924=DIRECTION('',(0.,0.291759839550881,-0.956491607922016));
#12925=DIRECTION('',(1.,0.,0.));
#12926=DIRECTION('center_axis',(0.,-0.20791169081776,0.978147600733806));
#12927=DIRECTION('ref_axis',(0.,-0.978147600733805,-0.20791169081776));
#12928=DIRECTION('',(0.,0.978147600733805,0.20791169081776));
#12929=DIRECTION('',(0.,-0.978147600733805,-0.20791169081776));
#12930=DIRECTION('center_axis',(0.,-0.207911690817759,0.978147600733806));
#12931=DIRECTION('ref_axis',(0.,-0.978147600733806,-0.207911690817759));
#12932=DIRECTION('',(0.,0.978147600733806,0.207911690817759));
#12933=DIRECTION('',(1.,0.,0.));
#12934=DIRECTION('',(0.,-0.978147600733806,-0.207911690817759));
#12935=DIRECTION('',(1.,0.,0.));
#12936=DIRECTION('center_axis',(0.,0.965424865965333,-0.260681468800178));
#12937=DIRECTION('ref_axis',(0.,0.260681468800178,0.965424865965333));
#12938=DIRECTION('',(0.,-0.260681468800178,-0.965424865965333));
#12939=DIRECTION('',(0.,0.260681468800178,0.965424865965333));
#12940=DIRECTION('',(1.,0.,0.));
#12941=DIRECTION('center_axis',(0.,-1.,0.));
#12942=DIRECTION('ref_axis',(0.,0.,-1.));
#12943=DIRECTION('',(0.,0.,1.));
#12944=DIRECTION('',(0.,0.,-1.));
#12945=DIRECTION('center_axis',(0.,-0.965424865965333,0.260681468800178));
#12946=DIRECTION('ref_axis',(0.,-0.260681468800178,-0.965424865965333));
#12947=DIRECTION('',(0.,0.260681468800178,0.965424865965333));
#12948=DIRECTION('',(1.,0.,0.));
#12949=DIRECTION('',(0.,-0.260681468800178,-0.965424865965333));
#12950=DIRECTION('',(1.,0.,0.));
#12951=DIRECTION('center_axis',(0.,0.956491607922016,0.291759839550881));
#12952=DIRECTION('ref_axis',(0.,-0.291759839550881,0.956491607922016));
#12953=DIRECTION('',(0.,0.291759839550881,-0.956491607922016));
#12954=DIRECTION('',(0.,-0.291759839550881,0.956491607922016));
#12955=DIRECTION('',(1.,0.,0.));
#12956=DIRECTION('center_axis',(0.,0.207911690817759,-0.978147600733806));
#12957=DIRECTION('ref_axis',(0.,0.978147600733806,0.207911690817759));
#12958=DIRECTION('',(0.,-0.978147600733806,-0.207911690817759));
#12959=DIRECTION('',(0.,0.978147600733806,0.207911690817759));
#12960=DIRECTION('center_axis',(0.,-0.965424865965333,0.260681468800178));
#12961=DIRECTION('ref_axis',(0.,-0.260681468800178,-0.965424865965333));
#12962=DIRECTION('',(0.,0.260681468800178,0.965424865965333));
#12963=DIRECTION('',(1.,0.,0.));
#12964=DIRECTION('',(0.,-0.260681468800178,-0.965424865965333));
#12965=DIRECTION('',(1.,0.,0.));
#12966=DIRECTION('center_axis',(0.,0.956491607922016,0.291759839550881));
#12967=DIRECTION('ref_axis',(0.,-0.291759839550881,0.956491607922016));
#12968=DIRECTION('',(0.,0.291759839550881,-0.956491607922016));
#12969=DIRECTION('',(0.,-0.291759839550881,0.956491607922016));
#12970=DIRECTION('',(1.,0.,0.));
#12971=DIRECTION('center_axis',(0.,0.207911690817759,-0.978147600733806));
#12972=DIRECTION('ref_axis',(0.,0.978147600733806,0.207911690817759));
#12973=DIRECTION('',(0.,-0.978147600733806,-0.207911690817759));
#12974=DIRECTION('',(0.,0.978147600733806,0.207911690817759));
#12975=DIRECTION('center_axis',(0.,-0.965424865965333,0.260681468800178));
#12976=DIRECTION('ref_axis',(0.,-0.260681468800178,-0.965424865965333));
#12977=DIRECTION('',(0.,0.260681468800178,0.965424865965333));
#12978=DIRECTION('',(1.,0.,0.));
#12979=DIRECTION('',(0.,-0.260681468800178,-0.965424865965333));
#12980=DIRECTION('',(1.,0.,0.));
#12981=DIRECTION('center_axis',(0.,0.956491607922016,0.291759839550881));
#12982=DIRECTION('ref_axis',(0.,-0.291759839550881,0.956491607922016));
#12983=DIRECTION('',(0.,0.291759839550881,-0.956491607922016));
#12984=DIRECTION('',(0.,-0.291759839550881,0.956491607922016));
#12985=DIRECTION('',(1.,0.,0.));
#12986=DIRECTION('center_axis',(0.,0.207911690817759,-0.978147600733806));
#12987=DIRECTION('ref_axis',(0.,0.978147600733806,0.207911690817759));
#12988=DIRECTION('',(0.,-0.978147600733806,-0.207911690817759));
#12989=DIRECTION('',(0.,0.978147600733806,0.207911690817759));
#12990=DIRECTION('center_axis',(0.,0.965424865965333,-0.260681468800178));
#12991=DIRECTION('ref_axis',(0.,0.260681468800178,0.965424865965333));
#12992=DIRECTION('',(0.,-0.260681468800178,-0.965424865965333));
#12993=DIRECTION('',(1.,0.,0.));
#12994=DIRECTION('',(0.,0.260681468800178,0.965424865965333));
#12995=DIRECTION('',(1.,0.,0.));
#12996=DIRECTION('center_axis',(0.,-0.956491607922016,-0.291759839550881));
#12997=DIRECTION('ref_axis',(0.,0.291759839550881,-0.956491607922016));
#12998=DIRECTION('',(0.,-0.291759839550881,0.956491607922016));
#12999=DIRECTION('',(0.,0.291759839550881,-0.956491607922016));
#13000=DIRECTION('',(1.,0.,0.));
#13001=DIRECTION('center_axis',(0.,-0.207911690817759,0.978147600733806));
#13002=DIRECTION('ref_axis',(0.,-0.978147600733806,-0.207911690817759));
#13003=DIRECTION('',(0.,0.978147600733806,0.207911690817759));
#13004=DIRECTION('',(0.,-0.978147600733806,-0.207911690817759));
#13005=DIRECTION('center_axis',(0.,-0.20791169081776,0.978147600733806));
#13006=DIRECTION('ref_axis',(0.,-0.978147600733805,-0.20791169081776));
#13007=DIRECTION('',(0.,0.978147600733805,0.20791169081776));
#13008=DIRECTION('',(1.,0.,0.));
#13009=DIRECTION('',(0.,-0.978147600733805,-0.20791169081776));
#13010=DIRECTION('',(1.,0.,0.));
#13011=DIRECTION('center_axis',(0.,0.965424865965333,-0.260681468800178));
#13012=DIRECTION('ref_axis',(0.,0.260681468800178,0.965424865965333));
#13013=DIRECTION('',(0.,-0.260681468800178,-0.965424865965333));
#13014=DIRECTION('',(0.,0.260681468800178,0.965424865965333));
#13015=DIRECTION('',(1.,0.,0.));
#13016=DIRECTION('center_axis',(0.,-1.,0.));
#13017=DIRECTION('ref_axis',(0.,0.,-1.));
#13018=DIRECTION('',(0.,0.,1.));
#13019=DIRECTION('',(0.,0.,-1.));
#13020=DIRECTION('center_axis',(0.,-0.923879302279503,0.382683988193311));
#13021=DIRECTION('ref_axis',(0.,-0.382683988193311,-0.923879302279503));
#13022=DIRECTION('',(0.,0.382683988193311,0.923879302279503));
#13023=DIRECTION('',(1.,0.,0.));
#13024=DIRECTION('',(0.,-0.382683988193311,-0.923879302279503));
#13025=DIRECTION('',(1.,0.,0.));
#13026=DIRECTION('center_axis',(0.,0.893445521930398,0.449171570051489));
#13027=DIRECTION('ref_axis',(0.,-0.449171570051489,0.893445521930398));
#13028=DIRECTION('',(0.,0.449171570051489,-0.893445521930398));
#13029=DIRECTION('',(0.,-0.449171570051489,0.893445521930398));
#13030=DIRECTION('',(1.,0.,0.));
#13031=DIRECTION('center_axis',(0.,0.207911690817761,-0.978147600733805));
#13032=DIRECTION('ref_axis',(0.,0.978147600733805,0.207911690817761));
#13033=DIRECTION('',(0.,-0.978147600733805,-0.207911690817761));
#13034=DIRECTION('',(0.,0.978147600733805,0.207911690817761));
#13035=DIRECTION('center_axis',(0.,-0.923879302279503,0.382683988193311));
#13036=DIRECTION('ref_axis',(0.,-0.382683988193311,-0.923879302279503));
#13037=DIRECTION('',(0.,0.382683988193311,0.923879302279503));
#13038=DIRECTION('',(1.,0.,0.));
#13039=DIRECTION('',(0.,-0.382683988193311,-0.923879302279503));
#13040=DIRECTION('',(1.,0.,0.));
#13041=DIRECTION('center_axis',(0.,0.893445521930398,0.449171570051489));
#13042=DIRECTION('ref_axis',(0.,-0.449171570051489,0.893445521930398));
#13043=DIRECTION('',(0.,0.449171570051489,-0.893445521930398));
#13044=DIRECTION('',(0.,-0.449171570051489,0.893445521930398));
#13045=DIRECTION('',(1.,0.,0.));
#13046=DIRECTION('center_axis',(0.,0.207911690817761,-0.978147600733805));
#13047=DIRECTION('ref_axis',(0.,0.978147600733805,0.207911690817761));
#13048=DIRECTION('',(0.,-0.978147600733805,-0.207911690817761));
#13049=DIRECTION('',(0.,0.978147600733805,0.207911690817761));
#13050=DIRECTION('center_axis',(0.,0.923879302279503,-0.382683988193312));
#13051=DIRECTION('ref_axis',(0.,0.382683988193312,0.923879302279503));
#13052=DIRECTION('',(0.,-0.382683988193312,-0.923879302279503));
#13053=DIRECTION('',(1.,0.,0.));
#13054=DIRECTION('',(0.,0.382683988193312,0.923879302279503));
#13055=DIRECTION('',(1.,0.,0.));
#13056=DIRECTION('center_axis',(0.,-0.893445521930398,-0.449171570051489));
#13057=DIRECTION('ref_axis',(0.,0.449171570051489,-0.893445521930398));
#13058=DIRECTION('',(0.,-0.449171570051489,0.893445521930398));
#13059=DIRECTION('',(0.,0.449171570051489,-0.893445521930398));
#13060=DIRECTION('',(1.,0.,0.));
#13061=DIRECTION('center_axis',(0.,-0.207911690817759,0.978147600733806));
#13062=DIRECTION('ref_axis',(0.,-0.978147600733806,-0.207911690817759));
#13063=DIRECTION('',(0.,0.978147600733806,0.207911690817759));
#13064=DIRECTION('',(0.,-0.978147600733806,-0.207911690817759));
#13065=DIRECTION('center_axis',(0.,0.,-1.));
#13066=DIRECTION('ref_axis',(0.,1.,0.));
#13067=DIRECTION('',(0.,-1.,0.));
#13068=DIRECTION('',(1.,0.,0.));
#13069=DIRECTION('',(0.,1.,0.));
#13070=DIRECTION('',(1.,0.,0.));
#13071=DIRECTION('center_axis',(0.,-1.,0.));
#13072=DIRECTION('ref_axis',(0.,0.,-1.));
#13073=DIRECTION('',(0.,0.,1.));
#13074=DIRECTION('',(0.,0.,-1.));
#13075=DIRECTION('',(1.,0.,0.));
#13076=DIRECTION('center_axis',(0.,0.,1.));
#13077=DIRECTION('ref_axis',(0.,-1.,0.));
#13078=DIRECTION('',(0.,1.,0.));
#13079=DIRECTION('',(0.,-1.,0.));
#13080=DIRECTION('',(1.,0.,0.));
#13081=DIRECTION('center_axis',(0.,1.,0.));
#13082=DIRECTION('ref_axis',(0.,0.,1.));
#13083=DIRECTION('',(0.,0.,-1.));
#13084=DIRECTION('',(0.,0.,1.));
#13085=DIRECTION('center_axis',(0.,0.,-1.));
#13086=DIRECTION('ref_axis',(0.,1.,0.));
#13087=DIRECTION('',(0.,-1.,0.));
#13088=DIRECTION('',(1.,0.,0.));
#13089=DIRECTION('',(0.,1.,0.));
#13090=DIRECTION('',(1.,0.,0.));
#13091=DIRECTION('center_axis',(0.,-1.,0.));
#13092=DIRECTION('ref_axis',(0.,0.,-1.));
#13093=DIRECTION('',(0.,0.,1.));
#13094=DIRECTION('',(0.,0.,-1.));
#13095=DIRECTION('',(1.,0.,0.));
#13096=DIRECTION('center_axis',(0.,0.,1.));
#13097=DIRECTION('ref_axis',(0.,-1.,0.));
#13098=DIRECTION('',(0.,1.,0.));
#13099=DIRECTION('',(0.,-1.,0.));
#13100=DIRECTION('',(1.,0.,0.));
#13101=DIRECTION('center_axis',(0.,1.,0.));
#13102=DIRECTION('ref_axis',(0.,0.,1.));
#13103=DIRECTION('',(0.,0.,-1.));
#13104=DIRECTION('',(0.,0.,1.));
#13105=DIRECTION('center_axis',(0.,-0.447213595499963,0.894427190999913));
#13106=DIRECTION('ref_axis',(0.,-0.894427190999913,-0.447213595499963));
#13107=DIRECTION('',(0.,0.894427190999913,0.447213595499963));
#13108=DIRECTION('',(-1.,0.,0.));
#13109=DIRECTION('',(0.,-0.894427190999913,-0.447213595499963));
#13110=DIRECTION('',(1.,0.,0.));
#13111=DIRECTION('center_axis',(0.,-0.333926095780327,0.942599258729237));
#13112=DIRECTION('ref_axis',(0.,-0.942599258729237,-0.333926095780327));
#13113=DIRECTION('',(0.,0.942599258729237,0.333926095780327));
#13114=DIRECTION('',(0.,-0.942599258729238,-0.333926095780327));
#13115=DIRECTION('',(1.,0.,0.));
#13116=DIRECTION('center_axis',(0.,0.276257214197074,0.961083738081168));
#13117=DIRECTION('ref_axis',(0.,-0.961083738081168,0.276257214197074));
#13118=DIRECTION('',(0.,0.961083738081168,-0.276257214197074));
#13119=DIRECTION('',(0.,-0.961083738081168,0.276257214197074));
#13120=DIRECTION('',(1.,0.,0.));
#13121=DIRECTION('center_axis',(0.,-0.207911690817759,0.978147600733806));
#13122=DIRECTION('ref_axis',(0.,-0.978147600733806,-0.207911690817759));
#13123=DIRECTION('',(0.,0.978147600733806,0.207911690817759));
#13124=DIRECTION('',(1.,0.,0.));
#13125=DIRECTION('',(0.,-0.978147600733806,-0.207911690817759));
#13126=DIRECTION('center_axis',(1.,0.,0.));
#13127=DIRECTION('ref_axis',(0.,0.,-1.));
#13128=DIRECTION('',(0.,0.,-1.));
#13129=DIRECTION('',(0.,1.,0.));
#13130=DIRECTION('',(0.,0.,1.));
#13131=DIRECTION('',(0.,-1.,0.));
#13132=DIRECTION('',(0.,-0.739940073395944,-0.672672793996312));
#13133=DIRECTION('',(0.,0.978147600733805,0.207911690817759));
#13134=DIRECTION('',(0.,0.,-1.));
#13135=DIRECTION('',(0.,-0.978147600733805,-0.207911690817759));
#13136=DIRECTION('',(0.,0.,1.));
#13137=DIRECTION('',(0.,0.894427190999916,0.447213595499957));
#13138=DIRECTION('',(0.,0.942599258729236,0.333926095780332));
#13139=DIRECTION('',(0.,0.961083738081166,-0.276257214197082));
#13140=DIRECTION('',(0.,0.978147600733805,0.207911690817759));
#13141=DIRECTION('',(0.,0.,-1.));
#13142=DIRECTION('',(0.,-0.978147600733805,-0.207911690817759));
#13143=DIRECTION('',(0.,0.,1.));
#13144=DIRECTION('',(0.,0.978147600733805,0.207911690817759));
#13145=DIRECTION('',(0.,0.894427190999916,0.447213595499959));
#13146=DIRECTION('',(0.,0.942599258729237,0.333926095780329));
#13147=DIRECTION('',(0.,0.961083738081168,-0.276257214197077));
#13148=DIRECTION('',(0.,0.978147600733805,0.207911690817759));
#13149=DIRECTION('',(0.,0.,-1.));
#13150=DIRECTION('',(0.,-0.978147600733806,-0.207911690817759));
#13151=DIRECTION('',(0.,0.,1.));
#13152=DIRECTION('',(0.,0.978147600733805,0.207911690817759));
#13153=DIRECTION('',(0.,0.978147600733805,0.207911690817759));
#13154=DIRECTION('',(0.,0.,-1.));
#13155=DIRECTION('',(0.,-0.978147600733805,-0.207911690817759));
#13156=DIRECTION('',(0.,0.,1.));
#13157=DIRECTION('',(0.,0.978147600733806,0.207911690817759));
#13158=DIRECTION('',(0.,0.,-1.));
#13159=DIRECTION('',(0.,-0.978147600733805,-0.207911690817759));
#13160=DIRECTION('',(0.,0.,1.));
#13161=DIRECTION('',(0.,0.978147600733806,0.207911690817759));
#13162=DIRECTION('',(0.,0.,-1.));
#13163=DIRECTION('',(0.,-0.978147600733806,-0.207911690817759));
#13164=DIRECTION('',(0.,0.,1.));
#13165=DIRECTION('center_axis',(0.,-0.207911690817759,0.978147600733806));
#13166=DIRECTION('ref_axis',(0.,-0.978147600733806,-0.207911690817759));
#13167=DIRECTION('',(1.,0.,0.));
#13168=DIRECTION('',(0.,-0.978147600733806,-0.207911690817759));
#13169=DIRECTION('',(1.,0.,0.));
#13170=DIRECTION('center_axis',(0.,1.,0.));
#13171=DIRECTION('ref_axis',(0.,0.,1.));
#13172=DIRECTION('',(0.,0.,1.));
#13173=DIRECTION('',(1.,0.,0.));
#13174=DIRECTION('center_axis',(0.,0.207911690817759,-0.978147600733806));
#13175=DIRECTION('ref_axis',(0.,0.978147600733806,0.207911690817759));
#13176=DIRECTION('',(0.,0.978147600733806,0.207911690817759));
#13177=DIRECTION('',(1.,0.,0.));
#13178=DIRECTION('center_axis',(0.,-1.,0.));
#13179=DIRECTION('ref_axis',(0.,0.,-1.));
#13180=DIRECTION('',(0.,0.,-1.));
#13181=DIRECTION('center_axis',(1.,0.,0.));
#13182=DIRECTION('ref_axis',(0.,0.,-1.));
#13183=DIRECTION('center_axis',(0.,-0.207911690817759,0.978147600733806));
#13184=DIRECTION('ref_axis',(0.,-0.978147600733806,-0.207911690817759));
#13185=DIRECTION('',(0.,-0.978147600733806,-0.207911690817759));
#13186=DIRECTION('',(1.,0.,0.));
#13187=DIRECTION('center_axis',(0.,1.,0.));
#13188=DIRECTION('ref_axis',(0.,0.,1.));
#13189=DIRECTION('',(0.,0.,1.));
#13190=DIRECTION('',(1.,0.,0.));
#13191=DIRECTION('center_axis',(0.,0.207911690817759,-0.978147600733806));
#13192=DIRECTION('ref_axis',(0.,0.978147600733805,0.207911690817759));
#13193=DIRECTION('',(0.,0.978147600733805,0.207911690817759));
#13194=DIRECTION('',(1.,0.,0.));
#13195=DIRECTION('center_axis',(0.,-1.,0.));
#13196=DIRECTION('ref_axis',(0.,0.,-1.));
#13197=DIRECTION('',(0.,0.,-1.));
#13198=DIRECTION('center_axis',(1.,0.,0.));
#13199=DIRECTION('ref_axis',(0.,0.,-1.));
#13200=DIRECTION('center_axis',(0.,-0.447213595499957,0.894427190999916));
#13201=DIRECTION('ref_axis',(0.,-0.894427190999916,-0.447213595499957));
#13202=DIRECTION('',(-1.,0.,0.));
#13203=DIRECTION('',(0.,-0.894427190999916,-0.447213595499957));
#13204=DIRECTION('',(1.,0.,0.));
#13205=DIRECTION('center_axis',(0.,-0.333926095780332,0.942599258729236));
#13206=DIRECTION('ref_axis',(0.,-0.942599258729236,-0.333926095780332));
#13207=DIRECTION('',(0.,-0.942599258729236,-0.333926095780332));
#13208=DIRECTION('',(1.,0.,0.));
#13209=DIRECTION('center_axis',(0.,0.276257214197082,0.961083738081166));
#13210=DIRECTION('ref_axis',(0.,-0.961083738081166,0.276257214197082));
#13211=DIRECTION('',(0.,-0.961083738081166,0.276257214197082));
#13212=DIRECTION('',(1.,0.,0.));
#13213=DIRECTION('center_axis',(0.,-0.207911690817759,0.978147600733806));
#13214=DIRECTION('ref_axis',(0.,-0.978147600733805,-0.207911690817759));
#13215=DIRECTION('',(1.,0.,0.));
#13216=DIRECTION('',(0.,-0.978147600733805,-0.207911690817759));
#13217=DIRECTION('center_axis',(0.,-0.207911690817759,0.978147600733806));
#13218=DIRECTION('ref_axis',(0.,-0.978147600733805,-0.207911690817759));
#13219=DIRECTION('',(1.,0.,0.));
#13220=DIRECTION('',(0.,-0.978147600733805,-0.207911690817759));
#13221=DIRECTION('',(1.,0.,0.));
#13222=DIRECTION('center_axis',(0.,1.,0.));
#13223=DIRECTION('ref_axis',(0.,0.,1.));
#13224=DIRECTION('',(0.,0.,1.));
#13225=DIRECTION('',(1.,0.,0.));
#13226=DIRECTION('center_axis',(0.,0.207911690817759,-0.978147600733806));
#13227=DIRECTION('ref_axis',(0.,0.978147600733805,0.207911690817759));
#13228=DIRECTION('',(0.,0.978147600733805,0.207911690817759));
#13229=DIRECTION('',(1.,0.,0.));
#13230=DIRECTION('center_axis',(0.,-1.,0.));
#13231=DIRECTION('ref_axis',(0.,0.,-1.));
#13232=DIRECTION('',(0.,0.,-1.));
#13233=DIRECTION('center_axis',(1.,0.,0.));
#13234=DIRECTION('ref_axis',(0.,0.,-1.));
#13235=DIRECTION('center_axis',(0.,-0.207911690817759,0.978147600733806));
#13236=DIRECTION('ref_axis',(0.,-0.978147600733805,-0.207911690817759));
#13237=DIRECTION('',(0.,-0.978147600733805,-0.207911690817759));
#13238=DIRECTION('',(1.,0.,0.));
#13239=DIRECTION('center_axis',(0.,1.,0.));
#13240=DIRECTION('ref_axis',(0.,0.,1.));
#13241=DIRECTION('',(0.,0.,1.));
#13242=DIRECTION('',(1.,0.,0.));
#13243=DIRECTION('center_axis',(0.,0.207911690817759,-0.978147600733806));
#13244=DIRECTION('ref_axis',(0.,0.978147600733805,0.207911690817759));
#13245=DIRECTION('',(0.,0.978147600733805,0.207911690817759));
#13246=DIRECTION('',(1.,0.,0.));
#13247=DIRECTION('center_axis',(0.,-1.,0.));
#13248=DIRECTION('ref_axis',(0.,0.,-1.));
#13249=DIRECTION('',(0.,0.,-1.));
#13250=DIRECTION('center_axis',(1.,0.,0.));
#13251=DIRECTION('ref_axis',(0.,0.,-1.));
#13252=DIRECTION('center_axis',(0.,-0.447213595499959,0.894427190999916));
#13253=DIRECTION('ref_axis',(0.,-0.894427190999916,-0.447213595499959));
#13254=DIRECTION('',(-1.,0.,0.));
#13255=DIRECTION('',(0.,-0.894427190999916,-0.447213595499959));
#13256=DIRECTION('',(1.,0.,0.));
#13257=DIRECTION('center_axis',(0.,-0.333926095780329,0.942599258729237));
#13258=DIRECTION('ref_axis',(0.,-0.942599258729237,-0.333926095780329));
#13259=DIRECTION('',(0.,-0.942599258729237,-0.333926095780329));
#13260=DIRECTION('',(1.,0.,0.));
#13261=DIRECTION('center_axis',(0.,0.276257214197077,0.961083738081167));
#13262=DIRECTION('ref_axis',(0.,-0.961083738081167,0.276257214197077));
#13263=DIRECTION('',(0.,-0.961083738081167,0.276257214197077));
#13264=DIRECTION('',(1.,0.,0.));
#13265=DIRECTION('center_axis',(0.,-0.207911690817759,0.978147600733806));
#13266=DIRECTION('ref_axis',(0.,-0.978147600733805,-0.207911690817759));
#13267=DIRECTION('',(1.,0.,0.));
#13268=DIRECTION('',(0.,-0.978147600733805,-0.207911690817759));
#13269=DIRECTION('center_axis',(0.,-0.207911690817759,0.978147600733806));
#13270=DIRECTION('ref_axis',(0.,-0.978147600733805,-0.207911690817759));
#13271=DIRECTION('',(1.,0.,0.));
#13272=DIRECTION('',(0.,-0.978147600733805,-0.207911690817759));
#13273=DIRECTION('',(1.,0.,0.));
#13274=DIRECTION('center_axis',(0.,1.,0.));
#13275=DIRECTION('ref_axis',(0.,0.,1.));
#13276=DIRECTION('',(0.,0.,1.));
#13277=DIRECTION('',(1.,0.,0.));
#13278=DIRECTION('center_axis',(0.,0.207911690817759,-0.978147600733806));
#13279=DIRECTION('ref_axis',(0.,0.978147600733805,0.207911690817759));
#13280=DIRECTION('',(0.,0.978147600733805,0.207911690817759));
#13281=DIRECTION('',(1.,0.,0.));
#13282=DIRECTION('center_axis',(0.,-1.,0.));
#13283=DIRECTION('ref_axis',(0.,0.,-1.));
#13284=DIRECTION('',(0.,0.,-1.));
#13285=DIRECTION('center_axis',(1.,0.,0.));
#13286=DIRECTION('ref_axis',(0.,0.,-1.));
#13287=DIRECTION('center_axis',(0.,-0.207911690817759,0.978147600733806));
#13288=DIRECTION('ref_axis',(0.,-0.978147600733805,-0.207911690817759));
#13289=DIRECTION('',(0.,-0.978147600733805,-0.207911690817759));
#13290=DIRECTION('',(1.,0.,0.));
#13291=DIRECTION('center_axis',(0.,1.,0.));
#13292=DIRECTION('ref_axis',(0.,0.,1.));
#13293=DIRECTION('',(0.,0.,1.));
#13294=DIRECTION('',(1.,0.,0.));
#13295=DIRECTION('center_axis',(0.,0.207911690817759,-0.978147600733806));
#13296=DIRECTION('ref_axis',(0.,0.978147600733806,0.207911690817759));
#13297=DIRECTION('',(0.,0.978147600733805,0.207911690817759));
#13298=DIRECTION('',(1.,0.,0.));
#13299=DIRECTION('center_axis',(0.,-1.,0.));
#13300=DIRECTION('ref_axis',(0.,0.,-1.));
#13301=DIRECTION('',(0.,0.,-1.));
#13302=DIRECTION('center_axis',(1.,0.,0.));
#13303=DIRECTION('ref_axis',(0.,0.,-1.));
#13304=DIRECTION('center_axis',(0.,-0.672672793996313,0.739940073395944));
#13305=DIRECTION('ref_axis',(0.,-0.739940073395944,-0.672672793996312));
#13306=DIRECTION('',(0.,-0.739940073395944,-0.672672793996312));
#13307=DIRECTION('',(1.,0.,0.));
#13308=DIRECTION('',(1.,0.,0.));
#13309=DIRECTION('center_axis',(0.,0.,1.));
#13310=DIRECTION('ref_axis',(0.,-1.,0.));
#13311=DIRECTION('',(0.,-1.,0.));
#13312=DIRECTION('',(1.,0.,0.));
#13313=DIRECTION('center_axis',(0.,1.,0.));
#13314=DIRECTION('ref_axis',(0.,0.,1.));
#13315=DIRECTION('',(0.,0.,1.));
#13316=DIRECTION('',(1.,0.,0.));
#13317=DIRECTION('center_axis',(0.,0.,-1.));
#13318=DIRECTION('ref_axis',(0.,1.,0.));
#13319=DIRECTION('',(0.,1.,0.));
#13320=DIRECTION('',(1.,0.,0.));
#13321=DIRECTION('center_axis',(0.,-1.,0.));
#13322=DIRECTION('ref_axis',(0.,0.,-1.));
#13323=DIRECTION('',(0.,0.,-1.));
#13324=DIRECTION('center_axis',(1.,0.,0.));
#13325=DIRECTION('ref_axis',(0.,0.,-1.));
#13326=DIRECTION('axis',(0.,0.,1.));
#13327=DIRECTION('refdir',(1.,0.,0.));
#13328=DIRECTION('center_axis',(0.,-0.207911690817759,0.978147600733806));
#13329=DIRECTION('ref_axis',(0.,-0.978147600733806,-0.207911690817759));
#13330=DIRECTION('',(0.,-0.978147600733806,-0.207911690817759));
#13331=DIRECTION('',(1.,0.,0.));
#13332=DIRECTION('',(0.,0.978147600733806,0.207911690817759));
#13333=DIRECTION('',(1.,0.,0.));
#13334=DIRECTION('center_axis',(0.,-0.893445521930398,-0.449171570051488));
#13335=DIRECTION('ref_axis',(0.,0.449171570051488,-0.893445521930398));
#13336=DIRECTION('',(0.,0.449171570051488,-0.893445521930398));
#13337=DIRECTION('',(0.,-0.449171570051488,0.893445521930398));
#13338=DIRECTION('',(1.,0.,0.));
#13339=DIRECTION('center_axis',(0.,0.923879302279503,-0.382683988193311));
#13340=DIRECTION('ref_axis',(0.,0.382683988193311,0.923879302279503));
#13341=DIRECTION('',(0.,0.382683988193311,0.923879302279503));
#13342=DIRECTION('',(0.,-0.382683988193311,-0.923879302279503));
#13343=DIRECTION('center_axis',(0.,0.207911690817761,-0.978147600733805));
#13344=DIRECTION('ref_axis',(0.,0.978147600733805,0.207911690817761));
#13345=DIRECTION('',(0.,0.978147600733805,0.207911690817761));
#13346=DIRECTION('',(1.,0.,0.));
#13347=DIRECTION('',(0.,-0.978147600733805,-0.207911690817761));
#13348=DIRECTION('',(1.,0.,0.));
#13349=DIRECTION('center_axis',(0.,0.893445521930398,0.449171570051489));
#13350=DIRECTION('ref_axis',(0.,-0.449171570051489,0.893445521930398));
#13351=DIRECTION('',(0.,-0.449171570051489,0.893445521930398));
#13352=DIRECTION('',(0.,0.449171570051489,-0.893445521930398));
#13353=DIRECTION('',(1.,0.,0.));
#13354=DIRECTION('center_axis',(0.,-0.923879302279503,0.382683988193311));
#13355=DIRECTION('ref_axis',(0.,-0.382683988193311,-0.923879302279503));
#13356=DIRECTION('',(0.,-0.382683988193311,-0.923879302279503));
#13357=DIRECTION('',(0.,0.382683988193311,0.923879302279503));
#13358=DIRECTION('center_axis',(0.,1.,0.));
#13359=DIRECTION('ref_axis',(0.,0.,1.));
#13360=DIRECTION('',(0.,0.,1.));
#13361=DIRECTION('',(1.,0.,0.));
#13362=DIRECTION('',(0.,0.,-1.));
#13363=DIRECTION('',(1.,0.,0.));
#13364=DIRECTION('center_axis',(0.,-0.207911690817759,0.978147600733806));
#13365=DIRECTION('ref_axis',(0.,-0.978147600733806,-0.207911690817759));
#13366=DIRECTION('',(0.,-0.978147600733806,-0.207911690817759));
#13367=DIRECTION('',(0.,0.978147600733806,0.207911690817759));
#13368=DIRECTION('',(1.,0.,0.));
#13369=DIRECTION('center_axis',(0.,-0.956491607922016,-0.291759839550881));
#13370=DIRECTION('ref_axis',(0.,0.291759839550881,-0.956491607922016));
#13371=DIRECTION('',(0.,0.291759839550881,-0.956491607922016));
#13372=DIRECTION('',(0.,-0.291759839550881,0.956491607922016));
#13373=DIRECTION('center_axis',(0.,-0.207911690817759,0.978147600733806));
#13374=DIRECTION('ref_axis',(0.,-0.978147600733806,-0.207911690817759));
#13375=DIRECTION('',(0.,-0.978147600733806,-0.207911690817759));
#13376=DIRECTION('',(1.,0.,0.));
#13377=DIRECTION('',(0.,0.978147600733806,0.207911690817759));
#13378=DIRECTION('',(1.,0.,0.));
#13379=DIRECTION('center_axis',(0.,-0.956491607922016,-0.291759839550881));
#13380=DIRECTION('ref_axis',(0.,0.291759839550881,-0.956491607922016));
#13381=DIRECTION('',(0.,0.291759839550881,-0.956491607922016));
#13382=DIRECTION('',(0.,-0.291759839550881,0.956491607922016));
#13383=DIRECTION('',(1.,0.,0.));
#13384=DIRECTION('center_axis',(0.,0.965424865965333,-0.260681468800178));
#13385=DIRECTION('ref_axis',(0.,0.260681468800178,0.965424865965333));
#13386=DIRECTION('',(0.,0.260681468800178,0.965424865965333));
#13387=DIRECTION('',(0.,-0.260681468800178,-0.965424865965333));
#13388=DIRECTION('center_axis',(0.,-0.207911690817759,0.978147600733806));
#13389=DIRECTION('ref_axis',(0.,-0.978147600733806,-0.207911690817759));
#13390=DIRECTION('',(0.,-0.978147600733806,-0.207911690817759));
#13391=DIRECTION('',(1.,0.,0.));
#13392=DIRECTION('',(0.,0.978147600733806,0.207911690817759));
#13393=DIRECTION('',(1.,0.,0.));
#13394=DIRECTION('center_axis',(0.,-0.956491607922016,-0.291759839550881));
#13395=DIRECTION('ref_axis',(0.,0.291759839550881,-0.956491607922016));
#13396=DIRECTION('',(0.,0.291759839550881,-0.956491607922016));
#13397=DIRECTION('',(0.,-0.291759839550881,0.956491607922016));
#13398=DIRECTION('',(1.,0.,0.));
#13399=DIRECTION('center_axis',(0.,0.965424865965333,-0.260681468800178));
#13400=DIRECTION('ref_axis',(0.,0.260681468800178,0.965424865965333));
#13401=DIRECTION('',(0.,0.260681468800178,0.965424865965333));
#13402=DIRECTION('',(0.,-0.260681468800178,-0.965424865965333));
#13403=DIRECTION('center_axis',(0.,0.207911690817759,-0.978147600733806));
#13404=DIRECTION('ref_axis',(0.,0.978147600733806,0.207911690817759));
#13405=DIRECTION('',(0.,0.978147600733806,0.207911690817759));
#13406=DIRECTION('',(1.,0.,0.));
#13407=DIRECTION('',(0.,-0.978147600733806,-0.207911690817759));
#13408=DIRECTION('',(1.,0.,0.));
#13409=DIRECTION('center_axis',(0.,0.956491607922016,0.291759839550881));
#13410=DIRECTION('ref_axis',(0.,-0.291759839550881,0.956491607922016));
#13411=DIRECTION('',(0.,-0.291759839550881,0.956491607922016));
#13412=DIRECTION('',(0.,0.291759839550881,-0.956491607922016));
#13413=DIRECTION('',(1.,0.,0.));
#13414=DIRECTION('center_axis',(0.,-0.965424865965333,0.260681468800178));
#13415=DIRECTION('ref_axis',(0.,-0.260681468800178,-0.965424865965333));
#13416=DIRECTION('',(0.,-0.260681468800178,-0.965424865965333));
#13417=DIRECTION('',(0.,0.260681468800178,0.965424865965333));
#13418=DIRECTION('center_axis',(0.,0.207911690817759,-0.978147600733806));
#13419=DIRECTION('ref_axis',(0.,0.978147600733806,0.207911690817759));
#13420=DIRECTION('',(0.,0.978147600733806,0.207911690817759));
#13421=DIRECTION('',(1.,0.,0.));
#13422=DIRECTION('',(0.,-0.978147600733806,-0.207911690817759));
#13423=DIRECTION('',(1.,0.,0.));
#13424=DIRECTION('center_axis',(0.,0.956491607922016,0.291759839550881));
#13425=DIRECTION('ref_axis',(0.,-0.291759839550881,0.956491607922016));
#13426=DIRECTION('',(0.,-0.291759839550881,0.956491607922016));
#13427=DIRECTION('',(0.,0.291759839550881,-0.956491607922016));
#13428=DIRECTION('',(1.,0.,0.));
#13429=DIRECTION('center_axis',(0.,-0.965424865965333,0.260681468800178));
#13430=DIRECTION('ref_axis',(0.,-0.260681468800178,-0.965424865965333));
#13431=DIRECTION('',(0.,-0.260681468800178,-0.965424865965333));
#13432=DIRECTION('',(0.,0.260681468800178,0.965424865965333));
#13433=DIRECTION('center_axis',(0.,1.,0.));
#13434=DIRECTION('ref_axis',(0.,0.,1.));
#13435=DIRECTION('',(0.,0.,1.));
#13436=DIRECTION('',(1.,0.,0.));
#13437=DIRECTION('',(0.,0.,-1.));
#13438=DIRECTION('',(1.,0.,0.));
#13439=DIRECTION('center_axis',(0.,-0.207911690817759,0.978147600733806));
#13440=DIRECTION('ref_axis',(0.,-0.978147600733806,-0.207911690817759));
#13441=DIRECTION('',(0.,-0.978147600733806,-0.207911690817759));
#13442=DIRECTION('',(0.,0.978147600733806,0.207911690817759));
#13443=DIRECTION('',(1.,0.,0.));
#13444=DIRECTION('center_axis',(0.,-0.956491607922016,-0.291759839550881));
#13445=DIRECTION('ref_axis',(0.,0.291759839550881,-0.956491607922016));
#13446=DIRECTION('',(0.,0.291759839550881,-0.956491607922016));
#13447=DIRECTION('',(0.,-0.291759839550881,0.956491607922016));
#13448=DIRECTION('center_axis',(0.,-0.20791169081776,0.978147600733806));
#13449=DIRECTION('ref_axis',(0.,-0.978147600733805,-0.20791169081776));
#13450=DIRECTION('',(0.,-0.978147600733805,-0.20791169081776));
#13451=DIRECTION('',(1.,0.,0.));
#13452=DIRECTION('',(0.,0.978147600733805,0.20791169081776));
#13453=DIRECTION('',(1.,0.,0.));
#13454=DIRECTION('center_axis',(0.,-0.956491607922016,-0.291759839550881));
#13455=DIRECTION('ref_axis',(0.,0.291759839550881,-0.956491607922016));
#13456=DIRECTION('',(0.,0.291759839550881,-0.956491607922016));
#13457=DIRECTION('',(0.,-0.291759839550881,0.956491607922016));
#13458=DIRECTION('',(1.,0.,0.));
#13459=DIRECTION('center_axis',(0.,0.965424865965333,-0.260681468800178));
#13460=DIRECTION('ref_axis',(0.,0.260681468800178,0.965424865965333));
#13461=DIRECTION('',(0.,0.260681468800178,0.965424865965333));
#13462=DIRECTION('',(0.,-0.260681468800178,-0.965424865965333));
#13463=DIRECTION('center_axis',(0.,-0.20791169081776,0.978147600733805));
#13464=DIRECTION('ref_axis',(0.,-0.978147600733805,-0.20791169081776));
#13465=DIRECTION('',(0.,-0.978147600733805,-0.20791169081776));
#13466=DIRECTION('',(1.,0.,0.));
#13467=DIRECTION('',(0.,0.978147600733805,0.20791169081776));
#13468=DIRECTION('',(1.,0.,0.));
#13469=DIRECTION('center_axis',(0.,-0.956491607922016,-0.291759839550881));
#13470=DIRECTION('ref_axis',(0.,0.291759839550881,-0.956491607922016));
#13471=DIRECTION('',(0.,0.291759839550881,-0.956491607922016));
#13472=DIRECTION('',(0.,-0.291759839550881,0.956491607922016));
#13473=DIRECTION('',(1.,0.,0.));
#13474=DIRECTION('center_axis',(0.,0.965424865965333,-0.260681468800178));
#13475=DIRECTION('ref_axis',(0.,0.260681468800178,0.965424865965333));
#13476=DIRECTION('',(0.,0.260681468800178,0.965424865965333));
#13477=DIRECTION('',(0.,-0.260681468800178,-0.965424865965333));
#13478=DIRECTION('center_axis',(0.,0.207911690817759,-0.978147600733806));
#13479=DIRECTION('ref_axis',(0.,0.978147600733806,0.207911690817759));
#13480=DIRECTION('',(0.,0.978147600733806,0.207911690817759));
#13481=DIRECTION('',(1.,0.,0.));
#13482=DIRECTION('',(0.,-0.978147600733806,-0.207911690817759));
#13483=DIRECTION('',(1.,0.,0.));
#13484=DIRECTION('center_axis',(0.,0.956491607922016,0.291759839550881));
#13485=DIRECTION('ref_axis',(0.,-0.291759839550881,0.956491607922016));
#13486=DIRECTION('',(0.,-0.291759839550881,0.956491607922016));
#13487=DIRECTION('',(0.,0.291759839550881,-0.956491607922016));
#13488=DIRECTION('',(1.,0.,0.));
#13489=DIRECTION('center_axis',(0.,-0.965424865965333,0.260681468800178));
#13490=DIRECTION('ref_axis',(0.,-0.260681468800178,-0.965424865965333));
#13491=DIRECTION('',(0.,-0.260681468800178,-0.965424865965333));
#13492=DIRECTION('',(0.,0.260681468800178,0.965424865965333));
#13493=DIRECTION('center_axis',(0.,0.207911690817759,-0.978147600733806));
#13494=DIRECTION('ref_axis',(0.,0.978147600733805,0.207911690817759));
#13495=DIRECTION('',(0.,0.978147600733805,0.207911690817759));
#13496=DIRECTION('',(1.,0.,0.));
#13497=DIRECTION('',(0.,-0.978147600733805,-0.207911690817759));
#13498=DIRECTION('',(1.,0.,0.));
#13499=DIRECTION('center_axis',(0.,0.956491607922016,0.291759839550881));
#13500=DIRECTION('ref_axis',(0.,-0.291759839550881,0.956491607922016));
#13501=DIRECTION('',(0.,-0.291759839550881,0.956491607922016));
#13502=DIRECTION('',(0.,0.291759839550881,-0.956491607922016));
#13503=DIRECTION('',(1.,0.,0.));
#13504=DIRECTION('center_axis',(0.,-0.965424865965333,0.260681468800178));
#13505=DIRECTION('ref_axis',(0.,-0.260681468800178,-0.965424865965333));
#13506=DIRECTION('',(0.,-0.260681468800178,-0.965424865965333));
#13507=DIRECTION('',(0.,0.260681468800178,0.965424865965333));
#13508=DIRECTION('center_axis',(0.,0.207911690817759,-0.978147600733806));
#13509=DIRECTION('ref_axis',(0.,0.978147600733806,0.207911690817759));
#13510=DIRECTION('',(0.,0.978147600733806,0.207911690817759));
#13511=DIRECTION('',(1.,0.,0.));
#13512=DIRECTION('',(0.,-0.978147600733806,-0.207911690817759));
#13513=DIRECTION('',(1.,0.,0.));
#13514=DIRECTION('center_axis',(0.,0.956491607922016,0.291759839550881));
#13515=DIRECTION('ref_axis',(0.,-0.291759839550881,0.956491607922016));
#13516=DIRECTION('',(0.,-0.291759839550881,0.956491607922016));
#13517=DIRECTION('',(0.,0.291759839550881,-0.956491607922016));
#13518=DIRECTION('',(1.,0.,0.));
#13519=DIRECTION('center_axis',(0.,-0.965424865965333,0.260681468800178));
#13520=DIRECTION('ref_axis',(0.,-0.260681468800178,-0.965424865965333));
#13521=DIRECTION('',(0.,-0.260681468800178,-0.965424865965333));
#13522=DIRECTION('',(0.,0.260681468800178,0.965424865965333));
#13523=DIRECTION('center_axis',(0.,-0.20791169081776,0.978147600733806));
#13524=DIRECTION('ref_axis',(0.,-0.978147600733805,-0.20791169081776));
#13525=DIRECTION('',(0.,-0.978147600733805,-0.20791169081776));
#13526=DIRECTION('',(1.,0.,0.));
#13527=DIRECTION('',(0.,0.978147600733805,0.20791169081776));
#13528=DIRECTION('',(1.,0.,0.));
#13529=DIRECTION('center_axis',(0.,-0.956491607922016,-0.291759839550881));
#13530=DIRECTION('ref_axis',(0.,0.291759839550881,-0.956491607922016));
#13531=DIRECTION('',(0.,0.291759839550881,-0.956491607922016));
#13532=DIRECTION('',(0.,-0.291759839550881,0.956491607922016));
#13533=DIRECTION('',(1.,0.,0.));
#13534=DIRECTION('center_axis',(0.,0.965424865965333,-0.260681468800178));
#13535=DIRECTION('ref_axis',(0.,0.260681468800178,0.965424865965333));
#13536=DIRECTION('',(0.,0.260681468800178,0.965424865965333));
#13537=DIRECTION('',(0.,-0.260681468800178,-0.965424865965333));
#13538=DIRECTION('center_axis',(0.,-1.,0.));
#13539=DIRECTION('ref_axis',(0.,0.,-1.));
#13540=DIRECTION('',(0.,0.,-1.));
#13541=DIRECTION('',(1.,0.,0.));
#13542=DIRECTION('',(0.,0.,1.));
#13543=DIRECTION('',(1.,0.,0.));
#13544=DIRECTION('center_axis',(0.,0.965424865965333,-0.260681468800178));
#13545=DIRECTION('ref_axis',(0.,0.260681468800178,0.965424865965333));
#13546=DIRECTION('',(0.,0.260681468800178,0.965424865965333));
#13547=DIRECTION('',(0.,-0.260681468800178,-0.965424865965333));
#13548=DIRECTION('',(1.,0.,0.));
#13549=DIRECTION('center_axis',(0.,-0.207911690817759,0.978147600733806));
#13550=DIRECTION('ref_axis',(0.,-0.978147600733806,-0.207911690817759));
#13551=DIRECTION('',(0.,-0.978147600733806,-0.207911690817759));
#13552=DIRECTION('',(0.,0.978147600733806,0.207911690817759));
#13553=DIRECTION('center_axis',(0.,0.207911690817759,-0.978147600733806));
#13554=DIRECTION('ref_axis',(0.,0.978147600733806,0.207911690817759));
#13555=DIRECTION('',(0.,0.978147600733806,0.207911690817759));
#13556=DIRECTION('',(1.,0.,0.));
#13557=DIRECTION('',(0.,-0.978147600733806,-0.207911690817759));
#13558=DIRECTION('',(1.,0.,0.));
#13559=DIRECTION('center_axis',(0.,0.956491607922016,0.291759839550881));
#13560=DIRECTION('ref_axis',(0.,-0.291759839550881,0.956491607922016));
#13561=DIRECTION('',(0.,-0.291759839550881,0.956491607922016));
#13562=DIRECTION('',(0.,0.291759839550881,-0.956491607922016));
#13563=DIRECTION('',(1.,0.,0.));
#13564=DIRECTION('center_axis',(0.,-0.965424865965333,0.260681468800178));
#13565=DIRECTION('ref_axis',(0.,-0.260681468800178,-0.965424865965333));
#13566=DIRECTION('',(0.,-0.260681468800178,-0.965424865965333));
#13567=DIRECTION('',(0.,0.260681468800178,0.965424865965333));
#13568=DIRECTION('center_axis',(0.,0.207911690817759,-0.978147600733806));
#13569=DIRECTION('ref_axis',(0.,0.978147600733806,0.207911690817759));
#13570=DIRECTION('',(0.,0.978147600733806,0.207911690817759));
#13571=DIRECTION('',(1.,0.,0.));
#13572=DIRECTION('',(0.,-0.978147600733806,-0.207911690817759));
#13573=DIRECTION('',(1.,0.,0.));
#13574=DIRECTION('center_axis',(0.,0.956491607922016,0.291759839550881));
#13575=DIRECTION('ref_axis',(0.,-0.291759839550881,0.956491607922016));
#13576=DIRECTION('',(0.,-0.291759839550881,0.956491607922016));
#13577=DIRECTION('',(0.,0.291759839550881,-0.956491607922016));
#13578=DIRECTION('',(1.,0.,0.));
#13579=DIRECTION('center_axis',(0.,-0.965424865965333,0.260681468800178));
#13580=DIRECTION('ref_axis',(0.,-0.260681468800178,-0.965424865965333));
#13581=DIRECTION('',(0.,-0.260681468800178,-0.965424865965333));
#13582=DIRECTION('',(0.,0.260681468800178,0.965424865965333));
#13583=DIRECTION('center_axis',(0.,0.207911690817759,-0.978147600733806));
#13584=DIRECTION('ref_axis',(0.,0.978147600733806,0.207911690817759));
#13585=DIRECTION('',(0.,0.978147600733806,0.207911690817759));
#13586=DIRECTION('',(1.,0.,0.));
#13587=DIRECTION('',(0.,-0.978147600733806,-0.207911690817759));
#13588=DIRECTION('',(1.,0.,0.));
#13589=DIRECTION('center_axis',(0.,0.956491607922016,0.291759839550881));
#13590=DIRECTION('ref_axis',(0.,-0.291759839550881,0.956491607922016));
#13591=DIRECTION('',(0.,-0.291759839550881,0.956491607922016));
#13592=DIRECTION('',(0.,0.291759839550881,-0.956491607922016));
#13593=DIRECTION('',(1.,0.,0.));
#13594=DIRECTION('center_axis',(0.,-0.965424865965333,0.260681468800178));
#13595=DIRECTION('ref_axis',(0.,-0.260681468800178,-0.965424865965333));
#13596=DIRECTION('',(0.,-0.260681468800178,-0.965424865965333));
#13597=DIRECTION('',(0.,0.260681468800178,0.965424865965333));
#13598=DIRECTION('center_axis',(0.,-0.207911690817759,0.978147600733806));
#13599=DIRECTION('ref_axis',(0.,-0.978147600733806,-0.207911690817759));
#13600=DIRECTION('',(0.,-0.978147600733806,-0.207911690817759));
#13601=DIRECTION('',(1.,0.,0.));
#13602=DIRECTION('',(0.,0.978147600733806,0.207911690817759));
#13603=DIRECTION('',(1.,0.,0.));
#13604=DIRECTION('center_axis',(0.,-0.956491607922016,-0.291759839550881));
#13605=DIRECTION('ref_axis',(0.,0.291759839550881,-0.956491607922016));
#13606=DIRECTION('',(0.,0.291759839550881,-0.956491607922016));
#13607=DIRECTION('',(0.,-0.291759839550881,0.956491607922016));
#13608=DIRECTION('',(1.,0.,0.));
#13609=DIRECTION('center_axis',(0.,0.965424865965333,-0.260681468800178));
#13610=DIRECTION('ref_axis',(0.,0.260681468800178,0.965424865965333));
#13611=DIRECTION('',(0.,0.260681468800178,0.965424865965333));
#13612=DIRECTION('',(0.,-0.260681468800178,-0.965424865965333));
#13613=DIRECTION('center_axis',(0.,-1.,0.));
#13614=DIRECTION('ref_axis',(0.,0.,-1.));
#13615=DIRECTION('',(0.,0.,-1.));
#13616=DIRECTION('',(1.,0.,0.));
#13617=DIRECTION('',(0.,0.,1.));
#13618=DIRECTION('',(1.,0.,0.));
#13619=DIRECTION('center_axis',(0.,0.965424865965333,-0.260681468800178));
#13620=DIRECTION('ref_axis',(0.,0.260681468800178,0.965424865965333));
#13621=DIRECTION('',(0.,0.260681468800178,0.965424865965333));
#13622=DIRECTION('',(0.,-0.260681468800178,-0.965424865965333));
#13623=DIRECTION('',(1.,0.,0.));
#13624=DIRECTION('center_axis',(0.,-0.20791169081776,0.978147600733806));
#13625=DIRECTION('ref_axis',(0.,-0.978147600733805,-0.20791169081776));
#13626=DIRECTION('',(0.,-0.978147600733805,-0.20791169081776));
#13627=DIRECTION('',(0.,0.978147600733805,0.20791169081776));
#13628=DIRECTION('center_axis',(0.,0.207911690817761,-0.978147600733805));
#13629=DIRECTION('ref_axis',(0.,0.978147600733805,0.207911690817761));
#13630=DIRECTION('',(0.,0.978147600733805,0.207911690817761));
#13631=DIRECTION('',(1.,0.,0.));
#13632=DIRECTION('',(0.,-0.978147600733805,-0.207911690817761));
#13633=DIRECTION('',(1.,0.,0.));
#13634=DIRECTION('center_axis',(0.,0.893445521930398,0.449171570051489));
#13635=DIRECTION('ref_axis',(0.,-0.449171570051489,0.893445521930398));
#13636=DIRECTION('',(0.,-0.449171570051489,0.893445521930398));
#13637=DIRECTION('',(0.,0.449171570051489,-0.893445521930398));
#13638=DIRECTION('',(1.,0.,0.));
#13639=DIRECTION('center_axis',(0.,-0.923879302279503,0.382683988193311));
#13640=DIRECTION('ref_axis',(0.,-0.382683988193311,-0.923879302279503));
#13641=DIRECTION('',(0.,-0.382683988193311,-0.923879302279503));
#13642=DIRECTION('',(0.,0.382683988193311,0.923879302279503));
#13643=DIRECTION('center_axis',(0.,0.207911690817761,-0.978147600733805));
#13644=DIRECTION('ref_axis',(0.,0.978147600733805,0.207911690817761));
#13645=DIRECTION('',(0.,0.978147600733805,0.207911690817761));
#13646=DIRECTION('',(1.,0.,0.));
#13647=DIRECTION('',(0.,-0.978147600733805,-0.207911690817761));
#13648=DIRECTION('',(1.,0.,0.));
#13649=DIRECTION('center_axis',(0.,0.893445521930398,0.449171570051489));
#13650=DIRECTION('ref_axis',(0.,-0.449171570051489,0.893445521930398));
#13651=DIRECTION('',(0.,-0.449171570051489,0.893445521930398));
#13652=DIRECTION('',(0.,0.449171570051489,-0.893445521930398));
#13653=DIRECTION('',(1.,0.,0.));
#13654=DIRECTION('center_axis',(0.,-0.923879302279503,0.382683988193311));
#13655=DIRECTION('ref_axis',(0.,-0.382683988193311,-0.923879302279503));
#13656=DIRECTION('',(0.,-0.382683988193311,-0.923879302279503));
#13657=DIRECTION('',(0.,0.382683988193311,0.923879302279503));
#13658=DIRECTION('center_axis',(0.,-0.207911690817759,0.978147600733806));
#13659=DIRECTION('ref_axis',(0.,-0.978147600733806,-0.207911690817759));
#13660=DIRECTION('',(0.,-0.978147600733806,-0.207911690817759));
#13661=DIRECTION('',(1.,0.,0.));
#13662=DIRECTION('',(0.,0.978147600733806,0.207911690817759));
#13663=DIRECTION('',(1.,0.,0.));
#13664=DIRECTION('center_axis',(0.,-0.893445521930398,-0.449171570051489));
#13665=DIRECTION('ref_axis',(0.,0.449171570051489,-0.893445521930398));
#13666=DIRECTION('',(0.,0.449171570051489,-0.893445521930398));
#13667=DIRECTION('',(0.,-0.449171570051489,0.893445521930398));
#13668=DIRECTION('',(1.,0.,0.));
#13669=DIRECTION('center_axis',(0.,0.923879302279503,-0.382683988193312));
#13670=DIRECTION('ref_axis',(0.,0.382683988193312,0.923879302279503));
#13671=DIRECTION('',(0.,0.382683988193312,0.923879302279503));
#13672=DIRECTION('',(0.,-0.382683988193312,-0.923879302279503));
#13673=DIRECTION('center_axis',(0.,0.,-1.));
#13674=DIRECTION('ref_axis',(0.,1.,0.));
#13675=DIRECTION('',(0.,1.,0.));
#13676=DIRECTION('',(1.,0.,0.));
#13677=DIRECTION('',(0.,-1.,0.));
#13678=DIRECTION('',(1.,0.,0.));
#13679=DIRECTION('center_axis',(0.,1.,0.));
#13680=DIRECTION('ref_axis',(0.,0.,1.));
#13681=DIRECTION('',(0.,0.,1.));
#13682=DIRECTION('',(0.,0.,-1.));
#13683=DIRECTION('',(1.,0.,0.));
#13684=DIRECTION('center_axis',(0.,0.,1.));
#13685=DIRECTION('ref_axis',(0.,-1.,0.));
#13686=DIRECTION('',(0.,-1.,0.));
#13687=DIRECTION('',(0.,1.,0.));
#13688=DIRECTION('',(1.,0.,0.));
#13689=DIRECTION('center_axis',(0.,-1.,0.));
#13690=DIRECTION('ref_axis',(0.,0.,-1.));
#13691=DIRECTION('',(0.,0.,-1.));
#13692=DIRECTION('',(0.,0.,1.));
#13693=DIRECTION('center_axis',(0.,0.,-1.));
#13694=DIRECTION('ref_axis',(0.,1.,0.));
#13695=DIRECTION('',(0.,1.,0.));
#13696=DIRECTION('',(1.,0.,0.));
#13697=DIRECTION('',(0.,-1.,0.));
#13698=DIRECTION('',(1.,0.,0.));
#13699=DIRECTION('center_axis',(0.,1.,0.));
#13700=DIRECTION('ref_axis',(0.,0.,1.));
#13701=DIRECTION('',(0.,0.,1.));
#13702=DIRECTION('',(0.,0.,-1.));
#13703=DIRECTION('',(1.,0.,0.));
#13704=DIRECTION('center_axis',(0.,0.,1.));
#13705=DIRECTION('ref_axis',(0.,-1.,0.));
#13706=DIRECTION('',(0.,-1.,0.));
#13707=DIRECTION('',(0.,1.,0.));
#13708=DIRECTION('',(1.,0.,0.));
#13709=DIRECTION('center_axis',(0.,-1.,0.));
#13710=DIRECTION('ref_axis',(0.,0.,-1.));
#13711=DIRECTION('',(0.,0.,-1.));
#13712=DIRECTION('',(0.,0.,1.));
#13713=DIRECTION('center_axis',(0.,-0.447213595499963,0.894427190999913));
#13714=DIRECTION('ref_axis',(0.,-0.894427190999913,-0.447213595499963));
#13715=DIRECTION('',(0.,0.894427190999913,0.447213595499963));
#13716=DIRECTION('',(-1.,0.,0.));
#13717=DIRECTION('',(0.,-0.894427190999913,-0.447213595499963));
#13718=DIRECTION('',(1.,0.,0.));
#13719=DIRECTION('center_axis',(0.,-0.333926095780327,0.942599258729237));
#13720=DIRECTION('ref_axis',(0.,-0.942599258729237,-0.333926095780327));
#13721=DIRECTION('',(0.,0.942599258729238,0.333926095780327));
#13722=DIRECTION('',(0.,-0.942599258729237,-0.333926095780327));
#13723=DIRECTION('',(1.,0.,0.));
#13724=DIRECTION('center_axis',(0.,0.276257214197074,0.961083738081168));
#13725=DIRECTION('ref_axis',(0.,-0.961083738081168,0.276257214197074));
#13726=DIRECTION('',(0.,0.961083738081168,-0.276257214197074));
#13727=DIRECTION('',(0.,-0.961083738081168,0.276257214197074));
#13728=DIRECTION('',(1.,0.,0.));
#13729=DIRECTION('center_axis',(0.,-0.207911690817759,0.978147600733806));
#13730=DIRECTION('ref_axis',(0.,-0.978147600733806,-0.207911690817759));
#13731=DIRECTION('',(0.,-0.978147600733806,-0.207911690817759));
#13732=DIRECTION('',(1.,0.,0.));
#13733=DIRECTION('',(0.,-0.978147600733806,-0.207911690817759));
#13734=DIRECTION('center_axis',(1.,0.,0.));
#13735=DIRECTION('ref_axis',(0.,0.,-1.));
#13736=DIRECTION('',(0.,0.,-1.));
#13737=DIRECTION('',(0.,-0.739940073395944,-0.672672793996312));
#13738=DIRECTION('',(0.,-1.,0.));
#13739=DIRECTION('',(0.,0.,1.));
#13740=DIRECTION('',(0.,1.,0.));
#13741=DIRECTION('',(0.,-0.978147600733805,-0.207911690817759));
#13742=DIRECTION('',(0.,0.,-1.));
#13743=DIRECTION('',(0.,0.978147600733805,0.207911690817759));
#13744=DIRECTION('',(0.,0.,1.));
#13745=DIRECTION('',(0.,-0.961083738081166,0.276257214197082));
#13746=DIRECTION('',(0.,-0.942599258729236,-0.333926095780332));
#13747=DIRECTION('',(0.,-0.894427190999916,-0.447213595499957));
#13748=DIRECTION('',(0.,-0.978147600733805,-0.207911690817759));
#13749=DIRECTION('',(0.,0.,-1.));
#13750=DIRECTION('',(0.,0.978147600733805,0.207911690817759));
#13751=DIRECTION('',(0.,0.,1.));
#13752=DIRECTION('',(0.,-0.978147600733805,-0.207911690817759));
#13753=DIRECTION('',(0.,-0.961083738081168,0.276257214197077));
#13754=DIRECTION('',(0.,-0.942599258729237,-0.333926095780329));
#13755=DIRECTION('',(0.,-0.894427190999916,-0.447213595499959));
#13756=DIRECTION('',(0.,-0.978147600733805,-0.207911690817759));
#13757=DIRECTION('',(0.,0.,-1.));
#13758=DIRECTION('',(0.,0.978147600733806,0.207911690817759));
#13759=DIRECTION('',(0.,0.,1.));
#13760=DIRECTION('',(0.,-0.978147600733805,-0.207911690817759));
#13761=DIRECTION('',(0.,-0.978147600733805,-0.207911690817759));
#13762=DIRECTION('',(0.,0.,-1.));
#13763=DIRECTION('',(0.,0.978147600733805,0.207911690817759));
#13764=DIRECTION('',(0.,0.,1.));
#13765=DIRECTION('',(0.,-0.978147600733806,-0.207911690817759));
#13766=DIRECTION('',(0.,0.,-1.));
#13767=DIRECTION('',(0.,0.978147600733805,0.207911690817759));
#13768=DIRECTION('',(0.,0.,1.));
#13769=DIRECTION('',(0.,-0.978147600733806,-0.207911690817759));
#13770=DIRECTION('',(0.,0.,-1.));
#13771=DIRECTION('',(0.,0.978147600733806,0.207911690817759));
#13772=DIRECTION('',(0.,0.,1.));
#13773=DIRECTION('center_axis',(0.,-0.207911690817759,0.978147600733806));
#13774=DIRECTION('ref_axis',(0.,-0.978147600733806,-0.207911690817759));
#13775=DIRECTION('',(0.,-0.978147600733806,-0.207911690817759));
#13776=DIRECTION('',(1.,0.,0.));
#13777=DIRECTION('',(1.,0.,0.));
#13778=DIRECTION('center_axis',(0.,1.,0.));
#13779=DIRECTION('ref_axis',(0.,0.,1.));
#13780=DIRECTION('',(0.,0.,1.));
#13781=DIRECTION('',(1.,0.,0.));
#13782=DIRECTION('center_axis',(0.,0.207911690817759,-0.978147600733806));
#13783=DIRECTION('ref_axis',(0.,0.978147600733806,0.207911690817759));
#13784=DIRECTION('',(0.,0.978147600733806,0.207911690817759));
#13785=DIRECTION('',(1.,0.,0.));
#13786=DIRECTION('center_axis',(0.,-1.,0.));
#13787=DIRECTION('ref_axis',(0.,0.,-1.));
#13788=DIRECTION('',(0.,0.,-1.));
#13789=DIRECTION('center_axis',(1.,0.,0.));
#13790=DIRECTION('ref_axis',(0.,0.,-1.));
#13791=DIRECTION('center_axis',(0.,-0.207911690817759,0.978147600733806));
#13792=DIRECTION('ref_axis',(0.,-0.978147600733806,-0.207911690817759));
#13793=DIRECTION('',(0.,-0.978147600733806,-0.207911690817759));
#13794=DIRECTION('',(1.,0.,0.));
#13795=DIRECTION('center_axis',(0.,1.,0.));
#13796=DIRECTION('ref_axis',(0.,0.,1.));
#13797=DIRECTION('',(0.,0.,1.));
#13798=DIRECTION('',(1.,0.,0.));
#13799=DIRECTION('center_axis',(0.,0.207911690817759,-0.978147600733806));
#13800=DIRECTION('ref_axis',(0.,0.978147600733805,0.207911690817759));
#13801=DIRECTION('',(0.,0.978147600733805,0.207911690817759));
#13802=DIRECTION('',(1.,0.,0.));
#13803=DIRECTION('center_axis',(0.,-1.,0.));
#13804=DIRECTION('ref_axis',(0.,0.,-1.));
#13805=DIRECTION('',(0.,0.,-1.));
#13806=DIRECTION('center_axis',(1.,0.,0.));
#13807=DIRECTION('ref_axis',(0.,0.,-1.));
#13808=DIRECTION('center_axis',(0.,-0.447213595499957,0.894427190999916));
#13809=DIRECTION('ref_axis',(0.,-0.894427190999916,-0.447213595499957));
#13810=DIRECTION('',(0.,0.894427190999916,0.447213595499957));
#13811=DIRECTION('',(-1.,0.,0.));
#13812=DIRECTION('',(1.,0.,0.));
#13813=DIRECTION('center_axis',(0.,-0.333926095780332,0.942599258729236));
#13814=DIRECTION('ref_axis',(0.,-0.942599258729236,-0.333926095780332));
#13815=DIRECTION('',(0.,0.942599258729236,0.333926095780332));
#13816=DIRECTION('',(1.,0.,0.));
#13817=DIRECTION('center_axis',(0.,0.276257214197082,0.961083738081166));
#13818=DIRECTION('ref_axis',(0.,-0.961083738081166,0.276257214197082));
#13819=DIRECTION('',(0.,0.961083738081166,-0.276257214197082));
#13820=DIRECTION('',(1.,0.,0.));
#13821=DIRECTION('center_axis',(0.,-0.207911690817759,0.978147600733806));
#13822=DIRECTION('ref_axis',(0.,-0.978147600733805,-0.207911690817759));
#13823=DIRECTION('',(1.,0.,0.));
#13824=DIRECTION('',(0.,-0.978147600733805,-0.207911690817759));
#13825=DIRECTION('center_axis',(0.,-0.207911690817759,0.978147600733806));
#13826=DIRECTION('ref_axis',(0.,-0.978147600733805,-0.207911690817759));
#13827=DIRECTION('',(0.,-0.978147600733805,-0.207911690817759));
#13828=DIRECTION('',(1.,0.,0.));
#13829=DIRECTION('',(1.,0.,0.));
#13830=DIRECTION('center_axis',(0.,1.,0.));
#13831=DIRECTION('ref_axis',(0.,0.,1.));
#13832=DIRECTION('',(0.,0.,1.));
#13833=DIRECTION('',(1.,0.,0.));
#13834=DIRECTION('center_axis',(0.,0.207911690817759,-0.978147600733806));
#13835=DIRECTION('ref_axis',(0.,0.978147600733805,0.207911690817759));
#13836=DIRECTION('',(0.,0.978147600733805,0.207911690817759));
#13837=DIRECTION('',(1.,0.,0.));
#13838=DIRECTION('center_axis',(0.,-1.,0.));
#13839=DIRECTION('ref_axis',(0.,0.,-1.));
#13840=DIRECTION('',(0.,0.,-1.));
#13841=DIRECTION('center_axis',(1.,0.,0.));
#13842=DIRECTION('ref_axis',(0.,0.,-1.));
#13843=DIRECTION('center_axis',(0.,-0.207911690817759,0.978147600733806));
#13844=DIRECTION('ref_axis',(0.,-0.978147600733805,-0.207911690817759));
#13845=DIRECTION('',(0.,-0.978147600733805,-0.207911690817759));
#13846=DIRECTION('',(1.,0.,0.));
#13847=DIRECTION('center_axis',(0.,1.,0.));
#13848=DIRECTION('ref_axis',(0.,0.,1.));
#13849=DIRECTION('',(0.,0.,1.));
#13850=DIRECTION('',(1.,0.,0.));
#13851=DIRECTION('center_axis',(0.,0.207911690817759,-0.978147600733806));
#13852=DIRECTION('ref_axis',(0.,0.978147600733805,0.207911690817759));
#13853=DIRECTION('',(0.,0.978147600733805,0.207911690817759));
#13854=DIRECTION('',(1.,0.,0.));
#13855=DIRECTION('center_axis',(0.,-1.,0.));
#13856=DIRECTION('ref_axis',(0.,0.,-1.));
#13857=DIRECTION('',(0.,0.,-1.));
#13858=DIRECTION('center_axis',(1.,0.,0.));
#13859=DIRECTION('ref_axis',(0.,0.,-1.));
#13860=DIRECTION('center_axis',(0.,-0.447213595499959,0.894427190999916));
#13861=DIRECTION('ref_axis',(0.,-0.894427190999916,-0.447213595499959));
#13862=DIRECTION('',(0.,0.894427190999916,0.447213595499959));
#13863=DIRECTION('',(-1.,0.,0.));
#13864=DIRECTION('',(1.,0.,0.));
#13865=DIRECTION('center_axis',(0.,-0.333926095780329,0.942599258729237));
#13866=DIRECTION('ref_axis',(0.,-0.942599258729237,-0.333926095780329));
#13867=DIRECTION('',(0.,0.942599258729237,0.333926095780329));
#13868=DIRECTION('',(1.,0.,0.));
#13869=DIRECTION('center_axis',(0.,0.276257214197077,0.961083738081167));
#13870=DIRECTION('ref_axis',(0.,-0.961083738081167,0.276257214197077));
#13871=DIRECTION('',(0.,0.961083738081168,-0.276257214197077));
#13872=DIRECTION('',(1.,0.,0.));
#13873=DIRECTION('center_axis',(0.,-0.207911690817759,0.978147600733806));
#13874=DIRECTION('ref_axis',(0.,-0.978147600733805,-0.207911690817759));
#13875=DIRECTION('',(1.,0.,0.));
#13876=DIRECTION('',(0.,-0.978147600733805,-0.207911690817759));
#13877=DIRECTION('center_axis',(0.,-0.207911690817759,0.978147600733806));
#13878=DIRECTION('ref_axis',(0.,-0.978147600733805,-0.207911690817759));
#13879=DIRECTION('',(0.,-0.978147600733805,-0.207911690817759));
#13880=DIRECTION('',(1.,0.,0.));
#13881=DIRECTION('',(1.,0.,0.));
#13882=DIRECTION('center_axis',(0.,1.,0.));
#13883=DIRECTION('ref_axis',(0.,0.,1.));
#13884=DIRECTION('',(0.,0.,1.));
#13885=DIRECTION('',(1.,0.,0.));
#13886=DIRECTION('center_axis',(0.,0.207911690817759,-0.978147600733806));
#13887=DIRECTION('ref_axis',(0.,0.978147600733805,0.207911690817759));
#13888=DIRECTION('',(0.,0.978147600733805,0.207911690817759));
#13889=DIRECTION('',(1.,0.,0.));
#13890=DIRECTION('center_axis',(0.,-1.,0.));
#13891=DIRECTION('ref_axis',(0.,0.,-1.));
#13892=DIRECTION('',(0.,0.,-1.));
#13893=DIRECTION('center_axis',(1.,0.,0.));
#13894=DIRECTION('ref_axis',(0.,0.,-1.));
#13895=DIRECTION('center_axis',(0.,-0.207911690817759,0.978147600733806));
#13896=DIRECTION('ref_axis',(0.,-0.978147600733805,-0.207911690817759));
#13897=DIRECTION('',(0.,-0.978147600733805,-0.207911690817759));
#13898=DIRECTION('',(1.,0.,0.));
#13899=DIRECTION('center_axis',(0.,1.,0.));
#13900=DIRECTION('ref_axis',(0.,0.,1.));
#13901=DIRECTION('',(0.,0.,1.));
#13902=DIRECTION('',(1.,0.,0.));
#13903=DIRECTION('center_axis',(0.,0.207911690817759,-0.978147600733806));
#13904=DIRECTION('ref_axis',(0.,0.978147600733806,0.207911690817759));
#13905=DIRECTION('',(0.,0.978147600733805,0.207911690817759));
#13906=DIRECTION('',(1.,0.,0.));
#13907=DIRECTION('center_axis',(0.,-1.,0.));
#13908=DIRECTION('ref_axis',(0.,0.,-1.));
#13909=DIRECTION('',(0.,0.,-1.));
#13910=DIRECTION('center_axis',(1.,0.,0.));
#13911=DIRECTION('ref_axis',(0.,0.,-1.));
#13912=DIRECTION('center_axis',(0.,-0.672672793996313,0.739940073395944));
#13913=DIRECTION('ref_axis',(0.,-0.739940073395944,-0.672672793996312));
#13914=DIRECTION('',(1.,0.,0.));
#13915=DIRECTION('',(0.,-0.739940073395944,-0.672672793996312));
#13916=DIRECTION('',(1.,0.,0.));
#13917=DIRECTION('center_axis',(0.,0.,1.));
#13918=DIRECTION('ref_axis',(0.,-1.,0.));
#13919=DIRECTION('',(0.,-1.,0.));
#13920=DIRECTION('',(1.,0.,0.));
#13921=DIRECTION('center_axis',(0.,1.,0.));
#13922=DIRECTION('ref_axis',(0.,0.,1.));
#13923=DIRECTION('',(0.,0.,1.));
#13924=DIRECTION('',(1.,0.,0.));
#13925=DIRECTION('center_axis',(0.,0.,-1.));
#13926=DIRECTION('ref_axis',(0.,1.,0.));
#13927=DIRECTION('',(0.,1.,0.));
#13928=DIRECTION('',(1.,0.,0.));
#13929=DIRECTION('center_axis',(0.,-1.,0.));
#13930=DIRECTION('ref_axis',(0.,0.,-1.));
#13931=DIRECTION('',(0.,0.,-1.));
#13932=DIRECTION('center_axis',(1.,0.,0.));
#13933=DIRECTION('ref_axis',(0.,0.,-1.));
#13934=DIRECTION('axis',(0.,0.,1.));
#13935=DIRECTION('refdir',(1.,0.,0.));
#13936=DIRECTION('center_axis',(1.,0.,0.));
#13937=DIRECTION('ref_axis',(0.,1.,0.));
#13938=DIRECTION('',(0.,-1.,0.));
#13939=DIRECTION('',(0.,0.,-1.));
#13940=DIRECTION('',(0.,1.,0.));
#13941=DIRECTION('',(0.,0.,1.));
#13942=DIRECTION('center_axis',(0.,-1.,0.));
#13943=DIRECTION('ref_axis',(1.,0.,0.));
#13944=DIRECTION('',(-1.,0.,0.));
#13945=DIRECTION('',(1.,0.,0.));
#13946=DIRECTION('',(0.,0.,1.));
#13947=DIRECTION('center_axis',(-1.,0.,0.));
#13948=DIRECTION('ref_axis',(0.,-1.,0.));
#13949=DIRECTION('',(0.,1.,0.));
#13950=DIRECTION('',(0.,-1.,0.));
#13951=DIRECTION('',(0.,0.,1.));
#13952=DIRECTION('center_axis',(0.,-1.,0.));
#13953=DIRECTION('ref_axis',(1.,0.,0.));
#13954=DIRECTION('',(-1.,0.,0.));
#13955=DIRECTION('',(0.,0.,1.));
#13956=DIRECTION('',(1.,0.,0.));
#13957=DIRECTION('',(0.,0.,1.));
#13958=DIRECTION('',(1.,0.,0.));
#13959=DIRECTION('center_axis',(0.,-1.,0.));
#13960=DIRECTION('ref_axis',(1.,0.,0.));
#13961=DIRECTION('',(1.,0.,0.));
#13962=DIRECTION('',(0.,0.,-1.));
#13963=DIRECTION('',(-1.,0.,0.));
#13964=DIRECTION('center_axis',(0.,1.,0.));
#13965=DIRECTION('ref_axis',(-1.,0.,0.));
#13966=DIRECTION('',(1.,0.,0.));
#13967=DIRECTION('',(0.,0.,1.));
#13968=DIRECTION('',(-1.,0.,0.));
#13969=DIRECTION('',(0.,0.,1.));
#13970=DIRECTION('center_axis',(1.,0.,0.));
#13971=DIRECTION('ref_axis',(0.,1.,0.));
#13972=DIRECTION('',(0.,-1.,0.));
#13973=DIRECTION('',(0.,1.,0.));
#13974=DIRECTION('',(0.,0.,1.));
#13975=DIRECTION('center_axis',(-1.,0.,0.));
#13976=DIRECTION('ref_axis',(0.,-1.,0.));
#13977=DIRECTION('',(0.,1.,0.));
#13978=DIRECTION('',(0.,0.,-1.));
#13979=DIRECTION('',(0.,-1.,0.));
#13980=DIRECTION('center_axis',(0.,1.,0.));
#13981=DIRECTION('ref_axis',(-1.,0.,0.));
#13982=DIRECTION('',(1.,0.,0.));
#13983=DIRECTION('',(0.,0.,1.));
#13984=DIRECTION('',(-1.,0.,0.));
#13985=DIRECTION('center_axis',(1.,0.,0.));
#13986=DIRECTION('ref_axis',(0.,1.,0.));
#13987=DIRECTION('',(0.,-1.,0.));
#13988=DIRECTION('',(0.,1.,0.));
#13989=DIRECTION('',(0.,0.,1.));
#13990=DIRECTION('center_axis',(0.,-1.,0.));
#13991=DIRECTION('ref_axis',(1.,0.,0.));
#13992=DIRECTION('',(-1.,0.,0.));
#13993=DIRECTION('',(1.,0.,0.));
#13994=DIRECTION('',(0.,0.,1.));
#13995=DIRECTION('center_axis',(-1.,0.,0.));
#13996=DIRECTION('ref_axis',(0.,-1.,0.));
#13997=DIRECTION('',(0.,1.,0.));
#13998=DIRECTION('',(0.,-1.,0.));
#13999=DIRECTION('',(0.,0.,1.));
#14000=DIRECTION('center_axis',(0.,-1.,0.));
#14001=DIRECTION('ref_axis',(1.,0.,0.));
#14002=DIRECTION('',(1.,0.,0.));
#14003=DIRECTION('',(0.,0.,-1.));
#14004=DIRECTION('',(-1.,0.,0.));
#14005=DIRECTION('center_axis',(0.,1.,0.));
#14006=DIRECTION('ref_axis',(-1.,0.,0.));
#14007=DIRECTION('',(1.,0.,0.));
#14008=DIRECTION('',(0.,0.,1.));
#14009=DIRECTION('',(-1.,0.,0.));
#14010=DIRECTION('',(0.,0.,1.));
#14011=DIRECTION('center_axis',(1.,0.,0.));
#14012=DIRECTION('ref_axis',(0.,1.,0.));
#14013=DIRECTION('',(0.,-1.,0.));
#14014=DIRECTION('',(0.,1.,0.));
#14015=DIRECTION('center_axis',(-1.,0.,0.));
#14016=DIRECTION('ref_axis',(0.,-1.,0.));
#14017=DIRECTION('',(0.,1.,0.));
#14018=DIRECTION('',(0.,0.,-1.));
#14019=DIRECTION('',(0.,-1.,0.));
#14020=DIRECTION('center_axis',(0.,1.,0.));
#14021=DIRECTION('ref_axis',(-1.,0.,0.));
#14022=DIRECTION('',(1.,0.,0.));
#14023=DIRECTION('',(0.,0.,1.));
#14024=DIRECTION('',(-1.,0.,0.));
#14025=DIRECTION('center_axis',(1.,0.,0.));
#14026=DIRECTION('ref_axis',(0.,1.,0.));
#14027=DIRECTION('',(0.,-1.,0.));
#14028=DIRECTION('',(0.,1.,0.));
#14029=DIRECTION('',(0.,0.,1.));
#14030=DIRECTION('center_axis',(0.,-1.,0.));
#14031=DIRECTION('ref_axis',(1.,0.,0.));
#14032=DIRECTION('',(-1.,0.,0.));
#14033=DIRECTION('',(1.,0.,0.));
#14034=DIRECTION('',(0.,0.,1.));
#14035=DIRECTION('center_axis',(-1.,0.,0.));
#14036=DIRECTION('ref_axis',(0.,-1.,0.));
#14037=DIRECTION('',(0.,1.,0.));
#14038=DIRECTION('',(0.,-1.,0.));
#14039=DIRECTION('',(0.,0.,1.));
#14040=DIRECTION('center_axis',(0.,-1.,0.));
#14041=DIRECTION('ref_axis',(1.,0.,0.));
#14042=DIRECTION('',(1.,0.,0.));
#14043=DIRECTION('',(0.,0.,-1.));
#14044=DIRECTION('',(-1.,0.,0.));
#14045=DIRECTION('center_axis',(0.,1.,0.));
#14046=DIRECTION('ref_axis',(-1.,0.,0.));
#14047=DIRECTION('',(1.,0.,0.));
#14048=DIRECTION('',(0.,0.,1.));
#14049=DIRECTION('',(-1.,0.,0.));
#14050=DIRECTION('',(0.,0.,1.));
#14051=DIRECTION('center_axis',(1.,0.,0.));
#14052=DIRECTION('ref_axis',(0.,1.,0.));
#14053=DIRECTION('',(0.,-1.,0.));
#14054=DIRECTION('',(0.,1.,0.));
#14055=DIRECTION('center_axis',(-1.,0.,0.));
#14056=DIRECTION('ref_axis',(0.,-1.,0.));
#14057=DIRECTION('',(0.,1.,0.));
#14058=DIRECTION('',(0.,0.,-1.));
#14059=DIRECTION('',(0.,-1.,0.));
#14060=DIRECTION('center_axis',(0.,1.,0.));
#14061=DIRECTION('ref_axis',(-1.,0.,0.));
#14062=DIRECTION('',(1.,0.,0.));
#14063=DIRECTION('',(0.,0.,1.));
#14064=DIRECTION('',(-1.,0.,0.));
#14065=DIRECTION('center_axis',(1.,0.,0.));
#14066=DIRECTION('ref_axis',(0.,1.,0.));
#14067=DIRECTION('',(0.,-1.,0.));
#14068=DIRECTION('',(0.,1.,0.));
#14069=DIRECTION('',(0.,0.,1.));
#14070=DIRECTION('center_axis',(0.,-1.,0.));
#14071=DIRECTION('ref_axis',(1.,0.,0.));
#14072=DIRECTION('',(-1.,0.,0.));
#14073=DIRECTION('',(1.,0.,0.));
#14074=DIRECTION('',(0.,0.,1.));
#14075=DIRECTION('center_axis',(-1.,0.,0.));
#14076=DIRECTION('ref_axis',(0.,-1.,0.));
#14077=DIRECTION('',(0.,1.,0.));
#14078=DIRECTION('',(0.,-1.,0.));
#14079=DIRECTION('',(0.,0.,1.));
#14080=DIRECTION('center_axis',(0.,-1.,0.));
#14081=DIRECTION('ref_axis',(1.,0.,0.));
#14082=DIRECTION('',(1.,0.,0.));
#14083=DIRECTION('',(0.,0.,-1.));
#14084=DIRECTION('',(-1.,0.,0.));
#14085=DIRECTION('center_axis',(0.,1.,0.));
#14086=DIRECTION('ref_axis',(-1.,0.,0.));
#14087=DIRECTION('',(1.,0.,0.));
#14088=DIRECTION('',(0.,0.,1.));
#14089=DIRECTION('',(-1.,0.,0.));
#14090=DIRECTION('',(0.,0.,1.));
#14091=DIRECTION('center_axis',(1.,0.,0.));
#14092=DIRECTION('ref_axis',(0.,1.,0.));
#14093=DIRECTION('',(0.,-1.,0.));
#14094=DIRECTION('',(0.,1.,0.));
#14095=DIRECTION('center_axis',(-1.,0.,0.));
#14096=DIRECTION('ref_axis',(0.,-1.,0.));
#14097=DIRECTION('',(0.,1.,0.));
#14098=DIRECTION('',(0.,0.,-1.));
#14099=DIRECTION('',(0.,-1.,0.));
#14100=DIRECTION('center_axis',(0.,1.,0.));
#14101=DIRECTION('ref_axis',(-1.,0.,0.));
#14102=DIRECTION('',(1.,0.,0.));
#14103=DIRECTION('',(0.,0.,1.));
#14104=DIRECTION('',(-1.,0.,0.));
#14105=DIRECTION('center_axis',(1.,0.,0.));
#14106=DIRECTION('ref_axis',(0.,1.,0.));
#14107=DIRECTION('',(0.,-1.,0.));
#14108=DIRECTION('',(0.,1.,0.));
#14109=DIRECTION('',(0.,0.,1.));
#14110=DIRECTION('center_axis',(0.,-1.,0.));
#14111=DIRECTION('ref_axis',(1.,0.,0.));
#14112=DIRECTION('',(-1.,0.,0.));
#14113=DIRECTION('',(1.,0.,0.));
#14114=DIRECTION('',(0.,0.,1.));
#14115=DIRECTION('center_axis',(-1.,0.,0.));
#14116=DIRECTION('ref_axis',(0.,-1.,0.));
#14117=DIRECTION('',(0.,1.,0.));
#14118=DIRECTION('',(0.,-1.,0.));
#14119=DIRECTION('',(0.,0.,1.));
#14120=DIRECTION('center_axis',(0.,-1.,0.));
#14121=DIRECTION('ref_axis',(1.,0.,0.));
#14122=DIRECTION('',(1.,0.,0.));
#14123=DIRECTION('',(0.,0.,-1.));
#14124=DIRECTION('',(-1.,0.,0.));
#14125=DIRECTION('center_axis',(0.,1.,0.));
#14126=DIRECTION('ref_axis',(-1.,0.,0.));
#14127=DIRECTION('',(1.,0.,0.));
#14128=DIRECTION('',(0.,0.,1.));
#14129=DIRECTION('',(-1.,0.,0.));
#14130=DIRECTION('',(0.,0.,1.));
#14131=DIRECTION('center_axis',(1.,0.,0.));
#14132=DIRECTION('ref_axis',(0.,1.,0.));
#14133=DIRECTION('',(0.,-1.,0.));
#14134=DIRECTION('',(0.,1.,0.));
#14135=DIRECTION('center_axis',(-1.,0.,0.));
#14136=DIRECTION('ref_axis',(0.,-1.,0.));
#14137=DIRECTION('',(0.,1.,0.));
#14138=DIRECTION('',(0.,0.,-1.));
#14139=DIRECTION('',(0.,-1.,0.));
#14140=DIRECTION('center_axis',(0.,1.,0.));
#14141=DIRECTION('ref_axis',(-1.,0.,0.));
#14142=DIRECTION('',(1.,0.,0.));
#14143=DIRECTION('',(0.,0.,1.));
#14144=DIRECTION('',(-1.,0.,0.));
#14145=DIRECTION('center_axis',(1.,0.,0.));
#14146=DIRECTION('ref_axis',(0.,1.,0.));
#14147=DIRECTION('',(0.,-1.,0.));
#14148=DIRECTION('',(0.,1.,0.));
#14149=DIRECTION('',(0.,0.,1.));
#14150=DIRECTION('center_axis',(0.,-1.,0.));
#14151=DIRECTION('ref_axis',(1.,0.,0.));
#14152=DIRECTION('',(-1.,0.,0.));
#14153=DIRECTION('',(1.,0.,0.));
#14154=DIRECTION('',(0.,0.,1.));
#14155=DIRECTION('center_axis',(-1.,0.,0.));
#14156=DIRECTION('ref_axis',(0.,-1.,0.));
#14157=DIRECTION('',(0.,1.,0.));
#14158=DIRECTION('',(0.,-1.,0.));
#14159=DIRECTION('',(0.,0.,1.));
#14160=DIRECTION('center_axis',(0.,-1.,0.));
#14161=DIRECTION('ref_axis',(1.,0.,0.));
#14162=DIRECTION('',(1.,0.,0.));
#14163=DIRECTION('',(0.,0.,-1.));
#14164=DIRECTION('',(-1.,0.,0.));
#14165=DIRECTION('center_axis',(0.,1.,0.));
#14166=DIRECTION('ref_axis',(-1.,0.,0.));
#14167=DIRECTION('',(1.,0.,0.));
#14168=DIRECTION('',(0.,0.,1.));
#14169=DIRECTION('',(-1.,0.,0.));
#14170=DIRECTION('',(0.,0.,1.));
#14171=DIRECTION('center_axis',(1.,0.,0.));
#14172=DIRECTION('ref_axis',(0.,1.,0.));
#14173=DIRECTION('',(0.,-1.,0.));
#14174=DIRECTION('',(0.,1.,0.));
#14175=DIRECTION('center_axis',(-1.,0.,0.));
#14176=DIRECTION('ref_axis',(0.,-1.,0.));
#14177=DIRECTION('',(0.,1.,0.));
#14178=DIRECTION('',(0.,0.,-1.));
#14179=DIRECTION('',(0.,-1.,0.));
#14180=DIRECTION('center_axis',(0.,1.,0.));
#14181=DIRECTION('ref_axis',(-1.,0.,0.));
#14182=DIRECTION('',(1.,0.,0.));
#14183=DIRECTION('',(0.,0.,1.));
#14184=DIRECTION('',(-1.,0.,0.));
#14185=DIRECTION('center_axis',(1.,0.,0.));
#14186=DIRECTION('ref_axis',(0.,1.,0.));
#14187=DIRECTION('',(0.,-1.,0.));
#14188=DIRECTION('',(0.,1.,0.));
#14189=DIRECTION('',(0.,0.,1.));
#14190=DIRECTION('center_axis',(0.,-1.,0.));
#14191=DIRECTION('ref_axis',(1.,0.,0.));
#14192=DIRECTION('',(-1.,0.,0.));
#14193=DIRECTION('',(1.,0.,0.));
#14194=DIRECTION('',(0.,0.,1.));
#14195=DIRECTION('center_axis',(-1.,0.,0.));
#14196=DIRECTION('ref_axis',(0.,-1.,0.));
#14197=DIRECTION('',(0.,1.,0.));
#14198=DIRECTION('',(0.,-1.,0.));
#14199=DIRECTION('',(0.,0.,1.));
#14200=DIRECTION('center_axis',(0.,-1.,0.));
#14201=DIRECTION('ref_axis',(1.,0.,0.));
#14202=DIRECTION('',(1.,0.,0.));
#14203=DIRECTION('',(0.,0.,-1.));
#14204=DIRECTION('',(-1.,0.,0.));
#14205=DIRECTION('center_axis',(0.,1.,0.));
#14206=DIRECTION('ref_axis',(-1.,0.,0.));
#14207=DIRECTION('',(1.,0.,0.));
#14208=DIRECTION('',(0.,0.,1.));
#14209=DIRECTION('',(-1.,0.,0.));
#14210=DIRECTION('',(0.,0.,1.));
#14211=DIRECTION('center_axis',(1.,0.,0.));
#14212=DIRECTION('ref_axis',(0.,1.,0.));
#14213=DIRECTION('',(0.,-1.,0.));
#14214=DIRECTION('',(0.,1.,0.));
#14215=DIRECTION('center_axis',(-1.,0.,0.));
#14216=DIRECTION('ref_axis',(0.,-1.,0.));
#14217=DIRECTION('',(0.,1.,0.));
#14218=DIRECTION('',(0.,0.,-1.));
#14219=DIRECTION('',(0.,-1.,0.));
#14220=DIRECTION('center_axis',(0.,1.,0.));
#14221=DIRECTION('ref_axis',(-1.,0.,0.));
#14222=DIRECTION('',(1.,0.,0.));
#14223=DIRECTION('',(0.,0.,1.));
#14224=DIRECTION('',(-1.,0.,0.));
#14225=DIRECTION('center_axis',(1.,0.,0.));
#14226=DIRECTION('ref_axis',(0.,1.,0.));
#14227=DIRECTION('',(0.,-1.,0.));
#14228=DIRECTION('',(0.,1.,0.));
#14229=DIRECTION('',(0.,0.,1.));
#14230=DIRECTION('center_axis',(0.,-1.,0.));
#14231=DIRECTION('ref_axis',(1.,0.,0.));
#14232=DIRECTION('',(-1.,0.,0.));
#14233=DIRECTION('',(1.,0.,0.));
#14234=DIRECTION('',(0.,0.,1.));
#14235=DIRECTION('center_axis',(-1.,0.,0.));
#14236=DIRECTION('ref_axis',(0.,-1.,0.));
#14237=DIRECTION('',(0.,1.,0.));
#14238=DIRECTION('',(0.,-1.,0.));
#14239=DIRECTION('',(0.,0.,1.));
#14240=DIRECTION('center_axis',(0.,-1.,0.));
#14241=DIRECTION('ref_axis',(1.,0.,0.));
#14242=DIRECTION('',(1.,0.,0.));
#14243=DIRECTION('',(0.,0.,-1.));
#14244=DIRECTION('',(-1.,0.,0.));
#14245=DIRECTION('center_axis',(0.,1.,0.));
#14246=DIRECTION('ref_axis',(-1.,0.,0.));
#14247=DIRECTION('',(1.,0.,0.));
#14248=DIRECTION('',(0.,0.,1.));
#14249=DIRECTION('',(-1.,0.,0.));
#14250=DIRECTION('',(0.,0.,1.));
#14251=DIRECTION('center_axis',(1.,0.,0.));
#14252=DIRECTION('ref_axis',(0.,1.,0.));
#14253=DIRECTION('',(0.,-1.,0.));
#14254=DIRECTION('',(0.,1.,0.));
#14255=DIRECTION('center_axis',(-1.,0.,0.));
#14256=DIRECTION('ref_axis',(0.,-1.,0.));
#14257=DIRECTION('',(0.,1.,0.));
#14258=DIRECTION('',(0.,0.,-1.));
#14259=DIRECTION('',(0.,-1.,0.));
#14260=DIRECTION('center_axis',(0.,1.,0.));
#14261=DIRECTION('ref_axis',(-1.,0.,0.));
#14262=DIRECTION('',(1.,0.,0.));
#14263=DIRECTION('',(0.,0.,1.));
#14264=DIRECTION('',(-1.,0.,0.));
#14265=DIRECTION('center_axis',(1.,0.,0.));
#14266=DIRECTION('ref_axis',(0.,1.,0.));
#14267=DIRECTION('',(0.,-1.,0.));
#14268=DIRECTION('',(0.,1.,0.));
#14269=DIRECTION('',(0.,0.,1.));
#14270=DIRECTION('center_axis',(0.,-1.,0.));
#14271=DIRECTION('ref_axis',(1.,0.,0.));
#14272=DIRECTION('',(-1.,0.,0.));
#14273=DIRECTION('',(1.,0.,0.));
#14274=DIRECTION('',(0.,0.,1.));
#14275=DIRECTION('center_axis',(-1.,0.,0.));
#14276=DIRECTION('ref_axis',(0.,-1.,0.));
#14277=DIRECTION('',(0.,1.,0.));
#14278=DIRECTION('',(0.,-1.,0.));
#14279=DIRECTION('',(0.,0.,1.));
#14280=DIRECTION('center_axis',(0.,-1.,0.));
#14281=DIRECTION('ref_axis',(1.,0.,0.));
#14282=DIRECTION('',(1.,0.,0.));
#14283=DIRECTION('',(0.,0.,-1.));
#14284=DIRECTION('',(-1.,0.,0.));
#14285=DIRECTION('center_axis',(0.,1.,0.));
#14286=DIRECTION('ref_axis',(-1.,0.,0.));
#14287=DIRECTION('',(1.,0.,0.));
#14288=DIRECTION('',(0.,0.,1.));
#14289=DIRECTION('',(-1.,0.,0.));
#14290=DIRECTION('',(0.,0.,1.));
#14291=DIRECTION('center_axis',(1.,0.,0.));
#14292=DIRECTION('ref_axis',(0.,1.,0.));
#14293=DIRECTION('',(0.,-1.,0.));
#14294=DIRECTION('',(0.,1.,0.));
#14295=DIRECTION('center_axis',(-1.,0.,0.));
#14296=DIRECTION('ref_axis',(0.,-1.,0.));
#14297=DIRECTION('',(0.,1.,0.));
#14298=DIRECTION('',(0.,0.,-1.));
#14299=DIRECTION('',(0.,-1.,0.));
#14300=DIRECTION('center_axis',(0.,1.,0.));
#14301=DIRECTION('ref_axis',(-1.,0.,0.));
#14302=DIRECTION('',(1.,0.,0.));
#14303=DIRECTION('',(0.,0.,1.));
#14304=DIRECTION('',(-1.,0.,0.));
#14305=DIRECTION('center_axis',(1.,0.,0.));
#14306=DIRECTION('ref_axis',(0.,1.,0.));
#14307=DIRECTION('',(0.,-1.,0.));
#14308=DIRECTION('',(0.,1.,0.));
#14309=DIRECTION('',(0.,0.,1.));
#14310=DIRECTION('center_axis',(0.,-1.,0.));
#14311=DIRECTION('ref_axis',(1.,0.,0.));
#14312=DIRECTION('',(-1.,0.,0.));
#14313=DIRECTION('',(1.,0.,0.));
#14314=DIRECTION('',(0.,0.,1.));
#14315=DIRECTION('center_axis',(-1.,0.,0.));
#14316=DIRECTION('ref_axis',(0.,-1.,0.));
#14317=DIRECTION('',(0.,1.,0.));
#14318=DIRECTION('',(0.,-1.,0.));
#14319=DIRECTION('',(0.,0.,1.));
#14320=DIRECTION('center_axis',(0.,-1.,0.));
#14321=DIRECTION('ref_axis',(1.,0.,0.));
#14322=DIRECTION('',(1.,0.,0.));
#14323=DIRECTION('',(0.,0.,1.));
#14324=DIRECTION('',(1.,0.,0.));
#14325=DIRECTION('',(0.,0.,-1.));
#14326=DIRECTION('',(-1.,0.,0.));
#14327=DIRECTION('center_axis',(0.,1.,0.));
#14328=DIRECTION('ref_axis',(-1.,0.,0.));
#14329=DIRECTION('',(1.,0.,0.));
#14330=DIRECTION('',(0.,0.,1.));
#14331=DIRECTION('',(-1.,0.,0.));
#14332=DIRECTION('',(0.,0.,1.));
#14333=DIRECTION('center_axis',(1.,0.,0.));
#14334=DIRECTION('ref_axis',(0.,1.,0.));
#14335=DIRECTION('',(0.,-1.,0.));
#14336=DIRECTION('',(0.,1.,0.));
#14337=DIRECTION('center_axis',(-1.,0.,0.));
#14338=DIRECTION('ref_axis',(0.,-1.,0.));
#14339=DIRECTION('',(0.,1.,0.));
#14340=DIRECTION('',(0.,0.,-1.));
#14341=DIRECTION('',(0.,-1.,0.));
#14342=DIRECTION('center_axis',(0.,1.,0.));
#14343=DIRECTION('ref_axis',(-1.,0.,0.));
#14344=DIRECTION('',(1.,0.,0.));
#14345=DIRECTION('',(0.,0.,1.));
#14346=DIRECTION('',(-1.,0.,0.));
#14347=DIRECTION('center_axis',(0.,-0.143789244986598,0.989608333143059));
#14348=DIRECTION('ref_axis',(0.,-0.989608333143059,-0.143789244986598));
#14349=DIRECTION('',(0.,-0.989608333143059,-0.143789244986598));
#14350=DIRECTION('',(1.,0.,0.));
#14351=DIRECTION('',(0.,-0.989608333143059,-0.143789244986598));
#14352=DIRECTION('center_axis',(1.,0.,0.));
#14353=DIRECTION('ref_axis',(0.,0.,-1.));
#14354=DIRECTION('',(0.,1.,0.));
#14355=DIRECTION('',(0.,0.,-1.));
#14356=DIRECTION('',(0.,1.,0.));
#14357=DIRECTION('center_axis',(0.,-1.,0.));
#14358=DIRECTION('ref_axis',(1.,0.,0.));
#14359=DIRECTION('',(1.,0.,0.));
#14360=DIRECTION('',(0.,0.,1.));
#14361=DIRECTION('',(1.,0.,0.));
#14362=DIRECTION('',(0.,0.,1.));
#14363=DIRECTION('',(1.,0.,0.));
#14364=DIRECTION('',(1.,0.,0.));
#14365=DIRECTION('',(0.,0.,1.));
#14366=DIRECTION('',(1.,0.,0.));
#14367=DIRECTION('',(0.,0.,1.));
#14368=DIRECTION('center_axis',(0.,0.,1.));
#14369=DIRECTION('ref_axis',(1.,0.,0.));
#14370=DIRECTION('',(0.,-1.,0.));
#14371=DIRECTION('',(1.,0.,0.));
#14372=DIRECTION('center_axis',(0.,0.,1.));
#14373=DIRECTION('ref_axis',(1.,0.,0.));
#14374=DIRECTION('',(0.,-1.,0.));
#14375=DIRECTION('',(0.,1.,0.));
#14376=DIRECTION('',(-1.,0.,0.));
#14377=DIRECTION('center_axis',(0.,0.,1.));
#14378=DIRECTION('ref_axis',(1.,0.,0.));
#14379=DIRECTION('',(-1.,0.,0.));
#14380=DIRECTION('',(0.,-1.,0.));
#14381=DIRECTION('center_axis',(0.,-0.143789244986598,0.989608333143059));
#14382=DIRECTION('ref_axis',(0.,-0.989608333143059,-0.143789244986598));
#14383=DIRECTION('',(0.,-0.989608333143059,-0.143789244986598));
#14384=DIRECTION('',(0.,-0.989608333143059,-0.143789244986598));
#14385=DIRECTION('center_axis',(1.,0.,0.));
#14386=DIRECTION('ref_axis',(0.,0.,-1.));
#14387=DIRECTION('center_axis',(0.,1.,0.));
#14388=DIRECTION('ref_axis',(-1.,0.,0.));
#14389=DIRECTION('center_axis',(-1.,0.,0.));
#14390=DIRECTION('ref_axis',(0.,-1.,0.));
#14391=DIRECTION('',(0.,-1.,0.));
#14392=DIRECTION('',(0.,0.,1.));
#14393=DIRECTION('',(0.,1.,0.));
#14394=DIRECTION('center_axis',(0.,0.,1.));
#14395=DIRECTION('ref_axis',(1.,0.,0.));
#14396=DIRECTION('',(-1.,0.,0.));
#14397=DIRECTION('',(0.,-1.,0.));
#14398=DIRECTION('center_axis',(1.,0.,0.));
#14399=DIRECTION('ref_axis',(0.,1.,0.));
#14400=DIRECTION('',(0.,1.,0.));
#14401=DIRECTION('',(0.,0.,1.));
#14402=DIRECTION('center_axis',(0.,0.,1.));
#14403=DIRECTION('ref_axis',(1.,0.,0.));
#14404=DIRECTION('',(-1.,0.,0.));
#14405=DIRECTION('center_axis',(0.,1.,0.));
#14406=DIRECTION('ref_axis',(-1.,0.,0.));
#14407=DIRECTION('',(0.,0.,1.));
#14408=DIRECTION('',(-1.,0.,0.));
#14409=DIRECTION('',(0.,0.,1.));
#14410=DIRECTION('center_axis',(0.,0.,1.));
#14411=DIRECTION('ref_axis',(1.,0.,0.));
#14412=DIRECTION('',(0.,1.,0.));
#14413=DIRECTION('',(0.,-1.,0.));
#14414=DIRECTION('center_axis',(1.,0.,0.));
#14415=DIRECTION('ref_axis',(0.,1.,0.));
#14416=DIRECTION('center_axis',(-1.,0.,0.));
#14417=DIRECTION('ref_axis',(0.,-1.,0.));
#14418=DIRECTION('axis',(0.,0.,1.));
#14419=DIRECTION('refdir',(1.,0.,0.));
#14420=DIRECTION('center_axis',(0.,1.,0.));
#14421=DIRECTION('ref_axis',(-1.,0.,0.));
#14422=DIRECTION('',(-1.,0.,0.));
#14423=DIRECTION('',(0.,0.,1.));
#14424=DIRECTION('',(-1.,0.,0.));
#14425=DIRECTION('',(0.,0.,1.));
#14426=DIRECTION('center_axis',(1.,0.,0.));
#14427=DIRECTION('ref_axis',(0.,1.,0.));
#14428=DIRECTION('',(0.,1.,0.));
#14429=DIRECTION('',(0.,1.,0.));
#14430=DIRECTION('',(0.,0.,1.));
#14431=DIRECTION('center_axis',(0.,-1.,0.));
#14432=DIRECTION('ref_axis',(1.,0.,0.));
#14433=DIRECTION('',(1.,0.,0.));
#14434=DIRECTION('',(1.,0.,0.));
#14435=DIRECTION('',(0.,0.,1.));
#14436=DIRECTION('center_axis',(-1.,0.,0.));
#14437=DIRECTION('ref_axis',(0.,-1.,0.));
#14438=DIRECTION('',(0.,-1.,0.));
#14439=DIRECTION('',(0.,-1.,0.));
#14440=DIRECTION('center_axis',(0.,0.,1.));
#14441=DIRECTION('ref_axis',(1.,0.,0.));
#14442=DIRECTION('center_axis',(0.,0.,1.));
#14443=DIRECTION('ref_axis',(1.,0.,0.));
#14444=DIRECTION('axis',(0.,0.,1.));
#14445=DIRECTION('refdir',(1.,0.,0.));
#14446=DIRECTION('center_axis',(0.,1.,0.));
#14447=DIRECTION('ref_axis',(-1.,0.,0.));
#14448=DIRECTION('',(-1.,0.,0.));
#14449=DIRECTION('',(0.,0.,-1.));
#14450=DIRECTION('',(-1.,0.,0.));
#14451=DIRECTION('',(0.,0.,1.));
#14452=DIRECTION('center_axis',(1.,0.,0.));
#14453=DIRECTION('ref_axis',(0.,1.,0.));
#14454=DIRECTION('',(0.,1.,0.));
#14455=DIRECTION('',(0.,1.,0.));
#14456=DIRECTION('',(0.,0.,1.));
#14457=DIRECTION('center_axis',(0.,-1.,0.));
#14458=DIRECTION('ref_axis',(1.,0.,0.));
#14459=DIRECTION('',(1.,0.,0.));
#14460=DIRECTION('',(1.,0.,0.));
#14461=DIRECTION('',(0.,0.,1.));
#14462=DIRECTION('center_axis',(0.,0.,1.));
#14463=DIRECTION('ref_axis',(1.,0.,0.));
#14464=DIRECTION('',(0.,1.,0.));
#14465=DIRECTION('center_axis',(0.,0.,1.));
#14466=DIRECTION('ref_axis',(1.,0.,0.));
#14467=DIRECTION('',(0.,-1.,0.));
#14468=DIRECTION('center_axis',(0.,1.,0.));
#14469=DIRECTION('ref_axis',(-1.,0.,0.));
#14470=DIRECTION('',(-1.,0.,0.));
#14471=DIRECTION('',(0.,0.,1.));
#14472=DIRECTION('',(-1.,0.,0.));
#14473=DIRECTION('',(0.,0.,1.));
#14474=DIRECTION('center_axis',(0.,-1.,0.));
#14475=DIRECTION('ref_axis',(1.,0.,0.));
#14476=DIRECTION('',(1.,0.,0.));
#14477=DIRECTION('',(0.,0.,-1.));
#14478=DIRECTION('',(1.,0.,0.));
#14479=DIRECTION('',(0.,0.,1.));
#14480=DIRECTION('center_axis',(-1.,0.,0.));
#14481=DIRECTION('ref_axis',(0.,-1.,0.));
#14482=DIRECTION('',(0.,-1.,0.));
#14483=DIRECTION('',(0.,-1.,0.));
#14484=DIRECTION('center_axis',(0.,0.,1.));
#14485=DIRECTION('ref_axis',(1.,0.,0.));
#14486=DIRECTION('',(0.,-1.,0.));
#14487=DIRECTION('center_axis',(0.,0.,1.));
#14488=DIRECTION('ref_axis',(1.,0.,0.));
#14489=DIRECTION('',(0.,1.,0.));
#14490=DIRECTION('center_axis',(0.,1.,0.));
#14491=DIRECTION('ref_axis',(-1.,0.,0.));
#14492=DIRECTION('',(-1.,0.,0.));
#14493=DIRECTION('',(0.,0.,1.));
#14494=DIRECTION('',(-1.,0.,0.));
#14495=DIRECTION('',(0.,0.,1.));
#14496=DIRECTION('center_axis',(1.,0.,0.));
#14497=DIRECTION('ref_axis',(0.,1.,0.));
#14498=DIRECTION('',(0.,1.,0.));
#14499=DIRECTION('',(0.,1.,0.));
#14500=DIRECTION('',(0.,0.,1.));
#14501=DIRECTION('center_axis',(0.,-1.,0.));
#14502=DIRECTION('ref_axis',(1.,0.,0.));
#14503=DIRECTION('',(1.,0.,0.));
#14504=DIRECTION('',(1.,0.,0.));
#14505=DIRECTION('',(0.,0.,1.));
#14506=DIRECTION('center_axis',(-1.,0.,0.));
#14507=DIRECTION('ref_axis',(0.,-1.,0.));
#14508=DIRECTION('',(0.,-1.,0.));
#14509=DIRECTION('',(0.,-1.,0.));
#14510=DIRECTION('center_axis',(0.,0.,1.));
#14511=DIRECTION('ref_axis',(1.,0.,0.));
#14512=DIRECTION('center_axis',(0.,0.,1.));
#14513=DIRECTION('ref_axis',(1.,0.,0.));
#14514=DIRECTION('axis',(0.,0.,1.));
#14515=DIRECTION('refdir',(1.,0.,0.));
#14516=DIRECTION('center_axis',(0.,1.,0.));
#14517=DIRECTION('ref_axis',(-1.,0.,0.));
#14518=DIRECTION('',(1.,0.,0.));
#14519=DIRECTION('',(0.,0.,1.));
#14520=DIRECTION('',(-1.,0.,0.));
#14521=DIRECTION('',(0.,0.,1.));
#14522=DIRECTION('center_axis',(1.,0.,0.));
#14523=DIRECTION('ref_axis',(0.,1.,0.));
#14524=DIRECTION('',(0.,-1.,0.));
#14525=DIRECTION('',(0.,1.,0.));
#14526=DIRECTION('',(0.,0.,1.));
#14527=DIRECTION('center_axis',(0.,-1.,0.));
#14528=DIRECTION('ref_axis',(1.,0.,0.));
#14529=DIRECTION('',(-1.,0.,0.));
#14530=DIRECTION('',(1.,0.,0.));
#14531=DIRECTION('',(0.,0.,1.));
#14532=DIRECTION('center_axis',(1.,0.,0.));
#14533=DIRECTION('ref_axis',(0.,1.,0.));
#14534=DIRECTION('',(0.,-1.,0.));
#14535=DIRECTION('',(0.,1.,0.));
#14536=DIRECTION('',(0.,0.,1.));
#14537=DIRECTION('center_axis',(0.,1.,0.));
#14538=DIRECTION('ref_axis',(-1.,0.,0.));
#14539=DIRECTION('',(1.,0.,0.));
#14540=DIRECTION('',(-1.,0.,0.));
#14541=DIRECTION('',(0.,0.,1.));
#14542=DIRECTION('center_axis',(1.,0.,0.));
#14543=DIRECTION('ref_axis',(0.,1.,0.));
#14544=DIRECTION('',(0.,-1.,0.));
#14545=DIRECTION('',(0.,1.,0.));
#14546=DIRECTION('',(0.,0.,1.));
#14547=DIRECTION('center_axis',(0.,-1.,0.));
#14548=DIRECTION('ref_axis',(1.,0.,0.));
#14549=DIRECTION('',(-1.,0.,0.));
#14550=DIRECTION('',(1.,0.,0.));
#14551=DIRECTION('',(0.,0.,1.));
#14552=DIRECTION('center_axis',(1.,0.,0.));
#14553=DIRECTION('ref_axis',(0.,1.,0.));
#14554=DIRECTION('',(0.,-1.,0.));
#14555=DIRECTION('',(0.,1.,0.));
#14556=DIRECTION('',(0.,0.,1.));
#14557=DIRECTION('center_axis',(0.,1.,0.));
#14558=DIRECTION('ref_axis',(-1.,0.,0.));
#14559=DIRECTION('',(1.,0.,0.));
#14560=DIRECTION('',(-1.,0.,0.));
#14561=DIRECTION('',(0.,0.,1.));
#14562=DIRECTION('center_axis',(1.,0.,0.));
#14563=DIRECTION('ref_axis',(0.,1.,0.));
#14564=DIRECTION('',(0.,-1.,0.));
#14565=DIRECTION('',(0.,1.,0.));
#14566=DIRECTION('',(0.,0.,1.));
#14567=DIRECTION('center_axis',(0.,-1.,0.));
#14568=DIRECTION('ref_axis',(1.,0.,0.));
#14569=DIRECTION('',(-1.,0.,0.));
#14570=DIRECTION('',(1.,0.,0.));
#14571=DIRECTION('',(0.,0.,1.));
#14572=DIRECTION('center_axis',(-1.,0.,0.));
#14573=DIRECTION('ref_axis',(0.,-1.,0.));
#14574=DIRECTION('',(0.,1.,0.));
#14575=DIRECTION('',(0.,-1.,0.));
#14576=DIRECTION('center_axis',(0.,0.,1.));
#14577=DIRECTION('ref_axis',(1.,0.,0.));
#14578=DIRECTION('center_axis',(0.,0.,1.));
#14579=DIRECTION('ref_axis',(1.,0.,0.));
#14580=DIRECTION('center_axis',(0.,1.,0.));
#14581=DIRECTION('ref_axis',(-1.,0.,0.));
#14582=DIRECTION('',(1.,0.,0.));
#14583=DIRECTION('',(0.,0.,1.));
#14584=DIRECTION('',(-1.,0.,0.));
#14585=DIRECTION('',(0.,0.,1.));
#14586=DIRECTION('center_axis',(0.968393712323692,0.249426578238843,0.));
#14587=DIRECTION('ref_axis',(-0.249426578238843,0.968393712323692,0.));
#14588=DIRECTION('',(0.249426578238843,-0.968393712323692,0.));
#14589=DIRECTION('',(-0.249426578238843,0.968393712323692,0.));
#14590=DIRECTION('',(0.,0.,1.));
#14591=DIRECTION('center_axis',(-0.968822694987631,0.247755092131128,0.));
#14592=DIRECTION('ref_axis',(-0.247755092131128,-0.968822694987631,0.));
#14593=DIRECTION('',(0.247755092131128,0.968822694987631,0.));
#14594=DIRECTION('',(-0.247755092131128,-0.968822694987631,0.));
#14595=DIRECTION('',(0.,0.,1.));
#14596=DIRECTION('center_axis',(0.,1.,0.));
#14597=DIRECTION('ref_axis',(-1.,0.,0.));
#14598=DIRECTION('',(1.,0.,0.));
#14599=DIRECTION('',(-1.,0.,0.));
#14600=DIRECTION('',(0.,0.,1.));
#14601=DIRECTION('center_axis',(1.,0.,0.));
#14602=DIRECTION('ref_axis',(0.,1.,0.));
#14603=DIRECTION('',(0.,-1.,0.));
#14604=DIRECTION('',(0.,1.,0.));
#14605=DIRECTION('',(0.,0.,1.));
#14606=DIRECTION('center_axis',(0.,-1.,0.));
#14607=DIRECTION('ref_axis',(1.,0.,0.));
#14608=DIRECTION('',(-1.,0.,0.));
#14609=DIRECTION('',(1.,0.,0.));
#14610=DIRECTION('',(0.,0.,1.));
#14611=DIRECTION('center_axis',(-1.,0.,0.));
#14612=DIRECTION('ref_axis',(0.,-1.,0.));
#14613=DIRECTION('',(0.,1.,0.));
#14614=DIRECTION('',(0.,-1.,0.));
#14615=DIRECTION('',(0.,0.,1.));
#14616=DIRECTION('center_axis',(0.96883196687412,-0.247718832475096,0.));
#14617=DIRECTION('ref_axis',(0.247718832475096,0.96883196687412,0.));
#14618=DIRECTION('',(-0.247718832475096,-0.96883196687412,0.));
#14619=DIRECTION('',(0.247718832475096,0.96883196687412,0.));
#14620=DIRECTION('',(0.,0.,1.));
#14621=DIRECTION('center_axis',(0.,-1.,0.));
#14622=DIRECTION('ref_axis',(1.,0.,0.));
#14623=DIRECTION('',(-1.,0.,0.));
#14624=DIRECTION('',(1.,0.,0.));
#14625=DIRECTION('',(0.,0.,1.));
#14626=DIRECTION('center_axis',(-0.968942363971705,-0.247286666241681,0.));
#14627=DIRECTION('ref_axis',(0.247286666241681,-0.968942363971705,0.));
#14628=DIRECTION('',(-0.247286666241681,0.968942363971705,0.));
#14629=DIRECTION('',(0.247286666241681,-0.968942363971705,0.));
#14630=DIRECTION('',(0.,0.,1.));
#14631=DIRECTION('center_axis',(1.,0.,0.));
#14632=DIRECTION('ref_axis',(0.,1.,0.));
#14633=DIRECTION('',(0.,-1.,0.));
#14634=DIRECTION('',(0.,1.,0.));
#14635=DIRECTION('',(0.,0.,1.));
#14636=DIRECTION('center_axis',(0.,-1.,0.));
#14637=DIRECTION('ref_axis',(1.,0.,0.));
#14638=DIRECTION('',(-1.,0.,0.));
#14639=DIRECTION('',(1.,0.,0.));
#14640=DIRECTION('',(0.,0.,1.));
#14641=DIRECTION('center_axis',(-1.,0.,0.));
#14642=DIRECTION('ref_axis',(0.,-1.,0.));
#14643=DIRECTION('',(0.,1.,0.));
#14644=DIRECTION('',(0.,-1.,0.));
#14645=DIRECTION('center_axis',(0.,0.,1.));
#14646=DIRECTION('ref_axis',(1.,0.,0.));
#14647=DIRECTION('center_axis',(0.,0.,1.));
#14648=DIRECTION('ref_axis',(1.,0.,0.));
#14649=DIRECTION('center_axis',(-0.955952900022919,-0.293520106530661,0.));
#14650=DIRECTION('ref_axis',(0.293520106530661,-0.955952900022919,0.));
#14651=DIRECTION('',(-0.293520106530661,0.955952900022919,0.));
#14652=DIRECTION('',(0.,0.,1.));
#14653=DIRECTION('',(0.293520106530661,-0.955952900022919,0.));
#14654=DIRECTION('',(0.,0.,1.));
#14655=DIRECTION('center_axis',(0.956808433510745,-0.290719145504238,0.));
#14656=DIRECTION('ref_axis',(0.290719145504238,0.956808433510745,0.));
#14657=DIRECTION('',(-0.290719145504238,-0.956808433510745,0.));
#14658=DIRECTION('',(0.290719145504238,0.956808433510745,0.));
#14659=DIRECTION('',(0.,0.,1.));
#14660=DIRECTION('center_axis',(0.,1.,0.));
#14661=DIRECTION('ref_axis',(-1.,0.,0.));
#14662=DIRECTION('',(1.,0.,0.));
#14663=DIRECTION('',(-1.,0.,0.));
#14664=DIRECTION('center_axis',(0.,-1.,0.));
#14665=DIRECTION('ref_axis',(1.,0.,0.));
#14666=DIRECTION('',(-1.,0.,0.));
#14667=DIRECTION('',(0.,0.,1.));
#14668=DIRECTION('',(1.,0.,0.));
#14669=DIRECTION('',(0.,0.,1.));
#14670=DIRECTION('center_axis',(0.959068223722984,-0.283175108801674,0.));
#14671=DIRECTION('ref_axis',(0.283175108801674,0.959068223722984,0.));
#14672=DIRECTION('',(-0.283175108801674,-0.959068223722984,0.));
#14673=DIRECTION('',(0.283175108801674,0.959068223722984,0.));
#14674=DIRECTION('',(0.,0.,1.));
#14675=DIRECTION('center_axis',(0.,-1.,0.));
#14676=DIRECTION('ref_axis',(1.,0.,0.));
#14677=DIRECTION('',(-1.,0.,0.));
#14678=DIRECTION('',(1.,0.,0.));
#14679=DIRECTION('',(0.,0.,1.));
#14680=DIRECTION('center_axis',(-0.936066516220775,0.351823076574436,0.));
#14681=DIRECTION('ref_axis',(-0.351823076574436,-0.936066516220775,0.));
#14682=DIRECTION('',(0.351823076574436,0.936066516220775,0.));
#14683=DIRECTION('',(-0.351823076574436,-0.936066516220775,0.));
#14684=DIRECTION('',(0.,0.,1.));
#14685=DIRECTION('center_axis',(0.,1.,0.));
#14686=DIRECTION('ref_axis',(-1.,0.,0.));
#14687=DIRECTION('',(1.,0.,0.));
#14688=DIRECTION('',(-1.,0.,0.));
#14689=DIRECTION('',(0.,0.,1.));
#14690=DIRECTION('center_axis',(0.936092787510569,0.351753170804036,0.));
#14691=DIRECTION('ref_axis',(-0.351753170804036,0.936092787510569,0.));
#14692=DIRECTION('',(0.351753170804036,-0.936092787510569,0.));
#14693=DIRECTION('',(-0.351753170804035,0.936092787510569,0.));
#14694=DIRECTION('',(0.,0.,1.));
#14695=DIRECTION('center_axis',(0.,-1.,0.));
#14696=DIRECTION('ref_axis',(1.,0.,0.));
#14697=DIRECTION('',(-1.,0.,0.));
#14698=DIRECTION('',(1.,0.,0.));
#14699=DIRECTION('',(0.,0.,1.));
#14700=DIRECTION('center_axis',(-0.957013007518548,-0.290045002439801,0.));
#14701=DIRECTION('ref_axis',(0.290045002439801,-0.957013007518548,0.));
#14702=DIRECTION('',(-0.290045002439801,0.957013007518548,0.));
#14703=DIRECTION('',(0.290045002439801,-0.957013007518548,0.));
#14704=DIRECTION('center_axis',(0.,0.,1.));
#14705=DIRECTION('ref_axis',(1.,0.,0.));
#14706=DIRECTION('center_axis',(0.,0.,1.));
#14707=DIRECTION('ref_axis',(1.,0.,0.));
#14708=DIRECTION('center_axis',(-1.,0.,0.));
#14709=DIRECTION('ref_axis',(0.,-1.,0.));
#14710=DIRECTION('',(0.,1.,0.));
#14711=DIRECTION('',(0.,0.,1.));
#14712=DIRECTION('',(0.,-1.,0.));
#14713=DIRECTION('',(0.,0.,1.));
#14714=DIRECTION('center_axis',(0.,1.,0.));
#14715=DIRECTION('ref_axis',(-1.,0.,0.));
#14716=DIRECTION('',(1.,0.,0.));
#14717=DIRECTION('',(-1.,0.,0.));
#14718=DIRECTION('',(0.,0.,1.));
#14719=DIRECTION('center_axis',(1.,0.,0.));
#14720=DIRECTION('ref_axis',(0.,1.,0.));
#14721=DIRECTION('',(0.,-1.,0.));
#14722=DIRECTION('',(0.,1.,0.));
#14723=DIRECTION('',(0.,0.,1.));
#14724=DIRECTION('',(0.,0.,1.));
#14725=DIRECTION('',(0.,0.,1.));
#14726=DIRECTION('',(0.,0.,1.));
#14727=DIRECTION('',(0.,0.,1.));
#14728=DIRECTION('',(0.,0.,1.));
#14729=DIRECTION('',(0.,0.,1.));
#14730=DIRECTION('',(0.,0.,1.));
#14731=DIRECTION('',(0.,0.,1.));
#14732=DIRECTION('',(0.,0.,1.));
#14733=DIRECTION('',(0.,0.,1.));
#14734=DIRECTION('',(0.,0.,1.));
#14735=DIRECTION('center_axis',(0.175712451378383,-0.984441534287638,0.));
#14736=DIRECTION('ref_axis',(0.984441534287638,0.175712451378383,0.));
#14737=DIRECTION('',(-0.984441534287638,-0.175712451378383,0.));
#14738=DIRECTION('',(0.984441534287638,0.175712451378383,0.));
#14739=DIRECTION('',(0.,0.,1.));
#14740=DIRECTION('',(0.,0.,1.));
#14741=DIRECTION('',(0.,0.,1.));
#14742=DIRECTION('',(0.,0.,1.));
#14743=DIRECTION('',(0.,0.,1.));
#14744=DIRECTION('',(0.,0.,1.));
#14745=DIRECTION('',(0.,0.,1.));
#14746=DIRECTION('',(0.,0.,1.));
#14747=DIRECTION('',(0.,0.,1.));
#14748=DIRECTION('center_axis',(-1.,0.,0.));
#14749=DIRECTION('ref_axis',(0.,-1.,0.));
#14750=DIRECTION('',(0.,1.,0.));
#14751=DIRECTION('',(0.,-1.,0.));
#14752=DIRECTION('',(0.,0.,1.));
#14753=DIRECTION('center_axis',(0.,-1.,0.));
#14754=DIRECTION('ref_axis',(1.,0.,0.));
#14755=DIRECTION('',(-1.,0.,0.));
#14756=DIRECTION('',(1.,0.,0.));
#14757=DIRECTION('center_axis',(0.,0.,1.));
#14758=DIRECTION('ref_axis',(1.,0.,0.));
#14759=DIRECTION('center_axis',(0.,0.,1.));
#14760=DIRECTION('ref_axis',(1.,0.,0.));
#14761=DIRECTION('center_axis',(0.,1.,0.));
#14762=DIRECTION('ref_axis',(-1.,0.,0.));
#14763=DIRECTION('',(1.,0.,0.));
#14764=DIRECTION('',(0.,0.,1.));
#14765=DIRECTION('',(-1.,0.,0.));
#14766=DIRECTION('',(0.,0.,1.));
#14767=DIRECTION('center_axis',(0.826700107942949,0.562642809895512,0.));
#14768=DIRECTION('ref_axis',(-0.562642809895512,0.826700107942949,0.));
#14769=DIRECTION('',(0.562642809895512,-0.826700107942949,0.));
#14770=DIRECTION('',(-0.562642809895512,0.826700107942949,0.));
#14771=DIRECTION('',(0.,0.,1.));
#14772=DIRECTION('center_axis',(-1.,0.,0.));
#14773=DIRECTION('ref_axis',(0.,-1.,0.));
#14774=DIRECTION('',(0.,1.,0.));
#14775=DIRECTION('',(0.,-1.,0.));
#14776=DIRECTION('',(0.,0.,1.));
#14777=DIRECTION('center_axis',(0.,1.,0.));
#14778=DIRECTION('ref_axis',(-1.,0.,0.));
#14779=DIRECTION('',(1.,0.,0.));
#14780=DIRECTION('',(-1.,0.,0.));
#14781=DIRECTION('',(0.,0.,1.));
#14782=DIRECTION('center_axis',(1.,0.,0.));
#14783=DIRECTION('ref_axis',(0.,1.,0.));
#14784=DIRECTION('',(0.,-1.,0.));
#14785=DIRECTION('',(0.,1.,0.));
#14786=DIRECTION('',(0.,0.,1.));
#14787=DIRECTION('center_axis',(0.,-1.,0.));
#14788=DIRECTION('ref_axis',(1.,0.,0.));
#14789=DIRECTION('',(-1.,0.,0.));
#14790=DIRECTION('',(1.,0.,0.));
#14791=DIRECTION('',(0.,0.,1.));
#14792=DIRECTION('center_axis',(-0.826141792816005,-0.563462277497577,0.));
#14793=DIRECTION('ref_axis',(0.563462277497577,-0.826141792816005,0.));
#14794=DIRECTION('',(-0.563462277497577,0.826141792816005,0.));
#14795=DIRECTION('',(0.563462277497577,-0.826141792816005,0.));
#14796=DIRECTION('',(0.,0.,1.));
#14797=DIRECTION('center_axis',(1.,0.,0.));
#14798=DIRECTION('ref_axis',(0.,1.,0.));
#14799=DIRECTION('',(0.,-1.,0.));
#14800=DIRECTION('',(0.,1.,0.));
#14801=DIRECTION('',(0.,0.,1.));
#14802=DIRECTION('center_axis',(0.,-1.,0.));
#14803=DIRECTION('ref_axis',(1.,0.,0.));
#14804=DIRECTION('',(-1.,0.,0.));
#14805=DIRECTION('',(1.,0.,0.));
#14806=DIRECTION('',(0.,0.,1.));
#14807=DIRECTION('center_axis',(-1.,0.,0.));
#14808=DIRECTION('ref_axis',(0.,-1.,0.));
#14809=DIRECTION('',(0.,1.,0.));
#14810=DIRECTION('',(0.,-1.,0.));
#14811=DIRECTION('center_axis',(0.,0.,1.));
#14812=DIRECTION('ref_axis',(1.,0.,0.));
#14813=DIRECTION('center_axis',(0.,0.,1.));
#14814=DIRECTION('ref_axis',(1.,0.,0.));
#14815=DIRECTION('center_axis',(-0.955952900022919,-0.293520106530661,0.));
#14816=DIRECTION('ref_axis',(0.293520106530661,-0.955952900022919,0.));
#14817=DIRECTION('',(-0.293520106530661,0.955952900022919,0.));
#14818=DIRECTION('',(0.,0.,1.));
#14819=DIRECTION('',(0.293520106530661,-0.955952900022919,0.));
#14820=DIRECTION('',(0.,0.,1.));
#14821=DIRECTION('center_axis',(0.956808433510745,-0.290719145504238,0.));
#14822=DIRECTION('ref_axis',(0.290719145504238,0.956808433510745,0.));
#14823=DIRECTION('',(-0.290719145504238,-0.956808433510745,0.));
#14824=DIRECTION('',(0.290719145504238,0.956808433510745,0.));
#14825=DIRECTION('',(0.,0.,1.));
#14826=DIRECTION('center_axis',(0.,1.,0.));
#14827=DIRECTION('ref_axis',(-1.,0.,0.));
#14828=DIRECTION('',(1.,0.,0.));
#14829=DIRECTION('',(-1.,0.,0.));
#14830=DIRECTION('center_axis',(0.,-1.,0.));
#14831=DIRECTION('ref_axis',(1.,0.,0.));
#14832=DIRECTION('',(-1.,0.,0.));
#14833=DIRECTION('',(0.,0.,1.));
#14834=DIRECTION('',(1.,0.,0.));
#14835=DIRECTION('',(0.,0.,1.));
#14836=DIRECTION('center_axis',(0.959068223722984,-0.283175108801674,0.));
#14837=DIRECTION('ref_axis',(0.283175108801674,0.959068223722984,0.));
#14838=DIRECTION('',(-0.283175108801674,-0.959068223722984,0.));
#14839=DIRECTION('',(0.283175108801674,0.959068223722984,0.));
#14840=DIRECTION('',(0.,0.,1.));
#14841=DIRECTION('center_axis',(0.,-1.,0.));
#14842=DIRECTION('ref_axis',(1.,0.,0.));
#14843=DIRECTION('',(-1.,0.,0.));
#14844=DIRECTION('',(1.,0.,0.));
#14845=DIRECTION('',(0.,0.,1.));
#14846=DIRECTION('center_axis',(-0.936066516220775,0.351823076574436,0.));
#14847=DIRECTION('ref_axis',(-0.351823076574436,-0.936066516220775,0.));
#14848=DIRECTION('',(0.351823076574436,0.936066516220775,0.));
#14849=DIRECTION('',(-0.351823076574436,-0.936066516220775,0.));
#14850=DIRECTION('',(0.,0.,1.));
#14851=DIRECTION('center_axis',(0.,1.,0.));
#14852=DIRECTION('ref_axis',(-1.,0.,0.));
#14853=DIRECTION('',(1.,0.,0.));
#14854=DIRECTION('',(-1.,0.,0.));
#14855=DIRECTION('',(0.,0.,1.));
#14856=DIRECTION('center_axis',(0.936092787510569,0.351753170804036,0.));
#14857=DIRECTION('ref_axis',(-0.351753170804036,0.936092787510569,0.));
#14858=DIRECTION('',(0.351753170804036,-0.936092787510569,0.));
#14859=DIRECTION('',(-0.351753170804035,0.936092787510569,0.));
#14860=DIRECTION('',(0.,0.,1.));
#14861=DIRECTION('center_axis',(0.,-1.,0.));
#14862=DIRECTION('ref_axis',(1.,0.,0.));
#14863=DIRECTION('',(-1.,0.,0.));
#14864=DIRECTION('',(1.,0.,0.));
#14865=DIRECTION('',(0.,0.,1.));
#14866=DIRECTION('center_axis',(-0.957013007518548,-0.290045002439801,0.));
#14867=DIRECTION('ref_axis',(0.290045002439801,-0.957013007518548,0.));
#14868=DIRECTION('',(-0.290045002439801,0.957013007518548,0.));
#14869=DIRECTION('',(0.290045002439801,-0.957013007518548,0.));
#14870=DIRECTION('center_axis',(0.,0.,1.));
#14871=DIRECTION('ref_axis',(1.,0.,0.));
#14872=DIRECTION('center_axis',(0.,0.,1.));
#14873=DIRECTION('ref_axis',(1.,0.,0.));
#14874=DIRECTION('center_axis',(0.,1.,0.));
#14875=DIRECTION('ref_axis',(-1.,0.,0.));
#14876=DIRECTION('',(1.,0.,0.));
#14877=DIRECTION('',(0.,0.,1.));
#14878=DIRECTION('',(-1.,0.,0.));
#14879=DIRECTION('',(0.,0.,1.));
#14880=DIRECTION('',(0.,0.,1.));
#14881=DIRECTION('',(0.,0.,1.));
#14882=DIRECTION('',(0.,0.,1.));
#14883=DIRECTION('',(0.,0.,1.));
#14884=DIRECTION('',(0.,0.,1.));
#14885=DIRECTION('center_axis',(0.,-1.,0.));
#14886=DIRECTION('ref_axis',(1.,0.,0.));
#14887=DIRECTION('',(-1.,0.,0.));
#14888=DIRECTION('',(1.,0.,0.));
#14889=DIRECTION('',(0.,0.,1.));
#14890=DIRECTION('center_axis',(1.,0.,0.));
#14891=DIRECTION('ref_axis',(0.,1.,0.));
#14892=DIRECTION('',(0.,-1.,0.));
#14893=DIRECTION('',(0.,1.,0.));
#14894=DIRECTION('center_axis',(-1.,0.,0.));
#14895=DIRECTION('ref_axis',(0.,-1.,0.));
#14896=DIRECTION('',(0.,1.,0.));
#14897=DIRECTION('',(0.,0.,1.));
#14898=DIRECTION('',(0.,-1.,0.));
#14899=DIRECTION('',(0.,0.,1.));
#14900=DIRECTION('center_axis',(0.,1.,0.));
#14901=DIRECTION('ref_axis',(-1.,0.,0.));
#14902=DIRECTION('',(1.,0.,0.));
#14903=DIRECTION('',(-1.,0.,0.));
#14904=DIRECTION('',(0.,0.,1.));
#14905=DIRECTION('',(0.,0.,1.));
#14906=DIRECTION('',(0.,0.,1.));
#14907=DIRECTION('',(0.,0.,1.));
#14908=DIRECTION('',(0.,0.,1.));
#14909=DIRECTION('',(0.,0.,1.));
#14910=DIRECTION('',(0.,0.,1.));
#14911=DIRECTION('',(0.,0.,1.));
#14912=DIRECTION('',(0.,0.,1.));
#14913=DIRECTION('',(0.,0.,1.));
#14914=DIRECTION('center_axis',(0.888513982570168,0.458849542636036,0.));
#14915=DIRECTION('ref_axis',(-0.458849542636037,0.888513982570168,0.));
#14916=DIRECTION('',(0.458849542636037,-0.888513982570168,0.));
#14917=DIRECTION('',(-0.458849542636037,0.888513982570168,0.));
#14918=DIRECTION('',(0.,0.,1.));
#14919=DIRECTION('center_axis',(0.,-1.,0.));
#14920=DIRECTION('ref_axis',(1.,0.,0.));
#14921=DIRECTION('',(-1.,0.,0.));
#14922=DIRECTION('',(1.,0.,0.));
#14923=DIRECTION('',(0.,0.,1.));
#14924=DIRECTION('center_axis',(-0.879724127482378,-0.475484447196087,0.));
#14925=DIRECTION('ref_axis',(0.475484447196087,-0.879724127482378,0.));
#14926=DIRECTION('',(-0.475484447196087,0.879724127482378,0.));
#14927=DIRECTION('',(0.475484447196087,-0.879724127482378,0.));
#14928=DIRECTION('',(0.,0.,1.));
#14929=DIRECTION('',(0.,0.,1.));
#14930=DIRECTION('',(0.,0.,1.));
#14931=DIRECTION('center_axis',(0.,-1.,0.));
#14932=DIRECTION('ref_axis',(1.,0.,0.));
#14933=DIRECTION('',(-1.,0.,0.));
#14934=DIRECTION('',(1.,0.,0.));
#14935=DIRECTION('',(0.,0.,1.));
#14936=DIRECTION('center_axis',(1.,0.,0.));
#14937=DIRECTION('ref_axis',(0.,1.,0.));
#14938=DIRECTION('',(0.,-1.,0.));
#14939=DIRECTION('',(0.,1.,0.));
#14940=DIRECTION('',(0.,0.,1.));
#14941=DIRECTION('center_axis',(0.,-1.,0.));
#14942=DIRECTION('ref_axis',(1.,0.,0.));
#14943=DIRECTION('',(-1.,0.,0.));
#14944=DIRECTION('',(1.,0.,0.));
#14945=DIRECTION('center_axis',(0.,0.,1.));
#14946=DIRECTION('ref_axis',(1.,0.,0.));
#14947=DIRECTION('center_axis',(0.,0.,1.));
#14948=DIRECTION('ref_axis',(1.,0.,0.));
#14949=DIRECTION('center_axis',(0.,1.,0.));
#14950=DIRECTION('ref_axis',(-1.,0.,0.));
#14951=DIRECTION('',(1.,0.,0.));
#14952=DIRECTION('',(0.,0.,1.));
#14953=DIRECTION('',(-1.,0.,0.));
#14954=DIRECTION('',(0.,0.,1.));
#14955=DIRECTION('center_axis',(1.,0.,0.));
#14956=DIRECTION('ref_axis',(0.,1.,0.));
#14957=DIRECTION('',(0.,-1.,0.));
#14958=DIRECTION('',(0.,1.,0.));
#14959=DIRECTION('',(0.,0.,1.));
#14960=DIRECTION('center_axis',(0.,-1.,0.));
#14961=DIRECTION('ref_axis',(1.,0.,0.));
#14962=DIRECTION('',(-1.,0.,0.));
#14963=DIRECTION('',(1.,0.,0.));
#14964=DIRECTION('',(0.,0.,1.));
#14965=DIRECTION('center_axis',(1.,0.,0.));
#14966=DIRECTION('ref_axis',(0.,1.,0.));
#14967=DIRECTION('',(0.,-1.,0.));
#14968=DIRECTION('',(0.,1.,0.));
#14969=DIRECTION('',(0.,0.,1.));
#14970=DIRECTION('center_axis',(0.,-1.,0.));
#14971=DIRECTION('ref_axis',(1.,0.,0.));
#14972=DIRECTION('',(-1.,0.,0.));
#14973=DIRECTION('',(1.,0.,0.));
#14974=DIRECTION('',(0.,0.,1.));
#14975=DIRECTION('center_axis',(-1.,0.,0.));
#14976=DIRECTION('ref_axis',(0.,-1.,0.));
#14977=DIRECTION('',(0.,1.,0.));
#14978=DIRECTION('',(0.,-1.,0.));
#14979=DIRECTION('',(0.,0.,1.));
#14980=DIRECTION('center_axis',(0.,-1.,0.));
#14981=DIRECTION('ref_axis',(1.,0.,0.));
#14982=DIRECTION('',(-1.,0.,0.));
#14983=DIRECTION('',(1.,0.,0.));
#14984=DIRECTION('',(0.,0.,1.));
#14985=DIRECTION('center_axis',(-1.,0.,0.));
#14986=DIRECTION('ref_axis',(0.,-1.,0.));
#14987=DIRECTION('',(0.,1.,0.));
#14988=DIRECTION('',(0.,-1.,0.));
#14989=DIRECTION('center_axis',(0.,0.,1.));
#14990=DIRECTION('ref_axis',(1.,0.,0.));
#14991=DIRECTION('center_axis',(0.,0.,1.));
#14992=DIRECTION('ref_axis',(1.,0.,0.));
#14993=DIRECTION('center_axis',(-0.955952900022919,-0.293520106530661,0.));
#14994=DIRECTION('ref_axis',(0.293520106530661,-0.955952900022919,0.));
#14995=DIRECTION('',(-0.293520106530661,0.955952900022919,0.));
#14996=DIRECTION('',(0.,0.,1.));
#14997=DIRECTION('',(0.293520106530661,-0.955952900022919,0.));
#14998=DIRECTION('',(0.,0.,1.));
#14999=DIRECTION('center_axis',(0.956808433510745,-0.290719145504238,0.));
#15000=DIRECTION('ref_axis',(0.290719145504238,0.956808433510745,0.));
#15001=DIRECTION('',(-0.290719145504238,-0.956808433510745,0.));
#15002=DIRECTION('',(0.290719145504238,0.956808433510745,0.));
#15003=DIRECTION('',(0.,0.,1.));
#15004=DIRECTION('center_axis',(0.,1.,0.));
#15005=DIRECTION('ref_axis',(-1.,0.,0.));
#15006=DIRECTION('',(1.,0.,0.));
#15007=DIRECTION('',(-1.,0.,0.));
#15008=DIRECTION('center_axis',(0.,-1.,0.));
#15009=DIRECTION('ref_axis',(1.,0.,0.));
#15010=DIRECTION('',(-1.,0.,0.));
#15011=DIRECTION('',(0.,0.,1.));
#15012=DIRECTION('',(1.,0.,0.));
#15013=DIRECTION('',(0.,0.,1.));
#15014=DIRECTION('center_axis',(0.959068223722984,-0.283175108801674,0.));
#15015=DIRECTION('ref_axis',(0.283175108801674,0.959068223722984,0.));
#15016=DIRECTION('',(-0.283175108801674,-0.959068223722984,0.));
#15017=DIRECTION('',(0.283175108801674,0.959068223722984,0.));
#15018=DIRECTION('',(0.,0.,1.));
#15019=DIRECTION('center_axis',(0.,-1.,0.));
#15020=DIRECTION('ref_axis',(1.,0.,0.));
#15021=DIRECTION('',(-1.,0.,0.));
#15022=DIRECTION('',(1.,0.,0.));
#15023=DIRECTION('',(0.,0.,1.));
#15024=DIRECTION('center_axis',(-0.936066516220775,0.351823076574436,0.));
#15025=DIRECTION('ref_axis',(-0.351823076574436,-0.936066516220775,0.));
#15026=DIRECTION('',(0.351823076574436,0.936066516220775,0.));
#15027=DIRECTION('',(-0.351823076574436,-0.936066516220775,0.));
#15028=DIRECTION('',(0.,0.,1.));
#15029=DIRECTION('center_axis',(0.,1.,0.));
#15030=DIRECTION('ref_axis',(-1.,0.,0.));
#15031=DIRECTION('',(1.,0.,0.));
#15032=DIRECTION('',(-1.,0.,0.));
#15033=DIRECTION('',(0.,0.,1.));
#15034=DIRECTION('center_axis',(0.936092787510569,0.351753170804036,0.));
#15035=DIRECTION('ref_axis',(-0.351753170804036,0.936092787510569,0.));
#15036=DIRECTION('',(0.351753170804036,-0.936092787510569,0.));
#15037=DIRECTION('',(-0.351753170804035,0.936092787510569,0.));
#15038=DIRECTION('',(0.,0.,1.));
#15039=DIRECTION('center_axis',(0.,-1.,0.));
#15040=DIRECTION('ref_axis',(1.,0.,0.));
#15041=DIRECTION('',(-1.,0.,0.));
#15042=DIRECTION('',(1.,0.,0.));
#15043=DIRECTION('',(0.,0.,1.));
#15044=DIRECTION('center_axis',(-0.957013007518548,-0.290045002439801,0.));
#15045=DIRECTION('ref_axis',(0.290045002439801,-0.957013007518548,0.));
#15046=DIRECTION('',(-0.290045002439801,0.957013007518548,0.));
#15047=DIRECTION('',(0.290045002439801,-0.957013007518548,0.));
#15048=DIRECTION('center_axis',(0.,0.,1.));
#15049=DIRECTION('ref_axis',(1.,0.,0.));
#15050=DIRECTION('center_axis',(0.,0.,1.));
#15051=DIRECTION('ref_axis',(1.,0.,0.));
#15052=DIRECTION('center_axis',(0.,1.,0.));
#15053=DIRECTION('ref_axis',(-1.,0.,0.));
#15054=DIRECTION('',(1.,0.,0.));
#15055=DIRECTION('',(0.,0.,1.));
#15056=DIRECTION('',(-1.,0.,0.));
#15057=DIRECTION('',(0.,0.,1.));
#15058=DIRECTION('center_axis',(0.954411553264719,0.29849386424988,0.));
#15059=DIRECTION('ref_axis',(-0.29849386424988,0.954411553264719,0.));
#15060=DIRECTION('',(0.29849386424988,-0.954411553264719,0.));
#15061=DIRECTION('',(-0.29849386424988,0.954411553264719,0.));
#15062=DIRECTION('',(0.,0.,1.));
#15063=DIRECTION('center_axis',(-0.955493705650032,0.295011488696914,0.));
#15064=DIRECTION('ref_axis',(-0.295011488696914,-0.955493705650032,0.));
#15065=DIRECTION('',(0.295011488696914,0.955493705650032,0.));
#15066=DIRECTION('',(-0.295011488696914,-0.955493705650032,0.));
#15067=DIRECTION('',(0.,0.,1.));
#15068=DIRECTION('center_axis',(0.,1.,0.));
#15069=DIRECTION('ref_axis',(-1.,0.,0.));
#15070=DIRECTION('',(1.,0.,0.));
#15071=DIRECTION('',(-1.,0.,0.));
#15072=DIRECTION('',(0.,0.,1.));
#15073=DIRECTION('center_axis',(0.937460876533158,-0.348090656251618,0.));
#15074=DIRECTION('ref_axis',(0.348090656251618,0.937460876533158,0.));
#15075=DIRECTION('',(-0.348090656251618,-0.937460876533158,0.));
#15076=DIRECTION('',(0.348090656251618,0.937460876533158,0.));
#15077=DIRECTION('',(0.,0.,1.));
#15078=DIRECTION('center_axis',(0.,-1.,0.));
#15079=DIRECTION('ref_axis',(1.,0.,0.));
#15080=DIRECTION('',(-1.,0.,0.));
#15081=DIRECTION('',(1.,0.,0.));
#15082=DIRECTION('',(0.,0.,1.));
#15083=DIRECTION('center_axis',(-0.935507109443796,-0.353307866003735,0.));
#15084=DIRECTION('ref_axis',(0.353307866003735,-0.935507109443796,0.));
#15085=DIRECTION('',(-0.353307866003735,0.935507109443796,0.));
#15086=DIRECTION('',(0.353307866003735,-0.935507109443796,0.));
#15087=DIRECTION('center_axis',(0.,0.,1.));
#15088=DIRECTION('ref_axis',(1.,0.,0.));
#15089=DIRECTION('center_axis',(0.,0.,1.));
#15090=DIRECTION('ref_axis',(1.,0.,0.));
#15091=DIRECTION('center_axis',(0.,1.,0.));
#15092=DIRECTION('ref_axis',(-1.,0.,0.));
#15093=DIRECTION('',(1.,0.,0.));
#15094=DIRECTION('',(0.,0.,1.));
#15095=DIRECTION('',(-1.,0.,0.));
#15096=DIRECTION('',(0.,0.,1.));
#15097=DIRECTION('center_axis',(1.,0.,0.));
#15098=DIRECTION('ref_axis',(0.,1.,0.));
#15099=DIRECTION('',(0.,-1.,0.));
#15100=DIRECTION('',(0.,1.,0.));
#15101=DIRECTION('',(0.,0.,1.));
#15102=DIRECTION('center_axis',(0.,-1.,0.));
#15103=DIRECTION('ref_axis',(1.,0.,0.));
#15104=DIRECTION('',(-1.,0.,0.));
#15105=DIRECTION('',(1.,0.,0.));
#15106=DIRECTION('',(0.,0.,1.));
#15107=DIRECTION('center_axis',(-1.,0.,0.));
#15108=DIRECTION('ref_axis',(0.,-1.,0.));
#15109=DIRECTION('',(0.,1.,0.));
#15110=DIRECTION('',(0.,-1.,0.));
#15111=DIRECTION('center_axis',(0.,0.,1.));
#15112=DIRECTION('ref_axis',(1.,0.,0.));
#15113=DIRECTION('center_axis',(0.,0.,1.));
#15114=DIRECTION('ref_axis',(1.,0.,0.));
#15115=DIRECTION('center_axis',(0.,1.,0.));
#15116=DIRECTION('ref_axis',(-1.,0.,0.));
#15117=DIRECTION('',(1.,0.,0.));
#15118=DIRECTION('',(0.,0.,1.));
#15119=DIRECTION('',(-1.,0.,0.));
#15120=DIRECTION('',(0.,0.,1.));
#15121=DIRECTION('center_axis',(1.,0.,0.));
#15122=DIRECTION('ref_axis',(0.,1.,0.));
#15123=DIRECTION('',(0.,-1.,0.));
#15124=DIRECTION('',(0.,1.,0.));
#15125=DIRECTION('',(0.,0.,1.));
#15126=DIRECTION('center_axis',(0.,-1.,0.));
#15127=DIRECTION('ref_axis',(1.,0.,0.));
#15128=DIRECTION('',(-1.,0.,0.));
#15129=DIRECTION('',(1.,0.,0.));
#15130=DIRECTION('',(0.,0.,1.));
#15131=DIRECTION('center_axis',(1.,0.,0.));
#15132=DIRECTION('ref_axis',(0.,1.,0.));
#15133=DIRECTION('',(0.,-1.,0.));
#15134=DIRECTION('',(0.,1.,0.));
#15135=DIRECTION('',(0.,0.,1.));
#15136=DIRECTION('center_axis',(0.,-1.,0.));
#15137=DIRECTION('ref_axis',(1.,0.,0.));
#15138=DIRECTION('',(-1.,0.,0.));
#15139=DIRECTION('',(1.,0.,0.));
#15140=DIRECTION('',(0.,0.,1.));
#15141=DIRECTION('center_axis',(-1.,0.,0.));
#15142=DIRECTION('ref_axis',(0.,-1.,0.));
#15143=DIRECTION('',(0.,1.,0.));
#15144=DIRECTION('',(0.,-1.,0.));
#15145=DIRECTION('',(0.,0.,1.));
#15146=DIRECTION('center_axis',(0.,-1.,0.));
#15147=DIRECTION('ref_axis',(1.,0.,0.));
#15148=DIRECTION('',(-1.,0.,0.));
#15149=DIRECTION('',(1.,0.,0.));
#15150=DIRECTION('',(0.,0.,1.));
#15151=DIRECTION('center_axis',(-1.,0.,0.));
#15152=DIRECTION('ref_axis',(0.,-1.,0.));
#15153=DIRECTION('',(0.,1.,0.));
#15154=DIRECTION('',(0.,-1.,0.));
#15155=DIRECTION('center_axis',(0.,0.,1.));
#15156=DIRECTION('ref_axis',(1.,0.,0.));
#15157=DIRECTION('center_axis',(0.,0.,1.));
#15158=DIRECTION('ref_axis',(1.,0.,0.));
#15159=DIRECTION('center_axis',(-0.06252244835521,0.998043557892976,0.));
#15160=DIRECTION('ref_axis',(-0.998043557892976,-0.06252244835521,0.));
#15161=DIRECTION('',(0.998043557892976,0.06252244835521,0.));
#15162=DIRECTION('',(0.,0.,1.));
#15163=DIRECTION('',(-0.998043557892976,-0.06252244835521,0.));
#15164=DIRECTION('',(0.,0.,1.));
#15165=DIRECTION('',(0.,0.,1.));
#15166=DIRECTION('',(0.,0.,1.));
#15167=DIRECTION('',(0.,0.,1.));
#15168=DIRECTION('',(0.,0.,1.));
#15169=DIRECTION('',(0.,0.,1.));
#15170=DIRECTION('',(0.,0.,1.));
#15171=DIRECTION('',(0.,0.,1.));
#15172=DIRECTION('',(0.,0.,1.));
#15173=DIRECTION('',(0.,0.,1.));
#15174=DIRECTION('',(0.,0.,1.));
#15175=DIRECTION('',(0.,0.,1.));
#15176=DIRECTION('',(0.,0.,1.));
#15177=DIRECTION('',(0.,0.,1.));
#15178=DIRECTION('center_axis',(0.0584478702803374,-0.998290461969708,0.));
#15179=DIRECTION('ref_axis',(0.998290461969708,0.0584478702803374,0.));
#15180=DIRECTION('',(-0.998290461969708,-0.0584478702803374,0.));
#15181=DIRECTION('',(0.998290461969708,0.0584478702803374,0.));
#15182=DIRECTION('',(0.,0.,1.));
#15183=DIRECTION('',(0.,0.,1.));
#15184=DIRECTION('',(0.,0.,1.));
#15185=DIRECTION('',(0.,0.,1.));
#15186=DIRECTION('',(0.,0.,1.));
#15187=DIRECTION('',(0.,0.,1.));
#15188=DIRECTION('',(0.,0.,1.));
#15189=DIRECTION('',(0.,0.,1.));
#15190=DIRECTION('',(0.,0.,1.));
#15191=DIRECTION('',(0.,0.,1.));
#15192=DIRECTION('',(0.,0.,1.));
#15193=DIRECTION('',(0.,0.,1.));
#15194=DIRECTION('',(0.,0.,1.));
#15195=DIRECTION('',(0.,0.,1.));
#15196=DIRECTION('center_axis',(0.,0.,1.));
#15197=DIRECTION('ref_axis',(1.,0.,0.));
#15198=DIRECTION('center_axis',(0.,0.,1.));
#15199=DIRECTION('ref_axis',(1.,0.,0.));
#15200=DIRECTION('center_axis',(-0.06252244835521,0.998043557892976,0.));
#15201=DIRECTION('ref_axis',(-0.998043557892976,-0.06252244835521,0.));
#15202=DIRECTION('',(0.998043557892976,0.06252244835521,0.));
#15203=DIRECTION('',(0.,0.,1.));
#15204=DIRECTION('',(-0.998043557892976,-0.06252244835521,0.));
#15205=DIRECTION('',(0.,0.,1.));
#15206=DIRECTION('',(0.,0.,1.));
#15207=DIRECTION('',(0.,0.,1.));
#15208=DIRECTION('',(0.,0.,1.));
#15209=DIRECTION('',(0.,0.,1.));
#15210=DIRECTION('',(0.,0.,1.));
#15211=DIRECTION('',(0.,0.,1.));
#15212=DIRECTION('',(0.,0.,1.));
#15213=DIRECTION('',(0.,0.,1.));
#15214=DIRECTION('',(0.,0.,1.));
#15215=DIRECTION('',(0.,0.,1.));
#15216=DIRECTION('',(0.,0.,1.));
#15217=DIRECTION('',(0.,0.,1.));
#15218=DIRECTION('',(0.,0.,1.));
#15219=DIRECTION('center_axis',(0.0584478702803374,-0.998290461969708,0.));
#15220=DIRECTION('ref_axis',(0.998290461969708,0.0584478702803374,0.));
#15221=DIRECTION('',(-0.998290461969708,-0.0584478702803374,0.));
#15222=DIRECTION('',(0.998290461969708,0.0584478702803374,0.));
#15223=DIRECTION('',(0.,0.,1.));
#15224=DIRECTION('',(0.,0.,1.));
#15225=DIRECTION('',(0.,0.,1.));
#15226=DIRECTION('',(0.,0.,1.));
#15227=DIRECTION('',(0.,0.,1.));
#15228=DIRECTION('',(0.,0.,1.));
#15229=DIRECTION('',(0.,0.,1.));
#15230=DIRECTION('',(0.,0.,1.));
#15231=DIRECTION('',(0.,0.,1.));
#15232=DIRECTION('',(0.,0.,1.));
#15233=DIRECTION('',(0.,0.,1.));
#15234=DIRECTION('',(0.,0.,1.));
#15235=DIRECTION('',(0.,0.,1.));
#15236=DIRECTION('',(0.,0.,1.));
#15237=DIRECTION('center_axis',(0.,0.,1.));
#15238=DIRECTION('ref_axis',(1.,0.,0.));
#15239=DIRECTION('center_axis',(0.,0.,1.));
#15240=DIRECTION('ref_axis',(1.,0.,0.));
#15241=DIRECTION('center_axis',(0.,1.,0.));
#15242=DIRECTION('ref_axis',(-1.,0.,0.));
#15243=DIRECTION('',(-1.,0.,0.));
#15244=DIRECTION('',(0.,0.,1.));
#15245=DIRECTION('',(-1.,0.,0.));
#15246=DIRECTION('',(0.,0.,1.));
#15247=DIRECTION('center_axis',(1.,0.,0.));
#15248=DIRECTION('ref_axis',(0.,1.,0.));
#15249=DIRECTION('',(0.,1.,0.));
#15250=DIRECTION('',(0.,1.,0.));
#15251=DIRECTION('',(0.,0.,1.));
#15252=DIRECTION('center_axis',(0.,-1.,0.));
#15253=DIRECTION('ref_axis',(1.,0.,0.));
#15254=DIRECTION('',(1.,0.,0.));
#15255=DIRECTION('',(1.,0.,0.));
#15256=DIRECTION('',(0.,0.,1.));
#15257=DIRECTION('center_axis',(-1.,0.,0.));
#15258=DIRECTION('ref_axis',(0.,-1.,0.));
#15259=DIRECTION('',(0.,-1.,0.));
#15260=DIRECTION('',(0.,-1.,0.));
#15261=DIRECTION('center_axis',(0.,0.,1.));
#15262=DIRECTION('ref_axis',(1.,0.,0.));
#15263=DIRECTION('center_axis',(0.,0.,1.));
#15264=DIRECTION('ref_axis',(1.,0.,0.));
#15265=DIRECTION('',(0.,0.,1.));
#15266=DIRECTION('',(1.,0.,0.));
#15267=DIRECTION('',(0.,0.,1.));
#15268=DIRECTION('',(1.,0.,0.));
#15269=DIRECTION('',(0.,-0.207911690817759,0.978147600733806));
#15270=DIRECTION('',(1.,0.,0.));
#15271=DIRECTION('',(0.,-0.207911690817759,0.978147600733806));
#15272=DIRECTION('',(1.,0.,0.));
#15273=DIRECTION('',(0.,0.,1.));
#15274=DIRECTION('',(1.,0.,0.));
#15275=DIRECTION('',(0.,-0.207911690817759,0.978147600733806));
#15276=DIRECTION('',(1.,0.,0.));
#15277=DIRECTION('',(0.,-0.207911690817759,0.978147600733806));
#15278=DIRECTION('',(1.,0.,0.));
#15279=DIRECTION('',(0.,-0.207911690817759,0.978147600733806));
#15280=DIRECTION('',(1.,0.,0.));
#15281=DIRECTION('',(0.,-0.207911690817759,0.978147600733806));
#15282=DIRECTION('',(1.,0.,0.));
#15283=DIRECTION('',(0.,-0.207911690817759,0.978147600733806));
#15284=DIRECTION('',(1.,0.,0.));
#15285=DIRECTION('',(0.,-0.207911690817759,0.978147600733806));
#15286=DIRECTION('',(1.,0.,0.));
#15287=DIRECTION('',(0.,-0.207911690817759,0.978147600733806));
#15288=DIRECTION('',(1.,0.,0.));
#15289=DIRECTION('',(0.,0.,1.));
#15290=DIRECTION('',(1.,0.,0.));
#15291=DIRECTION('',(0.,-0.978147600733806,-0.207911690817759));
#15292=DIRECTION('',(1.,0.,0.));
#15293=CARTESIAN_POINT('',(0.,0.,0.));
#15294=CARTESIAN_POINT('',(0.,0.,0.));
#15295=CARTESIAN_POINT('Origin',(1.,82.5,195.04227047695));
#15296=CARTESIAN_POINT('',(8.,94.519956474767,224.060963037789));
#15297=CARTESIAN_POINT('',(8.,82.5,195.04227047695));
#15298=CARTESIAN_POINT('',(8.,69.234259455576,163.015994237212));
#15299=CARTESIAN_POINT('',(3.,94.519956474767,224.060963037789));
#15300=CARTESIAN_POINT('',(1.,94.519956474767,224.060963037789));
#15301=CARTESIAN_POINT('',(3.,82.5,195.04227047695));
#15302=CARTESIAN_POINT('',(3.,69.234259455576,163.015994237212));
#15303=CARTESIAN_POINT('',(1.,82.5,195.04227047695));
#15304=CARTESIAN_POINT('Origin',(1.,70.480043525233,218.95112179839));
#15305=CARTESIAN_POINT('',(8.,70.480043525233,218.95112179839));
#15306=CARTESIAN_POINT('',(8.,91.5476408461334,177.045641266678));
#15307=CARTESIAN_POINT('',(3.,70.480043525233,218.95112179839));
#15308=CARTESIAN_POINT('',(3.,91.5476408461334,177.045641266678));
#15309=CARTESIAN_POINT('',(1.,70.480043525233,218.95112179839));
#15310=CARTESIAN_POINT('Origin',(1.,94.519956474767,224.060963037789));
#15311=CARTESIAN_POINT('',(8.,78.1884215011226,220.589588116998));
#15312=CARTESIAN_POINT('',(3.,78.1884215011226,220.589588116998));
#15313=CARTESIAN_POINT('Origin',(1.,97.625,222.442217727062));
#15314=CARTESIAN_POINT('',(8.,85.605043525233,193.423525166222));
#15315=CARTESIAN_POINT('',(8.,97.625,222.442217727062));
#15316=CARTESIAN_POINT('',(8.,78.4080758004389,176.048537643222));
#15317=CARTESIAN_POINT('',(3.,85.605043525233,193.423525166222));
#15318=CARTESIAN_POINT('',(1.,85.605043525233,193.423525166222));
#15319=CARTESIAN_POINT('',(3.,97.625,222.442217727062));
#15320=CARTESIAN_POINT('',(3.,78.4080758004389,176.048537643222));
#15321=CARTESIAN_POINT('',(1.,97.625,222.442217727062));
#15322=CARTESIAN_POINT('Origin',(1.,109.644956474767,198.533366405622));
#15323=CARTESIAN_POINT('',(8.,109.644956474767,198.533366405622));
#15324=CARTESIAN_POINT('',(8.,122.664765289006,172.635712464304));
#15325=CARTESIAN_POINT('',(3.,109.644956474767,198.533366405622));
#15326=CARTESIAN_POINT('',(3.,122.664765289006,172.635712464304));
#15327=CARTESIAN_POINT('',(1.,109.644956474767,198.533366405622));
#15328=CARTESIAN_POINT('Origin',(1.,85.605043525233,193.423525166222));
#15329=CARTESIAN_POINT('',(8.,76.6536235046347,191.52084210458));
#15330=CARTESIAN_POINT('',(3.,76.6536235046347,191.52084210458));
#15331=CARTESIAN_POINT('Origin',(1.,130.977238244561,173.174124339847));
#15332=CARTESIAN_POINT('',(8.,141.448880877719,138.844388228144));
#15333=CARTESIAN_POINT('',(8.,130.977238244561,173.174124339847));
#15334=CARTESIAN_POINT('',(8.,136.333495567756,155.614424597095));
#15335=CARTESIAN_POINT('',(3.,141.448880877719,138.844388228144));
#15336=CARTESIAN_POINT('',(1.,141.448880877719,138.844388228144));
#15337=CARTESIAN_POINT('',(3.,130.977238244561,173.174124339847));
#15338=CARTESIAN_POINT('',(3.,136.333495567756,155.614424597095));
#15339=CARTESIAN_POINT('',(1.,130.977238244561,173.174124339847));
#15340=CARTESIAN_POINT('Origin',(1.,141.448880877719,175.399940692988));
#15341=CARTESIAN_POINT('',(8.,141.448880877719,175.399940692988));
#15342=CARTESIAN_POINT('',(8.,107.615243592535,168.208379082859));
#15343=CARTESIAN_POINT('',(3.,141.448880877719,175.399940692988));
#15344=CARTESIAN_POINT('',(3.,107.615243592535,168.208379082859));
#15345=CARTESIAN_POINT('',(1.,141.448880877719,175.399940692988));
#15346=CARTESIAN_POINT('Origin',(1.,141.448880877719,138.844388228144));
#15347=CARTESIAN_POINT('',(8.,141.448880877719,129.422194114072));
#15348=CARTESIAN_POINT('',(3.,141.448880877719,129.422194114072));
#15349=CARTESIAN_POINT('Origin',(1.,112.75,128.089707330453));
#15350=CARTESIAN_POINT('',(8.,125.221642633158,174.278007453597));
#15351=CARTESIAN_POINT('',(8.,112.75,128.089707330453));
#15352=CARTESIAN_POINT('',(8.,110.704221486627,120.513236873393));
#15353=CARTESIAN_POINT('',(3.,125.221642633158,174.278007453597));
#15354=CARTESIAN_POINT('',(1.,125.221642633158,174.278007453597));
#15355=CARTESIAN_POINT('',(3.,112.75,128.089707330453));
#15356=CARTESIAN_POINT('',(3.,110.704221486627,120.513236873393));
#15357=CARTESIAN_POINT('',(1.,112.75,128.089707330453));
#15358=CARTESIAN_POINT('Origin',(1.,100.278357366842,168.976148500634));
#15359=CARTESIAN_POINT('',(8.,100.278357366842,168.976148500634));
#15360=CARTESIAN_POINT('',(8.,106.355461626215,149.053258381466));
#15361=CARTESIAN_POINT('',(3.,100.278357366842,168.976148500634));
#15362=CARTESIAN_POINT('',(3.,106.355461626215,149.053258381466));
#15363=CARTESIAN_POINT('',(1.,100.278357366842,168.976148500634));
#15364=CARTESIAN_POINT('Origin',(1.,125.221642633158,174.278007453597));
#15365=CARTESIAN_POINT('',(8.,99.2649776961009,168.760748002155));
#15366=CARTESIAN_POINT('',(3.,99.2649776961009,168.760748002155));
#15367=CARTESIAN_POINT('Origin',(1.,52.25,115.230035349417));
#15368=CARTESIAN_POINT('',(8.,64.7216426331584,161.41833547256));
#15369=CARTESIAN_POINT('',(8.,52.25,115.230035349417));
#15370=CARTESIAN_POINT('',(8.,53.8780413953955,121.259430738241));
#15371=CARTESIAN_POINT('',(3.,64.7216426331584,161.41833547256));
#15372=CARTESIAN_POINT('',(1.,64.7216426331584,161.41833547256));
#15373=CARTESIAN_POINT('',(3.,52.25,115.230035349417));
#15374=CARTESIAN_POINT('',(3.,53.8780413953955,121.259430738241));
#15375=CARTESIAN_POINT('',(1.,52.25,115.230035349417));
#15376=CARTESIAN_POINT('Origin',(1.,39.7783573668416,156.116476519597));
#15377=CARTESIAN_POINT('',(8.,39.7783573668416,156.116476519597));
#15378=CARTESIAN_POINT('',(8.,46.6361091271754,133.634348691214));
#15379=CARTESIAN_POINT('',(3.,39.7783573668416,156.116476519597));
#15380=CARTESIAN_POINT('',(3.,46.6361091271754,133.634348691214));
#15381=CARTESIAN_POINT('',(1.,39.7783573668416,156.116476519597));
#15382=CARTESIAN_POINT('Origin',(1.,64.7216426331584,161.41833547256));
#15383=CARTESIAN_POINT('',(8.,69.0149776961009,162.330912011637));
#15384=CARTESIAN_POINT('',(3.,69.0149776961009,162.330912011637));
#15385=CARTESIAN_POINT('Origin',(1.,37.125,77.4649448830405));
#15386=CARTESIAN_POINT('',(8.,24.6533573668416,31.2766447598971));
#15387=CARTESIAN_POINT('',(8.,37.125,77.4649448830405));
#15388=CARTESIAN_POINT('',(8.,44.0190892029642,102.996967452035));
#15389=CARTESIAN_POINT('',(3.,24.6533573668416,31.2766447598971));
#15390=CARTESIAN_POINT('',(1.,24.6533573668416,31.2766447598971));
#15391=CARTESIAN_POINT('',(3.,37.125,77.4649448830405));
#15392=CARTESIAN_POINT('',(3.,44.0190892029642,102.996967452035));
#15393=CARTESIAN_POINT('',(1.,37.125,77.4649448830405));
#15394=CARTESIAN_POINT('Origin',(1.,49.5966426331584,36.5785037128599));
#15395=CARTESIAN_POINT('',(8.,49.5966426331584,36.5785037128599));
#15396=CARTESIAN_POINT('',(8.,39.3570272177045,70.1475728085485));
#15397=CARTESIAN_POINT('',(3.,49.5966426331584,36.5785037128599));
#15398=CARTESIAN_POINT('',(3.,39.3570272177045,70.1475728085485));
#15399=CARTESIAN_POINT('',(1.,49.5966426331584,36.5785037128599));
#15400=CARTESIAN_POINT('Origin',(1.,24.6533573668416,31.2766447598971));
#15401=CARTESIAN_POINT('',(8.,61.3481623476757,39.0763663377751));
#15402=CARTESIAN_POINT('',(3.,61.3481623476757,39.0763663377751));
#15403=CARTESIAN_POINT('Origin',(1.,67.375,158.894780873559));
#15404=CARTESIAN_POINT('',(8.,54.9033573668416,112.706480750415));
#15405=CARTESIAN_POINT('',(8.,67.375,158.894780873559));
#15406=CARTESIAN_POINT('',(8.,62.9946152957279,142.672176576204));
#15407=CARTESIAN_POINT('',(3.,54.9033573668416,112.706480750415));
#15408=CARTESIAN_POINT('',(1.,54.9033573668416,112.706480750415));
#15409=CARTESIAN_POINT('',(3.,67.375,158.894780873559));
#15410=CARTESIAN_POINT('',(3.,62.9946152957279,142.672176576204));
#15411=CARTESIAN_POINT('',(1.,67.375,158.894780873559));
#15412=CARTESIAN_POINT('Origin',(1.,79.8466426331584,118.008339703378));
#15413=CARTESIAN_POINT('',(8.,79.8466426331584,118.008339703378));
#15414=CARTESIAN_POINT('',(8.,79.6816723944405,118.549170302728));
#15415=CARTESIAN_POINT('',(3.,79.8466426331584,118.008339703378));
#15416=CARTESIAN_POINT('',(3.,79.6816723944405,118.549170302728));
#15417=CARTESIAN_POINT('',(1.,79.8466426331584,118.008339703378));
#15418=CARTESIAN_POINT('Origin',(1.,54.9033573668416,112.706480750415));
#15419=CARTESIAN_POINT('',(8.,68.8468502900044,115.670261663833));
#15420=CARTESIAN_POINT('',(3.,68.8468502900044,115.670261663833));
#15421=CARTESIAN_POINT('Origin',(1.,130.977238244561,98.1741243398467));
#15422=CARTESIAN_POINT('',(8.,141.448880877719,63.8443882281443));
#15423=CARTESIAN_POINT('',(8.,130.977238244561,98.1741243398467));
#15424=CARTESIAN_POINT('',(8.,125.86852664054,114.922281948042));
#15425=CARTESIAN_POINT('',(3.,141.448880877719,63.8443882281443));
#15426=CARTESIAN_POINT('',(1.,141.448880877719,63.8443882281443));
#15427=CARTESIAN_POINT('',(3.,130.977238244561,98.1741243398467));
#15428=CARTESIAN_POINT('',(3.,125.86852664054,114.922281948042));
#15429=CARTESIAN_POINT('',(1.,130.977238244561,98.1741243398467));
#15430=CARTESIAN_POINT('Origin',(1.,141.448880877719,100.399940692988));
#15431=CARTESIAN_POINT('',(8.,141.448880877719,100.399940692988));
#15432=CARTESIAN_POINT('',(8.,115.241555650206,94.8294017520598));
#15433=CARTESIAN_POINT('',(3.,141.448880877719,100.399940692988));
#15434=CARTESIAN_POINT('',(3.,115.241555650206,94.8294017520598));
#15435=CARTESIAN_POINT('',(1.,141.448880877719,100.399940692988));
#15436=CARTESIAN_POINT('Origin',(1.,141.448880877719,63.8443882281443));
#15437=CARTESIAN_POINT('',(8.,141.448880877719,91.9221941140721));
#15438=CARTESIAN_POINT('',(3.,141.448880877719,91.9221941140721));
#15439=CARTESIAN_POINT('Origin',(1.,112.75,53.0897073304532));
#15440=CARTESIAN_POINT('',(8.,125.221642633158,99.2780074535966));
#15441=CARTESIAN_POINT('',(8.,112.75,53.0897073304532));
#15442=CARTESIAN_POINT('',(8.,120.141785439479,80.4649308167998));
#15443=CARTESIAN_POINT('',(3.,125.221642633158,99.2780074535966));
#15444=CARTESIAN_POINT('',(1.,125.221642633158,99.2780074535966));
#15445=CARTESIAN_POINT('',(3.,112.75,53.0897073304532));
#15446=CARTESIAN_POINT('',(3.,120.141785439479,80.4649308167998));
#15447=CARTESIAN_POINT('',(1.,112.75,53.0897073304532));
#15448=CARTESIAN_POINT('Origin',(1.,100.278357366842,93.9761485006338));
#15449=CARTESIAN_POINT('',(8.,100.278357366842,93.9761485006338));
#15450=CARTESIAN_POINT('',(8.,95.8904926989995,108.361115732413));
#15451=CARTESIAN_POINT('',(3.,100.278357366842,93.9761485006338));
#15452=CARTESIAN_POINT('',(3.,95.8904926989995,108.361115732413));
#15453=CARTESIAN_POINT('',(1.,100.278357366842,93.9761485006338));
#15454=CARTESIAN_POINT('Origin',(1.,125.221642633158,99.2780074535966));
#15455=CARTESIAN_POINT('',(8.,106.891289753772,95.3817706713561));
#15456=CARTESIAN_POINT('',(3.,106.891289753772,95.3817706713561));
#15457=CARTESIAN_POINT('Origin',(1.,52.25,40.2300353494169));
#15458=CARTESIAN_POINT('',(8.,64.7216426331584,86.4183354725603));
#15459=CARTESIAN_POINT('',(8.,52.25,40.2300353494169));
#15460=CARTESIAN_POINT('',(8.,63.3156053482477,81.2111246816481));
#15461=CARTESIAN_POINT('',(3.,64.7216426331584,86.4183354725603));
#15462=CARTESIAN_POINT('',(1.,64.7216426331584,86.4183354725603));
#15463=CARTESIAN_POINT('',(3.,52.25,40.2300353494169));
#15464=CARTESIAN_POINT('',(3.,63.3156053482477,81.2111246816481));
#15465=CARTESIAN_POINT('',(1.,52.25,40.2300353494169));
#15466=CARTESIAN_POINT('Origin',(1.,39.7783573668416,81.1164765195975));
#15467=CARTESIAN_POINT('',(8.,39.7783573668416,81.1164765195975));
#15468=CARTESIAN_POINT('',(8.,36.1711401999594,92.9422060421602));
#15469=CARTESIAN_POINT('',(3.,39.7783573668416,81.1164765195975));
#15470=CARTESIAN_POINT('',(3.,36.1711401999594,92.9422060421602));
#15471=CARTESIAN_POINT('',(1.,39.7783573668416,81.1164765195975));
#15472=CARTESIAN_POINT('Origin',(1.,64.7216426331584,86.4183354725603));
#15473=CARTESIAN_POINT('',(8.,76.6412897537722,88.9519346808379));
#15474=CARTESIAN_POINT('',(3.,76.6412897537722,88.9519346808379));
#15475=CARTESIAN_POINT('Origin',(1.,97.625,90.3246168640768));
#15476=CARTESIAN_POINT('',(8.,85.1533573668416,44.1363167409334));
#15477=CARTESIAN_POINT('',(8.,97.625,90.3246168640768));
#15478=CARTESIAN_POINT('',(8.,100.845269294196,102.250773587187));
#15479=CARTESIAN_POINT('',(3.,85.1533573668416,44.1363167409334));
#15480=CARTESIAN_POINT('',(1.,85.1533573668416,44.1363167409334));
#15481=CARTESIAN_POINT('',(3.,97.625,90.3246168640768));
#15482=CARTESIAN_POINT('',(3.,100.845269294196,102.250773587187));
#15483=CARTESIAN_POINT('',(1.,97.625,90.3246168640768));
#15484=CARTESIAN_POINT('Origin',(1.,110.096642633158,49.4381756938962));
#15485=CARTESIAN_POINT('',(8.,110.096642633158,49.4381756938962));
#15486=CARTESIAN_POINT('',(8.,99.0763797167446,85.566482498801));
#15487=CARTESIAN_POINT('',(3.,110.096642633158,49.4381756938962));
#15488=CARTESIAN_POINT('',(3.,99.0763797167446,85.566482498801));
#15489=CARTESIAN_POINT('',(1.,110.096642633158,49.4381756938962));
#15490=CARTESIAN_POINT('Origin',(1.,85.1533573668416,44.1363167409334));
#15491=CARTESIAN_POINT('',(8.,91.5981623476757,45.5062023282933));
#15492=CARTESIAN_POINT('',(3.,91.5981623476757,45.5062023282933));
#15493=CARTESIAN_POINT('Origin',(1.,67.375,83.8947808735586));
#15494=CARTESIAN_POINT('',(8.,54.9033573668416,37.7064807504152));
#15495=CARTESIAN_POINT('',(8.,67.375,83.8947808735586));
#15496=CARTESIAN_POINT('',(8.,72.4321792485801,102.623870519611));
#15497=CARTESIAN_POINT('',(3.,54.9033573668416,37.7064807504152));
#15498=CARTESIAN_POINT('',(1.,54.9033573668416,37.7064807504152));
#15499=CARTESIAN_POINT('',(3.,67.375,83.8947808735586));
#15500=CARTESIAN_POINT('',(3.,72.4321792485801,102.623870519611));
#15501=CARTESIAN_POINT('',(1.,67.375,83.8947808735586));
#15502=CARTESIAN_POINT('Origin',(1.,79.8466426331584,43.008339703378));
#15503=CARTESIAN_POINT('',(8.,79.8466426331584,43.008339703378));
#15504=CARTESIAN_POINT('',(8.,69.2167034672245,77.8570276536747));
#15505=CARTESIAN_POINT('',(3.,79.8466426331584,43.008339703378));
#15506=CARTESIAN_POINT('',(3.,69.2167034672245,77.8570276536747));
#15507=CARTESIAN_POINT('',(1.,79.8466426331584,43.008339703378));
#15508=CARTESIAN_POINT('Origin',(1.,54.9033573668416,37.7064807504152));
#15509=CARTESIAN_POINT('',(8.,76.4731623476757,42.2912843330342));
#15510=CARTESIAN_POINT('',(3.,76.4731623476757,42.2912843330342));
#15511=CARTESIAN_POINT('Origin',(1.,127.875,96.754452854595));
#15512=CARTESIAN_POINT('',(8.,115.403357366842,50.5661527314516));
#15513=CARTESIAN_POINT('',(8.,127.875,96.754452854595));
#15514=CARTESIAN_POINT('',(8.,129.258359339812,101.877676654762));
#15515=CARTESIAN_POINT('',(3.,115.403357366842,50.5661527314516));
#15516=CARTESIAN_POINT('',(1.,115.403357366842,50.5661527314516));
#15517=CARTESIAN_POINT('',(3.,127.875,96.754452854595));
#15518=CARTESIAN_POINT('',(3.,129.258359339812,101.877676654762));
#15519=CARTESIAN_POINT('',(1.,127.875,96.754452854595));
#15520=CARTESIAN_POINT('Origin',(1.,140.346642633158,55.8680116844144));
#15521=CARTESIAN_POINT('',(8.,140.346642633158,55.8680116844144));
#15522=CARTESIAN_POINT('',(8.,128.936055966265,93.2759373439271));
#15523=CARTESIAN_POINT('',(3.,140.346642633158,55.8680116844144));
#15524=CARTESIAN_POINT('',(3.,128.936055966265,93.2759373439271));
#15525=CARTESIAN_POINT('',(1.,140.346642633158,55.8680116844144));
#15526=CARTESIAN_POINT('Origin',(1.,115.403357366842,50.5661527314516));
#15527=CARTESIAN_POINT('',(8.,106.723162347676,48.7211203235524));
#15528=CARTESIAN_POINT('',(3.,106.723162347676,48.7211203235524));
#15529=CARTESIAN_POINT('Origin',(1.,82.5,46.6598713399351));
#15530=CARTESIAN_POINT('',(8.,94.9716426331584,92.8481714630785));
#15531=CARTESIAN_POINT('',(8.,82.5,46.6598713399351));
#15532=CARTESIAN_POINT('',(8.,91.7286953938636,80.838027749224));
#15533=CARTESIAN_POINT('',(3.,94.9716426331584,92.8481714630785));
#15534=CARTESIAN_POINT('',(1.,94.9716426331584,92.8481714630785));
#15535=CARTESIAN_POINT('',(3.,82.5,46.6598713399351));
#15536=CARTESIAN_POINT('',(3.,91.7286953938636,80.838027749224));
#15537=CARTESIAN_POINT('',(1.,82.5,46.6598713399351));
#15538=CARTESIAN_POINT('Origin',(1.,70.0283573668416,87.5463125101156));
#15539=CARTESIAN_POINT('',(8.,70.0283573668416,87.5463125101156));
#15540=CARTESIAN_POINT('',(8.,66.0308164494795,100.651660887286));
#15541=CARTESIAN_POINT('',(3.,70.0283573668416,87.5463125101156));
#15542=CARTESIAN_POINT('',(3.,66.0308164494795,100.651660887286));
#15543=CARTESIAN_POINT('',(1.,70.0283573668416,87.5463125101156));
#15544=CARTESIAN_POINT('Origin',(1.,94.9716426331584,92.8481714630785));
#15545=CARTESIAN_POINT('',(8.,91.7662897537722,92.166852676097));
#15546=CARTESIAN_POINT('',(3.,91.7662897537722,92.166852676097));
#15547=CARTESIAN_POINT('Origin',(1.,34.0227617554389,77.5658141788019));
#15548=CARTESIAN_POINT('',(8.,23.5511191222805,75.3399978256606));
#15549=CARTESIAN_POINT('',(8.,34.0227617554389,77.5658141788019));
#15550=CARTESIAN_POINT('',(8.,61.5284960890656,83.4123384949667));
#15551=CARTESIAN_POINT('',(3.,23.5511191222805,75.3399978256606));
#15552=CARTESIAN_POINT('',(1.,23.5511191222805,75.3399978256606));
#15553=CARTESIAN_POINT('',(3.,34.0227617554389,77.5658141788019));
#15554=CARTESIAN_POINT('',(3.,61.5284960890656,83.4123384949667));
#15555=CARTESIAN_POINT('',(1.,34.0227617554389,77.5658141788019));
#15556=CARTESIAN_POINT('Origin',(1.,23.5511191222805,38.7844453608167));
#15557=CARTESIAN_POINT('',(8.,23.5511191222805,38.7844453608167));
#15558=CARTESIAN_POINT('',(8.,35.7737428695303,84.0505125931542));
#15559=CARTESIAN_POINT('',(3.,23.5511191222805,38.7844453608167));
#15560=CARTESIAN_POINT('',(3.,35.7737428695303,84.0505125931542));
#15561=CARTESIAN_POINT('',(1.,23.5511191222805,38.7844453608167));
#15562=CARTESIAN_POINT('Origin',(1.,23.5511191222805,75.3399978256606));
#15563=CARTESIAN_POINT('',(8.,23.5511191222805,97.6699989128303));
#15564=CARTESIAN_POINT('',(3.,23.5511191222805,97.6699989128303));
#15565=CARTESIAN_POINT('Origin',(1.,37.125,152.46494488304));
#15566=CARTESIAN_POINT('',(8.,24.6533573668416,106.276644759897));
#15567=CARTESIAN_POINT('',(8.,37.125,152.46494488304));
#15568=CARTESIAN_POINT('',(8.,34.581525250112,143.045273508628));
#15569=CARTESIAN_POINT('',(3.,24.6533573668416,106.276644759897));
#15570=CARTESIAN_POINT('',(1.,24.6533573668416,106.276644759897));
#15571=CARTESIAN_POINT('',(3.,37.125,152.46494488304));
#15572=CARTESIAN_POINT('',(3.,34.581525250112,143.045273508628));
#15573=CARTESIAN_POINT('',(1.,37.125,152.46494488304));
#15574=CARTESIAN_POINT('Origin',(1.,49.5966426331584,111.57850371286));
#15575=CARTESIAN_POINT('',(8.,49.5966426331584,111.57850371286));
#15576=CARTESIAN_POINT('',(8.,49.8219961449204,110.839715457602));
#15577=CARTESIAN_POINT('',(3.,49.5966426331584,111.57850371286));
#15578=CARTESIAN_POINT('',(3.,49.8219961449204,110.839715457602));
#15579=CARTESIAN_POINT('',(1.,49.5966426331584,111.57850371286));
#15580=CARTESIAN_POINT('Origin',(1.,24.6533573668416,106.276644759897));
#15581=CARTESIAN_POINT('',(8.,53.7218502900044,112.455343668574));
#15582=CARTESIAN_POINT('',(3.,53.7218502900044,112.455343668574));
#15583=CARTESIAN_POINT('Origin',(1.,97.625,165.324616864077));
#15584=CARTESIAN_POINT('',(8.,85.1533573668416,119.136316740933));
#15585=CARTESIAN_POINT('',(8.,97.625,165.324616864077));
#15586=CARTESIAN_POINT('',(8.,91.4077053413437,142.29907964378));
#15587=CARTESIAN_POINT('',(3.,85.1533573668416,119.136316740933));
#15588=CARTESIAN_POINT('',(1.,85.1533573668416,119.136316740933));
#15589=CARTESIAN_POINT('',(3.,97.625,165.324616864077));
#15590=CARTESIAN_POINT('',(3.,91.4077053413437,142.29907964378));
#15591=CARTESIAN_POINT('',(1.,97.625,165.324616864077));
#15592=CARTESIAN_POINT('Origin',(1.,110.096642633158,124.438175693896));
#15593=CARTESIAN_POINT('',(8.,110.096642633158,124.438175693896));
#15594=CARTESIAN_POINT('',(8.,109.541348643961,126.258625147854));
#15595=CARTESIAN_POINT('',(3.,110.096642633158,124.438175693896));
#15596=CARTESIAN_POINT('',(3.,109.541348643961,126.258625147854));
#15597=CARTESIAN_POINT('',(1.,110.096642633158,124.438175693896));
#15598=CARTESIAN_POINT('Origin',(1.,85.1533573668416,119.136316740933));
#15599=CARTESIAN_POINT('',(8.,83.9718502900044,118.885179659092));
#15600=CARTESIAN_POINT('',(3.,83.9718502900044,118.885179659092));
#15601=CARTESIAN_POINT('Origin',(1.,127.875,171.754452854595));
#15602=CARTESIAN_POINT('',(8.,115.403357366842,125.566152731452));
#15603=CARTESIAN_POINT('',(8.,127.875,171.754452854595));
#15604=CARTESIAN_POINT('',(8.,119.82079538696,141.925982711356));
#15605=CARTESIAN_POINT('',(3.,115.403357366842,125.566152731452));
#15606=CARTESIAN_POINT('',(1.,115.403357366842,125.566152731452));
#15607=CARTESIAN_POINT('',(3.,127.875,171.754452854595));
#15608=CARTESIAN_POINT('',(3.,119.82079538696,141.925982711356));
#15609=CARTESIAN_POINT('',(1.,127.875,171.754452854595));
#15610=CARTESIAN_POINT('Origin',(1.,140.346642633158,130.868011684414));
#15611=CARTESIAN_POINT('',(8.,140.346642633158,130.868011684414));
#15612=CARTESIAN_POINT('',(8.,139.401024893481,133.96807999298));
#15613=CARTESIAN_POINT('',(3.,140.346642633158,130.868011684414));
#15614=CARTESIAN_POINT('',(3.,139.401024893481,133.96807999298));
#15615=CARTESIAN_POINT('',(1.,140.346642633158,130.868011684414));
#15616=CARTESIAN_POINT('Origin',(1.,115.403357366842,125.566152731452));
#15617=CARTESIAN_POINT('',(8.,99.0968502900044,122.100097654351));
#15618=CARTESIAN_POINT('',(3.,99.0968502900044,122.100097654351));
#15619=CARTESIAN_POINT('Origin',(1.,82.5,121.659871339935));
#15620=CARTESIAN_POINT('',(8.,94.9716426331584,167.848171463078));
#15621=CARTESIAN_POINT('',(8.,82.5,121.659871339935));
#15622=CARTESIAN_POINT('',(8.,82.2911314410114,120.886333805817));
#15623=CARTESIAN_POINT('',(3.,94.9716426331584,167.848171463078));
#15624=CARTESIAN_POINT('',(1.,94.9716426331584,167.848171463078));
#15625=CARTESIAN_POINT('',(3.,82.5,121.659871339935));
#15626=CARTESIAN_POINT('',(3.,82.2911314410114,120.886333805817));
#15627=CARTESIAN_POINT('',(1.,82.5,121.659871339935));
#15628=CARTESIAN_POINT('Origin',(1.,70.0283573668416,162.546312510116));
#15629=CARTESIAN_POINT('',(8.,70.0283573668416,162.546312510116));
#15630=CARTESIAN_POINT('',(8.,76.4957853766954,141.34380353634));
#15631=CARTESIAN_POINT('',(3.,70.0283573668416,162.546312510116));
#15632=CARTESIAN_POINT('',(3.,76.4957853766954,141.34380353634));
#15633=CARTESIAN_POINT('',(1.,70.0283573668416,162.546312510116));
#15634=CARTESIAN_POINT('Origin',(1.,94.9716426331584,167.848171463078));
#15635=CARTESIAN_POINT('',(8.,84.1399776961009,165.545830006896));
#15636=CARTESIAN_POINT('',(3.,84.1399776961009,165.545830006896));
#15637=CARTESIAN_POINT('Origin',(1.,34.0227617554389,152.565814178802));
#15638=CARTESIAN_POINT('',(8.,23.5511191222805,150.339997825661));
#15639=CARTESIAN_POINT('',(8.,34.0227617554389,152.565814178802));
#15640=CARTESIAN_POINT('',(8.,53.9021840313944,156.791315825765));
#15641=CARTESIAN_POINT('',(3.,23.5511191222805,150.339997825661));
#15642=CARTESIAN_POINT('',(1.,23.5511191222805,150.339997825661));
#15643=CARTESIAN_POINT('',(3.,34.0227617554389,152.565814178802));
#15644=CARTESIAN_POINT('',(3.,53.9021840313944,156.791315825765));
#15645=CARTESIAN_POINT('',(1.,34.0227617554389,152.565814178802));
#15646=CARTESIAN_POINT('Origin',(1.,23.5511191222805,113.784445360817));
#15647=CARTESIAN_POINT('',(8.,23.5511191222805,113.784445360817));
#15648=CARTESIAN_POINT('',(8.,26.3361789166782,124.098818649747));
#15649=CARTESIAN_POINT('',(3.,23.5511191222805,113.784445360817));
#15650=CARTESIAN_POINT('',(3.,26.3361789166782,124.098818649747));
#15651=CARTESIAN_POINT('',(1.,23.5511191222805,113.784445360817));
#15652=CARTESIAN_POINT('Origin',(1.,23.5511191222805,150.339997825661));
#15653=CARTESIAN_POINT('',(8.,23.5511191222805,135.16999891283));
#15654=CARTESIAN_POINT('',(3.,23.5511191222805,135.16999891283));
#15655=CARTESIAN_POINT('Origin',(1.,67.375,216.012381736544));
#15656=CARTESIAN_POINT('',(8.,55.355043525233,186.993689175704));
#15657=CARTESIAN_POINT('',(8.,67.375,216.012381736544));
#15658=CARTESIAN_POINT('',(8.,51.5097337274533,177.710305907453));
#15659=CARTESIAN_POINT('',(3.,55.355043525233,186.993689175704));
#15660=CARTESIAN_POINT('',(1.,55.355043525233,186.993689175704));
#15661=CARTESIAN_POINT('',(3.,67.375,216.012381736544));
#15662=CARTESIAN_POINT('',(3.,51.5097337274533,177.710305907453));
#15663=CARTESIAN_POINT('',(1.,67.375,216.012381736544));
#15664=CARTESIAN_POINT('Origin',(1.,79.394956474767,192.103530415104));
#15665=CARTESIAN_POINT('',(8.,79.394956474767,192.103530415104));
#15666=CARTESIAN_POINT('',(8.,94.1761313719026,162.702349660939));
#15667=CARTESIAN_POINT('',(3.,79.394956474767,192.103530415104));
#15668=CARTESIAN_POINT('',(3.,94.1761313719026,162.702349660939));
#15669=CARTESIAN_POINT('',(1.,79.394956474767,192.103530415104));
#15670=CARTESIAN_POINT('Origin',(1.,55.355043525233,186.993689175704));
#15671=CARTESIAN_POINT('',(8.,61.5286235046347,188.305924109321));
#15672=CARTESIAN_POINT('',(3.,61.5286235046347,188.305924109321));
#15673=CARTESIAN_POINT('Origin',(1.,127.875,228.87205371758));
#15674=CARTESIAN_POINT('',(8.,115.855043525233,199.853361156741));
#15675=CARTESIAN_POINT('',(8.,127.875,228.87205371758));
#15676=CARTESIAN_POINT('',(8.,105.306417873425,174.38676937899));
#15677=CARTESIAN_POINT('',(3.,115.855043525233,199.853361156741));
#15678=CARTESIAN_POINT('',(1.,115.855043525233,199.853361156741));
#15679=CARTESIAN_POINT('',(3.,127.875,228.87205371758));
#15680=CARTESIAN_POINT('',(3.,105.306417873425,174.38676937899));
#15681=CARTESIAN_POINT('',(1.,127.875,228.87205371758));
#15682=CARTESIAN_POINT('Origin',(1.,139.894956474767,204.96320239614));
#15683=CARTESIAN_POINT('',(8.,139.894956474767,204.96320239614));
#15684=CARTESIAN_POINT('',(8.,151.15339920611,182.569075267669));
#15685=CARTESIAN_POINT('',(3.,139.894956474767,204.96320239614));
#15686=CARTESIAN_POINT('',(3.,151.15339920611,182.569075267669));
#15687=CARTESIAN_POINT('',(1.,139.894956474767,204.96320239614));
#15688=CARTESIAN_POINT('Origin',(1.,115.855043525233,199.853361156741));
#15689=CARTESIAN_POINT('',(8.,91.7786235046347,194.735760099839));
#15690=CARTESIAN_POINT('',(3.,91.7786235046347,194.735760099839));
#15691=CARTESIAN_POINT('Origin',(1.,112.75,201.472106467468));
#15692=CARTESIAN_POINT('',(8.,124.769956474767,230.490799028308));
#15693=CARTESIAN_POINT('',(8.,112.75,201.472106467468));
#15694=CARTESIAN_POINT('',(8.,96.1326015285616,161.354225972981));
#15695=CARTESIAN_POINT('',(3.,124.769956474767,230.490799028308));
#15696=CARTESIAN_POINT('',(1.,124.769956474767,230.490799028308));
#15697=CARTESIAN_POINT('',(3.,112.75,201.472106467468));
#15698=CARTESIAN_POINT('',(3.,96.1326015285616,161.354225972981));
#15699=CARTESIAN_POINT('',(1.,112.75,201.472106467468));
#15700=CARTESIAN_POINT('Origin',(1.,100.730043525233,225.380957788908));
#15701=CARTESIAN_POINT('',(8.,100.730043525233,225.380957788908));
#15702=CARTESIAN_POINT('',(8.,120.036274763237,186.979004070043));
#15703=CARTESIAN_POINT('',(3.,100.730043525233,225.380957788908));
#15704=CARTESIAN_POINT('',(3.,120.036274763237,186.979004070043));
#15705=CARTESIAN_POINT('',(1.,100.730043525233,225.380957788908));
#15706=CARTESIAN_POINT('Origin',(1.,124.769956474767,230.490799028308));
#15707=CARTESIAN_POINT('',(8.,93.3134215011226,223.804506112257));
#15708=CARTESIAN_POINT('',(3.,93.3134215011226,223.804506112257));
#15709=CARTESIAN_POINT('Origin',(-2.,139.5,222.5));
#15710=CARTESIAN_POINT('',(8.,146.5,222.5));
#15711=CARTESIAN_POINT('',(8.,139.5,222.5));
#15712=CARTESIAN_POINT('',(8.,111.,222.5));
#15713=CARTESIAN_POINT('',(3.,146.5,222.5));
#15714=CARTESIAN_POINT('',(-2.,146.5,222.5));
#15715=CARTESIAN_POINT('',(3.,139.5,222.5));
#15716=CARTESIAN_POINT('',(3.,111.,222.5));
#15717=CARTESIAN_POINT('',(-2.,139.5,222.5));
#15718=CARTESIAN_POINT('Origin',(-2.,139.5,229.5));
#15719=CARTESIAN_POINT('',(8.,139.5,229.5));
#15720=CARTESIAN_POINT('',(8.,139.5,174.75));
#15721=CARTESIAN_POINT('',(3.,139.5,229.5));
#15722=CARTESIAN_POINT('',(3.,139.5,174.75));
#15723=CARTESIAN_POINT('',(-2.,139.5,229.5));
#15724=CARTESIAN_POINT('Origin',(-2.,146.5,229.5));
#15725=CARTESIAN_POINT('',(8.,146.5,229.5));
#15726=CARTESIAN_POINT('',(8.,114.5,229.5));
#15727=CARTESIAN_POINT('',(3.,146.5,229.5));
#15728=CARTESIAN_POINT('',(3.,114.5,229.5));
#15729=CARTESIAN_POINT('',(-2.,146.5,229.5));
#15730=CARTESIAN_POINT('Origin',(-2.,146.5,222.5));
#15731=CARTESIAN_POINT('',(8.,146.5,171.25));
#15732=CARTESIAN_POINT('',(3.,146.5,171.25));
#15733=CARTESIAN_POINT('Origin',(-2.,139.5,10.5));
#15734=CARTESIAN_POINT('',(8.,146.5,10.5));
#15735=CARTESIAN_POINT('',(8.,139.5,10.5));
#15736=CARTESIAN_POINT('',(8.,111.,10.5));
#15737=CARTESIAN_POINT('',(3.,146.5,10.5));
#15738=CARTESIAN_POINT('',(-2.,146.5,10.5));
#15739=CARTESIAN_POINT('',(3.,139.5,10.5));
#15740=CARTESIAN_POINT('',(3.,111.,10.5));
#15741=CARTESIAN_POINT('',(-2.,139.5,10.5));
#15742=CARTESIAN_POINT('Origin',(-2.,139.5,17.5));
#15743=CARTESIAN_POINT('',(8.,139.5,17.5));
#15744=CARTESIAN_POINT('',(8.,139.5,68.75));
#15745=CARTESIAN_POINT('',(3.,139.5,17.5));
#15746=CARTESIAN_POINT('',(3.,139.5,68.75));
#15747=CARTESIAN_POINT('',(-2.,139.5,17.5));
#15748=CARTESIAN_POINT('Origin',(-2.,146.5,17.5));
#15749=CARTESIAN_POINT('',(8.,146.5,17.5));
#15750=CARTESIAN_POINT('',(8.,114.5,17.5));
#15751=CARTESIAN_POINT('',(3.,146.5,17.5));
#15752=CARTESIAN_POINT('',(3.,114.5,17.5));
#15753=CARTESIAN_POINT('',(-2.,146.5,17.5));
#15754=CARTESIAN_POINT('Origin',(-2.,146.5,10.5));
#15755=CARTESIAN_POINT('',(8.,146.5,65.25));
#15756=CARTESIAN_POINT('',(3.,146.5,65.25));
#15757=CARTESIAN_POINT('Origin',(8.,28.,167.27533937002));
#15758=CARTESIAN_POINT('',(8.,26.,166.27533937002));
#15759=CARTESIAN_POINT('',(8.,28.,167.27533937002));
#15760=CARTESIAN_POINT('',(8.,40.3449321259957,173.447805433018));
#15761=CARTESIAN_POINT('',(14.,26.,166.27533937002));
#15762=CARTESIAN_POINT('',(8.,26.0000000000001,166.27533937002));
#15763=CARTESIAN_POINT('',(14.,28.,167.27533937002));
#15764=CARTESIAN_POINT('',(14.,26.,166.27533937002));
#15765=CARTESIAN_POINT('',(8.,28.,167.27533937002));
#15766=CARTESIAN_POINT('Origin',(8.,31.,168.33812217837));
#15767=CARTESIAN_POINT('',(8.,31.,168.33812217837));
#15768=CARTESIAN_POINT('',(8.,46.2712869041618,173.748142572745));
#15769=CARTESIAN_POINT('',(14.,31.,168.33812217837));
#15770=CARTESIAN_POINT('',(14.,28.,167.27533937002));
#15771=CARTESIAN_POINT('',(8.,31.,168.33812217837));
#15772=CARTESIAN_POINT('Origin',(8.,33.,167.76323530171));
#15773=CARTESIAN_POINT('',(8.,33.,167.76323530171));
#15774=CARTESIAN_POINT('',(8.,62.2018486270069,159.369355526772));
#15775=CARTESIAN_POINT('',(14.,33.,167.76323530171));
#15776=CARTESIAN_POINT('',(14.,31.,168.33812217837));
#15777=CARTESIAN_POINT('',(8.,33.0000000000001,167.76323530171));
#15778=CARTESIAN_POINT('Origin',(8.,145.,191.569570208753));
#15779=CARTESIAN_POINT('',(8.,20.,165.));
#15780=CARTESIAN_POINT('',(8.,107.823360541063,183.667431550915));
#15781=CARTESIAN_POINT('',(14.,20.,165.));
#15782=CARTESIAN_POINT('',(8.,20.,165.));
#15783=CARTESIAN_POINT('',(14.,145.,191.569570208753));
#15784=CARTESIAN_POINT('Origin',(8.,82.5,120.));
#15785=CARTESIAN_POINT('',(8.,15.,190.));
#15786=CARTESIAN_POINT('',(8.,15.,0.));
#15787=CARTESIAN_POINT('',(8.,15.,190.));
#15788=CARTESIAN_POINT('',(8.,150.,0.));
#15789=CARTESIAN_POINT('',(8.,15.,0.));
#15790=CARTESIAN_POINT('',(8.,150.,240.));
#15791=CARTESIAN_POINT('',(8.,150.,0.));
#15792=CARTESIAN_POINT('',(8.,70.,240.));
#15793=CARTESIAN_POINT('',(8.,150.,240.));
#15794=CARTESIAN_POINT('',(8.,70.,240.));
#15795=CARTESIAN_POINT('',(8.,20.,98.2));
#15796=CARTESIAN_POINT('',(8.,145.,124.769570208753));
#15797=CARTESIAN_POINT('',(8.,114.615862480429,118.311222408284));
#15798=CARTESIAN_POINT('',(8.,145.,119.769570208753));
#15799=CARTESIAN_POINT('',(8.,145.,119.884785104376));
#15800=CARTESIAN_POINT('',(8.,20.,93.2));
#15801=CARTESIAN_POINT('',(8.,52.6242832842735,100.134505481854));
#15802=CARTESIAN_POINT('',(8.,20.,109.1));
#15803=CARTESIAN_POINT('',(8.,26.,91.2753393700201));
#15804=CARTESIAN_POINT('',(8.,28.,92.2753393700201));
#15805=CARTESIAN_POINT('',(8.,55.344932125996,105.947805433018));
#15806=CARTESIAN_POINT('',(8.,31.,93.3381221783702));
#15807=CARTESIAN_POINT('',(8.,58.074730292395,102.929641476861));
#15808=CARTESIAN_POINT('',(8.,33.,92.7632353017103));
#15809=CARTESIAN_POINT('',(8.,52.2453617735412,87.2312823416192));
#15810=CARTESIAN_POINT('',(8.,145.,116.569570208753));
#15811=CARTESIAN_POINT('',(8.,115.449672598734,110.288454220116));
#15812=CARTESIAN_POINT('',(8.,145.,110.569570208753));
#15813=CARTESIAN_POINT('',(8.,145.,115.284785104376));
#15814=CARTESIAN_POINT('',(8.,20.,84.));
#15815=CARTESIAN_POINT('',(8.,53.5597775633478,91.133350929276));
#15816=CARTESIAN_POINT('',(8.,20.,90.));
#15817=CARTESIAN_POINT('',(8.,20.,105.));
#15818=CARTESIAN_POINT('',(8.,115.449672598734,110.288454220116));
#15819=CARTESIAN_POINT('',(8.,26.,16.2753393700201));
#15820=CARTESIAN_POINT('',(8.,28.,17.2753393700201));
#15821=CARTESIAN_POINT('',(8.,70.344932125996,38.4478054330182));
#15822=CARTESIAN_POINT('',(8.,31.,18.3381221783702));
#15823=CARTESIAN_POINT('',(8.,69.8781736806282,32.1111403809773));
#15824=CARTESIAN_POINT('',(8.,33.,17.7632353017103));
#15825=CARTESIAN_POINT('',(8.,42.2888749200757,15.0932091564667));
#15826=CARTESIAN_POINT('',(8.,145.,41.5695702087528));
#15827=CARTESIAN_POINT('',(8.,123.075984656405,36.9094768893175));
#15828=CARTESIAN_POINT('',(8.,145.,35.5695702087528));
#15829=CARTESIAN_POINT('',(8.,145.,77.7847851043764));
#15830=CARTESIAN_POINT('',(8.,20.,9.));
#15831=CARTESIAN_POINT('',(8.,61.1860896210191,17.7543735984772));
#15832=CARTESIAN_POINT('',(8.,20.,15.));
#15833=CARTESIAN_POINT('',(8.,20.,67.5));
#15834=CARTESIAN_POINT('',(8.,123.075984656405,36.9094768893175));
#15835=CARTESIAN_POINT('',(8.,20.,23.2));
#15836=CARTESIAN_POINT('',(8.,145.,49.7695702087528));
#15837=CARTESIAN_POINT('',(8.,122.2421745381,44.9322450774848));
#15838=CARTESIAN_POINT('',(8.,145.,44.7695702087528));
#15839=CARTESIAN_POINT('',(8.,145.,82.3847851043764));
#15840=CARTESIAN_POINT('',(8.,20.,18.2));
#15841=CARTESIAN_POINT('',(8.,60.2505953419448,26.7555281510552));
#15842=CARTESIAN_POINT('',(8.,20.,71.6));
#15843=CARTESIAN_POINT('',(8.,145.,191.569570208753));
#15844=CARTESIAN_POINT('',(8.,107.823360541063,183.667431550915));
#15845=CARTESIAN_POINT('',(8.,145.,185.569570208753));
#15846=CARTESIAN_POINT('',(8.,145.,152.784785104376));
#15847=CARTESIAN_POINT('',(8.,20.,159.));
#15848=CARTESIAN_POINT('',(8.,45.9334655056766,164.512328260075));
#15849=CARTESIAN_POINT('',(8.,20.,142.5));
#15850=CARTESIAN_POINT('',(8.,20.,173.2));
#15851=CARTESIAN_POINT('',(8.,145.,199.769570208753));
#15852=CARTESIAN_POINT('',(8.,106.989550422757,191.690199739082));
#15853=CARTESIAN_POINT('',(8.,145.,194.769570208753));
#15854=CARTESIAN_POINT('',(8.,145.,157.384785104376));
#15855=CARTESIAN_POINT('',(8.,20.,168.2));
#15856=CARTESIAN_POINT('',(8.,44.9979712266023,173.513482812653));
#15857=CARTESIAN_POINT('',(8.,20.,146.6));
#15858=CARTESIAN_POINT('Origin',(8.,145.,199.769570208753));
#15859=CARTESIAN_POINT('',(14.,20.,173.2));
#15860=CARTESIAN_POINT('',(8.,20.,173.2));
#15861=CARTESIAN_POINT('',(14.,145.,199.769570208753));
#15862=CARTESIAN_POINT('',(14.,145.,199.769570208753));
#15863=CARTESIAN_POINT('',(8.,145.,199.769570208753));
#15864=CARTESIAN_POINT('Origin',(8.,145.,194.769570208753));
#15865=CARTESIAN_POINT('',(14.,145.,194.769570208753));
#15866=CARTESIAN_POINT('',(14.,145.,194.769570208753));
#15867=CARTESIAN_POINT('',(8.,145.,194.769570208753));
#15868=CARTESIAN_POINT('Origin',(8.,20.,168.2));
#15869=CARTESIAN_POINT('',(14.,20.,168.2));
#15870=CARTESIAN_POINT('',(14.,20.,168.2));
#15871=CARTESIAN_POINT('',(8.,20.,168.2));
#15872=CARTESIAN_POINT('Origin',(8.,20.,173.2));
#15873=CARTESIAN_POINT('',(14.,20.,173.2));
#15874=CARTESIAN_POINT('Origin',(14.,82.5,183.984785104376));
#15875=CARTESIAN_POINT('Origin',(8.,145.,191.569570208753));
#15876=CARTESIAN_POINT('',(14.,145.,191.569570208753));
#15877=CARTESIAN_POINT('',(14.,145.,191.569570208753));
#15878=CARTESIAN_POINT('',(8.,145.,191.569570208753));
#15879=CARTESIAN_POINT('Origin',(8.,145.,185.569570208753));
#15880=CARTESIAN_POINT('',(14.,145.,185.569570208753));
#15881=CARTESIAN_POINT('',(14.,145.,185.569570208753));
#15882=CARTESIAN_POINT('',(8.,145.,185.569570208753));
#15883=CARTESIAN_POINT('Origin',(8.,20.,159.));
#15884=CARTESIAN_POINT('',(14.,20.,159.));
#15885=CARTESIAN_POINT('',(14.,20.,159.));
#15886=CARTESIAN_POINT('',(8.,20.,159.));
#15887=CARTESIAN_POINT('Origin',(8.,20.,165.));
#15888=CARTESIAN_POINT('',(14.,20.,165.));
#15889=CARTESIAN_POINT('Origin',(14.,82.5,175.284785104376));
#15890=CARTESIAN_POINT('Origin',(8.,28.,92.2753393700201));
#15891=CARTESIAN_POINT('',(14.,26.,91.2753393700201));
#15892=CARTESIAN_POINT('',(8.,26.,91.2753393700201));
#15893=CARTESIAN_POINT('',(14.,28.,92.2753393700201));
#15894=CARTESIAN_POINT('',(14.,26.,91.2753393700201));
#15895=CARTESIAN_POINT('',(8.,28.,92.2753393700201));
#15896=CARTESIAN_POINT('Origin',(8.,31.,93.3381221783702));
#15897=CARTESIAN_POINT('',(14.,31.,93.3381221783702));
#15898=CARTESIAN_POINT('',(14.,28.,92.2753393700201));
#15899=CARTESIAN_POINT('',(8.,31.,93.3381221783702));
#15900=CARTESIAN_POINT('Origin',(8.,33.,92.7632353017103));
#15901=CARTESIAN_POINT('',(14.,33.,92.7632353017103));
#15902=CARTESIAN_POINT('',(14.,31.,93.3381221783702));
#15903=CARTESIAN_POINT('',(8.,33.,92.7632353017103));
#15904=CARTESIAN_POINT('Origin',(8.,145.,116.569570208753));
#15905=CARTESIAN_POINT('',(14.,20.,90.));
#15906=CARTESIAN_POINT('',(8.,20.,90.));
#15907=CARTESIAN_POINT('',(14.,145.,116.569570208753));
#15908=CARTESIAN_POINT('Origin',(8.,145.,124.769570208753));
#15909=CARTESIAN_POINT('',(14.,20.,98.2));
#15910=CARTESIAN_POINT('',(8.,20.,98.2));
#15911=CARTESIAN_POINT('',(14.,145.,124.769570208753));
#15912=CARTESIAN_POINT('',(14.,145.,124.769570208753));
#15913=CARTESIAN_POINT('',(8.,145.,124.769570208753));
#15914=CARTESIAN_POINT('Origin',(8.,145.,119.769570208753));
#15915=CARTESIAN_POINT('',(14.,145.,119.769570208753));
#15916=CARTESIAN_POINT('',(14.,145.,119.769570208753));
#15917=CARTESIAN_POINT('',(8.,145.,119.769570208753));
#15918=CARTESIAN_POINT('Origin',(8.,20.,93.2));
#15919=CARTESIAN_POINT('',(14.,20.,93.2));
#15920=CARTESIAN_POINT('',(14.,20.,93.2));
#15921=CARTESIAN_POINT('',(8.,20.,93.2));
#15922=CARTESIAN_POINT('Origin',(8.,20.,98.2));
#15923=CARTESIAN_POINT('',(14.,20.,98.2));
#15924=CARTESIAN_POINT('Origin',(14.,82.5,108.984785104376));
#15925=CARTESIAN_POINT('Origin',(8.,145.,116.569570208753));
#15926=CARTESIAN_POINT('',(14.,145.,116.569570208753));
#15927=CARTESIAN_POINT('',(14.,145.,116.569570208753));
#15928=CARTESIAN_POINT('',(8.,145.,116.569570208753));
#15929=CARTESIAN_POINT('Origin',(8.,145.,110.569570208753));
#15930=CARTESIAN_POINT('',(14.,145.,110.569570208753));
#15931=CARTESIAN_POINT('',(14.,145.,110.569570208753));
#15932=CARTESIAN_POINT('',(8.,145.,110.569570208753));
#15933=CARTESIAN_POINT('Origin',(8.,20.,84.));
#15934=CARTESIAN_POINT('',(14.,20.,84.));
#15935=CARTESIAN_POINT('',(14.,20.,84.));
#15936=CARTESIAN_POINT('',(8.,20.,84.));
#15937=CARTESIAN_POINT('Origin',(8.,20.,90.));
#15938=CARTESIAN_POINT('',(14.,20.,90.));
#15939=CARTESIAN_POINT('Origin',(14.,82.5,100.284785104376));
#15940=CARTESIAN_POINT('Origin',(8.,28.,17.2753393700201));
#15941=CARTESIAN_POINT('',(14.,26.,16.2753393700201));
#15942=CARTESIAN_POINT('',(8.,26.,16.2753393700201));
#15943=CARTESIAN_POINT('',(14.,28.,17.2753393700201));
#15944=CARTESIAN_POINT('',(14.,26.,16.2753393700201));
#15945=CARTESIAN_POINT('',(8.,28.,17.2753393700201));
#15946=CARTESIAN_POINT('Origin',(8.,31.,18.3381221783702));
#15947=CARTESIAN_POINT('',(14.,31.,18.3381221783702));
#15948=CARTESIAN_POINT('',(14.,28.,17.2753393700201));
#15949=CARTESIAN_POINT('',(8.,31.,18.3381221783702));
#15950=CARTESIAN_POINT('Origin',(8.,33.,17.7632353017103));
#15951=CARTESIAN_POINT('',(14.,33.,17.7632353017103));
#15952=CARTESIAN_POINT('',(14.,31.,18.3381221783702));
#15953=CARTESIAN_POINT('',(8.,33.,17.7632353017103));
#15954=CARTESIAN_POINT('Origin',(8.,145.,41.5695702087528));
#15955=CARTESIAN_POINT('',(14.,20.,15.));
#15956=CARTESIAN_POINT('',(8.,20.,15.));
#15957=CARTESIAN_POINT('',(14.,145.,41.5695702087528));
#15958=CARTESIAN_POINT('Origin',(8.,145.,49.7695702087528));
#15959=CARTESIAN_POINT('',(14.,20.,23.2));
#15960=CARTESIAN_POINT('',(8.,20.,23.2));
#15961=CARTESIAN_POINT('',(14.,145.,49.7695702087528));
#15962=CARTESIAN_POINT('',(14.,145.,49.7695702087528));
#15963=CARTESIAN_POINT('',(8.,145.,49.7695702087528));
#15964=CARTESIAN_POINT('Origin',(8.,145.,44.7695702087528));
#15965=CARTESIAN_POINT('',(14.,145.,44.7695702087528));
#15966=CARTESIAN_POINT('',(14.,145.,44.7695702087528));
#15967=CARTESIAN_POINT('',(8.,145.,44.7695702087528));
#15968=CARTESIAN_POINT('Origin',(8.,20.,18.2));
#15969=CARTESIAN_POINT('',(14.,20.,18.2));
#15970=CARTESIAN_POINT('',(14.,20.,18.2));
#15971=CARTESIAN_POINT('',(8.,20.,18.2));
#15972=CARTESIAN_POINT('Origin',(8.,20.,23.2));
#15973=CARTESIAN_POINT('',(14.,20.,23.2));
#15974=CARTESIAN_POINT('Origin',(14.,82.5,33.9847851043764));
#15975=CARTESIAN_POINT('Origin',(8.,145.,41.5695702087528));
#15976=CARTESIAN_POINT('',(14.,145.,41.5695702087528));
#15977=CARTESIAN_POINT('',(14.,145.,41.5695702087528));
#15978=CARTESIAN_POINT('',(8.,145.,41.5695702087528));
#15979=CARTESIAN_POINT('Origin',(8.,145.,35.5695702087528));
#15980=CARTESIAN_POINT('',(14.,145.,35.5695702087528));
#15981=CARTESIAN_POINT('',(14.,145.,35.5695702087528));
#15982=CARTESIAN_POINT('',(8.,145.,35.5695702087528));
#15983=CARTESIAN_POINT('Origin',(8.,20.,9.));
#15984=CARTESIAN_POINT('',(14.,20.,9.));
#15985=CARTESIAN_POINT('',(14.,20.,9.));
#15986=CARTESIAN_POINT('',(8.,20.,9.));
#15987=CARTESIAN_POINT('Origin',(8.,20.,15.));
#15988=CARTESIAN_POINT('',(14.,20.,15.));
#15989=CARTESIAN_POINT('Origin',(14.,82.5,25.2847851043764));
#15990=CARTESIAN_POINT('Origin',(3.,70.,240.));
#15991=CARTESIAN_POINT('',(3.,70.,240.));
#15992=CARTESIAN_POINT('',(3.,15.,190.));
#15993=CARTESIAN_POINT('',(3.,70.,240.));
#15994=CARTESIAN_POINT('',(3.,15.,190.));
#15995=CARTESIAN_POINT('',(3.,70.,240.));
#15996=CARTESIAN_POINT('Origin',(3.,150.,240.));
#15997=CARTESIAN_POINT('',(3.,150.,240.));
#15998=CARTESIAN_POINT('',(3.,150.,240.));
#15999=CARTESIAN_POINT('',(3.,150.,240.));
#16000=CARTESIAN_POINT('Origin',(3.,150.,0.));
#16001=CARTESIAN_POINT('',(3.,150.,0.));
#16002=CARTESIAN_POINT('',(3.,150.,0.));
#16003=CARTESIAN_POINT('',(3.,150.,0.));
#16004=CARTESIAN_POINT('Origin',(3.,15.,0.));
#16005=CARTESIAN_POINT('',(3.,15.,0.));
#16006=CARTESIAN_POINT('',(3.,15.,0.));
#16007=CARTESIAN_POINT('',(3.,15.,0.));
#16008=CARTESIAN_POINT('Origin',(3.,15.,190.));
#16009=CARTESIAN_POINT('',(3.,15.,190.));
#16010=CARTESIAN_POINT('Origin',(3.,82.5,120.));
#16011=CARTESIAN_POINT('',(0.,0.,0.));
#16012=CARTESIAN_POINT('Origin',(4.,94.519956474767,224.060963037789));
#16013=CARTESIAN_POINT('',(6.,94.519956474767,224.060963037789));
#16014=CARTESIAN_POINT('',(6.,70.480043525233,218.95112179839));
#16015=CARTESIAN_POINT('',(6.,78.1884215011226,220.589588116998));
#16016=CARTESIAN_POINT('',(11.,94.519956474767,224.060963037789));
#16017=CARTESIAN_POINT('',(4.,94.519956474767,224.060963037789));
#16018=CARTESIAN_POINT('',(11.,70.480043525233,218.95112179839));
#16019=CARTESIAN_POINT('',(11.,78.1884215011226,220.589588116998));
#16020=CARTESIAN_POINT('',(4.,70.480043525233,218.95112179839));
#16021=CARTESIAN_POINT('Origin',(4.,70.480043525233,218.95112179839));
#16022=CARTESIAN_POINT('',(6.,82.5,195.04227047695));
#16023=CARTESIAN_POINT('',(6.,91.5476408461334,177.045641266678));
#16024=CARTESIAN_POINT('',(11.,82.5,195.04227047695));
#16025=CARTESIAN_POINT('',(11.,91.5476408461334,177.045641266678));
#16026=CARTESIAN_POINT('',(4.,82.5,195.04227047695));
#16027=CARTESIAN_POINT('Origin',(4.,82.5,195.04227047695));
#16028=CARTESIAN_POINT('',(6.,69.234259455576,163.015994237212));
#16029=CARTESIAN_POINT('',(11.,69.234259455576,163.015994237212));
#16030=CARTESIAN_POINT('Origin',(4.,85.605043525233,193.423525166222));
#16031=CARTESIAN_POINT('',(6.,85.605043525233,193.423525166222));
#16032=CARTESIAN_POINT('',(6.,109.644956474767,198.533366405622));
#16033=CARTESIAN_POINT('',(6.,76.6536235046347,191.52084210458));
#16034=CARTESIAN_POINT('',(11.,85.605043525233,193.423525166222));
#16035=CARTESIAN_POINT('',(4.,85.605043525233,193.423525166222));
#16036=CARTESIAN_POINT('',(11.,109.644956474767,198.533366405622));
#16037=CARTESIAN_POINT('',(11.,76.6536235046347,191.52084210458));
#16038=CARTESIAN_POINT('',(4.,109.644956474767,198.533366405622));
#16039=CARTESIAN_POINT('Origin',(4.,109.644956474767,198.533366405622));
#16040=CARTESIAN_POINT('',(6.,97.625,222.442217727062));
#16041=CARTESIAN_POINT('',(6.,122.664765289006,172.635712464304));
#16042=CARTESIAN_POINT('',(11.,97.625,222.442217727062));
#16043=CARTESIAN_POINT('',(11.,122.664765289006,172.635712464304));
#16044=CARTESIAN_POINT('',(4.,97.625,222.442217727062));
#16045=CARTESIAN_POINT('Origin',(4.,97.625,222.442217727062));
#16046=CARTESIAN_POINT('',(6.,78.4080758004389,176.048537643222));
#16047=CARTESIAN_POINT('',(11.,78.4080758004389,176.048537643222));
#16048=CARTESIAN_POINT('Origin',(4.,141.448880877719,138.844388228144));
#16049=CARTESIAN_POINT('',(6.,141.448880877719,138.844388228144));
#16050=CARTESIAN_POINT('',(6.,141.448880877719,175.399940692988));
#16051=CARTESIAN_POINT('',(6.,141.448880877719,129.422194114072));
#16052=CARTESIAN_POINT('',(11.,141.448880877719,138.844388228144));
#16053=CARTESIAN_POINT('',(4.,141.448880877719,138.844388228144));
#16054=CARTESIAN_POINT('',(11.,141.448880877719,175.399940692988));
#16055=CARTESIAN_POINT('',(11.,141.448880877719,129.422194114072));
#16056=CARTESIAN_POINT('',(4.,141.448880877719,175.399940692988));
#16057=CARTESIAN_POINT('Origin',(4.,141.448880877719,175.399940692988));
#16058=CARTESIAN_POINT('',(6.,130.977238244561,173.174124339847));
#16059=CARTESIAN_POINT('',(6.,107.615243592535,168.208379082859));
#16060=CARTESIAN_POINT('',(11.,130.977238244561,173.174124339847));
#16061=CARTESIAN_POINT('',(11.,107.615243592535,168.208379082859));
#16062=CARTESIAN_POINT('',(4.,130.977238244561,173.174124339847));
#16063=CARTESIAN_POINT('Origin',(4.,130.977238244561,173.174124339847));
#16064=CARTESIAN_POINT('',(6.,136.333495567756,155.614424597095));
#16065=CARTESIAN_POINT('',(11.,136.333495567756,155.614424597095));
#16066=CARTESIAN_POINT('Origin',(4.,125.221642633158,174.278007453597));
#16067=CARTESIAN_POINT('',(6.,125.221642633158,174.278007453597));
#16068=CARTESIAN_POINT('',(6.,100.278357366842,168.976148500634));
#16069=CARTESIAN_POINT('',(6.,99.2649776961009,168.760748002155));
#16070=CARTESIAN_POINT('',(11.,125.221642633158,174.278007453597));
#16071=CARTESIAN_POINT('',(4.,125.221642633158,174.278007453597));
#16072=CARTESIAN_POINT('',(11.,100.278357366842,168.976148500634));
#16073=CARTESIAN_POINT('',(11.,99.2649776961009,168.760748002155));
#16074=CARTESIAN_POINT('',(4.,100.278357366842,168.976148500634));
#16075=CARTESIAN_POINT('Origin',(4.,100.278357366842,168.976148500634));
#16076=CARTESIAN_POINT('',(6.,112.75,128.089707330453));
#16077=CARTESIAN_POINT('',(6.,106.355461626215,149.053258381466));
#16078=CARTESIAN_POINT('',(11.,112.75,128.089707330453));
#16079=CARTESIAN_POINT('',(11.,106.355461626215,149.053258381466));
#16080=CARTESIAN_POINT('',(4.,112.75,128.089707330453));
#16081=CARTESIAN_POINT('Origin',(4.,112.75,128.089707330453));
#16082=CARTESIAN_POINT('',(6.,110.704221486627,120.513236873393));
#16083=CARTESIAN_POINT('',(11.,110.704221486627,120.513236873393));
#16084=CARTESIAN_POINT('Origin',(4.,64.7216426331584,161.41833547256));
#16085=CARTESIAN_POINT('',(6.,64.7216426331584,161.41833547256));
#16086=CARTESIAN_POINT('',(6.,39.7783573668416,156.116476519597));
#16087=CARTESIAN_POINT('',(6.,69.0149776961009,162.330912011637));
#16088=CARTESIAN_POINT('',(11.,64.7216426331584,161.41833547256));
#16089=CARTESIAN_POINT('',(4.,64.7216426331584,161.41833547256));
#16090=CARTESIAN_POINT('',(11.,39.7783573668416,156.116476519597));
#16091=CARTESIAN_POINT('',(11.,69.0149776961009,162.330912011637));
#16092=CARTESIAN_POINT('',(4.,39.7783573668416,156.116476519597));
#16093=CARTESIAN_POINT('Origin',(4.,39.7783573668416,156.116476519597));
#16094=CARTESIAN_POINT('',(6.,52.25,115.230035349417));
#16095=CARTESIAN_POINT('',(6.,46.6361091271754,133.634348691214));
#16096=CARTESIAN_POINT('',(11.,52.25,115.230035349417));
#16097=CARTESIAN_POINT('',(11.,46.6361091271754,133.634348691214));
#16098=CARTESIAN_POINT('',(4.,52.25,115.230035349417));
#16099=CARTESIAN_POINT('Origin',(4.,52.25,115.230035349417));
#16100=CARTESIAN_POINT('',(6.,53.8780413953955,121.259430738241));
#16101=CARTESIAN_POINT('',(11.,53.8780413953955,121.259430738241));
#16102=CARTESIAN_POINT('Origin',(4.,24.6533573668416,31.2766447598971));
#16103=CARTESIAN_POINT('',(6.,24.6533573668416,31.2766447598971));
#16104=CARTESIAN_POINT('',(6.,49.5966426331584,36.5785037128599));
#16105=CARTESIAN_POINT('',(6.,61.3481623476757,39.0763663377751));
#16106=CARTESIAN_POINT('',(11.,24.6533573668416,31.2766447598971));
#16107=CARTESIAN_POINT('',(4.,24.6533573668416,31.2766447598971));
#16108=CARTESIAN_POINT('',(11.,49.5966426331584,36.5785037128599));
#16109=CARTESIAN_POINT('',(11.,61.3481623476757,39.0763663377751));
#16110=CARTESIAN_POINT('',(4.,49.5966426331584,36.5785037128599));
#16111=CARTESIAN_POINT('Origin',(4.,49.5966426331584,36.5785037128599));
#16112=CARTESIAN_POINT('',(6.,37.125,77.4649448830405));
#16113=CARTESIAN_POINT('',(6.,39.3570272177045,70.1475728085485));
#16114=CARTESIAN_POINT('',(11.,37.125,77.4649448830405));
#16115=CARTESIAN_POINT('',(11.,39.3570272177045,70.1475728085485));
#16116=CARTESIAN_POINT('',(4.,37.125,77.4649448830405));
#16117=CARTESIAN_POINT('Origin',(4.,37.125,77.4649448830405));
#16118=CARTESIAN_POINT('',(6.,44.0190892029642,102.996967452035));
#16119=CARTESIAN_POINT('',(11.,44.0190892029642,102.996967452035));
#16120=CARTESIAN_POINT('Origin',(4.,54.9033573668416,112.706480750415));
#16121=CARTESIAN_POINT('',(6.,54.9033573668416,112.706480750415));
#16122=CARTESIAN_POINT('',(6.,79.8466426331584,118.008339703378));
#16123=CARTESIAN_POINT('',(6.,68.8468502900044,115.670261663833));
#16124=CARTESIAN_POINT('',(11.,54.9033573668416,112.706480750415));
#16125=CARTESIAN_POINT('',(4.,54.9033573668416,112.706480750415));
#16126=CARTESIAN_POINT('',(11.,79.8466426331584,118.008339703378));
#16127=CARTESIAN_POINT('',(11.,68.8468502900044,115.670261663833));
#16128=CARTESIAN_POINT('',(4.,79.8466426331584,118.008339703378));
#16129=CARTESIAN_POINT('Origin',(4.,79.8466426331584,118.008339703378));
#16130=CARTESIAN_POINT('',(6.,67.375,158.894780873559));
#16131=CARTESIAN_POINT('',(6.,79.6816723944405,118.549170302728));
#16132=CARTESIAN_POINT('',(11.,67.375,158.894780873559));
#16133=CARTESIAN_POINT('',(11.,79.6816723944405,118.549170302728));
#16134=CARTESIAN_POINT('',(4.,67.375,158.894780873559));
#16135=CARTESIAN_POINT('Origin',(4.,67.375,158.894780873559));
#16136=CARTESIAN_POINT('',(6.,62.9946152957279,142.672176576204));
#16137=CARTESIAN_POINT('',(11.,62.9946152957279,142.672176576204));
#16138=CARTESIAN_POINT('Origin',(4.,141.448880877719,63.8443882281443));
#16139=CARTESIAN_POINT('',(6.,141.448880877719,63.8443882281443));
#16140=CARTESIAN_POINT('',(6.,141.448880877719,100.399940692988));
#16141=CARTESIAN_POINT('',(6.,141.448880877719,91.9221941140721));
#16142=CARTESIAN_POINT('',(11.,141.448880877719,63.8443882281443));
#16143=CARTESIAN_POINT('',(4.,141.448880877719,63.8443882281443));
#16144=CARTESIAN_POINT('',(11.,141.448880877719,100.399940692988));
#16145=CARTESIAN_POINT('',(11.,141.448880877719,91.9221941140721));
#16146=CARTESIAN_POINT('',(4.,141.448880877719,100.399940692988));
#16147=CARTESIAN_POINT('Origin',(4.,141.448880877719,100.399940692988));
#16148=CARTESIAN_POINT('',(6.,130.977238244561,98.1741243398467));
#16149=CARTESIAN_POINT('',(6.,115.241555650206,94.8294017520598));
#16150=CARTESIAN_POINT('',(11.,130.977238244561,98.1741243398467));
#16151=CARTESIAN_POINT('',(11.,115.241555650206,94.8294017520598));
#16152=CARTESIAN_POINT('',(4.,130.977238244561,98.1741243398467));
#16153=CARTESIAN_POINT('Origin',(4.,130.977238244561,98.1741243398467));
#16154=CARTESIAN_POINT('',(6.,125.86852664054,114.922281948042));
#16155=CARTESIAN_POINT('',(11.,125.86852664054,114.922281948042));
#16156=CARTESIAN_POINT('Origin',(4.,125.221642633158,99.2780074535966));
#16157=CARTESIAN_POINT('',(6.,125.221642633158,99.2780074535966));
#16158=CARTESIAN_POINT('',(6.,100.278357366842,93.9761485006338));
#16159=CARTESIAN_POINT('',(6.,106.891289753772,95.3817706713561));
#16160=CARTESIAN_POINT('',(11.,125.221642633158,99.2780074535966));
#16161=CARTESIAN_POINT('',(4.,125.221642633158,99.2780074535966));
#16162=CARTESIAN_POINT('',(11.,100.278357366842,93.9761485006338));
#16163=CARTESIAN_POINT('',(11.,106.891289753772,95.3817706713561));
#16164=CARTESIAN_POINT('',(4.,100.278357366842,93.9761485006338));
#16165=CARTESIAN_POINT('Origin',(4.,100.278357366842,93.9761485006338));
#16166=CARTESIAN_POINT('',(6.,112.75,53.0897073304532));
#16167=CARTESIAN_POINT('',(6.,95.8904926989995,108.361115732413));
#16168=CARTESIAN_POINT('',(11.,112.75,53.0897073304532));
#16169=CARTESIAN_POINT('',(11.,95.8904926989995,108.361115732413));
#16170=CARTESIAN_POINT('',(4.,112.75,53.0897073304532));
#16171=CARTESIAN_POINT('Origin',(4.,112.75,53.0897073304532));
#16172=CARTESIAN_POINT('',(6.,120.141785439479,80.4649308167998));
#16173=CARTESIAN_POINT('',(11.,120.141785439479,80.4649308167998));
#16174=CARTESIAN_POINT('Origin',(4.,64.7216426331584,86.4183354725603));
#16175=CARTESIAN_POINT('',(6.,64.7216426331584,86.4183354725603));
#16176=CARTESIAN_POINT('',(6.,39.7783573668416,81.1164765195975));
#16177=CARTESIAN_POINT('',(6.,76.6412897537722,88.9519346808379));
#16178=CARTESIAN_POINT('',(11.,64.7216426331584,86.4183354725603));
#16179=CARTESIAN_POINT('',(4.,64.7216426331584,86.4183354725603));
#16180=CARTESIAN_POINT('',(11.,39.7783573668416,81.1164765195975));
#16181=CARTESIAN_POINT('',(11.,76.6412897537722,88.9519346808379));
#16182=CARTESIAN_POINT('',(4.,39.7783573668416,81.1164765195975));
#16183=CARTESIAN_POINT('Origin',(4.,39.7783573668416,81.1164765195975));
#16184=CARTESIAN_POINT('',(6.,52.25,40.2300353494169));
#16185=CARTESIAN_POINT('',(6.,36.1711401999594,92.9422060421602));
#16186=CARTESIAN_POINT('',(11.,52.25,40.2300353494169));
#16187=CARTESIAN_POINT('',(11.,36.1711401999594,92.9422060421602));
#16188=CARTESIAN_POINT('',(4.,52.25,40.2300353494169));
#16189=CARTESIAN_POINT('Origin',(4.,52.25,40.2300353494169));
#16190=CARTESIAN_POINT('',(6.,63.3156053482477,81.2111246816481));
#16191=CARTESIAN_POINT('',(11.,63.3156053482477,81.2111246816481));
#16192=CARTESIAN_POINT('Origin',(4.,85.1533573668416,44.1363167409334));
#16193=CARTESIAN_POINT('',(6.,85.1533573668416,44.1363167409334));
#16194=CARTESIAN_POINT('',(6.,110.096642633158,49.4381756938962));
#16195=CARTESIAN_POINT('',(6.,91.5981623476757,45.5062023282933));
#16196=CARTESIAN_POINT('',(11.,85.1533573668416,44.1363167409334));
#16197=CARTESIAN_POINT('',(4.,85.1533573668416,44.1363167409334));
#16198=CARTESIAN_POINT('',(11.,110.096642633158,49.4381756938962));
#16199=CARTESIAN_POINT('',(11.,91.5981623476757,45.5062023282933));
#16200=CARTESIAN_POINT('',(4.,110.096642633158,49.4381756938962));
#16201=CARTESIAN_POINT('Origin',(4.,110.096642633158,49.4381756938962));
#16202=CARTESIAN_POINT('',(6.,97.625,90.3246168640768));
#16203=CARTESIAN_POINT('',(6.,99.0763797167446,85.566482498801));
#16204=CARTESIAN_POINT('',(11.,97.625,90.3246168640768));
#16205=CARTESIAN_POINT('',(11.,99.0763797167446,85.566482498801));
#16206=CARTESIAN_POINT('',(4.,97.625,90.3246168640768));
#16207=CARTESIAN_POINT('Origin',(4.,97.625,90.3246168640768));
#16208=CARTESIAN_POINT('',(6.,100.845269294196,102.250773587187));
#16209=CARTESIAN_POINT('',(11.,100.845269294196,102.250773587187));
#16210=CARTESIAN_POINT('Origin',(4.,54.9033573668416,37.7064807504152));
#16211=CARTESIAN_POINT('',(6.,54.9033573668416,37.7064807504152));
#16212=CARTESIAN_POINT('',(6.,79.8466426331584,43.008339703378));
#16213=CARTESIAN_POINT('',(6.,76.4731623476757,42.2912843330342));
#16214=CARTESIAN_POINT('',(11.,54.9033573668416,37.7064807504152));
#16215=CARTESIAN_POINT('',(4.,54.9033573668416,37.7064807504152));
#16216=CARTESIAN_POINT('',(11.,79.8466426331584,43.008339703378));
#16217=CARTESIAN_POINT('',(11.,76.4731623476757,42.2912843330342));
#16218=CARTESIAN_POINT('',(4.,79.8466426331584,43.008339703378));
#16219=CARTESIAN_POINT('Origin',(4.,79.8466426331584,43.008339703378));
#16220=CARTESIAN_POINT('',(6.,67.375,83.8947808735586));
#16221=CARTESIAN_POINT('',(6.,69.2167034672245,77.8570276536747));
#16222=CARTESIAN_POINT('',(11.,67.375,83.8947808735586));
#16223=CARTESIAN_POINT('',(11.,69.2167034672245,77.8570276536747));
#16224=CARTESIAN_POINT('',(4.,67.375,83.8947808735586));
#16225=CARTESIAN_POINT('Origin',(4.,67.375,83.8947808735586));
#16226=CARTESIAN_POINT('',(6.,72.4321792485801,102.623870519611));
#16227=CARTESIAN_POINT('',(11.,72.4321792485801,102.623870519611));
#16228=CARTESIAN_POINT('Origin',(4.,115.403357366842,50.5661527314516));
#16229=CARTESIAN_POINT('',(6.,115.403357366842,50.5661527314516));
#16230=CARTESIAN_POINT('',(6.,140.346642633158,55.8680116844144));
#16231=CARTESIAN_POINT('',(6.,106.723162347676,48.7211203235524));
#16232=CARTESIAN_POINT('',(11.,115.403357366842,50.5661527314516));
#16233=CARTESIAN_POINT('',(4.,115.403357366842,50.5661527314516));
#16234=CARTESIAN_POINT('',(11.,140.346642633158,55.8680116844144));
#16235=CARTESIAN_POINT('',(11.,106.723162347676,48.7211203235524));
#16236=CARTESIAN_POINT('',(4.,140.346642633158,55.8680116844144));
#16237=CARTESIAN_POINT('Origin',(4.,140.346642633158,55.8680116844144));
#16238=CARTESIAN_POINT('',(6.,127.875,96.754452854595));
#16239=CARTESIAN_POINT('',(6.,128.936055966265,93.2759373439271));
#16240=CARTESIAN_POINT('',(11.,127.875,96.754452854595));
#16241=CARTESIAN_POINT('',(11.,128.936055966265,93.2759373439271));
#16242=CARTESIAN_POINT('',(4.,127.875,96.754452854595));
#16243=CARTESIAN_POINT('Origin',(4.,127.875,96.754452854595));
#16244=CARTESIAN_POINT('',(6.,129.258359339812,101.877676654762));
#16245=CARTESIAN_POINT('',(11.,129.258359339812,101.877676654762));
#16246=CARTESIAN_POINT('Origin',(4.,94.9716426331584,92.8481714630785));
#16247=CARTESIAN_POINT('',(6.,94.9716426331584,92.8481714630785));
#16248=CARTESIAN_POINT('',(6.,70.0283573668416,87.5463125101156));
#16249=CARTESIAN_POINT('',(6.,91.7662897537722,92.166852676097));
#16250=CARTESIAN_POINT('',(11.,94.9716426331584,92.8481714630785));
#16251=CARTESIAN_POINT('',(4.,94.9716426331584,92.8481714630785));
#16252=CARTESIAN_POINT('',(11.,70.0283573668416,87.5463125101156));
#16253=CARTESIAN_POINT('',(11.,91.7662897537722,92.166852676097));
#16254=CARTESIAN_POINT('',(4.,70.0283573668416,87.5463125101156));
#16255=CARTESIAN_POINT('Origin',(4.,70.0283573668416,87.5463125101156));
#16256=CARTESIAN_POINT('',(6.,82.5,46.6598713399351));
#16257=CARTESIAN_POINT('',(6.,66.0308164494795,100.651660887286));
#16258=CARTESIAN_POINT('',(11.,82.5,46.6598713399351));
#16259=CARTESIAN_POINT('',(11.,66.0308164494795,100.651660887286));
#16260=CARTESIAN_POINT('',(4.,82.5,46.6598713399351));
#16261=CARTESIAN_POINT('Origin',(4.,82.5,46.6598713399351));
#16262=CARTESIAN_POINT('',(6.,91.7286953938636,80.838027749224));
#16263=CARTESIAN_POINT('',(11.,91.7286953938636,80.838027749224));
#16264=CARTESIAN_POINT('Origin',(4.,23.5511191222805,75.3399978256606));
#16265=CARTESIAN_POINT('',(6.,23.5511191222805,75.3399978256606));
#16266=CARTESIAN_POINT('',(6.,23.5511191222805,38.7844453608167));
#16267=CARTESIAN_POINT('',(6.,23.5511191222805,97.6699989128303));
#16268=CARTESIAN_POINT('',(11.,23.5511191222805,75.3399978256606));
#16269=CARTESIAN_POINT('',(4.,23.5511191222805,75.3399978256606));
#16270=CARTESIAN_POINT('',(11.,23.5511191222805,38.7844453608167));
#16271=CARTESIAN_POINT('',(11.,23.5511191222805,97.6699989128303));
#16272=CARTESIAN_POINT('',(4.,23.5511191222805,38.7844453608167));
#16273=CARTESIAN_POINT('Origin',(4.,23.5511191222805,38.7844453608167));
#16274=CARTESIAN_POINT('',(6.,34.0227617554389,77.5658141788019));
#16275=CARTESIAN_POINT('',(6.,35.7737428695303,84.0505125931542));
#16276=CARTESIAN_POINT('',(11.,34.0227617554389,77.5658141788019));
#16277=CARTESIAN_POINT('',(11.,35.7737428695303,84.0505125931542));
#16278=CARTESIAN_POINT('',(4.,34.0227617554389,77.5658141788019));
#16279=CARTESIAN_POINT('Origin',(4.,34.0227617554389,77.5658141788019));
#16280=CARTESIAN_POINT('',(6.,61.5284960890656,83.4123384949667));
#16281=CARTESIAN_POINT('',(11.,61.5284960890656,83.4123384949667));
#16282=CARTESIAN_POINT('Origin',(4.,24.6533573668416,106.276644759897));
#16283=CARTESIAN_POINT('',(6.,24.6533573668416,106.276644759897));
#16284=CARTESIAN_POINT('',(6.,49.5966426331584,111.57850371286));
#16285=CARTESIAN_POINT('',(6.,53.7218502900044,112.455343668574));
#16286=CARTESIAN_POINT('',(11.,24.6533573668416,106.276644759897));
#16287=CARTESIAN_POINT('',(4.,24.6533573668416,106.276644759897));
#16288=CARTESIAN_POINT('',(11.,49.5966426331584,111.57850371286));
#16289=CARTESIAN_POINT('',(11.,53.7218502900044,112.455343668574));
#16290=CARTESIAN_POINT('',(4.,49.5966426331584,111.57850371286));
#16291=CARTESIAN_POINT('Origin',(4.,49.5966426331584,111.57850371286));
#16292=CARTESIAN_POINT('',(6.,37.125,152.46494488304));
#16293=CARTESIAN_POINT('',(6.,49.8219961449204,110.839715457602));
#16294=CARTESIAN_POINT('',(11.,37.125,152.46494488304));
#16295=CARTESIAN_POINT('',(11.,49.8219961449204,110.839715457602));
#16296=CARTESIAN_POINT('',(4.,37.125,152.46494488304));
#16297=CARTESIAN_POINT('Origin',(4.,37.125,152.46494488304));
#16298=CARTESIAN_POINT('',(6.,34.581525250112,143.045273508628));
#16299=CARTESIAN_POINT('',(11.,34.581525250112,143.045273508628));
#16300=CARTESIAN_POINT('Origin',(4.,85.1533573668416,119.136316740933));
#16301=CARTESIAN_POINT('',(6.,85.1533573668416,119.136316740933));
#16302=CARTESIAN_POINT('',(6.,110.096642633158,124.438175693896));
#16303=CARTESIAN_POINT('',(6.,83.9718502900044,118.885179659092));
#16304=CARTESIAN_POINT('',(11.,85.1533573668416,119.136316740933));
#16305=CARTESIAN_POINT('',(4.,85.1533573668416,119.136316740933));
#16306=CARTESIAN_POINT('',(11.,110.096642633158,124.438175693896));
#16307=CARTESIAN_POINT('',(11.,83.9718502900044,118.885179659092));
#16308=CARTESIAN_POINT('',(4.,110.096642633158,124.438175693896));
#16309=CARTESIAN_POINT('Origin',(4.,110.096642633158,124.438175693896));
#16310=CARTESIAN_POINT('',(6.,97.625,165.324616864077));
#16311=CARTESIAN_POINT('',(6.,109.541348643961,126.258625147854));
#16312=CARTESIAN_POINT('',(11.,97.625,165.324616864077));
#16313=CARTESIAN_POINT('',(11.,109.541348643961,126.258625147854));
#16314=CARTESIAN_POINT('',(4.,97.625,165.324616864077));
#16315=CARTESIAN_POINT('Origin',(4.,97.625,165.324616864077));
#16316=CARTESIAN_POINT('',(6.,91.4077053413437,142.29907964378));
#16317=CARTESIAN_POINT('',(11.,91.4077053413437,142.29907964378));
#16318=CARTESIAN_POINT('Origin',(4.,115.403357366842,125.566152731452));
#16319=CARTESIAN_POINT('',(6.,115.403357366842,125.566152731452));
#16320=CARTESIAN_POINT('',(6.,140.346642633158,130.868011684414));
#16321=CARTESIAN_POINT('',(6.,99.0968502900044,122.100097654351));
#16322=CARTESIAN_POINT('',(11.,115.403357366842,125.566152731452));
#16323=CARTESIAN_POINT('',(4.,115.403357366842,125.566152731452));
#16324=CARTESIAN_POINT('',(11.,140.346642633158,130.868011684414));
#16325=CARTESIAN_POINT('',(11.,99.0968502900044,122.100097654351));
#16326=CARTESIAN_POINT('',(4.,140.346642633158,130.868011684414));
#16327=CARTESIAN_POINT('Origin',(4.,140.346642633158,130.868011684414));
#16328=CARTESIAN_POINT('',(6.,127.875,171.754452854595));
#16329=CARTESIAN_POINT('',(6.,139.401024893481,133.96807999298));
#16330=CARTESIAN_POINT('',(11.,127.875,171.754452854595));
#16331=CARTESIAN_POINT('',(11.,139.401024893481,133.96807999298));
#16332=CARTESIAN_POINT('',(4.,127.875,171.754452854595));
#16333=CARTESIAN_POINT('Origin',(4.,127.875,171.754452854595));
#16334=CARTESIAN_POINT('',(6.,119.82079538696,141.925982711356));
#16335=CARTESIAN_POINT('',(11.,119.82079538696,141.925982711356));
#16336=CARTESIAN_POINT('Origin',(4.,94.9716426331584,167.848171463078));
#16337=CARTESIAN_POINT('',(6.,94.9716426331584,167.848171463078));
#16338=CARTESIAN_POINT('',(6.,70.0283573668416,162.546312510116));
#16339=CARTESIAN_POINT('',(6.,84.1399776961009,165.545830006896));
#16340=CARTESIAN_POINT('',(11.,94.9716426331584,167.848171463078));
#16341=CARTESIAN_POINT('',(4.,94.9716426331584,167.848171463078));
#16342=CARTESIAN_POINT('',(11.,70.0283573668416,162.546312510116));
#16343=CARTESIAN_POINT('',(11.,84.1399776961009,165.545830006896));
#16344=CARTESIAN_POINT('',(4.,70.0283573668416,162.546312510116));
#16345=CARTESIAN_POINT('Origin',(4.,70.0283573668416,162.546312510116));
#16346=CARTESIAN_POINT('',(6.,82.5,121.659871339935));
#16347=CARTESIAN_POINT('',(6.,76.4957853766954,141.34380353634));
#16348=CARTESIAN_POINT('',(11.,82.5,121.659871339935));
#16349=CARTESIAN_POINT('',(11.,76.4957853766954,141.34380353634));
#16350=CARTESIAN_POINT('',(4.,82.5,121.659871339935));
#16351=CARTESIAN_POINT('Origin',(4.,82.5,121.659871339935));
#16352=CARTESIAN_POINT('',(6.,82.2911314410114,120.886333805817));
#16353=CARTESIAN_POINT('',(11.,82.2911314410114,120.886333805817));
#16354=CARTESIAN_POINT('Origin',(4.,23.5511191222805,150.339997825661));
#16355=CARTESIAN_POINT('',(6.,23.5511191222805,150.339997825661));
#16356=CARTESIAN_POINT('',(6.,23.5511191222805,113.784445360817));
#16357=CARTESIAN_POINT('',(6.,23.5511191222805,135.16999891283));
#16358=CARTESIAN_POINT('',(11.,23.5511191222805,150.339997825661));
#16359=CARTESIAN_POINT('',(4.,23.5511191222805,150.339997825661));
#16360=CARTESIAN_POINT('',(11.,23.5511191222805,113.784445360817));
#16361=CARTESIAN_POINT('',(11.,23.5511191222805,135.16999891283));
#16362=CARTESIAN_POINT('',(4.,23.5511191222805,113.784445360817));
#16363=CARTESIAN_POINT('Origin',(4.,23.5511191222805,113.784445360817));
#16364=CARTESIAN_POINT('',(6.,34.0227617554389,152.565814178802));
#16365=CARTESIAN_POINT('',(6.,26.3361789166782,124.098818649747));
#16366=CARTESIAN_POINT('',(11.,34.0227617554389,152.565814178802));
#16367=CARTESIAN_POINT('',(11.,26.3361789166782,124.098818649747));
#16368=CARTESIAN_POINT('',(4.,34.0227617554389,152.565814178802));
#16369=CARTESIAN_POINT('Origin',(4.,34.0227617554389,152.565814178802));
#16370=CARTESIAN_POINT('',(6.,53.9021840313944,156.791315825765));
#16371=CARTESIAN_POINT('',(11.,53.9021840313944,156.791315825765));
#16372=CARTESIAN_POINT('Origin',(4.,55.355043525233,186.993689175704));
#16373=CARTESIAN_POINT('',(6.,55.355043525233,186.993689175704));
#16374=CARTESIAN_POINT('',(6.,79.394956474767,192.103530415104));
#16375=CARTESIAN_POINT('',(6.,61.5286235046347,188.305924109321));
#16376=CARTESIAN_POINT('',(11.,55.355043525233,186.993689175704));
#16377=CARTESIAN_POINT('',(4.,55.355043525233,186.993689175704));
#16378=CARTESIAN_POINT('',(11.,79.394956474767,192.103530415104));
#16379=CARTESIAN_POINT('',(11.,61.5286235046347,188.305924109321));
#16380=CARTESIAN_POINT('',(4.,79.394956474767,192.103530415104));
#16381=CARTESIAN_POINT('Origin',(4.,79.394956474767,192.103530415104));
#16382=CARTESIAN_POINT('',(6.,67.375,216.012381736544));
#16383=CARTESIAN_POINT('',(6.,94.1761313719026,162.702349660939));
#16384=CARTESIAN_POINT('',(11.,67.375,216.012381736544));
#16385=CARTESIAN_POINT('',(11.,94.1761313719026,162.702349660939));
#16386=CARTESIAN_POINT('',(4.,67.375,216.012381736544));
#16387=CARTESIAN_POINT('Origin',(4.,67.375,216.012381736544));
#16388=CARTESIAN_POINT('',(6.,51.5097337274533,177.710305907453));
#16389=CARTESIAN_POINT('',(11.,51.5097337274533,177.710305907453));
#16390=CARTESIAN_POINT('Origin',(4.,115.855043525233,199.853361156741));
#16391=CARTESIAN_POINT('',(6.,115.855043525233,199.853361156741));
#16392=CARTESIAN_POINT('',(6.,139.894956474767,204.96320239614));
#16393=CARTESIAN_POINT('',(6.,91.7786235046347,194.735760099839));
#16394=CARTESIAN_POINT('',(11.,115.855043525233,199.853361156741));
#16395=CARTESIAN_POINT('',(4.,115.855043525233,199.853361156741));
#16396=CARTESIAN_POINT('',(11.,139.894956474767,204.96320239614));
#16397=CARTESIAN_POINT('',(11.,91.7786235046347,194.735760099839));
#16398=CARTESIAN_POINT('',(4.,139.894956474767,204.96320239614));
#16399=CARTESIAN_POINT('Origin',(4.,139.894956474767,204.96320239614));
#16400=CARTESIAN_POINT('',(6.,127.875,228.87205371758));
#16401=CARTESIAN_POINT('',(6.,151.15339920611,182.569075267669));
#16402=CARTESIAN_POINT('',(11.,127.875,228.87205371758));
#16403=CARTESIAN_POINT('',(11.,151.15339920611,182.569075267669));
#16404=CARTESIAN_POINT('',(4.,127.875,228.87205371758));
#16405=CARTESIAN_POINT('Origin',(4.,127.875,228.87205371758));
#16406=CARTESIAN_POINT('',(6.,105.306417873425,174.38676937899));
#16407=CARTESIAN_POINT('',(11.,105.306417873425,174.38676937899));
#16408=CARTESIAN_POINT('Origin',(4.,124.769956474767,230.490799028308));
#16409=CARTESIAN_POINT('',(6.,124.769956474767,230.490799028308));
#16410=CARTESIAN_POINT('',(6.,100.730043525233,225.380957788908));
#16411=CARTESIAN_POINT('',(6.,93.3134215011226,223.804506112257));
#16412=CARTESIAN_POINT('',(11.,124.769956474767,230.490799028308));
#16413=CARTESIAN_POINT('',(4.,124.769956474767,230.490799028308));
#16414=CARTESIAN_POINT('',(11.,100.730043525233,225.380957788908));
#16415=CARTESIAN_POINT('',(11.,93.3134215011226,223.804506112257));
#16416=CARTESIAN_POINT('',(4.,100.730043525233,225.380957788908));
#16417=CARTESIAN_POINT('Origin',(4.,100.730043525233,225.380957788908));
#16418=CARTESIAN_POINT('',(6.,112.75,201.472106467468));
#16419=CARTESIAN_POINT('',(6.,120.036274763237,186.979004070043));
#16420=CARTESIAN_POINT('',(11.,112.75,201.472106467468));
#16421=CARTESIAN_POINT('',(11.,120.036274763237,186.979004070043));
#16422=CARTESIAN_POINT('',(4.,112.75,201.472106467468));
#16423=CARTESIAN_POINT('Origin',(4.,112.75,201.472106467468));
#16424=CARTESIAN_POINT('',(6.,96.1326015285616,161.354225972981));
#16425=CARTESIAN_POINT('',(11.,96.1326015285616,161.354225972981));
#16426=CARTESIAN_POINT('Origin',(-2.,139.5,222.5));
#16427=CARTESIAN_POINT('',(6.,139.5,222.5));
#16428=CARTESIAN_POINT('',(6.,146.5,222.5));
#16429=CARTESIAN_POINT('',(6.,111.,222.5));
#16430=CARTESIAN_POINT('',(11.,139.5,222.5));
#16431=CARTESIAN_POINT('',(-2.,139.5,222.5));
#16432=CARTESIAN_POINT('',(11.,146.5,222.5));
#16433=CARTESIAN_POINT('',(11.,111.,222.5));
#16434=CARTESIAN_POINT('',(-2.,146.5,222.5));
#16435=CARTESIAN_POINT('Origin',(-2.,146.5,222.5));
#16436=CARTESIAN_POINT('',(6.,146.5,229.5));
#16437=CARTESIAN_POINT('',(6.,146.5,171.25));
#16438=CARTESIAN_POINT('',(11.,146.5,229.5));
#16439=CARTESIAN_POINT('',(11.,146.5,171.25));
#16440=CARTESIAN_POINT('',(-2.,146.5,229.5));
#16441=CARTESIAN_POINT('Origin',(-2.,146.5,229.5));
#16442=CARTESIAN_POINT('',(6.,139.5,229.5));
#16443=CARTESIAN_POINT('',(6.,114.5,229.5));
#16444=CARTESIAN_POINT('',(11.,139.5,229.5));
#16445=CARTESIAN_POINT('',(11.,114.5,229.5));
#16446=CARTESIAN_POINT('',(-2.,139.5,229.5));
#16447=CARTESIAN_POINT('Origin',(-2.,139.5,229.5));
#16448=CARTESIAN_POINT('',(6.,139.5,174.75));
#16449=CARTESIAN_POINT('',(11.,139.5,174.75));
#16450=CARTESIAN_POINT('Origin',(-2.,139.5,10.5));
#16451=CARTESIAN_POINT('',(6.,139.5,10.5));
#16452=CARTESIAN_POINT('',(6.,146.5,10.5));
#16453=CARTESIAN_POINT('',(6.,111.,10.5));
#16454=CARTESIAN_POINT('',(11.,139.5,10.5));
#16455=CARTESIAN_POINT('',(-2.,139.5,10.5));
#16456=CARTESIAN_POINT('',(11.,146.5,10.5));
#16457=CARTESIAN_POINT('',(11.,111.,10.5));
#16458=CARTESIAN_POINT('',(-2.,146.5,10.5));
#16459=CARTESIAN_POINT('Origin',(-2.,146.5,10.5));
#16460=CARTESIAN_POINT('',(6.,146.5,17.5));
#16461=CARTESIAN_POINT('',(6.,146.5,65.25));
#16462=CARTESIAN_POINT('',(11.,146.5,17.5));
#16463=CARTESIAN_POINT('',(11.,146.5,65.25));
#16464=CARTESIAN_POINT('',(-2.,146.5,17.5));
#16465=CARTESIAN_POINT('Origin',(-2.,146.5,17.5));
#16466=CARTESIAN_POINT('',(6.,139.5,17.5));
#16467=CARTESIAN_POINT('',(6.,114.5,17.5));
#16468=CARTESIAN_POINT('',(11.,139.5,17.5));
#16469=CARTESIAN_POINT('',(11.,114.5,17.5));
#16470=CARTESIAN_POINT('',(-2.,139.5,17.5));
#16471=CARTESIAN_POINT('Origin',(-2.,139.5,17.5));
#16472=CARTESIAN_POINT('',(6.,139.5,68.75));
#16473=CARTESIAN_POINT('',(11.,139.5,68.75));
#16474=CARTESIAN_POINT('Origin',(0.,28.,167.27533937002));
#16475=CARTESIAN_POINT('',(0.,26.,166.27533937002));
#16476=CARTESIAN_POINT('',(0.,28.,167.27533937002));
#16477=CARTESIAN_POINT('',(0.,26.,166.27533937002));
#16478=CARTESIAN_POINT('',(6.,26.,166.27533937002));
#16479=CARTESIAN_POINT('',(0.,26.0000000000001,166.27533937002));
#16480=CARTESIAN_POINT('',(6.,28.,167.27533937002));
#16481=CARTESIAN_POINT('',(6.,40.3449321259957,173.447805433018));
#16482=CARTESIAN_POINT('',(0.,28.,167.27533937002));
#16483=CARTESIAN_POINT('Origin',(0.,31.,168.33812217837));
#16484=CARTESIAN_POINT('',(0.,31.,168.33812217837));
#16485=CARTESIAN_POINT('',(0.,28.,167.27533937002));
#16486=CARTESIAN_POINT('',(6.,31.,168.33812217837));
#16487=CARTESIAN_POINT('',(6.,46.2712869041618,173.748142572745));
#16488=CARTESIAN_POINT('',(0.,31.,168.33812217837));
#16489=CARTESIAN_POINT('Origin',(0.,33.,167.76323530171));
#16490=CARTESIAN_POINT('',(0.,33.,167.76323530171));
#16491=CARTESIAN_POINT('',(0.,31.,168.33812217837));
#16492=CARTESIAN_POINT('',(6.,33.,167.76323530171));
#16493=CARTESIAN_POINT('',(6.,62.2018486270069,159.369355526772));
#16494=CARTESIAN_POINT('',(0.,33.0000000000001,167.76323530171));
#16495=CARTESIAN_POINT('Origin',(0.,145.,191.569570208753));
#16496=CARTESIAN_POINT('',(6.,145.,191.569570208753));
#16497=CARTESIAN_POINT('',(6.,107.823360541063,183.667431550915));
#16498=CARTESIAN_POINT('',(0.,145.,191.569570208753));
#16499=CARTESIAN_POINT('',(0.,145.,191.569570208753));
#16500=CARTESIAN_POINT('',(0.,145.,191.569570208753));
#16501=CARTESIAN_POINT('Origin',(6.,82.5,120.));
#16502=CARTESIAN_POINT('',(6.,15.,190.));
#16503=CARTESIAN_POINT('',(6.,15.,0.));
#16504=CARTESIAN_POINT('',(6.,15.,190.));
#16505=CARTESIAN_POINT('',(6.,70.,240.));
#16506=CARTESIAN_POINT('',(6.,70.,240.));
#16507=CARTESIAN_POINT('',(6.,150.,240.));
#16508=CARTESIAN_POINT('',(6.,150.,240.));
#16509=CARTESIAN_POINT('',(6.,150.,0.));
#16510=CARTESIAN_POINT('',(6.,150.,0.));
#16511=CARTESIAN_POINT('',(6.,15.,0.));
#16512=CARTESIAN_POINT('',(6.,145.,124.769570208753));
#16513=CARTESIAN_POINT('',(6.,20.,98.2));
#16514=CARTESIAN_POINT('',(6.,114.615862480429,118.311222408284));
#16515=CARTESIAN_POINT('',(6.,20.,93.2));
#16516=CARTESIAN_POINT('',(6.,20.,109.1));
#16517=CARTESIAN_POINT('',(6.,145.,119.769570208753));
#16518=CARTESIAN_POINT('',(6.,52.6242832842735,100.134505481854));
#16519=CARTESIAN_POINT('',(6.,145.,119.884785104376));
#16520=CARTESIAN_POINT('',(6.,33.,92.7632353017103));
#16521=CARTESIAN_POINT('',(6.,31.,93.3381221783702));
#16522=CARTESIAN_POINT('',(6.,52.2453617735412,87.2312823416192));
#16523=CARTESIAN_POINT('',(6.,28.,92.2753393700201));
#16524=CARTESIAN_POINT('',(6.,58.074730292395,102.929641476861));
#16525=CARTESIAN_POINT('',(6.,26.,91.2753393700201));
#16526=CARTESIAN_POINT('',(6.,55.344932125996,105.947805433018));
#16527=CARTESIAN_POINT('',(6.,20.,90.));
#16528=CARTESIAN_POINT('',(6.,115.449672598734,110.288454220116));
#16529=CARTESIAN_POINT('',(6.,20.,84.));
#16530=CARTESIAN_POINT('',(6.,20.,105.));
#16531=CARTESIAN_POINT('',(6.,145.,110.569570208753));
#16532=CARTESIAN_POINT('',(6.,53.5597775633478,91.133350929276));
#16533=CARTESIAN_POINT('',(6.,145.,116.569570208753));
#16534=CARTESIAN_POINT('',(6.,145.,115.284785104376));
#16535=CARTESIAN_POINT('',(6.,115.449672598734,110.288454220116));
#16536=CARTESIAN_POINT('',(6.,33.,17.7632353017103));
#16537=CARTESIAN_POINT('',(6.,31.,18.3381221783702));
#16538=CARTESIAN_POINT('',(6.,42.2888749200757,15.0932091564667));
#16539=CARTESIAN_POINT('',(6.,28.,17.2753393700201));
#16540=CARTESIAN_POINT('',(6.,69.8781736806282,32.1111403809773));
#16541=CARTESIAN_POINT('',(6.,26.,16.2753393700201));
#16542=CARTESIAN_POINT('',(6.,70.344932125996,38.4478054330182));
#16543=CARTESIAN_POINT('',(6.,20.,15.));
#16544=CARTESIAN_POINT('',(6.,123.075984656405,36.9094768893175));
#16545=CARTESIAN_POINT('',(6.,20.,9.));
#16546=CARTESIAN_POINT('',(6.,20.,67.5));
#16547=CARTESIAN_POINT('',(6.,145.,35.5695702087528));
#16548=CARTESIAN_POINT('',(6.,61.1860896210191,17.7543735984772));
#16549=CARTESIAN_POINT('',(6.,145.,41.5695702087528));
#16550=CARTESIAN_POINT('',(6.,145.,77.7847851043764));
#16551=CARTESIAN_POINT('',(6.,123.075984656405,36.9094768893175));
#16552=CARTESIAN_POINT('',(6.,145.,49.7695702087528));
#16553=CARTESIAN_POINT('',(6.,20.,23.2));
#16554=CARTESIAN_POINT('',(6.,122.2421745381,44.9322450774848));
#16555=CARTESIAN_POINT('',(6.,20.,18.2));
#16556=CARTESIAN_POINT('',(6.,20.,71.6));
#16557=CARTESIAN_POINT('',(6.,145.,44.7695702087528));
#16558=CARTESIAN_POINT('',(6.,60.2505953419448,26.7555281510552));
#16559=CARTESIAN_POINT('',(6.,145.,82.3847851043764));
#16560=CARTESIAN_POINT('',(6.,20.,165.));
#16561=CARTESIAN_POINT('',(6.,107.823360541063,183.667431550915));
#16562=CARTESIAN_POINT('',(6.,20.,159.));
#16563=CARTESIAN_POINT('',(6.,20.,142.5));
#16564=CARTESIAN_POINT('',(6.,145.,185.569570208753));
#16565=CARTESIAN_POINT('',(6.,45.9334655056766,164.512328260075));
#16566=CARTESIAN_POINT('',(6.,145.,152.784785104376));
#16567=CARTESIAN_POINT('',(6.,145.,199.769570208753));
#16568=CARTESIAN_POINT('',(6.,20.,173.2));
#16569=CARTESIAN_POINT('',(6.,106.989550422757,191.690199739082));
#16570=CARTESIAN_POINT('',(6.,20.,168.2));
#16571=CARTESIAN_POINT('',(6.,20.,146.6));
#16572=CARTESIAN_POINT('',(6.,145.,194.769570208753));
#16573=CARTESIAN_POINT('',(6.,44.9979712266023,173.513482812653));
#16574=CARTESIAN_POINT('',(6.,145.,157.384785104376));
#16575=CARTESIAN_POINT('Origin',(0.,145.,199.769570208753));
#16576=CARTESIAN_POINT('',(0.,145.,199.769570208753));
#16577=CARTESIAN_POINT('',(0.,20.,173.2));
#16578=CARTESIAN_POINT('',(0.,145.,199.769570208753));
#16579=CARTESIAN_POINT('',(0.,20.,173.2));
#16580=CARTESIAN_POINT('',(0.,145.,199.769570208753));
#16581=CARTESIAN_POINT('Origin',(0.,145.,194.769570208753));
#16582=CARTESIAN_POINT('',(0.,145.,194.769570208753));
#16583=CARTESIAN_POINT('',(0.,145.,194.769570208753));
#16584=CARTESIAN_POINT('',(0.,145.,194.769570208753));
#16585=CARTESIAN_POINT('Origin',(0.,20.,168.2));
#16586=CARTESIAN_POINT('',(0.,20.,168.2));
#16587=CARTESIAN_POINT('',(0.,20.,168.2));
#16588=CARTESIAN_POINT('',(0.,20.,168.2));
#16589=CARTESIAN_POINT('Origin',(0.,20.,173.2));
#16590=CARTESIAN_POINT('',(0.,20.,173.2));
#16591=CARTESIAN_POINT('Origin',(0.,82.5,183.984785104376));
#16592=CARTESIAN_POINT('Origin',(0.,145.,191.569570208753));
#16593=CARTESIAN_POINT('',(0.,20.,165.));
#16594=CARTESIAN_POINT('',(0.,145.,191.569570208753));
#16595=CARTESIAN_POINT('',(0.,20.,165.));
#16596=CARTESIAN_POINT('Origin',(0.,145.,185.569570208753));
#16597=CARTESIAN_POINT('',(0.,145.,185.569570208753));
#16598=CARTESIAN_POINT('',(0.,145.,185.569570208753));
#16599=CARTESIAN_POINT('',(0.,145.,185.569570208753));
#16600=CARTESIAN_POINT('Origin',(0.,20.,159.));
#16601=CARTESIAN_POINT('',(0.,20.,159.));
#16602=CARTESIAN_POINT('',(0.,20.,159.));
#16603=CARTESIAN_POINT('',(0.,20.,159.));
#16604=CARTESIAN_POINT('Origin',(0.,20.,165.));
#16605=CARTESIAN_POINT('',(0.,20.,165.));
#16606=CARTESIAN_POINT('Origin',(0.,82.5,175.284785104376));
#16607=CARTESIAN_POINT('Origin',(0.,28.,92.2753393700201));
#16608=CARTESIAN_POINT('',(0.,26.,91.2753393700201));
#16609=CARTESIAN_POINT('',(0.,28.,92.2753393700201));
#16610=CARTESIAN_POINT('',(0.,26.,91.2753393700201));
#16611=CARTESIAN_POINT('',(0.,26.,91.2753393700201));
#16612=CARTESIAN_POINT('',(0.,28.,92.2753393700201));
#16613=CARTESIAN_POINT('Origin',(0.,31.,93.3381221783702));
#16614=CARTESIAN_POINT('',(0.,31.,93.3381221783702));
#16615=CARTESIAN_POINT('',(0.,28.,92.2753393700201));
#16616=CARTESIAN_POINT('',(0.,31.,93.3381221783702));
#16617=CARTESIAN_POINT('Origin',(0.,33.,92.7632353017103));
#16618=CARTESIAN_POINT('',(0.,33.,92.7632353017103));
#16619=CARTESIAN_POINT('',(0.,31.,93.3381221783702));
#16620=CARTESIAN_POINT('',(0.,33.,92.7632353017103));
#16621=CARTESIAN_POINT('Origin',(0.,145.,116.569570208753));
#16622=CARTESIAN_POINT('',(0.,145.,116.569570208753));
#16623=CARTESIAN_POINT('',(0.,145.,116.569570208753));
#16624=CARTESIAN_POINT('',(0.,145.,116.569570208753));
#16625=CARTESIAN_POINT('Origin',(0.,145.,124.769570208753));
#16626=CARTESIAN_POINT('',(0.,145.,124.769570208753));
#16627=CARTESIAN_POINT('',(0.,20.,98.2));
#16628=CARTESIAN_POINT('',(0.,145.,124.769570208753));
#16629=CARTESIAN_POINT('',(0.,20.,98.2));
#16630=CARTESIAN_POINT('',(0.,145.,124.769570208753));
#16631=CARTESIAN_POINT('Origin',(0.,145.,119.769570208753));
#16632=CARTESIAN_POINT('',(0.,145.,119.769570208753));
#16633=CARTESIAN_POINT('',(0.,145.,119.769570208753));
#16634=CARTESIAN_POINT('',(0.,145.,119.769570208753));
#16635=CARTESIAN_POINT('Origin',(0.,20.,93.2));
#16636=CARTESIAN_POINT('',(0.,20.,93.2));
#16637=CARTESIAN_POINT('',(0.,20.,93.2));
#16638=CARTESIAN_POINT('',(0.,20.,93.2));
#16639=CARTESIAN_POINT('Origin',(0.,20.,98.2));
#16640=CARTESIAN_POINT('',(0.,20.,98.2));
#16641=CARTESIAN_POINT('Origin',(0.,82.5,108.984785104376));
#16642=CARTESIAN_POINT('Origin',(0.,145.,116.569570208753));
#16643=CARTESIAN_POINT('',(0.,20.,90.));
#16644=CARTESIAN_POINT('',(0.,145.,116.569570208753));
#16645=CARTESIAN_POINT('',(0.,20.,90.));
#16646=CARTESIAN_POINT('Origin',(0.,145.,110.569570208753));
#16647=CARTESIAN_POINT('',(0.,145.,110.569570208753));
#16648=CARTESIAN_POINT('',(0.,145.,110.569570208753));
#16649=CARTESIAN_POINT('',(0.,145.,110.569570208753));
#16650=CARTESIAN_POINT('Origin',(0.,20.,84.));
#16651=CARTESIAN_POINT('',(0.,20.,84.));
#16652=CARTESIAN_POINT('',(0.,20.,84.));
#16653=CARTESIAN_POINT('',(0.,20.,84.));
#16654=CARTESIAN_POINT('Origin',(0.,20.,90.));
#16655=CARTESIAN_POINT('',(0.,20.,90.));
#16656=CARTESIAN_POINT('Origin',(0.,82.5,100.284785104376));
#16657=CARTESIAN_POINT('Origin',(0.,28.,17.2753393700201));
#16658=CARTESIAN_POINT('',(0.,26.,16.2753393700201));
#16659=CARTESIAN_POINT('',(0.,28.,17.2753393700201));
#16660=CARTESIAN_POINT('',(0.,26.,16.2753393700201));
#16661=CARTESIAN_POINT('',(0.,26.,16.2753393700201));
#16662=CARTESIAN_POINT('',(0.,28.,17.2753393700201));
#16663=CARTESIAN_POINT('Origin',(0.,31.,18.3381221783702));
#16664=CARTESIAN_POINT('',(0.,31.,18.3381221783702));
#16665=CARTESIAN_POINT('',(0.,28.,17.2753393700201));
#16666=CARTESIAN_POINT('',(0.,31.,18.3381221783702));
#16667=CARTESIAN_POINT('Origin',(0.,33.,17.7632353017103));
#16668=CARTESIAN_POINT('',(0.,33.,17.7632353017103));
#16669=CARTESIAN_POINT('',(0.,31.,18.3381221783702));
#16670=CARTESIAN_POINT('',(0.,33.,17.7632353017103));
#16671=CARTESIAN_POINT('Origin',(0.,145.,41.5695702087528));
#16672=CARTESIAN_POINT('',(0.,145.,41.5695702087528));
#16673=CARTESIAN_POINT('',(0.,145.,41.5695702087528));
#16674=CARTESIAN_POINT('',(0.,145.,41.5695702087528));
#16675=CARTESIAN_POINT('Origin',(0.,145.,49.7695702087528));
#16676=CARTESIAN_POINT('',(0.,145.,49.7695702087528));
#16677=CARTESIAN_POINT('',(0.,20.,23.2));
#16678=CARTESIAN_POINT('',(0.,145.,49.7695702087528));
#16679=CARTESIAN_POINT('',(0.,20.,23.2));
#16680=CARTESIAN_POINT('',(0.,145.,49.7695702087528));
#16681=CARTESIAN_POINT('Origin',(0.,145.,44.7695702087528));
#16682=CARTESIAN_POINT('',(0.,145.,44.7695702087528));
#16683=CARTESIAN_POINT('',(0.,145.,44.7695702087528));
#16684=CARTESIAN_POINT('',(0.,145.,44.7695702087528));
#16685=CARTESIAN_POINT('Origin',(0.,20.,18.2));
#16686=CARTESIAN_POINT('',(0.,20.,18.2));
#16687=CARTESIAN_POINT('',(0.,20.,18.2));
#16688=CARTESIAN_POINT('',(0.,20.,18.2));
#16689=CARTESIAN_POINT('Origin',(0.,20.,23.2));
#16690=CARTESIAN_POINT('',(0.,20.,23.2));
#16691=CARTESIAN_POINT('Origin',(0.,82.5,33.9847851043764));
#16692=CARTESIAN_POINT('Origin',(0.,145.,41.5695702087528));
#16693=CARTESIAN_POINT('',(0.,20.,15.));
#16694=CARTESIAN_POINT('',(0.,145.,41.5695702087528));
#16695=CARTESIAN_POINT('',(0.,20.,15.));
#16696=CARTESIAN_POINT('Origin',(0.,145.,35.5695702087528));
#16697=CARTESIAN_POINT('',(0.,145.,35.5695702087528));
#16698=CARTESIAN_POINT('',(0.,145.,35.5695702087528));
#16699=CARTESIAN_POINT('',(0.,145.,35.5695702087528));
#16700=CARTESIAN_POINT('Origin',(0.,20.,9.));
#16701=CARTESIAN_POINT('',(0.,20.,9.));
#16702=CARTESIAN_POINT('',(0.,20.,9.));
#16703=CARTESIAN_POINT('',(0.,20.,9.));
#16704=CARTESIAN_POINT('Origin',(0.,20.,15.));
#16705=CARTESIAN_POINT('',(0.,20.,15.));
#16706=CARTESIAN_POINT('Origin',(0.,82.5,25.2847851043764));
#16707=CARTESIAN_POINT('Origin',(6.,70.,240.));
#16708=CARTESIAN_POINT('',(11.,15.,190.));
#16709=CARTESIAN_POINT('',(6.,15.,190.));
#16710=CARTESIAN_POINT('',(11.,70.,240.));
#16711=CARTESIAN_POINT('',(11.,70.,240.));
#16712=CARTESIAN_POINT('',(6.,70.,240.));
#16713=CARTESIAN_POINT('Origin',(6.,150.,240.));
#16714=CARTESIAN_POINT('',(11.,150.,240.));
#16715=CARTESIAN_POINT('',(11.,150.,240.));
#16716=CARTESIAN_POINT('',(6.,150.,240.));
#16717=CARTESIAN_POINT('Origin',(6.,150.,0.));
#16718=CARTESIAN_POINT('',(11.,150.,0.));
#16719=CARTESIAN_POINT('',(11.,150.,0.));
#16720=CARTESIAN_POINT('',(6.,150.,0.));
#16721=CARTESIAN_POINT('Origin',(6.,15.,0.));
#16722=CARTESIAN_POINT('',(11.,15.,0.));
#16723=CARTESIAN_POINT('',(11.,15.,0.));
#16724=CARTESIAN_POINT('',(6.,15.,0.));
#16725=CARTESIAN_POINT('Origin',(6.,15.,190.));
#16726=CARTESIAN_POINT('',(11.,15.,190.));
#16727=CARTESIAN_POINT('Origin',(11.,82.5,120.));
#16728=CARTESIAN_POINT('',(0.,0.,0.));
#16729=CARTESIAN_POINT('Origin',(170.6,111.,2.4));
#16730=CARTESIAN_POINT('',(170.6,113.,2.4));
#16731=CARTESIAN_POINT('',(170.6,111.,2.4));
#16732=CARTESIAN_POINT('',(170.6,84.75,2.4));
#16733=CARTESIAN_POINT('',(170.6,113.,45.));
#16734=CARTESIAN_POINT('',(170.6,113.,1.2));
#16735=CARTESIAN_POINT('',(170.6,111.,45.));
#16736=CARTESIAN_POINT('',(170.6,111.,45.));
#16737=CARTESIAN_POINT('',(170.6,111.,2.4));
#16738=CARTESIAN_POINT('Origin',(168.6,111.,2.4));
#16739=CARTESIAN_POINT('',(168.6,111.,2.4));
#16740=CARTESIAN_POINT('',(134.55,111.,2.4));
#16741=CARTESIAN_POINT('',(168.6,111.,45.));
#16742=CARTESIAN_POINT('',(168.6,111.,45.));
#16743=CARTESIAN_POINT('',(168.6,111.,2.4));
#16744=CARTESIAN_POINT('Origin',(168.6,113.,2.4));
#16745=CARTESIAN_POINT('',(168.6,113.,2.4));
#16746=CARTESIAN_POINT('',(168.6,85.75,2.4));
#16747=CARTESIAN_POINT('',(168.6,113.,45.));
#16748=CARTESIAN_POINT('',(168.6,113.,45.));
#16749=CARTESIAN_POINT('',(168.6,113.,1.2));
#16750=CARTESIAN_POINT('Origin',(0.,113.,0.));
#16751=CARTESIAN_POINT('',(199.,113.,2.4));
#16752=CARTESIAN_POINT('',(50.25,113.,2.4));
#16753=CARTESIAN_POINT('',(199.,113.,44.4188034188034));
#16754=CARTESIAN_POINT('',(199.,113.,11.25));
#16755=CARTESIAN_POINT('',(201.,113.,44.4188034188034));
#16756=CARTESIAN_POINT('',(99.5,113.,44.4188034188034));
#16757=CARTESIAN_POINT('',(201.,113.,45.));
#16758=CARTESIAN_POINT('',(201.,113.,0.));
#16759=CARTESIAN_POINT('',(0.,113.,45.));
#16760=CARTESIAN_POINT('Origin',(0.,113.,0.));
#16761=CARTESIAN_POINT('',(165.4,113.,45.));
#16762=CARTESIAN_POINT('',(0.,113.,45.));
#16763=CARTESIAN_POINT('',(165.4,113.,2.4));
#16764=CARTESIAN_POINT('',(165.4,113.,1.2));
#16765=CARTESIAN_POINT('',(50.25,113.,2.4));
#16766=CARTESIAN_POINT('Origin',(170.6,6.,2.4));
#16767=CARTESIAN_POINT('',(168.6,6.,2.4));
#16768=CARTESIAN_POINT('',(170.6,6.,2.4));
#16769=CARTESIAN_POINT('',(135.55,6.,2.4));
#16770=CARTESIAN_POINT('',(168.6,6.,28.));
#16771=CARTESIAN_POINT('',(168.6,6.,2.4));
#16772=CARTESIAN_POINT('',(170.6,6.,28.));
#16773=CARTESIAN_POINT('',(170.6,6.,28.));
#16774=CARTESIAN_POINT('',(170.6,6.,2.4));
#16775=CARTESIAN_POINT('Origin',(170.6,4.,2.4));
#16776=CARTESIAN_POINT('',(170.6,4.,2.4));
#16777=CARTESIAN_POINT('',(170.6,31.25,2.4));
#16778=CARTESIAN_POINT('',(170.6,4.,28.));
#16779=CARTESIAN_POINT('',(170.6,4.,28.));
#16780=CARTESIAN_POINT('',(170.6,4.,1.2));
#16781=CARTESIAN_POINT('Origin',(168.6,6.,2.4));
#16782=CARTESIAN_POINT('',(168.6,4.,2.4));
#16783=CARTESIAN_POINT('',(168.6,32.25,2.4));
#16784=CARTESIAN_POINT('',(168.6,4.,28.));
#16785=CARTESIAN_POINT('',(168.6,4.,1.2));
#16786=CARTESIAN_POINT('',(168.6,6.,28.));
#16787=CARTESIAN_POINT('Origin',(201.,4.,0.));
#16788=CARTESIAN_POINT('',(165.4,4.,2.4));
#16789=CARTESIAN_POINT('',(150.75,4.,2.4));
#16790=CARTESIAN_POINT('',(165.4,4.,28.));
#16791=CARTESIAN_POINT('',(165.4,4.,1.2));
#16792=CARTESIAN_POINT('',(201.,4.,28.));
#16793=CARTESIAN_POINT('Origin',(165.4,111.,2.4));
#16794=CARTESIAN_POINT('',(165.4,111.,2.4));
#16795=CARTESIAN_POINT('',(165.4,84.75,2.4));
#16796=CARTESIAN_POINT('',(165.4,111.,45.));
#16797=CARTESIAN_POINT('',(165.4,111.,45.));
#16798=CARTESIAN_POINT('',(165.4,111.,2.4));
#16799=CARTESIAN_POINT('Origin',(163.4,111.,2.4));
#16800=CARTESIAN_POINT('',(163.4,111.,2.4));
#16801=CARTESIAN_POINT('',(131.95,111.,2.4));
#16802=CARTESIAN_POINT('',(163.4,111.,45.));
#16803=CARTESIAN_POINT('',(163.4,111.,45.));
#16804=CARTESIAN_POINT('',(163.4,111.,2.4));
#16805=CARTESIAN_POINT('Origin',(163.4,113.,2.4));
#16806=CARTESIAN_POINT('',(163.4,113.,2.4));
#16807=CARTESIAN_POINT('',(163.4,85.75,2.4));
#16808=CARTESIAN_POINT('',(163.4,113.,45.));
#16809=CARTESIAN_POINT('',(163.4,113.,45.));
#16810=CARTESIAN_POINT('',(163.4,113.,1.2));
#16811=CARTESIAN_POINT('Origin',(0.,113.,0.));
#16812=CARTESIAN_POINT('',(137.6,113.,45.));
#16813=CARTESIAN_POINT('',(0.,113.,45.));
#16814=CARTESIAN_POINT('',(137.6,113.,2.4));
#16815=CARTESIAN_POINT('',(137.6,113.,1.2));
#16816=CARTESIAN_POINT('',(50.25,113.,2.4));
#16817=CARTESIAN_POINT('Origin',(165.4,6.,2.4));
#16818=CARTESIAN_POINT('',(163.4,6.,2.4));
#16819=CARTESIAN_POINT('',(165.4,6.,2.4));
#16820=CARTESIAN_POINT('',(132.95,6.,2.4));
#16821=CARTESIAN_POINT('',(163.4,6.,28.));
#16822=CARTESIAN_POINT('',(163.4,6.,2.4));
#16823=CARTESIAN_POINT('',(165.4,6.,28.));
#16824=CARTESIAN_POINT('',(165.4,6.,28.));
#16825=CARTESIAN_POINT('',(165.4,6.,2.4));
#16826=CARTESIAN_POINT('Origin',(165.4,4.,2.4));
#16827=CARTESIAN_POINT('',(165.4,31.25,2.4));
#16828=CARTESIAN_POINT('',(165.4,4.,28.));
#16829=CARTESIAN_POINT('Origin',(163.4,6.,2.4));
#16830=CARTESIAN_POINT('',(163.4,4.,2.4));
#16831=CARTESIAN_POINT('',(163.4,32.25,2.4));
#16832=CARTESIAN_POINT('',(163.4,4.,28.));
#16833=CARTESIAN_POINT('',(163.4,4.,1.2));
#16834=CARTESIAN_POINT('',(163.4,6.,28.));
#16835=CARTESIAN_POINT('Origin',(201.,4.,0.));
#16836=CARTESIAN_POINT('',(137.6,4.,2.4));
#16837=CARTESIAN_POINT('',(150.75,4.,2.4));
#16838=CARTESIAN_POINT('',(137.6,4.,28.));
#16839=CARTESIAN_POINT('',(137.6,4.,1.2));
#16840=CARTESIAN_POINT('',(201.,4.,28.));
#16841=CARTESIAN_POINT('Origin',(137.6,111.,2.4));
#16842=CARTESIAN_POINT('',(137.6,111.,2.4));
#16843=CARTESIAN_POINT('',(137.6,84.75,2.4));
#16844=CARTESIAN_POINT('',(137.6,111.,45.));
#16845=CARTESIAN_POINT('',(137.6,111.,45.));
#16846=CARTESIAN_POINT('',(137.6,111.,2.4));
#16847=CARTESIAN_POINT('Origin',(135.6,111.,2.4));
#16848=CARTESIAN_POINT('',(135.6,111.,2.4));
#16849=CARTESIAN_POINT('',(118.05,111.,2.4));
#16850=CARTESIAN_POINT('',(135.6,111.,45.));
#16851=CARTESIAN_POINT('',(135.6,111.,45.));
#16852=CARTESIAN_POINT('',(135.6,111.,2.4));
#16853=CARTESIAN_POINT('Origin',(135.6,113.,2.4));
#16854=CARTESIAN_POINT('',(135.6,113.,2.4));
#16855=CARTESIAN_POINT('',(135.6,85.75,2.4));
#16856=CARTESIAN_POINT('',(135.6,113.,45.));
#16857=CARTESIAN_POINT('',(135.6,113.,45.));
#16858=CARTESIAN_POINT('',(135.6,113.,1.2));
#16859=CARTESIAN_POINT('Origin',(0.,113.,0.));
#16860=CARTESIAN_POINT('',(132.4,113.,45.));
#16861=CARTESIAN_POINT('',(0.,113.,45.));
#16862=CARTESIAN_POINT('',(132.4,113.,2.4));
#16863=CARTESIAN_POINT('',(132.4,113.,1.2));
#16864=CARTESIAN_POINT('',(50.25,113.,2.4));
#16865=CARTESIAN_POINT('Origin',(137.6,6.,2.4));
#16866=CARTESIAN_POINT('',(135.6,6.,2.4));
#16867=CARTESIAN_POINT('',(137.6,6.,2.4));
#16868=CARTESIAN_POINT('',(119.05,6.,2.4));
#16869=CARTESIAN_POINT('',(135.6,6.,28.));
#16870=CARTESIAN_POINT('',(135.6,6.,2.4));
#16871=CARTESIAN_POINT('',(137.6,6.,28.));
#16872=CARTESIAN_POINT('',(137.6,6.,28.));
#16873=CARTESIAN_POINT('',(137.6,6.,2.4));
#16874=CARTESIAN_POINT('Origin',(137.6,4.,2.4));
#16875=CARTESIAN_POINT('',(137.6,31.25,2.4));
#16876=CARTESIAN_POINT('',(137.6,4.,28.));
#16877=CARTESIAN_POINT('Origin',(135.6,6.,2.4));
#16878=CARTESIAN_POINT('',(135.6,4.,2.4));
#16879=CARTESIAN_POINT('',(135.6,32.25,2.4));
#16880=CARTESIAN_POINT('',(135.6,4.,28.));
#16881=CARTESIAN_POINT('',(135.6,4.,1.2));
#16882=CARTESIAN_POINT('',(135.6,6.,28.));
#16883=CARTESIAN_POINT('Origin',(201.,4.,0.));
#16884=CARTESIAN_POINT('',(132.4,4.,2.4));
#16885=CARTESIAN_POINT('',(150.75,4.,2.4));
#16886=CARTESIAN_POINT('',(132.4,4.,28.));
#16887=CARTESIAN_POINT('',(132.4,4.,1.2));
#16888=CARTESIAN_POINT('',(201.,4.,28.));
#16889=CARTESIAN_POINT('Origin',(132.4,111.,2.4));
#16890=CARTESIAN_POINT('',(132.4,111.,2.4));
#16891=CARTESIAN_POINT('',(132.4,84.75,2.4));
#16892=CARTESIAN_POINT('',(132.4,111.,45.));
#16893=CARTESIAN_POINT('',(132.4,111.,45.));
#16894=CARTESIAN_POINT('',(132.4,111.,2.4));
#16895=CARTESIAN_POINT('Origin',(130.4,111.,2.4));
#16896=CARTESIAN_POINT('',(130.4,111.,2.4));
#16897=CARTESIAN_POINT('',(115.45,111.,2.4));
#16898=CARTESIAN_POINT('',(130.4,111.,45.));
#16899=CARTESIAN_POINT('',(130.4,111.,45.));
#16900=CARTESIAN_POINT('',(130.4,111.,2.4));
#16901=CARTESIAN_POINT('Origin',(130.4,113.,2.4));
#16902=CARTESIAN_POINT('',(130.4,113.,2.4));
#16903=CARTESIAN_POINT('',(130.4,85.75,2.4));
#16904=CARTESIAN_POINT('',(130.4,113.,45.));
#16905=CARTESIAN_POINT('',(130.4,113.,45.));
#16906=CARTESIAN_POINT('',(130.4,113.,1.2));
#16907=CARTESIAN_POINT('Origin',(0.,113.,0.));
#16908=CARTESIAN_POINT('',(104.6,113.,45.));
#16909=CARTESIAN_POINT('',(0.,113.,45.));
#16910=CARTESIAN_POINT('',(104.6,113.,2.4));
#16911=CARTESIAN_POINT('',(104.6,113.,1.2));
#16912=CARTESIAN_POINT('',(50.25,113.,2.4));
#16913=CARTESIAN_POINT('Origin',(132.4,6.,2.4));
#16914=CARTESIAN_POINT('',(130.4,6.,2.4));
#16915=CARTESIAN_POINT('',(132.4,6.,2.4));
#16916=CARTESIAN_POINT('',(116.45,6.,2.4));
#16917=CARTESIAN_POINT('',(130.4,6.,28.));
#16918=CARTESIAN_POINT('',(130.4,6.,2.4));
#16919=CARTESIAN_POINT('',(132.4,6.,28.));
#16920=CARTESIAN_POINT('',(132.4,6.,28.));
#16921=CARTESIAN_POINT('',(132.4,6.,2.4));
#16922=CARTESIAN_POINT('Origin',(132.4,4.,2.4));
#16923=CARTESIAN_POINT('',(132.4,31.25,2.4));
#16924=CARTESIAN_POINT('',(132.4,4.,28.));
#16925=CARTESIAN_POINT('Origin',(130.4,6.,2.4));
#16926=CARTESIAN_POINT('',(130.4,4.,2.4));
#16927=CARTESIAN_POINT('',(130.4,32.25,2.4));
#16928=CARTESIAN_POINT('',(130.4,4.,28.));
#16929=CARTESIAN_POINT('',(130.4,4.,1.2));
#16930=CARTESIAN_POINT('',(130.4,6.,28.));
#16931=CARTESIAN_POINT('Origin',(201.,4.,0.));
#16932=CARTESIAN_POINT('',(104.6,4.,2.4));
#16933=CARTESIAN_POINT('',(150.75,4.,2.4));
#16934=CARTESIAN_POINT('',(104.6,4.,28.));
#16935=CARTESIAN_POINT('',(104.6,4.,1.2));
#16936=CARTESIAN_POINT('',(201.,4.,28.));
#16937=CARTESIAN_POINT('Origin',(104.6,111.,2.4));
#16938=CARTESIAN_POINT('',(104.6,111.,2.4));
#16939=CARTESIAN_POINT('',(104.6,84.75,2.4));
#16940=CARTESIAN_POINT('',(104.6,111.,45.));
#16941=CARTESIAN_POINT('',(104.6,111.,45.));
#16942=CARTESIAN_POINT('',(104.6,111.,2.4));
#16943=CARTESIAN_POINT('Origin',(102.6,111.,2.4));
#16944=CARTESIAN_POINT('',(102.6,111.,2.4));
#16945=CARTESIAN_POINT('',(101.55,111.,2.4));
#16946=CARTESIAN_POINT('',(102.6,111.,45.));
#16947=CARTESIAN_POINT('',(102.6,111.,45.));
#16948=CARTESIAN_POINT('',(102.6,111.,2.4));
#16949=CARTESIAN_POINT('Origin',(102.6,113.,2.4));
#16950=CARTESIAN_POINT('',(102.6,113.,2.4));
#16951=CARTESIAN_POINT('',(102.6,85.75,2.4));
#16952=CARTESIAN_POINT('',(102.6,113.,45.));
#16953=CARTESIAN_POINT('',(102.6,113.,45.));
#16954=CARTESIAN_POINT('',(102.6,113.,1.2));
#16955=CARTESIAN_POINT('Origin',(0.,113.,0.));
#16956=CARTESIAN_POINT('',(99.4,113.,45.));
#16957=CARTESIAN_POINT('',(0.,113.,45.));
#16958=CARTESIAN_POINT('',(99.4,113.,2.4));
#16959=CARTESIAN_POINT('',(99.4,113.,1.2));
#16960=CARTESIAN_POINT('',(50.25,113.,2.4));
#16961=CARTESIAN_POINT('Origin',(104.6,6.,2.4));
#16962=CARTESIAN_POINT('',(102.6,6.,2.4));
#16963=CARTESIAN_POINT('',(104.6,6.,2.4));
#16964=CARTESIAN_POINT('',(102.55,6.,2.4));
#16965=CARTESIAN_POINT('',(102.6,6.,28.));
#16966=CARTESIAN_POINT('',(102.6,6.,2.4));
#16967=CARTESIAN_POINT('',(104.6,6.,28.));
#16968=CARTESIAN_POINT('',(104.6,6.,28.));
#16969=CARTESIAN_POINT('',(104.6,6.,2.4));
#16970=CARTESIAN_POINT('Origin',(104.6,4.,2.4));
#16971=CARTESIAN_POINT('',(104.6,31.25,2.4));
#16972=CARTESIAN_POINT('',(104.6,4.,28.));
#16973=CARTESIAN_POINT('Origin',(102.6,6.,2.4));
#16974=CARTESIAN_POINT('',(102.6,4.,2.4));
#16975=CARTESIAN_POINT('',(102.6,32.25,2.4));
#16976=CARTESIAN_POINT('',(102.6,4.,28.));
#16977=CARTESIAN_POINT('',(102.6,4.,1.2));
#16978=CARTESIAN_POINT('',(102.6,6.,28.));
#16979=CARTESIAN_POINT('Origin',(201.,4.,0.));
#16980=CARTESIAN_POINT('',(99.4,4.,2.4));
#16981=CARTESIAN_POINT('',(150.75,4.,2.4));
#16982=CARTESIAN_POINT('',(99.4,4.,28.));
#16983=CARTESIAN_POINT('',(99.4,4.,1.2));
#16984=CARTESIAN_POINT('',(201.,4.,28.));
#16985=CARTESIAN_POINT('Origin',(99.4,111.,2.4));
#16986=CARTESIAN_POINT('',(99.4,111.,2.4));
#16987=CARTESIAN_POINT('',(99.4,84.75,2.4));
#16988=CARTESIAN_POINT('',(99.4,111.,45.));
#16989=CARTESIAN_POINT('',(99.4,111.,45.));
#16990=CARTESIAN_POINT('',(99.4,111.,2.4));
#16991=CARTESIAN_POINT('Origin',(97.4,111.,2.4));
#16992=CARTESIAN_POINT('',(97.4,111.,2.4));
#16993=CARTESIAN_POINT('',(98.95,111.,2.4));
#16994=CARTESIAN_POINT('',(97.4,111.,45.));
#16995=CARTESIAN_POINT('',(97.4,111.,45.));
#16996=CARTESIAN_POINT('',(97.4,111.,2.4));
#16997=CARTESIAN_POINT('Origin',(97.4,113.,2.4));
#16998=CARTESIAN_POINT('',(97.4,113.,2.4));
#16999=CARTESIAN_POINT('',(97.4,85.75,2.4));
#17000=CARTESIAN_POINT('',(97.4,113.,45.));
#17001=CARTESIAN_POINT('',(97.4,113.,45.));
#17002=CARTESIAN_POINT('',(97.4,113.,1.2));
#17003=CARTESIAN_POINT('Origin',(0.,113.,0.));
#17004=CARTESIAN_POINT('',(71.6,113.,45.));
#17005=CARTESIAN_POINT('',(0.,113.,45.));
#17006=CARTESIAN_POINT('',(71.6,113.,2.4));
#17007=CARTESIAN_POINT('',(71.6,113.,1.2));
#17008=CARTESIAN_POINT('',(50.25,113.,2.4));
#17009=CARTESIAN_POINT('Origin',(99.4,6.,2.4));
#17010=CARTESIAN_POINT('',(97.4,6.,2.4));
#17011=CARTESIAN_POINT('',(99.4,6.,2.4));
#17012=CARTESIAN_POINT('',(99.95,6.,2.4));
#17013=CARTESIAN_POINT('',(97.4,6.,28.));
#17014=CARTESIAN_POINT('',(97.4,6.,2.4));
#17015=CARTESIAN_POINT('',(99.4,6.,28.));
#17016=CARTESIAN_POINT('',(99.4,6.,28.));
#17017=CARTESIAN_POINT('',(99.4,6.,2.4));
#17018=CARTESIAN_POINT('Origin',(99.4,4.,2.4));
#17019=CARTESIAN_POINT('',(99.4,31.25,2.4));
#17020=CARTESIAN_POINT('',(99.4,4.,28.));
#17021=CARTESIAN_POINT('Origin',(97.4,6.,2.4));
#17022=CARTESIAN_POINT('',(97.4,4.,2.4));
#17023=CARTESIAN_POINT('',(97.4,32.25,2.4));
#17024=CARTESIAN_POINT('',(97.4,4.,28.));
#17025=CARTESIAN_POINT('',(97.4,4.,1.2));
#17026=CARTESIAN_POINT('',(97.4,6.,28.));
#17027=CARTESIAN_POINT('Origin',(201.,4.,0.));
#17028=CARTESIAN_POINT('',(71.6,4.,2.4));
#17029=CARTESIAN_POINT('',(150.75,4.,2.4));
#17030=CARTESIAN_POINT('',(71.6,4.,28.));
#17031=CARTESIAN_POINT('',(71.6,4.,1.2));
#17032=CARTESIAN_POINT('',(201.,4.,28.));
#17033=CARTESIAN_POINT('Origin',(71.6,111.,2.4));
#17034=CARTESIAN_POINT('',(71.6,111.,2.4));
#17035=CARTESIAN_POINT('',(71.6,84.75,2.4));
#17036=CARTESIAN_POINT('',(71.6,111.,45.));
#17037=CARTESIAN_POINT('',(71.6,111.,45.));
#17038=CARTESIAN_POINT('',(71.6,111.,2.4));
#17039=CARTESIAN_POINT('Origin',(69.6,111.,2.4));
#17040=CARTESIAN_POINT('',(69.6,111.,2.4));
#17041=CARTESIAN_POINT('',(85.05,111.,2.4));
#17042=CARTESIAN_POINT('',(69.6,111.,45.));
#17043=CARTESIAN_POINT('',(69.6,111.,45.));
#17044=CARTESIAN_POINT('',(69.6,111.,2.4));
#17045=CARTESIAN_POINT('Origin',(69.6,113.,2.4));
#17046=CARTESIAN_POINT('',(69.6,113.,2.4));
#17047=CARTESIAN_POINT('',(69.6,85.75,2.4));
#17048=CARTESIAN_POINT('',(69.6,113.,45.));
#17049=CARTESIAN_POINT('',(69.6,113.,45.));
#17050=CARTESIAN_POINT('',(69.6,113.,1.2));
#17051=CARTESIAN_POINT('Origin',(0.,113.,0.));
#17052=CARTESIAN_POINT('',(66.4,113.,45.));
#17053=CARTESIAN_POINT('',(0.,113.,45.));
#17054=CARTESIAN_POINT('',(66.4,113.,2.4));
#17055=CARTESIAN_POINT('',(66.4,113.,1.2));
#17056=CARTESIAN_POINT('',(50.25,113.,2.4));
#17057=CARTESIAN_POINT('Origin',(71.6,6.,2.4));
#17058=CARTESIAN_POINT('',(69.6,6.,2.4));
#17059=CARTESIAN_POINT('',(71.6,6.,2.4));
#17060=CARTESIAN_POINT('',(86.05,6.,2.4));
#17061=CARTESIAN_POINT('',(69.6,6.,28.));
#17062=CARTESIAN_POINT('',(69.6,6.,2.4));
#17063=CARTESIAN_POINT('',(71.6,6.,28.));
#17064=CARTESIAN_POINT('',(71.6,6.,28.));
#17065=CARTESIAN_POINT('',(71.6,6.,2.4));
#17066=CARTESIAN_POINT('Origin',(71.6,4.,2.4));
#17067=CARTESIAN_POINT('',(71.6,31.25,2.4));
#17068=CARTESIAN_POINT('',(71.6,4.,28.));
#17069=CARTESIAN_POINT('Origin',(69.6,6.,2.4));
#17070=CARTESIAN_POINT('',(69.6,4.,2.4));
#17071=CARTESIAN_POINT('',(69.6,32.25,2.4));
#17072=CARTESIAN_POINT('',(69.6,4.,28.));
#17073=CARTESIAN_POINT('',(69.6,4.,1.2));
#17074=CARTESIAN_POINT('',(69.6,6.,28.));
#17075=CARTESIAN_POINT('Origin',(201.,4.,0.));
#17076=CARTESIAN_POINT('',(66.4,4.,2.4));
#17077=CARTESIAN_POINT('',(150.75,4.,2.4));
#17078=CARTESIAN_POINT('',(66.4,4.,28.));
#17079=CARTESIAN_POINT('',(66.4,4.,1.2));
#17080=CARTESIAN_POINT('',(201.,4.,28.));
#17081=CARTESIAN_POINT('Origin',(66.4,111.,2.4));
#17082=CARTESIAN_POINT('',(66.4,111.,2.4));
#17083=CARTESIAN_POINT('',(66.4,84.75,2.4));
#17084=CARTESIAN_POINT('',(66.4,111.,45.));
#17085=CARTESIAN_POINT('',(66.4,111.,45.));
#17086=CARTESIAN_POINT('',(66.4,111.,2.4));
#17087=CARTESIAN_POINT('Origin',(64.4,111.,2.4));
#17088=CARTESIAN_POINT('',(64.4,111.,2.4));
#17089=CARTESIAN_POINT('',(82.45,111.,2.4));
#17090=CARTESIAN_POINT('',(64.4,111.,45.));
#17091=CARTESIAN_POINT('',(64.4,111.,45.));
#17092=CARTESIAN_POINT('',(64.4,111.,2.4));
#17093=CARTESIAN_POINT('Origin',(64.4,113.,2.4));
#17094=CARTESIAN_POINT('',(64.4,113.,2.4));
#17095=CARTESIAN_POINT('',(64.4,85.75,2.4));
#17096=CARTESIAN_POINT('',(64.4,113.,45.));
#17097=CARTESIAN_POINT('',(64.4,113.,45.));
#17098=CARTESIAN_POINT('',(64.4,113.,1.2));
#17099=CARTESIAN_POINT('Origin',(0.,113.,0.));
#17100=CARTESIAN_POINT('',(38.6,113.,45.));
#17101=CARTESIAN_POINT('',(0.,113.,45.));
#17102=CARTESIAN_POINT('',(38.6,113.,2.4));
#17103=CARTESIAN_POINT('',(38.6,113.,1.2));
#17104=CARTESIAN_POINT('',(50.25,113.,2.4));
#17105=CARTESIAN_POINT('Origin',(66.4,6.,2.4));
#17106=CARTESIAN_POINT('',(64.4,6.,2.4));
#17107=CARTESIAN_POINT('',(66.4,6.,2.4));
#17108=CARTESIAN_POINT('',(83.45,6.,2.4));
#17109=CARTESIAN_POINT('',(64.4,6.,28.));
#17110=CARTESIAN_POINT('',(64.4,6.,2.4));
#17111=CARTESIAN_POINT('',(66.4,6.,28.));
#17112=CARTESIAN_POINT('',(66.4,6.,28.));
#17113=CARTESIAN_POINT('',(66.4,6.,2.4));
#17114=CARTESIAN_POINT('Origin',(66.4,4.,2.4));
#17115=CARTESIAN_POINT('',(66.4,31.25,2.4));
#17116=CARTESIAN_POINT('',(66.4,4.,28.));
#17117=CARTESIAN_POINT('Origin',(64.4,6.,2.4));
#17118=CARTESIAN_POINT('',(64.4,4.,2.4));
#17119=CARTESIAN_POINT('',(64.4,32.25,2.4));
#17120=CARTESIAN_POINT('',(64.4,4.,28.));
#17121=CARTESIAN_POINT('',(64.4,4.,1.2));
#17122=CARTESIAN_POINT('',(64.4,6.,28.));
#17123=CARTESIAN_POINT('Origin',(201.,4.,0.));
#17124=CARTESIAN_POINT('',(38.6,4.,2.4));
#17125=CARTESIAN_POINT('',(150.75,4.,2.4));
#17126=CARTESIAN_POINT('',(38.6,4.,28.));
#17127=CARTESIAN_POINT('',(38.6,4.,1.2));
#17128=CARTESIAN_POINT('',(201.,4.,28.));
#17129=CARTESIAN_POINT('Origin',(38.6,111.,2.4));
#17130=CARTESIAN_POINT('',(38.6,111.,2.4));
#17131=CARTESIAN_POINT('',(38.6,84.75,2.4));
#17132=CARTESIAN_POINT('',(38.6,111.,45.));
#17133=CARTESIAN_POINT('',(38.6,111.,45.));
#17134=CARTESIAN_POINT('',(38.6,111.,2.4));
#17135=CARTESIAN_POINT('Origin',(36.6,111.,2.4));
#17136=CARTESIAN_POINT('',(36.6,111.,2.4));
#17137=CARTESIAN_POINT('',(68.55,111.,2.4));
#17138=CARTESIAN_POINT('',(36.6,111.,45.));
#17139=CARTESIAN_POINT('',(36.6,111.,45.));
#17140=CARTESIAN_POINT('',(36.6,111.,2.4));
#17141=CARTESIAN_POINT('Origin',(36.6,113.,2.4));
#17142=CARTESIAN_POINT('',(36.6,113.,2.4));
#17143=CARTESIAN_POINT('',(36.6,85.75,2.4));
#17144=CARTESIAN_POINT('',(36.6,113.,45.));
#17145=CARTESIAN_POINT('',(36.6,113.,45.));
#17146=CARTESIAN_POINT('',(36.6,113.,1.2));
#17147=CARTESIAN_POINT('Origin',(0.,113.,0.));
#17148=CARTESIAN_POINT('',(33.4,113.,45.));
#17149=CARTESIAN_POINT('',(0.,113.,45.));
#17150=CARTESIAN_POINT('',(33.4,113.,2.4));
#17151=CARTESIAN_POINT('',(33.4,113.,1.2));
#17152=CARTESIAN_POINT('',(50.25,113.,2.4));
#17153=CARTESIAN_POINT('Origin',(38.6,6.,2.4));
#17154=CARTESIAN_POINT('',(36.6,6.,2.4));
#17155=CARTESIAN_POINT('',(38.6,6.,2.4));
#17156=CARTESIAN_POINT('',(69.55,6.,2.4));
#17157=CARTESIAN_POINT('',(36.6,6.,28.));
#17158=CARTESIAN_POINT('',(36.6,6.,2.4));
#17159=CARTESIAN_POINT('',(38.6,6.,28.));
#17160=CARTESIAN_POINT('',(38.6,6.,28.));
#17161=CARTESIAN_POINT('',(38.6,6.,2.4));
#17162=CARTESIAN_POINT('Origin',(38.6,4.,2.4));
#17163=CARTESIAN_POINT('',(38.6,31.25,2.4));
#17164=CARTESIAN_POINT('',(38.6,4.,28.));
#17165=CARTESIAN_POINT('Origin',(36.6,6.,2.4));
#17166=CARTESIAN_POINT('',(36.6,4.,2.4));
#17167=CARTESIAN_POINT('',(36.6,32.25,2.4));
#17168=CARTESIAN_POINT('',(36.6,4.,28.));
#17169=CARTESIAN_POINT('',(36.6,4.,1.2));
#17170=CARTESIAN_POINT('',(36.6,6.,28.));
#17171=CARTESIAN_POINT('Origin',(201.,4.,0.));
#17172=CARTESIAN_POINT('',(33.4,4.,2.4));
#17173=CARTESIAN_POINT('',(150.75,4.,2.4));
#17174=CARTESIAN_POINT('',(33.4,4.,28.));
#17175=CARTESIAN_POINT('',(33.4,4.,1.2));
#17176=CARTESIAN_POINT('',(201.,4.,28.));
#17177=CARTESIAN_POINT('Origin',(33.4,111.,2.4));
#17178=CARTESIAN_POINT('',(33.4,111.,2.4));
#17179=CARTESIAN_POINT('',(33.4,84.75,2.4));
#17180=CARTESIAN_POINT('',(33.4,111.,45.));
#17181=CARTESIAN_POINT('',(33.4,111.,45.));
#17182=CARTESIAN_POINT('',(33.4,111.,2.4));
#17183=CARTESIAN_POINT('Origin',(31.4,111.,2.4));
#17184=CARTESIAN_POINT('',(31.4,111.,2.4));
#17185=CARTESIAN_POINT('',(65.95,111.,2.4));
#17186=CARTESIAN_POINT('',(31.4,111.,45.));
#17187=CARTESIAN_POINT('',(31.4,111.,45.));
#17188=CARTESIAN_POINT('',(31.4,111.,2.4));
#17189=CARTESIAN_POINT('Origin',(31.4,113.,2.4));
#17190=CARTESIAN_POINT('',(31.4,113.,2.4));
#17191=CARTESIAN_POINT('',(31.4,85.75,2.4));
#17192=CARTESIAN_POINT('',(31.4,113.,45.));
#17193=CARTESIAN_POINT('',(31.4,113.,45.));
#17194=CARTESIAN_POINT('',(31.4,113.,1.2));
#17195=CARTESIAN_POINT('Origin',(0.,113.,0.));
#17196=CARTESIAN_POINT('',(0.,113.,45.));
#17197=CARTESIAN_POINT('',(0.,113.,45.));
#17198=CARTESIAN_POINT('',(0.,113.,44.4188034188034));
#17199=CARTESIAN_POINT('',(0.,113.,0.));
#17200=CARTESIAN_POINT('',(2.,113.,44.4188034188034));
#17201=CARTESIAN_POINT('',(0.,113.,44.4188034188034));
#17202=CARTESIAN_POINT('',(2.,113.,2.4));
#17203=CARTESIAN_POINT('',(2.,113.,11.25));
#17204=CARTESIAN_POINT('',(50.25,113.,2.4));
#17205=CARTESIAN_POINT('Origin',(33.4,6.,2.4));
#17206=CARTESIAN_POINT('',(31.4,6.,2.4));
#17207=CARTESIAN_POINT('',(33.4,6.,2.4));
#17208=CARTESIAN_POINT('',(66.95,6.,2.4));
#17209=CARTESIAN_POINT('',(31.4,6.,28.));
#17210=CARTESIAN_POINT('',(31.4,6.,2.4));
#17211=CARTESIAN_POINT('',(33.4,6.,28.));
#17212=CARTESIAN_POINT('',(33.4,6.,28.));
#17213=CARTESIAN_POINT('',(33.4,6.,2.4));
#17214=CARTESIAN_POINT('Origin',(33.4,4.,2.4));
#17215=CARTESIAN_POINT('',(33.4,31.25,2.4));
#17216=CARTESIAN_POINT('',(33.4,4.,28.));
#17217=CARTESIAN_POINT('Origin',(31.4,6.,2.4));
#17218=CARTESIAN_POINT('',(31.4,4.,2.4));
#17219=CARTESIAN_POINT('',(31.4,32.25,2.4));
#17220=CARTESIAN_POINT('',(31.4,4.,28.));
#17221=CARTESIAN_POINT('',(31.4,4.,1.2));
#17222=CARTESIAN_POINT('',(31.4,6.,28.));
#17223=CARTESIAN_POINT('Origin',(201.,4.,0.));
#17224=CARTESIAN_POINT('',(1.99999999999999,4.,2.4));
#17225=CARTESIAN_POINT('',(150.75,4.,2.4));
#17226=CARTESIAN_POINT('',(1.99999999999999,4.,28.));
#17227=CARTESIAN_POINT('',(1.99999999999999,4.,11.25));
#17228=CARTESIAN_POINT('',(201.,4.,28.));
#17229=CARTESIAN_POINT('Origin',(199.,117.,45.));
#17230=CARTESIAN_POINT('',(199.,0.,28.));
#17231=CARTESIAN_POINT('',(199.,117.,45.));
#17232=CARTESIAN_POINT('',(201.,0.,28.));
#17233=CARTESIAN_POINT('',(0.,0.,28.));
#17234=CARTESIAN_POINT('',(201.,117.,45.));
#17235=CARTESIAN_POINT('Origin',(199.,58.5,22.5));
#17236=CARTESIAN_POINT('',(199.,4.,2.4));
#17237=CARTESIAN_POINT('',(199.,58.5,2.4));
#17238=CARTESIAN_POINT('',(199.,4.,28.));
#17239=CARTESIAN_POINT('',(199.,4.,11.25));
#17240=CARTESIAN_POINT('',(199.,30.25,28.));
#17241=CARTESIAN_POINT('Origin',(-6.,0.,0.));
#17242=CARTESIAN_POINT('',(-6.,0.,0.));
#17243=CARTESIAN_POINT('',(207.,0.,0.));
#17244=CARTESIAN_POINT('',(-6.,0.,0.));
#17245=CARTESIAN_POINT('',(207.,0.,2.4));
#17246=CARTESIAN_POINT('',(207.,0.,0.));
#17247=CARTESIAN_POINT('',(201.,0.,2.4));
#17248=CARTESIAN_POINT('',(-6.,0.,2.4));
#17249=CARTESIAN_POINT('',(201.,0.,0.));
#17250=CARTESIAN_POINT('',(2.,0.,28.));
#17251=CARTESIAN_POINT('',(0.,0.,28.));
#17252=CARTESIAN_POINT('',(0.,0.,28.));
#17253=CARTESIAN_POINT('',(0.,0.,28.));
#17254=CARTESIAN_POINT('',(0.,0.,2.4));
#17255=CARTESIAN_POINT('',(0.,0.,0.));
#17256=CARTESIAN_POINT('',(-6.,0.,2.4));
#17257=CARTESIAN_POINT('',(-6.,0.,2.4));
#17258=CARTESIAN_POINT('',(-6.,0.,0.));
#17259=CARTESIAN_POINT('Origin',(100.5,58.5,2.4));
#17260=CARTESIAN_POINT('',(1.99999999999999,58.5,2.4));
#17261=CARTESIAN_POINT('',(150.75,4.,2.4));
#17262=CARTESIAN_POINT('Origin',(100.5,58.5,2.4));
#17263=CARTESIAN_POINT('',(201.,117.,2.4));
#17264=CARTESIAN_POINT('',(201.,85.75,2.4));
#17265=CARTESIAN_POINT('',(207.,117.,2.4));
#17266=CARTESIAN_POINT('',(207.,0.,2.4));
#17267=CARTESIAN_POINT('',(207.,117.,2.4));
#17268=CARTESIAN_POINT('Origin',(100.5,2.,28.));
#17269=CARTESIAN_POINT('',(201.,4.,28.));
#17270=CARTESIAN_POINT('',(1.99999999999999,30.25,28.));
#17271=CARTESIAN_POINT('Origin',(0.,117.,45.));
#17272=CARTESIAN_POINT('',(0.,117.,45.));
#17273=CARTESIAN_POINT('',(2.,117.,45.));
#17274=CARTESIAN_POINT('Origin',(2.,58.5,22.5));
#17275=CARTESIAN_POINT('Origin',(201.,4.,0.));
#17276=CARTESIAN_POINT('Origin',(0.,117.,0.));
#17277=CARTESIAN_POINT('',(0.,117.,45.));
#17278=CARTESIAN_POINT('',(0.,117.,45.));
#17279=CARTESIAN_POINT('',(0.,117.,2.4));
#17280=CARTESIAN_POINT('',(0.,117.,0.));
#17281=CARTESIAN_POINT('',(0.,58.5,2.4));
#17282=CARTESIAN_POINT('Origin',(100.5,58.5,2.4));
#17283=CARTESIAN_POINT('',(-6.,117.,2.4));
#17284=CARTESIAN_POINT('',(207.,117.,2.4));
#17285=CARTESIAN_POINT('',(-6.,117.,2.4));
#17286=CARTESIAN_POINT('Origin',(201.,113.,0.));
#17287=CARTESIAN_POINT('',(201.,117.,45.));
#17288=CARTESIAN_POINT('',(201.,113.,45.));
#17289=CARTESIAN_POINT('',(201.,117.,0.));
#17290=CARTESIAN_POINT('Origin',(100.5,115.,45.));
#17291=CARTESIAN_POINT('',(201.,117.,45.));
#17292=CARTESIAN_POINT('Origin',(207.,117.,0.));
#17293=CARTESIAN_POINT('',(207.,117.,0.));
#17294=CARTESIAN_POINT('',(207.,117.,0.));
#17295=CARTESIAN_POINT('',(-6.,117.,0.));
#17296=CARTESIAN_POINT('',(207.,117.,0.));
#17297=CARTESIAN_POINT('',(-6.,117.,0.));
#17298=CARTESIAN_POINT('Origin',(100.5,58.5,0.));
#17299=CARTESIAN_POINT('',(207.,0.,0.));
#17300=CARTESIAN_POINT('',(-6.,117.,0.));
#17301=CARTESIAN_POINT('Origin',(207.,0.,0.));
#17302=CARTESIAN_POINT('Origin',(-6.,117.,0.));
#17303=CARTESIAN_POINT('',(0.,0.,0.));
#17304=CARTESIAN_POINT('Origin',(2.4,109.,0.));
#17305=CARTESIAN_POINT('',(2.4,109.,0.));
#17306=CARTESIAN_POINT('',(0.,109.,0.));
#17307=CARTESIAN_POINT('',(2.4,109.,0.));
#17308=CARTESIAN_POINT('',(0.,109.,40.));
#17309=CARTESIAN_POINT('',(0.,109.,0.));
#17310=CARTESIAN_POINT('',(2.4,109.,40.));
#17311=CARTESIAN_POINT('',(2.4,109.,40.));
#17312=CARTESIAN_POINT('',(2.4,109.,0.));
#17313=CARTESIAN_POINT('Origin',(2.4,0.,0.));
#17314=CARTESIAN_POINT('',(2.4,0.,0.));
#17315=CARTESIAN_POINT('',(2.4,0.,0.));
#17316=CARTESIAN_POINT('',(2.4,0.,40.));
#17317=CARTESIAN_POINT('',(2.4,0.,40.));
#17318=CARTESIAN_POINT('',(2.4,0.,0.));
#17319=CARTESIAN_POINT('Origin',(0.,0.,0.));
#17320=CARTESIAN_POINT('',(0.,0.,0.));
#17321=CARTESIAN_POINT('',(0.,0.,0.));
#17322=CARTESIAN_POINT('',(0.,0.,40.));
#17323=CARTESIAN_POINT('',(0.,0.,40.));
#17324=CARTESIAN_POINT('',(0.,0.,0.));
#17325=CARTESIAN_POINT('Origin',(0.,109.,0.));
#17326=CARTESIAN_POINT('',(0.,109.,0.));
#17327=CARTESIAN_POINT('',(0.,109.,40.));
#17328=CARTESIAN_POINT('Origin',(1.2,54.5,40.));
#17329=CARTESIAN_POINT('Origin',(1.2,54.5,0.));
#17330=CARTESIAN_POINT('',(0.,0.,0.));
#17331=CARTESIAN_POINT('Origin',(219.,8.,3.));
#17332=CARTESIAN_POINT('',(219.,8.,3.));
#17333=CARTESIAN_POINT('',(214.,8.,3.));
#17334=CARTESIAN_POINT('',(219.,8.,3.));
#17335=CARTESIAN_POINT('',(214.,8.,9.));
#17336=CARTESIAN_POINT('',(214.,8.,1.5));
#17337=CARTESIAN_POINT('',(219.,8.,9.));
#17338=CARTESIAN_POINT('',(219.,8.,9.));
#17339=CARTESIAN_POINT('',(219.,8.,3.));
#17340=CARTESIAN_POINT('Origin',(219.,2.,3.));
#17341=CARTESIAN_POINT('',(219.,2.,3.));
#17342=CARTESIAN_POINT('',(219.,2.,3.));
#17343=CARTESIAN_POINT('',(219.,2.,9.));
#17344=CARTESIAN_POINT('',(219.,2.,9.));
#17345=CARTESIAN_POINT('',(219.,2.,3.));
#17346=CARTESIAN_POINT('Origin',(214.,2.,3.));
#17347=CARTESIAN_POINT('',(214.,2.,3.));
#17348=CARTESIAN_POINT('',(214.,2.,3.));
#17349=CARTESIAN_POINT('',(214.,2.,9.));
#17350=CARTESIAN_POINT('',(214.,2.,9.));
#17351=CARTESIAN_POINT('',(214.,2.,1.5));
#17352=CARTESIAN_POINT('Origin',(216.5,5.,9.));
#17353=CARTESIAN_POINT('',(214.,2.5,9.));
#17354=CARTESIAN_POINT('Origin',(216.5,5.,3.));
#17355=CARTESIAN_POINT('',(214.,2.5,3.));
#17356=CARTESIAN_POINT('Origin',(0.,8.,3.));
#17357=CARTESIAN_POINT('',(0.,8.,3.));
#17358=CARTESIAN_POINT('',(-5.,8.,3.));
#17359=CARTESIAN_POINT('',(0.,8.,3.));
#17360=CARTESIAN_POINT('',(-5.,8.,9.));
#17361=CARTESIAN_POINT('',(-5.,8.,3.));
#17362=CARTESIAN_POINT('',(0.,8.,9.));
#17363=CARTESIAN_POINT('',(0.,8.,9.));
#17364=CARTESIAN_POINT('',(0.,8.,1.5));
#17365=CARTESIAN_POINT('Origin',(-5.,2.,3.));
#17366=CARTESIAN_POINT('',(-5.,2.,3.));
#17367=CARTESIAN_POINT('',(0.,2.,3.));
#17368=CARTESIAN_POINT('',(-5.,2.,3.));
#17369=CARTESIAN_POINT('',(0.,2.,9.));
#17370=CARTESIAN_POINT('',(0.,2.,1.5));
#17371=CARTESIAN_POINT('',(-5.,2.,9.));
#17372=CARTESIAN_POINT('',(-5.,2.,9.));
#17373=CARTESIAN_POINT('',(-5.,2.,3.));
#17374=CARTESIAN_POINT('Origin',(-5.,8.,3.));
#17375=CARTESIAN_POINT('',(-5.,8.,3.));
#17376=CARTESIAN_POINT('',(-5.,8.,9.));
#17377=CARTESIAN_POINT('Origin',(-2.5,5.,9.));
#17378=CARTESIAN_POINT('',(0.,7.5,9.));
#17379=CARTESIAN_POINT('Origin',(-2.5,5.,3.));
#17380=CARTESIAN_POINT('',(0.,7.5,3.));
#17381=CARTESIAN_POINT('Origin',(214.,10.,0.));
#17382=CARTESIAN_POINT('',(214.,10.,0.));
#17383=CARTESIAN_POINT('',(0.,10.,0.));
#17384=CARTESIAN_POINT('',(214.,10.,0.));
#17385=CARTESIAN_POINT('',(0.,10.,12.));
#17386=CARTESIAN_POINT('',(0.,10.,0.));
#17387=CARTESIAN_POINT('',(214.,10.,12.));
#17388=CARTESIAN_POINT('',(214.,10.,12.));
#17389=CARTESIAN_POINT('',(214.,10.,0.));
#17390=CARTESIAN_POINT('Origin',(214.,0.,0.));
#17391=CARTESIAN_POINT('',(214.,0.,0.));
#17392=CARTESIAN_POINT('',(214.,0.,0.));
#17393=CARTESIAN_POINT('',(214.,0.,12.));
#17394=CARTESIAN_POINT('',(214.,0.,12.));
#17395=CARTESIAN_POINT('',(214.,0.,0.));
#17396=CARTESIAN_POINT('Origin',(0.,0.,0.));
#17397=CARTESIAN_POINT('',(0.,0.,0.));
#17398=CARTESIAN_POINT('',(0.,0.,0.));
#17399=CARTESIAN_POINT('',(0.,0.,12.));
#17400=CARTESIAN_POINT('',(0.,0.,12.));
#17401=CARTESIAN_POINT('',(0.,0.,0.));
#17402=CARTESIAN_POINT('Origin',(0.,10.,0.));
#17403=CARTESIAN_POINT('',(0.,10.,0.));
#17404=CARTESIAN_POINT('',(0.,10.,12.));
#17405=CARTESIAN_POINT('Origin',(107.,5.,12.));
#17406=CARTESIAN_POINT('Origin',(107.,5.,0.));
#17407=CARTESIAN_POINT('',(0.,0.,0.));
#17408=CARTESIAN_POINT('Origin',(103.175987899303,8.00000011920929,0.));
#17409=CARTESIAN_POINT('',(96.5511588007212,8.00000011920929,0.));
#17410=CARTESIAN_POINT('',(103.175987899303,8.00000011920929,0.));
#17411=CARTESIAN_POINT('',(96.5511588007212,8.00000011920929,0.));
#17412=CARTESIAN_POINT('',(96.5511588007212,8.00000011920929,0.8));
#17413=CARTESIAN_POINT('',(96.5511588007212,8.00000011920929,0.));
#17414=CARTESIAN_POINT('',(103.175987899303,8.00000011920929,0.8));
#17415=CARTESIAN_POINT('',(96.5511588007212,8.00000011920929,0.8));
#17416=CARTESIAN_POINT('',(103.175987899303,8.00000011920929,0.));
#17417=CARTESIAN_POINT('Origin',(103.175987899303,6.29195094108582,0.));
#17418=CARTESIAN_POINT('',(103.175987899303,6.29195094108582,0.));
#17419=CARTESIAN_POINT('',(103.175987899303,8.00000011920929,0.));
#17420=CARTESIAN_POINT('',(103.175987899303,6.29195094108582,0.8));
#17421=CARTESIAN_POINT('',(103.175987899303,8.00000011920929,0.8));
#17422=CARTESIAN_POINT('',(103.175987899303,6.29195094108582,0.));
#17423=CARTESIAN_POINT('Origin',(99.0286484360695,6.29195094108582,0.));
#17424=CARTESIAN_POINT('',(99.0286484360695,6.29195094108582,0.));
#17425=CARTESIAN_POINT('',(103.175987899303,6.29195094108582,0.));
#17426=CARTESIAN_POINT('',(99.0286484360695,6.29195094108582,0.8));
#17427=CARTESIAN_POINT('',(103.175987899303,6.29195094108582,0.8));
#17428=CARTESIAN_POINT('',(99.0286484360695,6.29195094108582,0.));
#17429=CARTESIAN_POINT('Origin',(99.0286484360695,5.02046406269073,0.));
#17430=CARTESIAN_POINT('',(99.0286484360695,5.02046406269073,0.));
#17431=CARTESIAN_POINT('',(99.0286484360695,6.29195094108582,0.));
#17432=CARTESIAN_POINT('',(99.0286484360695,5.02046406269073,0.8));
#17433=CARTESIAN_POINT('',(99.0286484360695,6.29195094108582,0.8));
#17434=CARTESIAN_POINT('',(99.0286484360695,5.02046406269073,0.));
#17435=CARTESIAN_POINT('Origin',(102.875851690769,5.02046406269073,0.));
#17436=CARTESIAN_POINT('',(102.875851690769,5.02046406269073,0.));
#17437=CARTESIAN_POINT('',(99.0286484360695,5.02046406269073,0.));
#17438=CARTESIAN_POINT('',(102.875851690769,5.02046406269073,0.8));
#17439=CARTESIAN_POINT('',(99.0286484360695,5.02046406269073,0.8));
#17440=CARTESIAN_POINT('',(102.875851690769,5.02046406269073,0.));
#17441=CARTESIAN_POINT('Origin',(102.875851690769,3.38881313800812,0.));
#17442=CARTESIAN_POINT('',(102.875851690769,3.38881313800812,0.));
#17443=CARTESIAN_POINT('',(102.875851690769,5.02046406269073,0.));
#17444=CARTESIAN_POINT('',(102.875851690769,3.38881313800812,0.8));
#17445=CARTESIAN_POINT('',(102.875851690769,5.02046406269073,0.8));
#17446=CARTESIAN_POINT('',(102.875851690769,3.38881313800812,0.));
#17447=CARTESIAN_POINT('Origin',(99.0286484360695,3.38881313800812,0.));
#17448=CARTESIAN_POINT('',(99.0286484360695,3.38881313800812,0.));
#17449=CARTESIAN_POINT('',(102.875851690769,3.38881313800812,0.));
#17450=CARTESIAN_POINT('',(99.0286484360695,3.38881313800812,0.8));
#17451=CARTESIAN_POINT('',(102.875851690769,3.38881313800812,0.8));
#17452=CARTESIAN_POINT('',(99.0286484360695,3.38881313800812,0.));
#17453=CARTESIAN_POINT('Origin',(99.0286484360695,1.81173324584961,0.));
#17454=CARTESIAN_POINT('',(99.0286484360695,1.81173324584961,0.));
#17455=CARTESIAN_POINT('',(99.0286484360695,3.38881313800812,0.));
#17456=CARTESIAN_POINT('',(99.0286484360695,1.81173324584961,0.8));
#17457=CARTESIAN_POINT('',(99.0286484360695,3.38881313800812,0.8));
#17458=CARTESIAN_POINT('',(99.0286484360695,1.81173324584961,0.));
#17459=CARTESIAN_POINT('Origin',(103.296042382717,1.81173324584961,0.));
#17460=CARTESIAN_POINT('',(103.296042382717,1.81173324584961,0.));
#17461=CARTESIAN_POINT('',(99.0286484360695,1.81173324584961,0.));
#17462=CARTESIAN_POINT('',(103.296042382717,1.81173324584961,0.8));
#17463=CARTESIAN_POINT('',(99.0286484360695,1.81173324584961,0.8));
#17464=CARTESIAN_POINT('',(103.296042382717,1.81173324584961,0.));
#17465=CARTESIAN_POINT('Origin',(103.296042382717,0.,0.));
#17466=CARTESIAN_POINT('',(103.296042382717,0.,0.));
#17467=CARTESIAN_POINT('',(103.296042382717,1.81173324584961,0.));
#17468=CARTESIAN_POINT('',(103.296042382717,0.,0.8));
#17469=CARTESIAN_POINT('',(103.296042382717,1.81173324584961,0.8));
#17470=CARTESIAN_POINT('',(103.296042382717,0.,0.));
#17471=CARTESIAN_POINT('Origin',(96.5511588007212,0.,0.));
#17472=CARTESIAN_POINT('',(96.5511588007212,0.,0.));
#17473=CARTESIAN_POINT('',(103.296042382717,0.,0.));
#17474=CARTESIAN_POINT('',(96.5511588007212,0.,0.8));
#17475=CARTESIAN_POINT('',(103.296042382717,0.,0.8));
#17476=CARTESIAN_POINT('',(96.5511588007212,0.,0.));
#17477=CARTESIAN_POINT('Origin',(96.5511588007212,8.00000011920929,0.));
#17478=CARTESIAN_POINT('',(96.5511588007212,0.,0.));
#17479=CARTESIAN_POINT('',(96.5511588007212,0.,0.8));
#17480=CARTESIAN_POINT('Origin',(99.9236005917192,4.00000005960464,0.8));
#17481=CARTESIAN_POINT('Origin',(99.9236005917192,4.00000005960464,0.));
#17482=CARTESIAN_POINT('Origin',(64.3642565608025,8.00000011920929,0.));
#17483=CARTESIAN_POINT('',(61.11323364079,8.00000011920929,0.));
#17484=CARTESIAN_POINT('',(64.3642565608025,8.00000011920929,0.));
#17485=CARTESIAN_POINT('',(61.11323364079,8.00000011920929,0.));
#17486=CARTESIAN_POINT('',(61.11323364079,8.00000011920929,0.8));
#17487=CARTESIAN_POINT('',(61.11323364079,8.00000011920929,0.));
#17488=CARTESIAN_POINT('',(64.3642565608025,8.00000011920929,0.8));
#17489=CARTESIAN_POINT('',(61.11323364079,8.00000011920929,0.8));
#17490=CARTESIAN_POINT('',(64.3642565608025,8.00000011920929,0.));
#17491=CARTESIAN_POINT('Origin',(65.6180086731911,3.13233256340027,0.));
#17492=CARTESIAN_POINT('',(65.6180086731911,3.13233256340027,0.));
#17493=CARTESIAN_POINT('',(64.3642565608025,8.00000011920929,0.));
#17494=CARTESIAN_POINT('',(65.6180086731911,3.13233256340027,0.8));
#17495=CARTESIAN_POINT('',(64.3642565608025,8.00000011920929,0.8));
#17496=CARTESIAN_POINT('',(65.6180086731911,3.13233256340027,0.));
#17497=CARTESIAN_POINT('Origin',(66.862807571888,8.00000011920929,0.));
#17498=CARTESIAN_POINT('',(66.862807571888,8.00000011920929,0.));
#17499=CARTESIAN_POINT('',(65.6180086731911,3.13233256340027,0.));
#17500=CARTESIAN_POINT('',(66.862807571888,8.00000011920929,0.8));
#17501=CARTESIAN_POINT('',(65.6180086731911,3.13233256340027,0.8));
#17502=CARTESIAN_POINT('',(66.862807571888,8.00000011920929,0.));
#17503=CARTESIAN_POINT('Origin',(70.1118692755699,8.00000011920929,0.));
#17504=CARTESIAN_POINT('',(70.1118692755699,8.00000011920929,0.));
#17505=CARTESIAN_POINT('',(66.862807571888,8.00000011920929,0.));
#17506=CARTESIAN_POINT('',(70.1118692755699,8.00000011920929,0.8));
#17507=CARTESIAN_POINT('',(66.862807571888,8.00000011920929,0.8));
#17508=CARTESIAN_POINT('',(70.1118692755699,8.00000011920929,0.));
#17509=CARTESIAN_POINT('Origin',(70.1118692755699,0.,0.));
#17510=CARTESIAN_POINT('',(70.1118692755699,0.,0.));
#17511=CARTESIAN_POINT('',(70.1118692755699,8.00000011920929,0.));
#17512=CARTESIAN_POINT('',(70.1118692755699,0.,0.8));
#17513=CARTESIAN_POINT('',(70.1118692755699,8.00000011920929,0.8));
#17514=CARTESIAN_POINT('',(70.1118692755699,0.,0.));
#17515=CARTESIAN_POINT('Origin',(68.0873128771782,0.,0.));
#17516=CARTESIAN_POINT('',(68.0873128771782,0.,0.));
#17517=CARTESIAN_POINT('',(70.1118692755699,0.,0.));
#17518=CARTESIAN_POINT('',(68.0873128771782,0.,0.8));
#17519=CARTESIAN_POINT('',(70.1118692755699,0.,0.8));
#17520=CARTESIAN_POINT('',(68.0873128771782,0.,0.));
#17521=CARTESIAN_POINT('Origin',(68.0873128771782,6.10095500946045,0.));
#17522=CARTESIAN_POINT('',(68.0873128771782,6.10095500946045,0.));
#17523=CARTESIAN_POINT('',(68.0873128771782,0.,0.));
#17524=CARTESIAN_POINT('',(68.0873128771782,6.10095500946045,0.8));
#17525=CARTESIAN_POINT('',(68.0873128771782,0.,0.8));
#17526=CARTESIAN_POINT('',(68.0873128771782,6.10095500946045,0.));
#17527=CARTESIAN_POINT('Origin',(66.527371108532,0.,0.));
#17528=CARTESIAN_POINT('',(66.527371108532,0.,0.));
#17529=CARTESIAN_POINT('',(68.0873128771782,6.10095500946045,0.));
#17530=CARTESIAN_POINT('',(66.527371108532,0.,0.8));
#17531=CARTESIAN_POINT('',(68.0873128771782,6.10095500946045,0.8));
#17532=CARTESIAN_POINT('',(66.527371108532,0.,0.));
#17533=CARTESIAN_POINT('Origin',(64.6948331594467,0.,0.));
#17534=CARTESIAN_POINT('',(64.6948331594467,0.,0.));
#17535=CARTESIAN_POINT('',(66.527371108532,0.,0.));
#17536=CARTESIAN_POINT('',(64.6948331594467,0.,0.8));
#17537=CARTESIAN_POINT('',(66.527371108532,0.,0.8));
#17538=CARTESIAN_POINT('',(64.6948331594467,0.,0.));
#17539=CARTESIAN_POINT('Origin',(63.1377902626991,6.10095500946045,0.));
#17540=CARTESIAN_POINT('',(63.1377902626991,6.10095500946045,0.));
#17541=CARTESIAN_POINT('',(64.6948331594467,0.,0.));
#17542=CARTESIAN_POINT('',(63.1377902626991,6.10095500946045,0.8));
#17543=CARTESIAN_POINT('',(64.6948331594467,0.,0.8));
#17544=CARTESIAN_POINT('',(63.1377902626991,6.10095500946045,0.));
#17545=CARTESIAN_POINT('Origin',(63.1377902626991,0.,0.));
#17546=CARTESIAN_POINT('',(63.1377902626991,0.,0.));
#17547=CARTESIAN_POINT('',(63.1377902626991,6.10095500946045,0.));
#17548=CARTESIAN_POINT('',(63.1377902626991,0.,0.8));
#17549=CARTESIAN_POINT('',(63.1377902626991,6.10095500946045,0.8));
#17550=CARTESIAN_POINT('',(63.1377902626991,0.,0.));
#17551=CARTESIAN_POINT('Origin',(61.11323364079,0.,0.));
#17552=CARTESIAN_POINT('',(61.11323364079,0.,0.));
#17553=CARTESIAN_POINT('',(63.1377902626991,0.,0.));
#17554=CARTESIAN_POINT('',(61.11323364079,0.,0.8));
#17555=CARTESIAN_POINT('',(63.1377902626991,0.,0.8));
#17556=CARTESIAN_POINT('',(61.11323364079,0.,0.));
#17557=CARTESIAN_POINT('Origin',(61.11323364079,8.00000011920929,0.));
#17558=CARTESIAN_POINT('',(61.11323364079,0.,0.));
#17559=CARTESIAN_POINT('',(61.11323364079,0.,0.8));
#17560=CARTESIAN_POINT('Origin',(65.61255145818,4.00000005960464,0.8));
#17561=CARTESIAN_POINT('Origin',(65.61255145818,4.00000005960464,0.));
#17562=CARTESIAN_POINT('Origin',(26.1036846041679,5.92633008956909,0.));
#17563=CARTESIAN_POINT('',(26.9866994023323,3.05047750473022,0.));
#17564=CARTESIAN_POINT('',(26.1036846041679,5.92633008956909,0.));
#17565=CARTESIAN_POINT('',(26.9866994023323,3.05047750473022,0.));
#17566=CARTESIAN_POINT('',(26.9866994023323,3.05047750473022,0.8));
#17567=CARTESIAN_POINT('',(26.9866994023323,3.05047750473022,0.));
#17568=CARTESIAN_POINT('',(26.1036846041679,5.92633008956909,0.8));
#17569=CARTESIAN_POINT('',(26.9866994023323,3.05047750473022,0.8));
#17570=CARTESIAN_POINT('',(26.1036846041679,5.92633008956909,0.));
#17571=CARTESIAN_POINT('Origin',(25.2298781275749,3.05047750473023,0.));
#17572=CARTESIAN_POINT('',(25.2298781275749,3.05047750473022,0.));
#17573=CARTESIAN_POINT('',(26.1036846041679,5.92633008956909,0.));
#17574=CARTESIAN_POINT('',(25.2298781275749,3.05047750473022,0.8));
#17575=CARTESIAN_POINT('',(26.1036846041679,5.92633008956909,0.8));
#17576=CARTESIAN_POINT('',(25.2298781275749,3.05047750473022,0.));
#17577=CARTESIAN_POINT('Origin',(26.9866994023323,3.05047750473022,0.));
#17578=CARTESIAN_POINT('',(25.2298781275749,3.05047750473022,0.));
#17579=CARTESIAN_POINT('',(25.2298781275749,3.05047750473022,0.8));
#17580=CARTESIAN_POINT('Origin',(24.6929579973221,1.32060050964355,0.));
#17581=CARTESIAN_POINT('',(27.4994894862175,1.32060050964355,0.));
#17582=CARTESIAN_POINT('',(24.6929579973221,1.32060050964355,0.));
#17583=CARTESIAN_POINT('',(27.4994894862175,1.32060050964355,0.));
#17584=CARTESIAN_POINT('',(27.4994894862175,1.32060050964355,0.8));
#17585=CARTESIAN_POINT('',(27.4994894862175,1.32060050964355,0.));
#17586=CARTESIAN_POINT('',(24.6929579973221,1.32060050964355,0.8));
#17587=CARTESIAN_POINT('',(27.4994894862175,1.32060050964355,0.8));
#17588=CARTESIAN_POINT('',(24.6929579973221,1.32060050964355,0.));
#17589=CARTESIAN_POINT('Origin',(24.3030366301537,0.,0.));
#17590=CARTESIAN_POINT('',(24.3030366301537,0.,0.));
#17591=CARTESIAN_POINT('',(24.6929579973221,1.32060050964355,0.));
#17592=CARTESIAN_POINT('',(24.3030366301537,0.,0.8));
#17593=CARTESIAN_POINT('',(24.6929579973221,1.32060050964355,0.8));
#17594=CARTESIAN_POINT('',(24.3030366301537,0.,0.));
#17595=CARTESIAN_POINT('Origin',(21.7789915855974,0.,0.));
#17596=CARTESIAN_POINT('',(21.7789915855974,0.,0.));
#17597=CARTESIAN_POINT('',(24.3030366301537,0.,0.));
#17598=CARTESIAN_POINT('',(21.7789915855974,0.,0.8));
#17599=CARTESIAN_POINT('',(24.3030366301537,0.,0.8));
#17600=CARTESIAN_POINT('',(21.7789915855974,0.,0.));
#17601=CARTESIAN_POINT('Origin',(24.7858127951622,8.00000011920929,0.));
#17602=CARTESIAN_POINT('',(24.7858127951622,8.00000011920929,0.));
#17603=CARTESIAN_POINT('',(21.7789915855974,0.,0.));
#17604=CARTESIAN_POINT('',(24.7858127951622,8.00000011920929,0.8));
#17605=CARTESIAN_POINT('',(21.7789915855974,0.,0.8));
#17606=CARTESIAN_POINT('',(24.7858127951622,8.00000011920929,0.));
#17607=CARTESIAN_POINT('Origin',(27.4822655320168,8.00000011920929,0.));
#17608=CARTESIAN_POINT('',(27.4822655320168,8.00000011920929,0.));
#17609=CARTESIAN_POINT('',(24.7858127951622,8.00000011920929,0.));
#17610=CARTESIAN_POINT('',(27.4822655320168,8.00000011920929,0.8));
#17611=CARTESIAN_POINT('',(24.7858127951622,8.00000011920929,0.8));
#17612=CARTESIAN_POINT('',(27.4822655320168,8.00000011920929,0.));
#17613=CARTESIAN_POINT('Origin',(30.4884049296379,1.11022302462516E-15,
0.));
#17614=CARTESIAN_POINT('',(30.4884049296379,0.,0.));
#17615=CARTESIAN_POINT('',(27.4822655320168,8.00000011920929,0.));
#17616=CARTESIAN_POINT('',(30.4884049296379,0.,0.8));
#17617=CARTESIAN_POINT('',(27.4822655320168,8.00000011920929,0.8));
#17618=CARTESIAN_POINT('',(30.4884049296379,0.,0.));
#17619=CARTESIAN_POINT('Origin',(27.8997281193733,0.,0.));
#17620=CARTESIAN_POINT('',(27.8997281193733,0.,0.));
#17621=CARTESIAN_POINT('',(30.4884049296379,0.,0.));
#17622=CARTESIAN_POINT('',(27.8997281193733,0.,0.8));
#17623=CARTESIAN_POINT('',(30.4884049296379,0.,0.8));
#17624=CARTESIAN_POINT('',(27.8997281193733,0.,0.));
#17625=CARTESIAN_POINT('Origin',(27.4994894862175,1.32060050964355,0.));
#17626=CARTESIAN_POINT('',(27.8997281193733,0.,0.));
#17627=CARTESIAN_POINT('',(27.8997281193733,0.,0.8));
#17628=CARTESIAN_POINT('Origin',(26.1336982576177,4.00000005960464,0.8));
#17629=CARTESIAN_POINT('Origin',(26.1336982576177,4.00000005960464,0.));
#17630=CARTESIAN_POINT('Origin',(4.2401111125946,4.5620733499527,0.));
#17631=CARTESIAN_POINT('',(4.2401111125946,2.89768099784851,0.));
#17632=CARTESIAN_POINT('',(4.2401111125946,4.5620733499527,0.));
#17633=CARTESIAN_POINT('',(4.2401111125946,2.89768099784851,0.));
#17634=CARTESIAN_POINT('',(4.2401111125946,2.89768099784851,0.8));
#17635=CARTESIAN_POINT('',(4.2401111125946,2.89768099784851,0.));
#17636=CARTESIAN_POINT('',(4.2401111125946,4.5620733499527,0.8));
#17637=CARTESIAN_POINT('',(4.2401111125946,2.89768099784851,0.8));
#17638=CARTESIAN_POINT('',(4.2401111125946,4.5620733499527,0.));
#17639=CARTESIAN_POINT('Origin',(8.0600294470787,4.5620733499527,0.));
#17640=CARTESIAN_POINT('',(8.0600294470787,4.5620733499527,0.));
#17641=CARTESIAN_POINT('',(4.2401111125946,4.5620733499527,0.));
#17642=CARTESIAN_POINT('',(8.0600294470787,4.5620733499527,0.8));
#17643=CARTESIAN_POINT('',(4.2401111125946,4.5620733499527,0.8));
#17644=CARTESIAN_POINT('',(8.0600294470787,4.5620733499527,0.));
#17645=CARTESIAN_POINT('Origin',(8.0600294470787,1.15143299102783,0.));
#17646=CARTESIAN_POINT('',(8.0600294470787,1.15143299102783,0.));
#17647=CARTESIAN_POINT('',(8.0600294470787,4.5620733499527,0.));
#17648=CARTESIAN_POINT('',(8.0600294470787,1.15143299102783,0.8));
#17649=CARTESIAN_POINT('',(8.0600294470787,4.5620733499527,0.8));
#17650=CARTESIAN_POINT('',(8.0600294470787,1.15143299102783,0.));
#17651=CARTESIAN_POINT('Ctrl Pts',(6.12005680799484,0.133696794509888,0.));
#17652=CARTESIAN_POINT('Ctrl Pts',(6.12005680799484,0.133696794509888,0.8));
#17653=CARTESIAN_POINT('Ctrl Pts',(6.42698998999217,0.254314725817508,0.));
#17654=CARTESIAN_POINT('Ctrl Pts',(6.42698998999217,0.254314725817508,0.8));
#17655=CARTESIAN_POINT('Ctrl Pts',(7.11013971952736,0.522777414060234,0.));
#17656=CARTESIAN_POINT('Ctrl Pts',(7.11013971952736,0.522777414060234,0.8));
#17657=CARTESIAN_POINT('Ctrl Pts',(7.72269169943167,0.928176280033943,0.));
#17658=CARTESIAN_POINT('Ctrl Pts',(7.72269169943167,0.928176280033943,0.8));
#17659=CARTESIAN_POINT('Ctrl Pts',(8.0600294470787,1.15143299102783,0.));
#17660=CARTESIAN_POINT('Ctrl Pts',(8.0600294470787,1.15143299102783,0.8));
#17661=CARTESIAN_POINT('',(6.12005680799484,0.133696794509888,0.));
#17662=CARTESIAN_POINT('Ctrl Pts',(8.0600294470787,1.15143299102783,0.));
#17663=CARTESIAN_POINT('Ctrl Pts',(7.72269169943167,0.928176280033943,0.));
#17664=CARTESIAN_POINT('Ctrl Pts',(7.11013971952736,0.522777414060234,0.));
#17665=CARTESIAN_POINT('Ctrl Pts',(6.42698998999217,0.254314725817508,0.));
#17666=CARTESIAN_POINT('Ctrl Pts',(6.12005680799484,0.133696794509888,0.));
#17667=CARTESIAN_POINT('',(6.12005680799484,0.133696794509888,0.8));
#17668=CARTESIAN_POINT('Ctrl Pts',(6.12005680799484,0.133696794509888,0.8));
#17669=CARTESIAN_POINT('Ctrl Pts',(6.42698998999217,0.254314725817508,0.8));
#17670=CARTESIAN_POINT('Ctrl Pts',(7.11013971952736,0.522777414060234,0.8));
#17671=CARTESIAN_POINT('Ctrl Pts',(7.72269169943167,0.928176280033943,0.8));
#17672=CARTESIAN_POINT('Ctrl Pts',(8.0600294470787,1.15143299102783,0.8));
#17673=CARTESIAN_POINT('',(6.12005680799484,0.133696794509888,0.));
#17674=CARTESIAN_POINT('Ctrl Pts',(4.12005662918091,-0.136425495147705,
0.));
#17675=CARTESIAN_POINT('Ctrl Pts',(4.12005662918091,-0.136425495147705,
0.8));
#17676=CARTESIAN_POINT('Ctrl Pts',(4.48159256678724,-0.12854911824328,0.));
#17677=CARTESIAN_POINT('Ctrl Pts',(4.48159256678724,-0.12854911824328,0.8));
#17678=CARTESIAN_POINT('Ctrl Pts',(5.15882780186406,-0.113794955767104,
0.));
#17679=CARTESIAN_POINT('Ctrl Pts',(5.15882780186406,-0.113794955767104,
0.8));
#17680=CARTESIAN_POINT('Ctrl Pts',(5.81443814735139,0.0550078486317096,
0.));
#17681=CARTESIAN_POINT('Ctrl Pts',(5.81443814735139,0.0550078486317096,
0.8));
#17682=CARTESIAN_POINT('Ctrl Pts',(6.12005680799484,0.133696794509888,0.));
#17683=CARTESIAN_POINT('Ctrl Pts',(6.12005680799484,0.133696794509888,0.8));
#17684=CARTESIAN_POINT('',(4.12005662918091,-0.136425495147705,0.));
#17685=CARTESIAN_POINT('Ctrl Pts',(6.12005680799484,0.133696794509888,0.));
#17686=CARTESIAN_POINT('Ctrl Pts',(5.81443814735139,0.0550078486317096,
0.));
#17687=CARTESIAN_POINT('Ctrl Pts',(5.15882780186406,-0.113794955767104,
0.));
#17688=CARTESIAN_POINT('Ctrl Pts',(4.48159256678724,-0.12854911824328,0.));
#17689=CARTESIAN_POINT('Ctrl Pts',(4.12005662918091,-0.136425495147705,
0.));
#17690=CARTESIAN_POINT('',(4.12005662918091,-0.136425495147705,0.8));
#17691=CARTESIAN_POINT('Ctrl Pts',(4.12005662918091,-0.136425495147705,
0.8));
#17692=CARTESIAN_POINT('Ctrl Pts',(4.48159256678724,-0.12854911824328,0.8));
#17693=CARTESIAN_POINT('Ctrl Pts',(5.15882780186406,-0.113794955767104,
0.8));
#17694=CARTESIAN_POINT('Ctrl Pts',(5.81443814735139,0.0550078486317096,
0.8));
#17695=CARTESIAN_POINT('Ctrl Pts',(6.12005680799484,0.133696794509888,0.8));
#17696=CARTESIAN_POINT('',(4.12005662918091,-0.136425495147705,0.));
#17697=CARTESIAN_POINT('Ctrl Pts',(1.7980919778347,0.349249839782715,0.));
#17698=CARTESIAN_POINT('Ctrl Pts',(1.7980919778347,0.349249839782715,0.8));
#17699=CARTESIAN_POINT('Ctrl Pts',(2.13680460748094,0.207872728546277,0.));
#17700=CARTESIAN_POINT('Ctrl Pts',(2.13680460748094,0.207872728546277,0.8));
#17701=CARTESIAN_POINT('Ctrl Pts',(2.87826985919194,-0.101611495524685,
0.));
#17702=CARTESIAN_POINT('Ctrl Pts',(2.87826985919194,-0.101611495524685,
0.8));
#17703=CARTESIAN_POINT('Ctrl Pts',(3.6829607848309,-0.124171334507419,0.));
#17704=CARTESIAN_POINT('Ctrl Pts',(3.6829607848309,-0.124171334507419,0.8));
#17705=CARTESIAN_POINT('Ctrl Pts',(4.12005662918091,-0.136425495147705,
0.));
#17706=CARTESIAN_POINT('Ctrl Pts',(4.12005662918091,-0.136425495147705,
0.8));
#17707=CARTESIAN_POINT('',(1.7980919778347,0.349249839782715,0.));
#17708=CARTESIAN_POINT('Ctrl Pts',(4.12005662918091,-0.136425495147705,
0.));
#17709=CARTESIAN_POINT('Ctrl Pts',(3.6829607848309,-0.124171334507419,0.));
#17710=CARTESIAN_POINT('Ctrl Pts',(2.87826985919194,-0.101611495524685,
0.));
#17711=CARTESIAN_POINT('Ctrl Pts',(2.13680460748094,0.207872728546277,0.));
#17712=CARTESIAN_POINT('Ctrl Pts',(1.7980919778347,0.349249839782715,0.));
#17713=CARTESIAN_POINT('',(1.7980919778347,0.349249839782715,0.8));
#17714=CARTESIAN_POINT('Ctrl Pts',(1.7980919778347,0.349249839782715,0.8));
#17715=CARTESIAN_POINT('Ctrl Pts',(2.13680460748094,0.207872728546277,0.8));
#17716=CARTESIAN_POINT('Ctrl Pts',(2.87826985919194,-0.101611495524685,
0.8));
#17717=CARTESIAN_POINT('Ctrl Pts',(3.6829607848309,-0.124171334507419,0.8));
#17718=CARTESIAN_POINT('Ctrl Pts',(4.12005662918091,-0.136425495147705,
0.8));
#17719=CARTESIAN_POINT('',(1.7980919778347,0.349249839782715,0.));
#17720=CARTESIAN_POINT('Ctrl Pts',(0.406550318002701,1.79536104202271,0.));
#17721=CARTESIAN_POINT('Ctrl Pts',(0.406550318002701,1.79536104202271,0.8));
#17722=CARTESIAN_POINT('Ctrl Pts',(0.58567411485264,1.49626700499236,0.));
#17723=CARTESIAN_POINT('Ctrl Pts',(0.58567411485264,1.49626700499236,0.8));
#17724=CARTESIAN_POINT('Ctrl Pts',(0.938588876563939,0.906983488987712,
0.));
#17725=CARTESIAN_POINT('Ctrl Pts',(0.938588876563939,0.906983488987712,
0.8));
#17726=CARTESIAN_POINT('Ctrl Pts',(1.51449173250764,0.533278727529414,0.));
#17727=CARTESIAN_POINT('Ctrl Pts',(1.51449173250764,0.533278727529414,0.8));
#17728=CARTESIAN_POINT('Ctrl Pts',(1.7980919778347,0.349249839782715,0.));
#17729=CARTESIAN_POINT('Ctrl Pts',(1.7980919778347,0.349249839782715,0.8));
#17730=CARTESIAN_POINT('',(0.406550318002701,1.79536104202271,0.));
#17731=CARTESIAN_POINT('Ctrl Pts',(1.7980919778347,0.349249839782715,0.));
#17732=CARTESIAN_POINT('Ctrl Pts',(1.51449173250764,0.533278727529414,0.));
#17733=CARTESIAN_POINT('Ctrl Pts',(0.938588876563939,0.906983488987712,
0.));
#17734=CARTESIAN_POINT('Ctrl Pts',(0.58567411485264,1.49626700499236,0.));
#17735=CARTESIAN_POINT('Ctrl Pts',(0.406550318002701,1.79536104202271,0.));
#17736=CARTESIAN_POINT('',(0.406550318002701,1.79536104202271,0.8));
#17737=CARTESIAN_POINT('Ctrl Pts',(0.406550318002701,1.79536104202271,0.8));
#17738=CARTESIAN_POINT('Ctrl Pts',(0.58567411485264,1.49626700499236,0.8));
#17739=CARTESIAN_POINT('Ctrl Pts',(0.938588876563939,0.906983488987712,
0.8));
#17740=CARTESIAN_POINT('Ctrl Pts',(1.51449173250764,0.533278727529414,0.8));
#17741=CARTESIAN_POINT('Ctrl Pts',(1.7980919778347,0.349249839782715,0.8));
#17742=CARTESIAN_POINT('',(0.406550318002701,1.79536104202271,0.));
#17743=CARTESIAN_POINT('Ctrl Pts',(-0.0873104855418205,3.99999976158142,
0.));
#17744=CARTESIAN_POINT('Ctrl Pts',(-0.0873104855418205,3.99999976158142,
0.8));
#17745=CARTESIAN_POINT('Ctrl Pts',(-0.0699405639829775,3.603473829914,0.));
#17746=CARTESIAN_POINT('Ctrl Pts',(-0.0699405639829775,3.603473829914,0.8));
#17747=CARTESIAN_POINT('Ctrl Pts',(-0.0364355401338316,2.83861080204626,
0.));
#17748=CARTESIAN_POINT('Ctrl Pts',(-0.0364355401338316,2.83861080204626,
0.8));
#17749=CARTESIAN_POINT('Ctrl Pts',(0.262561519221016,2.13446053474009,0.));
#17750=CARTESIAN_POINT('Ctrl Pts',(0.262561519221016,2.13446053474009,0.8));
#17751=CARTESIAN_POINT('Ctrl Pts',(0.406550318002701,1.79536104202271,0.));
#17752=CARTESIAN_POINT('Ctrl Pts',(0.406550318002701,1.79536104202271,0.8));
#17753=CARTESIAN_POINT('',(-0.0873104855418205,3.99999976158142,0.));
#17754=CARTESIAN_POINT('Ctrl Pts',(0.406550318002701,1.79536104202271,0.));
#17755=CARTESIAN_POINT('Ctrl Pts',(0.262561519221016,2.13446053474009,0.));
#17756=CARTESIAN_POINT('Ctrl Pts',(-0.0364355401338316,2.83861080204626,
0.));
#17757=CARTESIAN_POINT('Ctrl Pts',(-0.0699405639829775,3.603473829914,0.));
#17758=CARTESIAN_POINT('Ctrl Pts',(-0.0873104855418205,3.99999976158142,
0.));
#17759=CARTESIAN_POINT('',(-0.0873104855418205,3.99999976158142,0.8));
#17760=CARTESIAN_POINT('Ctrl Pts',(-0.0873104855418205,3.99999976158142,
0.8));
#17761=CARTESIAN_POINT('Ctrl Pts',(-0.0699405639829775,3.603473829914,0.8));
#17762=CARTESIAN_POINT('Ctrl Pts',(-0.0364355401338316,2.83861080204626,
0.8));
#17763=CARTESIAN_POINT('Ctrl Pts',(0.262561519221016,2.13446053474009,0.8));
#17764=CARTESIAN_POINT('Ctrl Pts',(0.406550318002701,1.79536104202271,0.8));
#17765=CARTESIAN_POINT('',(-0.0873104855418205,3.99999976158142,0.));
#17766=CARTESIAN_POINT('Ctrl Pts',(0.452935099601746,6.27830862998962,0.));
#17767=CARTESIAN_POINT('Ctrl Pts',(0.452935099601746,6.27830862998962,0.8));
#17768=CARTESIAN_POINT('Ctrl Pts',(0.295445192484716,5.93246423259612,0.));
#17769=CARTESIAN_POINT('Ctrl Pts',(0.295445192484716,5.93246423259612,0.8));
#17770=CARTESIAN_POINT('Ctrl Pts',(-0.033866737493707,5.20930242456199,
0.));
#17771=CARTESIAN_POINT('Ctrl Pts',(-0.033866737493707,5.20930242456199,
0.8));
#17772=CARTESIAN_POINT('Ctrl Pts',(-0.0689864170030904,4.41462908100294,
0.));
#17773=CARTESIAN_POINT('Ctrl Pts',(-0.0689864170030904,4.41462908100294,
0.8));
#17774=CARTESIAN_POINT('Ctrl Pts',(-0.0873104855418205,3.99999976158142,
0.));
#17775=CARTESIAN_POINT('Ctrl Pts',(-0.0873104855418205,3.99999976158142,
0.8));
#17776=CARTESIAN_POINT('',(0.452935099601746,6.27830862998962,0.));
#17777=CARTESIAN_POINT('Ctrl Pts',(-0.0873104855418205,3.99999976158142,
0.));
#17778=CARTESIAN_POINT('Ctrl Pts',(-0.0689864170030904,4.41462908100294,
0.));
#17779=CARTESIAN_POINT('Ctrl Pts',(-0.033866737493707,5.20930242456199,
0.));
#17780=CARTESIAN_POINT('Ctrl Pts',(0.295445192484716,5.93246423259612,0.));
#17781=CARTESIAN_POINT('Ctrl Pts',(0.452935099601746,6.27830862998962,0.));
#17782=CARTESIAN_POINT('',(0.452935099601746,6.27830862998962,0.8));
#17783=CARTESIAN_POINT('Ctrl Pts',(0.452935099601746,6.27830862998962,0.8));
#17784=CARTESIAN_POINT('Ctrl Pts',(0.295445192484716,5.93246423259612,0.8));
#17785=CARTESIAN_POINT('Ctrl Pts',(-0.033866737493707,5.20930242456199,
0.8));
#17786=CARTESIAN_POINT('Ctrl Pts',(-0.0689864170030904,4.41462908100294,
0.8));
#17787=CARTESIAN_POINT('Ctrl Pts',(-0.0873104855418205,3.99999976158142,
0.8));
#17788=CARTESIAN_POINT('',(0.452935099601746,6.27830862998962,0.));
#17789=CARTESIAN_POINT('Ctrl Pts',(2.03547269105911,7.74897694587708,0.));
#17790=CARTESIAN_POINT('Ctrl Pts',(2.03547269105911,7.74897694587708,0.8));
#17791=CARTESIAN_POINT('Ctrl Pts',(1.71000876116732,7.56405210104632,0.));
#17792=CARTESIAN_POINT('Ctrl Pts',(1.71000876116732,7.56405210104632,0.8));
#17793=CARTESIAN_POINT('Ctrl Pts',(1.06636811426684,7.19834292155471,0.));
#17794=CARTESIAN_POINT('Ctrl Pts',(1.06636811426684,7.19834292155471,0.8));
#17795=CARTESIAN_POINT('Ctrl Pts',(0.655863545307491,6.58266317941866,0.));
#17796=CARTESIAN_POINT('Ctrl Pts',(0.655863545307491,6.58266317941866,0.8));
#17797=CARTESIAN_POINT('Ctrl Pts',(0.452935099601746,6.27830862998962,0.));
#17798=CARTESIAN_POINT('Ctrl Pts',(0.452935099601746,6.27830862998962,0.8));
#17799=CARTESIAN_POINT('',(2.03547269105911,7.74897694587708,0.));
#17800=CARTESIAN_POINT('Ctrl Pts',(0.452935099601746,6.27830862998962,0.));
#17801=CARTESIAN_POINT('Ctrl Pts',(0.655863545307491,6.58266317941866,0.));
#17802=CARTESIAN_POINT('Ctrl Pts',(1.06636811426684,7.19834292155471,0.));
#17803=CARTESIAN_POINT('Ctrl Pts',(1.71000876116732,7.56405210104632,0.));
#17804=CARTESIAN_POINT('Ctrl Pts',(2.03547269105911,7.74897694587708,0.));
#17805=CARTESIAN_POINT('',(2.03547269105911,7.74897694587708,0.8));
#17806=CARTESIAN_POINT('Ctrl Pts',(2.03547269105911,7.74897694587708,0.8));
#17807=CARTESIAN_POINT('Ctrl Pts',(1.71000876116732,7.56405210104632,0.8));
#17808=CARTESIAN_POINT('Ctrl Pts',(1.06636811426684,7.19834292155471,0.8));
#17809=CARTESIAN_POINT('Ctrl Pts',(0.655863545307491,6.58266317941866,0.8));
#17810=CARTESIAN_POINT('Ctrl Pts',(0.452935099601746,6.27830862998962,0.8));
#17811=CARTESIAN_POINT('',(2.03547269105911,7.74897694587708,0.));
#17812=CARTESIAN_POINT('Ctrl Pts',(4.2237401008606,8.13642561435699,0.));
#17813=CARTESIAN_POINT('Ctrl Pts',(4.2237401008606,8.13642561435699,0.8));
#17814=CARTESIAN_POINT('Ctrl Pts',(3.80757376072922,8.12852736150028,0.));
#17815=CARTESIAN_POINT('Ctrl Pts',(3.80757376072922,8.12852736150028,0.8));
#17816=CARTESIAN_POINT('Ctrl Pts',(3.05640776541707,8.11427128551282,0.));
#17817=CARTESIAN_POINT('Ctrl Pts',(3.05640776541707,8.11427128551282,0.8));
#17818=CARTESIAN_POINT('Ctrl Pts',(2.35035366498483,7.86164252111592,0.));
#17819=CARTESIAN_POINT('Ctrl Pts',(2.35035366498483,7.86164252111592,0.8));
#17820=CARTESIAN_POINT('Ctrl Pts',(2.03547269105911,7.74897694587708,0.));
#17821=CARTESIAN_POINT('Ctrl Pts',(2.03547269105911,7.74897694587708,0.8));
#17822=CARTESIAN_POINT('',(4.2237401008606,8.13642561435699,0.));
#17823=CARTESIAN_POINT('Ctrl Pts',(2.03547269105911,7.74897694587708,0.));
#17824=CARTESIAN_POINT('Ctrl Pts',(2.35035366498483,7.86164252111592,0.));
#17825=CARTESIAN_POINT('Ctrl Pts',(3.05640776541707,8.11427128551282,0.));
#17826=CARTESIAN_POINT('Ctrl Pts',(3.80757376072922,8.12852736150028,0.));
#17827=CARTESIAN_POINT('Ctrl Pts',(4.2237401008606,8.13642561435699,0.));
#17828=CARTESIAN_POINT('',(4.2237401008606,8.13642561435699,0.8));
#17829=CARTESIAN_POINT('Ctrl Pts',(4.2237401008606,8.13642561435699,0.8));
#17830=CARTESIAN_POINT('Ctrl Pts',(3.80757376072922,8.12852736150028,0.8));
#17831=CARTESIAN_POINT('Ctrl Pts',(3.05640776541707,8.11427128551282,0.8));
#17832=CARTESIAN_POINT('Ctrl Pts',(2.35035366498483,7.86164252111592,0.8));
#17833=CARTESIAN_POINT('Ctrl Pts',(2.03547269105911,7.74897694587708,0.8));
#17834=CARTESIAN_POINT('',(4.2237401008606,8.13642561435699,0.));
#17835=CARTESIAN_POINT('Ctrl Pts',(6.20736867189407,7.8963166475296,0.));
#17836=CARTESIAN_POINT('Ctrl Pts',(6.20736867189407,7.8963166475296,0.8));
#17837=CARTESIAN_POINT('Ctrl Pts',(5.93375556433432,7.96591800325863,0.));
#17838=CARTESIAN_POINT('Ctrl Pts',(5.93375556433432,7.96591800325863,0.8));
#17839=CARTESIAN_POINT('Ctrl Pts',(5.28398381657081,8.13120611742138,0.));
#17840=CARTESIAN_POINT('Ctrl Pts',(5.28398381657081,8.13120611742138,0.8));
#17841=CARTESIAN_POINT('Ctrl Pts',(4.61247976493891,8.13451187937763,0.));
#17842=CARTESIAN_POINT('Ctrl Pts',(4.61247976493891,8.13451187937763,0.8));
#17843=CARTESIAN_POINT('Ctrl Pts',(4.2237401008606,8.13642561435699,0.));
#17844=CARTESIAN_POINT('Ctrl Pts',(4.2237401008606,8.13642561435699,0.8));
#17845=CARTESIAN_POINT('',(6.20736867189407,7.8963166475296,0.));
#17846=CARTESIAN_POINT('Ctrl Pts',(4.2237401008606,8.13642561435699,0.));
#17847=CARTESIAN_POINT('Ctrl Pts',(4.61247976493891,8.13451187937763,0.));
#17848=CARTESIAN_POINT('Ctrl Pts',(5.28398381657081,8.13120611742138,0.));
#17849=CARTESIAN_POINT('Ctrl Pts',(5.93375556433432,7.96591800325863,0.));
#17850=CARTESIAN_POINT('Ctrl Pts',(6.20736867189407,7.8963166475296,0.));
#17851=CARTESIAN_POINT('',(6.20736867189407,7.8963166475296,0.8));
#17852=CARTESIAN_POINT('Ctrl Pts',(6.20736867189407,7.8963166475296,0.8));
#17853=CARTESIAN_POINT('Ctrl Pts',(5.93375556433432,7.96591800325863,0.8));
#17854=CARTESIAN_POINT('Ctrl Pts',(5.28398381657081,8.13120611742138,0.8));
#17855=CARTESIAN_POINT('Ctrl Pts',(4.61247976493891,8.13451187937763,0.8));
#17856=CARTESIAN_POINT('Ctrl Pts',(4.2237401008606,8.13642561435699,0.8));
#17857=CARTESIAN_POINT('',(6.20736867189407,7.8963166475296,0.));
#17858=CARTESIAN_POINT('Ctrl Pts',(7.29877382516861,7.15143263339996,0.));
#17859=CARTESIAN_POINT('Ctrl Pts',(7.29877382516861,7.15143263339996,0.8));
#17860=CARTESIAN_POINT('Ctrl Pts',(7.14342333325198,7.30917565031426,0.));
#17861=CARTESIAN_POINT('Ctrl Pts',(7.14342333325198,7.30917565031426,0.8));
#17862=CARTESIAN_POINT('Ctrl Pts',(6.82855139467608,7.62889687500964,0.));
#17863=CARTESIAN_POINT('Ctrl Pts',(6.82855139467608,7.62889687500964,0.8));
#17864=CARTESIAN_POINT('Ctrl Pts',(6.41625009744095,7.80639298858876,0.));
#17865=CARTESIAN_POINT('Ctrl Pts',(6.41625009744095,7.80639298858876,0.8));
#17866=CARTESIAN_POINT('Ctrl Pts',(6.20736867189407,7.8963166475296,0.));
#17867=CARTESIAN_POINT('Ctrl Pts',(6.20736867189407,7.8963166475296,0.8));
#17868=CARTESIAN_POINT('',(7.29877382516861,7.15143263339996,0.));
#17869=CARTESIAN_POINT('Ctrl Pts',(6.20736867189407,7.8963166475296,0.));
#17870=CARTESIAN_POINT('Ctrl Pts',(6.41625009744095,7.80639298858876,0.));
#17871=CARTESIAN_POINT('Ctrl Pts',(6.82855139467608,7.62889687500964,0.));
#17872=CARTESIAN_POINT('Ctrl Pts',(7.14342333325198,7.30917565031426,0.));
#17873=CARTESIAN_POINT('Ctrl Pts',(7.29877382516861,7.15143263339996,0.));
#17874=CARTESIAN_POINT('',(7.29877382516861,7.15143263339996,0.8));
#17875=CARTESIAN_POINT('Ctrl Pts',(7.29877382516861,7.15143263339996,0.8));
#17876=CARTESIAN_POINT('Ctrl Pts',(7.14342333325198,7.30917565031426,0.8));
#17877=CARTESIAN_POINT('Ctrl Pts',(6.82855139467608,7.62889687500964,0.8));
#17878=CARTESIAN_POINT('Ctrl Pts',(6.41625009744095,7.80639298858876,0.8));
#17879=CARTESIAN_POINT('Ctrl Pts',(6.20736867189407,7.8963166475296,0.8));
#17880=CARTESIAN_POINT('',(7.29877382516861,7.15143263339996,0.));
#17881=CARTESIAN_POINT('Ctrl Pts',(7.95088857412338,5.87175965309143,0.));
#17882=CARTESIAN_POINT('Ctrl Pts',(7.95088857412338,5.87175965309143,0.8));
#17883=CARTESIAN_POINT('Ctrl Pts',(7.87301999000681,6.1141871387583,0.));
#17884=CARTESIAN_POINT('Ctrl Pts',(7.87301999000681,6.1141871387583,0.8));
#17885=CARTESIAN_POINT('Ctrl Pts',(7.72457507981845,6.57633919591055,0.));
#17886=CARTESIAN_POINT('Ctrl Pts',(7.72457507981845,6.57633919591055,0.8));
#17887=CARTESIAN_POINT('Ctrl Pts',(7.43598192746536,6.96611735229275,0.));
#17888=CARTESIAN_POINT('Ctrl Pts',(7.43598192746536,6.96611735229275,0.8));
#17889=CARTESIAN_POINT('Ctrl Pts',(7.29877382516861,7.15143263339996,0.));
#17890=CARTESIAN_POINT('Ctrl Pts',(7.29877382516861,7.15143263339996,0.8));
#17891=CARTESIAN_POINT('',(7.95088857412338,5.87175965309143,0.));
#17892=CARTESIAN_POINT('Ctrl Pts',(7.29877382516861,7.15143263339996,0.));
#17893=CARTESIAN_POINT('Ctrl Pts',(7.43598192746536,6.96611735229275,0.));
#17894=CARTESIAN_POINT('Ctrl Pts',(7.72457507981845,6.57633919591055,0.));
#17895=CARTESIAN_POINT('Ctrl Pts',(7.87301999000681,6.1141871387583,0.));
#17896=CARTESIAN_POINT('Ctrl Pts',(7.95088857412338,5.87175965309143,0.));
#17897=CARTESIAN_POINT('',(7.95088857412338,5.87175965309143,0.8));
#17898=CARTESIAN_POINT('Ctrl Pts',(7.95088857412338,5.87175965309143,0.8));
#17899=CARTESIAN_POINT('Ctrl Pts',(7.87301999000681,6.1141871387583,0.8));
#17900=CARTESIAN_POINT('Ctrl Pts',(7.72457507981845,6.57633919591055,0.8));
#17901=CARTESIAN_POINT('Ctrl Pts',(7.43598192746536,6.96611735229275,0.8));
#17902=CARTESIAN_POINT('Ctrl Pts',(7.29877382516861,7.15143263339996,0.8));
#17903=CARTESIAN_POINT('',(7.95088857412338,5.87175965309143,0.));
#17904=CARTESIAN_POINT('Origin',(5.56616812944412,5.44611215591431,0.));
#17905=CARTESIAN_POINT('',(5.56616812944412,5.44611215591431,0.));
#17906=CARTESIAN_POINT('',(7.95088857412338,5.87175965309143,0.));
#17907=CARTESIAN_POINT('',(5.56616812944412,5.44611215591431,0.8));
#17908=CARTESIAN_POINT('',(7.95088857412338,5.87175965309143,0.8));
#17909=CARTESIAN_POINT('',(5.56616812944412,5.44611215591431,0.));
#17910=CARTESIAN_POINT('Ctrl Pts',(5.06685048341751,6.1391544342041,0.));
#17911=CARTESIAN_POINT('Ctrl Pts',(5.06685048341751,6.1391544342041,0.8));
#17912=CARTESIAN_POINT('Ctrl Pts',(5.17633263801763,6.04808968126901,0.));
#17913=CARTESIAN_POINT('Ctrl Pts',(5.17633263801763,6.04808968126901,0.8));
#17914=CARTESIAN_POINT('Ctrl Pts',(5.40211096712137,5.86029242944264,0.));
#17915=CARTESIAN_POINT('Ctrl Pts',(5.40211096712137,5.86029242944264,0.8));
#17916=CARTESIAN_POINT('Ctrl Pts',(5.51039308577131,5.58692236204852,0.));
#17917=CARTESIAN_POINT('Ctrl Pts',(5.51039308577131,5.58692236204852,0.8));
#17918=CARTESIAN_POINT('Ctrl Pts',(5.56616812944412,5.44611215591431,0.));
#17919=CARTESIAN_POINT('Ctrl Pts',(5.56616812944412,5.44611215591431,0.8));
#17920=CARTESIAN_POINT('',(5.06685048341751,6.1391544342041,0.));
#17921=CARTESIAN_POINT('Ctrl Pts',(5.56616812944412,5.44611215591431,0.));
#17922=CARTESIAN_POINT('Ctrl Pts',(5.51039308577131,5.58692236204852,0.));
#17923=CARTESIAN_POINT('Ctrl Pts',(5.40211096712137,5.86029242944264,0.));
#17924=CARTESIAN_POINT('Ctrl Pts',(5.17633263801763,6.04808968126901,0.));
#17925=CARTESIAN_POINT('Ctrl Pts',(5.06685048341751,6.1391544342041,0.));
#17926=CARTESIAN_POINT('',(5.06685048341751,6.1391544342041,0.8));
#17927=CARTESIAN_POINT('Ctrl Pts',(5.06685048341751,6.1391544342041,0.8));
#17928=CARTESIAN_POINT('Ctrl Pts',(5.17633263801763,6.04808968126901,0.8));
#17929=CARTESIAN_POINT('Ctrl Pts',(5.40211096712137,5.86029242944264,0.8));
#17930=CARTESIAN_POINT('Ctrl Pts',(5.51039308577131,5.58692236204852,0.8));
#17931=CARTESIAN_POINT('Ctrl Pts',(5.56616812944412,5.44611215591431,0.8));
#17932=CARTESIAN_POINT('',(5.06685048341751,6.1391544342041,0.));
#17933=CARTESIAN_POINT('Ctrl Pts',(4.16916966438293,6.37926340103149,0.));
#17934=CARTESIAN_POINT('Ctrl Pts',(4.16916966438293,6.37926340103149,0.8));
#17935=CARTESIAN_POINT('Ctrl Pts',(4.33852047627943,6.37216988204919,0.));
#17936=CARTESIAN_POINT('Ctrl Pts',(4.33852047627943,6.37216988204919,0.8));
#17937=CARTESIAN_POINT('Ctrl Pts',(4.65631375092621,6.35885862241652,0.));
#17938=CARTESIAN_POINT('Ctrl Pts',(4.65631375092621,6.35885862241652,0.8));
#17939=CARTESIAN_POINT('Ctrl Pts',(4.93614174804538,6.20910495098962,0.));
#17940=CARTESIAN_POINT('Ctrl Pts',(4.93614174804538,6.20910495098962,0.8));
#17941=CARTESIAN_POINT('Ctrl Pts',(5.06685048341751,6.1391544342041,0.));
#17942=CARTESIAN_POINT('Ctrl Pts',(5.06685048341751,6.1391544342041,0.8));
#17943=CARTESIAN_POINT('',(4.16916966438293,6.37926340103149,0.));
#17944=CARTESIAN_POINT('Ctrl Pts',(5.06685048341751,6.1391544342041,0.));
#17945=CARTESIAN_POINT('Ctrl Pts',(4.93614174804538,6.20910495098962,0.));
#17946=CARTESIAN_POINT('Ctrl Pts',(4.65631375092621,6.35885862241652,0.));
#17947=CARTESIAN_POINT('Ctrl Pts',(4.33852047627943,6.37216988204919,0.));
#17948=CARTESIAN_POINT('Ctrl Pts',(4.16916966438293,6.37926340103149,0.));
#17949=CARTESIAN_POINT('',(4.16916966438293,6.37926340103149,0.8));
#17950=CARTESIAN_POINT('Ctrl Pts',(4.16916966438293,6.37926340103149,0.8));
#17951=CARTESIAN_POINT('Ctrl Pts',(4.33852047627943,6.37216988204919,0.8));
#17952=CARTESIAN_POINT('Ctrl Pts',(4.65631375092621,6.35885862241652,0.8));
#17953=CARTESIAN_POINT('Ctrl Pts',(4.93614174804538,6.20910495098962,0.8));
#17954=CARTESIAN_POINT('Ctrl Pts',(5.06685048341751,6.1391544342041,0.8));
#17955=CARTESIAN_POINT('',(4.16916966438293,6.37926340103149,0.));
#17956=CARTESIAN_POINT('Ctrl Pts',(2.87312626838684,5.8144611120224,0.));
#17957=CARTESIAN_POINT('Ctrl Pts',(2.87312626838684,5.8144611120224,0.8));
#17958=CARTESIAN_POINT('Ctrl Pts',(3.05121194307157,5.97916447557966,0.));
#17959=CARTESIAN_POINT('Ctrl Pts',(3.05121194307157,5.97916447557966,0.8));
#17960=CARTESIAN_POINT('Ctrl Pts',(3.41684297657241,6.31732003550954,0.));
#17961=CARTESIAN_POINT('Ctrl Pts',(3.41684297657241,6.31732003550954,0.8));
#17962=CARTESIAN_POINT('Ctrl Pts',(3.91410567291108,6.3582625216114,0.));
#17963=CARTESIAN_POINT('Ctrl Pts',(3.91410567291108,6.3582625216114,0.8));
#17964=CARTESIAN_POINT('Ctrl Pts',(4.16916966438293,6.37926340103149,0.));
#17965=CARTESIAN_POINT('Ctrl Pts',(4.16916966438293,6.37926340103149,0.8));
#17966=CARTESIAN_POINT('',(2.87312626838684,5.8144611120224,0.));
#17967=CARTESIAN_POINT('Ctrl Pts',(4.16916966438293,6.37926340103149,0.));
#17968=CARTESIAN_POINT('Ctrl Pts',(3.91410567291108,6.3582625216114,0.));
#17969=CARTESIAN_POINT('Ctrl Pts',(3.41684297657241,6.31732003550954,0.));
#17970=CARTESIAN_POINT('Ctrl Pts',(3.05121194307157,5.97916447557966,0.));
#17971=CARTESIAN_POINT('Ctrl Pts',(2.87312626838684,5.8144611120224,0.));
#17972=CARTESIAN_POINT('',(2.87312626838684,5.8144611120224,0.8));
#17973=CARTESIAN_POINT('Ctrl Pts',(2.87312626838684,5.8144611120224,0.8));
#17974=CARTESIAN_POINT('Ctrl Pts',(3.05121194307157,5.97916447557966,0.8));
#17975=CARTESIAN_POINT('Ctrl Pts',(3.41684297657241,6.31732003550954,0.8));
#17976=CARTESIAN_POINT('Ctrl Pts',(3.91410567291108,6.3582625216114,0.8));
#17977=CARTESIAN_POINT('Ctrl Pts',(4.16916966438293,6.37926340103149,0.8));
#17978=CARTESIAN_POINT('',(2.87312626838684,5.8144611120224,0.));
#17979=CARTESIAN_POINT('Ctrl Pts',(2.39017933607101,4.02728497982025,0.));
#17980=CARTESIAN_POINT('Ctrl Pts',(2.39017933607101,4.02728497982025,0.8));
#17981=CARTESIAN_POINT('Ctrl Pts',(2.39708646922375,4.38979705535029,0.));
#17982=CARTESIAN_POINT('Ctrl Pts',(2.39708646922375,4.38979705535029,0.8));
#17983=CARTESIAN_POINT('Ctrl Pts',(2.40927490536023,5.02949158325235,0.));
#17984=CARTESIAN_POINT('Ctrl Pts',(2.40927490536023,5.02949158325235,0.8));
#17985=CARTESIAN_POINT('Ctrl Pts',(2.7328986684951,5.57715579876571,0.));
#17986=CARTESIAN_POINT('Ctrl Pts',(2.7328986684951,5.57715579876571,0.8));
#17987=CARTESIAN_POINT('Ctrl Pts',(2.87312626838684,5.8144611120224,0.));
#17988=CARTESIAN_POINT('Ctrl Pts',(2.87312626838684,5.8144611120224,0.8));
#17989=CARTESIAN_POINT('',(2.39017933607101,4.02728497982025,0.));
#17990=CARTESIAN_POINT('Ctrl Pts',(2.87312626838684,5.8144611120224,0.));
#17991=CARTESIAN_POINT('Ctrl Pts',(2.7328986684951,5.57715579876571,0.));
#17992=CARTESIAN_POINT('Ctrl Pts',(2.40927490536023,5.02949158325235,0.));
#17993=CARTESIAN_POINT('Ctrl Pts',(2.39708646922375,4.38979705535029,0.));
#17994=CARTESIAN_POINT('Ctrl Pts',(2.39017933607101,4.02728497982025,0.));
#17995=CARTESIAN_POINT('',(2.39017933607101,4.02728497982025,0.8));
#17996=CARTESIAN_POINT('Ctrl Pts',(2.39017933607101,4.02728497982025,0.8));
#17997=CARTESIAN_POINT('Ctrl Pts',(2.39708646922375,4.38979705535029,0.8));
#17998=CARTESIAN_POINT('Ctrl Pts',(2.40927490536023,5.02949158325235,0.8));
#17999=CARTESIAN_POINT('Ctrl Pts',(2.7328986684951,5.57715579876571,0.8));
#18000=CARTESIAN_POINT('Ctrl Pts',(2.87312626838684,5.8144611120224,0.8));
#18001=CARTESIAN_POINT('',(2.39017933607101,4.02728497982025,0.));
#18002=CARTESIAN_POINT('Ctrl Pts',(2.87858307361603,2.1718966960907,0.));
#18003=CARTESIAN_POINT('Ctrl Pts',(2.87858307361603,2.1718966960907,0.8));
#18004=CARTESIAN_POINT('Ctrl Pts',(2.73692908059916,2.41357729199789,0.));
#18005=CARTESIAN_POINT('Ctrl Pts',(2.73692908059916,2.41357729199789,0.8));
#18006=CARTESIAN_POINT('Ctrl Pts',(2.4035958351941,2.98228824514119,0.));
#18007=CARTESIAN_POINT('Ctrl Pts',(2.4035958351941,2.98228824514119,0.8));
#18008=CARTESIAN_POINT('Ctrl Pts',(2.39507762807814,3.64576226618331,0.));
#18009=CARTESIAN_POINT('Ctrl Pts',(2.39507762807814,3.64576226618331,0.8));
#18010=CARTESIAN_POINT('Ctrl Pts',(2.39017933607101,4.02728497982025,0.));
#18011=CARTESIAN_POINT('Ctrl Pts',(2.39017933607101,4.02728497982025,0.8));
#18012=CARTESIAN_POINT('',(2.87858307361603,2.1718966960907,0.));
#18013=CARTESIAN_POINT('Ctrl Pts',(2.39017933607101,4.02728497982025,0.));
#18014=CARTESIAN_POINT('Ctrl Pts',(2.39507762807814,3.64576226618331,0.));
#18015=CARTESIAN_POINT('Ctrl Pts',(2.4035958351941,2.98228824514119,0.));
#18016=CARTESIAN_POINT('Ctrl Pts',(2.73692908059916,2.41357729199789,0.));
#18017=CARTESIAN_POINT('Ctrl Pts',(2.87858307361603,2.1718966960907,0.));
#18018=CARTESIAN_POINT('',(2.87858307361603,2.1718966960907,0.8));
#18019=CARTESIAN_POINT('Ctrl Pts',(2.87858307361603,2.1718966960907,0.8));
#18020=CARTESIAN_POINT('Ctrl Pts',(2.73692908059916,2.41357729199789,0.8));
#18021=CARTESIAN_POINT('Ctrl Pts',(2.4035958351941,2.98228824514119,0.8));
#18022=CARTESIAN_POINT('Ctrl Pts',(2.39507762807814,3.64576226618331,0.8));
#18023=CARTESIAN_POINT('Ctrl Pts',(2.39017933607101,4.02728497982025,0.8));
#18024=CARTESIAN_POINT('',(2.87858307361603,2.1718966960907,0.));
#18025=CARTESIAN_POINT('Ctrl Pts',(4.2401111125946,1.61527991294861,0.));
#18026=CARTESIAN_POINT('Ctrl Pts',(4.2401111125946,1.61527991294861,0.8));
#18027=CARTESIAN_POINT('Ctrl Pts',(3.96938451889522,1.63378200076427,0.));
#18028=CARTESIAN_POINT('Ctrl Pts',(3.96938451889522,1.63378200076427,0.8));
#18029=CARTESIAN_POINT('Ctrl Pts',(3.45227220804589,1.66912266403326,0.));
#18030=CARTESIAN_POINT('Ctrl Pts',(3.45227220804589,1.66912266403326,0.8));
#18031=CARTESIAN_POINT('Ctrl Pts',(3.06371624177631,2.00964828691346,0.));
#18032=CARTESIAN_POINT('Ctrl Pts',(3.06371624177631,2.00964828691346,0.8));
#18033=CARTESIAN_POINT('Ctrl Pts',(2.87858307361603,2.1718966960907,0.));
#18034=CARTESIAN_POINT('Ctrl Pts',(2.87858307361603,2.1718966960907,0.8));
#18035=CARTESIAN_POINT('',(4.2401111125946,1.61527991294861,0.));
#18036=CARTESIAN_POINT('Ctrl Pts',(2.87858307361603,2.1718966960907,0.));
#18037=CARTESIAN_POINT('Ctrl Pts',(3.06371624177631,2.00964828691346,0.));
#18038=CARTESIAN_POINT('Ctrl Pts',(3.45227220804589,1.66912266403326,0.));
#18039=CARTESIAN_POINT('Ctrl Pts',(3.96938451889522,1.63378200076427,0.));
#18040=CARTESIAN_POINT('Ctrl Pts',(4.2401111125946,1.61527991294861,0.));
#18041=CARTESIAN_POINT('',(4.2401111125946,1.61527991294861,0.8));
#18042=CARTESIAN_POINT('Ctrl Pts',(4.2401111125946,1.61527991294861,0.8));
#18043=CARTESIAN_POINT('Ctrl Pts',(3.96938451889522,1.63378200076427,0.8));
#18044=CARTESIAN_POINT('Ctrl Pts',(3.45227220804589,1.66912266403326,0.8));
#18045=CARTESIAN_POINT('Ctrl Pts',(3.06371624177631,2.00964828691346,0.8));
#18046=CARTESIAN_POINT('Ctrl Pts',(2.87858307361603,2.1718966960907,0.8));
#18047=CARTESIAN_POINT('',(4.2401111125946,1.61527991294861,0.));
#18048=CARTESIAN_POINT('Ctrl Pts',(5.03137975931168,1.7353343963623,0.));
#18049=CARTESIAN_POINT('Ctrl Pts',(5.03137975931168,1.7353343963623,0.8));
#18050=CARTESIAN_POINT('Ctrl Pts',(4.90344861397181,1.70031984549935,0.));
#18051=CARTESIAN_POINT('Ctrl Pts',(4.90344861397181,1.70031984549935,0.8));
#18052=CARTESIAN_POINT('Ctrl Pts',(4.64440791014072,1.62942081715272,0.));
#18053=CARTESIAN_POINT('Ctrl Pts',(4.64440791014072,1.62942081715272,0.8));
#18054=CARTESIAN_POINT('Ctrl Pts',(4.37597459839663,1.62003194796156,0.));
#18055=CARTESIAN_POINT('Ctrl Pts',(4.37597459839663,1.62003194796156,0.8));
#18056=CARTESIAN_POINT('Ctrl Pts',(4.2401111125946,1.61527991294861,0.));
#18057=CARTESIAN_POINT('Ctrl Pts',(4.2401111125946,1.61527991294861,0.8));
#18058=CARTESIAN_POINT('',(5.03137975931168,1.7353343963623,0.));
#18059=CARTESIAN_POINT('Ctrl Pts',(4.2401111125946,1.61527991294861,0.));
#18060=CARTESIAN_POINT('Ctrl Pts',(4.37597459839663,1.62003194796156,0.));
#18061=CARTESIAN_POINT('Ctrl Pts',(4.64440791014072,1.62942081715272,0.));
#18062=CARTESIAN_POINT('Ctrl Pts',(4.90344861397181,1.70031984549935,0.));
#18063=CARTESIAN_POINT('Ctrl Pts',(5.03137975931168,1.7353343963623,0.));
#18064=CARTESIAN_POINT('',(5.03137975931168,1.7353343963623,0.8));
#18065=CARTESIAN_POINT('Ctrl Pts',(5.03137975931168,1.7353343963623,0.8));
#18066=CARTESIAN_POINT('Ctrl Pts',(4.90344861397181,1.70031984549935,0.8));
#18067=CARTESIAN_POINT('Ctrl Pts',(4.64440791014072,1.62942081715272,0.8));
#18068=CARTESIAN_POINT('Ctrl Pts',(4.37597459839663,1.62003194796156,0.8));
#18069=CARTESIAN_POINT('Ctrl Pts',(4.2401111125946,1.61527991294861,0.8));
#18070=CARTESIAN_POINT('',(5.03137975931168,1.7353343963623,0.));
#18071=CARTESIAN_POINT('Ctrl Pts',(5.89359015226364,2.14461088180542,0.));
#18072=CARTESIAN_POINT('Ctrl Pts',(5.89359015226364,2.14461088180542,0.8));
#18073=CARTESIAN_POINT('Ctrl Pts',(5.74303578909634,2.05751529211572,0.));
#18074=CARTESIAN_POINT('Ctrl Pts',(5.74303578909634,2.05751529211572,0.8));
#18075=CARTESIAN_POINT('Ctrl Pts',(5.46663151149724,1.89761561837795,0.));
#18076=CARTESIAN_POINT('Ctrl Pts',(5.46663151149724,1.89761561837795,0.8));
#18077=CARTESIAN_POINT('Ctrl Pts',(5.16755334520344,1.78610596893795,0.));
#18078=CARTESIAN_POINT('Ctrl Pts',(5.16755334520344,1.78610596893795,0.8));
#18079=CARTESIAN_POINT('Ctrl Pts',(5.03137975931168,1.7353343963623,0.));
#18080=CARTESIAN_POINT('Ctrl Pts',(5.03137975931168,1.7353343963623,0.8));
#18081=CARTESIAN_POINT('',(5.89359015226364,2.14461088180542,0.));
#18082=CARTESIAN_POINT('Ctrl Pts',(5.03137975931168,1.7353343963623,0.));
#18083=CARTESIAN_POINT('Ctrl Pts',(5.16755334520344,1.78610596893795,0.));
#18084=CARTESIAN_POINT('Ctrl Pts',(5.46663151149724,1.89761561837795,0.));
#18085=CARTESIAN_POINT('Ctrl Pts',(5.74303578909634,2.05751529211572,0.));
#18086=CARTESIAN_POINT('Ctrl Pts',(5.89359015226364,2.14461088180542,0.));
#18087=CARTESIAN_POINT('',(5.89359015226364,2.14461088180542,0.8));
#18088=CARTESIAN_POINT('Ctrl Pts',(5.89359015226364,2.14461088180542,0.8));
#18089=CARTESIAN_POINT('Ctrl Pts',(5.74303578909634,2.05751529211572,0.8));
#18090=CARTESIAN_POINT('Ctrl Pts',(5.46663151149724,1.89761561837795,0.8));
#18091=CARTESIAN_POINT('Ctrl Pts',(5.16755334520344,1.78610596893795,0.8));
#18092=CARTESIAN_POINT('Ctrl Pts',(5.03137975931168,1.7353343963623,0.8));
#18093=CARTESIAN_POINT('',(5.89359015226364,2.14461088180542,0.));
#18094=CARTESIAN_POINT('Origin',(5.89359015226364,2.89768099784851,0.));
#18095=CARTESIAN_POINT('',(5.89359015226364,2.89768099784851,0.));
#18096=CARTESIAN_POINT('',(5.89359015226364,2.14461088180542,0.));
#18097=CARTESIAN_POINT('',(5.89359015226364,2.89768099784851,0.8));
#18098=CARTESIAN_POINT('',(5.89359015226364,2.14461088180542,0.8));
#18099=CARTESIAN_POINT('',(5.89359015226364,2.89768099784851,0.));
#18100=CARTESIAN_POINT('Origin',(4.2401111125946,2.89768099784851,0.));
#18101=CARTESIAN_POINT('',(5.89359015226364,2.89768099784851,0.));
#18102=CARTESIAN_POINT('',(5.89359015226364,2.89768099784851,0.8));
#18103=CARTESIAN_POINT('Origin',(3.98635948076844,4.00000005960464,0.8));
#18104=CARTESIAN_POINT('Origin',(3.98635948076844,4.00000005960464,0.));
#18105=CARTESIAN_POINT('Origin',(33.631651699543,8.00000011920929,0.));
#18106=CARTESIAN_POINT('',(31.3233298808336,8.00000011920929,0.));
#18107=CARTESIAN_POINT('',(33.631651699543,8.00000011920929,0.));
#18108=CARTESIAN_POINT('',(31.3233298808336,8.00000011920929,0.));
#18109=CARTESIAN_POINT('',(31.3233298808336,8.00000011920929,0.8));
#18110=CARTESIAN_POINT('',(31.3233298808336,8.00000011920929,0.));
#18111=CARTESIAN_POINT('',(33.631651699543,8.00000011920929,0.8));
#18112=CARTESIAN_POINT('',(31.3233298808336,8.00000011920929,0.8));
#18113=CARTESIAN_POINT('',(33.631651699543,8.00000011920929,0.));
#18114=CARTESIAN_POINT('Origin',(36.643930375576,3.57401072978973,0.));
#18115=CARTESIAN_POINT('',(36.643930375576,3.57401072978973,0.));
#18116=CARTESIAN_POINT('',(33.631651699543,8.00000011920929,0.));
#18117=CARTESIAN_POINT('',(36.643930375576,3.57401072978973,0.8));
#18118=CARTESIAN_POINT('',(33.631651699543,8.00000011920929,0.8));
#18119=CARTESIAN_POINT('',(36.643930375576,3.57401072978973,0.));
#18120=CARTESIAN_POINT('Origin',(36.643930375576,8.00000011920929,0.));
#18121=CARTESIAN_POINT('',(36.643930375576,8.00000011920929,0.));
#18122=CARTESIAN_POINT('',(36.643930375576,3.57401072978973,0.));
#18123=CARTESIAN_POINT('',(36.643930375576,8.00000011920929,0.8));
#18124=CARTESIAN_POINT('',(36.643930375576,3.57401072978973,0.8));
#18125=CARTESIAN_POINT('',(36.643930375576,8.00000011920929,0.));
#18126=CARTESIAN_POINT('Origin',(38.9740803837776,8.00000011920929,0.));
#18127=CARTESIAN_POINT('',(38.9740803837776,8.00000011920929,0.));
#18128=CARTESIAN_POINT('',(36.643930375576,8.00000011920929,0.));
#18129=CARTESIAN_POINT('',(38.9740803837776,8.00000011920929,0.8));
#18130=CARTESIAN_POINT('',(36.643930375576,8.00000011920929,0.8));
#18131=CARTESIAN_POINT('',(38.9740803837776,8.00000011920929,0.));
#18132=CARTESIAN_POINT('Origin',(38.9740803837776,0.,0.));
#18133=CARTESIAN_POINT('',(38.9740803837776,0.,0.));
#18134=CARTESIAN_POINT('',(38.9740803837776,8.00000011920929,0.));
#18135=CARTESIAN_POINT('',(38.9740803837776,0.,0.8));
#18136=CARTESIAN_POINT('',(38.9740803837776,8.00000011920929,0.8));
#18137=CARTESIAN_POINT('',(38.9740803837776,0.,0.));
#18138=CARTESIAN_POINT('Origin',(36.643930375576,0.,0.));
#18139=CARTESIAN_POINT('',(36.643930375576,0.,0.));
#18140=CARTESIAN_POINT('',(38.9740803837776,0.,0.));
#18141=CARTESIAN_POINT('',(36.643930375576,0.,0.8));
#18142=CARTESIAN_POINT('',(38.9740803837776,0.,0.8));
#18143=CARTESIAN_POINT('',(36.643930375576,0.,0.));
#18144=CARTESIAN_POINT('Origin',(33.6480230093002,4.39256429672241,0.));
#18145=CARTESIAN_POINT('',(33.6480230093002,4.39256429672241,0.));
#18146=CARTESIAN_POINT('',(36.643930375576,0.,0.));
#18147=CARTESIAN_POINT('',(33.6480230093002,4.39256429672241,0.8));
#18148=CARTESIAN_POINT('',(36.643930375576,0.,0.8));
#18149=CARTESIAN_POINT('',(33.6480230093002,4.39256429672241,0.));
#18150=CARTESIAN_POINT('Origin',(33.6480230093002,0.,0.));
#18151=CARTESIAN_POINT('',(33.6480230093002,0.,0.));
#18152=CARTESIAN_POINT('',(33.6480230093002,4.39256429672241,0.));
#18153=CARTESIAN_POINT('',(33.6480230093002,0.,0.8));
#18154=CARTESIAN_POINT('',(33.6480230093002,4.39256429672241,0.8));
#18155=CARTESIAN_POINT('',(33.6480230093002,0.,0.));
#18156=CARTESIAN_POINT('Origin',(31.3233298808336,0.,0.));
#18157=CARTESIAN_POINT('',(31.3233298808336,0.,0.));
#18158=CARTESIAN_POINT('',(33.6480230093002,0.,0.));
#18159=CARTESIAN_POINT('',(31.3233298808336,0.,0.8));
#18160=CARTESIAN_POINT('',(33.6480230093002,0.,0.8));
#18161=CARTESIAN_POINT('',(31.3233298808336,0.,0.));
#18162=CARTESIAN_POINT('Origin',(31.3233298808336,8.00000011920929,0.));
#18163=CARTESIAN_POINT('',(31.3233298808336,0.,0.));
#18164=CARTESIAN_POINT('',(31.3233298808336,0.,0.8));
#18165=CARTESIAN_POINT('Origin',(35.1487051323056,4.00000005960464,0.8));
#18166=CARTESIAN_POINT('Origin',(35.1487051323056,4.00000005960464,0.));
#18167=CARTESIAN_POINT('Origin',(75.2114596962929,5.92633008956909,0.));
#18168=CARTESIAN_POINT('',(76.0944744944572,3.05047750473022,0.));
#18169=CARTESIAN_POINT('',(75.2114596962929,5.92633008956909,0.));
#18170=CARTESIAN_POINT('',(76.0944744944572,3.05047750473022,0.));
#18171=CARTESIAN_POINT('',(76.0944744944572,3.05047750473022,0.8));
#18172=CARTESIAN_POINT('',(76.0944744944572,3.05047750473022,0.));
#18173=CARTESIAN_POINT('',(75.2114596962929,5.92633008956909,0.8));
#18174=CARTESIAN_POINT('',(76.0944744944572,3.05047750473022,0.8));
#18175=CARTESIAN_POINT('',(75.2114596962929,5.92633008956909,0.));
#18176=CARTESIAN_POINT('Origin',(74.3376532196999,3.05047750473023,0.));
#18177=CARTESIAN_POINT('',(74.3376532196999,3.05047750473022,0.));
#18178=CARTESIAN_POINT('',(75.2114596962929,5.92633008956909,0.));
#18179=CARTESIAN_POINT('',(74.3376532196999,3.05047750473022,0.8));
#18180=CARTESIAN_POINT('',(75.2114596962929,5.92633008956909,0.8));
#18181=CARTESIAN_POINT('',(74.3376532196999,3.05047750473022,0.));
#18182=CARTESIAN_POINT('Origin',(76.0944744944572,3.05047750473022,0.));
#18183=CARTESIAN_POINT('',(74.3376532196999,3.05047750473022,0.));
#18184=CARTESIAN_POINT('',(74.3376532196999,3.05047750473022,0.8));
#18185=CARTESIAN_POINT('Origin',(73.800733089447,1.32060050964355,0.));
#18186=CARTESIAN_POINT('',(76.6072645783424,1.32060050964355,0.));
#18187=CARTESIAN_POINT('',(73.800733089447,1.32060050964355,0.));
#18188=CARTESIAN_POINT('',(76.6072645783424,1.32060050964355,0.));
#18189=CARTESIAN_POINT('',(76.6072645783424,1.32060050964355,0.8));
#18190=CARTESIAN_POINT('',(76.6072645783424,1.32060050964355,0.));
#18191=CARTESIAN_POINT('',(73.800733089447,1.32060050964355,0.8));
#18192=CARTESIAN_POINT('',(76.6072645783424,1.32060050964355,0.8));
#18193=CARTESIAN_POINT('',(73.800733089447,1.32060050964355,0.));
#18194=CARTESIAN_POINT('Origin',(73.4108117222786,0.,0.));
#18195=CARTESIAN_POINT('',(73.4108117222786,0.,0.));
#18196=CARTESIAN_POINT('',(73.800733089447,1.32060050964355,0.));
#18197=CARTESIAN_POINT('',(73.4108117222786,0.,0.8));
#18198=CARTESIAN_POINT('',(73.800733089447,1.32060050964355,0.8));
#18199=CARTESIAN_POINT('',(73.4108117222786,0.,0.));
#18200=CARTESIAN_POINT('Origin',(70.8867666777223,0.,0.));
#18201=CARTESIAN_POINT('',(70.8867666777223,0.,0.));
#18202=CARTESIAN_POINT('',(73.4108117222786,0.,0.));
#18203=CARTESIAN_POINT('',(70.8867666777223,0.,0.8));
#18204=CARTESIAN_POINT('',(73.4108117222786,0.,0.8));
#18205=CARTESIAN_POINT('',(70.8867666777223,0.,0.));
#18206=CARTESIAN_POINT('Origin',(73.8935878872871,8.00000011920929,0.));
#18207=CARTESIAN_POINT('',(73.8935878872871,8.00000011920929,0.));
#18208=CARTESIAN_POINT('',(70.8867666777223,0.,0.));
#18209=CARTESIAN_POINT('',(73.8935878872871,8.00000011920929,0.8));
#18210=CARTESIAN_POINT('',(70.8867666777223,0.,0.8));
#18211=CARTESIAN_POINT('',(73.8935878872871,8.00000011920929,0.));
#18212=CARTESIAN_POINT('Origin',(76.5900406241417,8.00000011920929,0.));
#18213=CARTESIAN_POINT('',(76.5900406241417,8.00000011920929,0.));
#18214=CARTESIAN_POINT('',(73.8935878872871,8.00000011920929,0.));
#18215=CARTESIAN_POINT('',(76.5900406241417,8.00000011920929,0.8));
#18216=CARTESIAN_POINT('',(73.8935878872871,8.00000011920929,0.8));
#18217=CARTESIAN_POINT('',(76.5900406241417,8.00000011920929,0.));
#18218=CARTESIAN_POINT('Origin',(79.5961800217628,1.11022302462516E-15,
0.));
#18219=CARTESIAN_POINT('',(79.5961800217628,0.,0.));
#18220=CARTESIAN_POINT('',(76.5900406241417,8.00000011920929,0.));
#18221=CARTESIAN_POINT('',(79.5961800217628,0.,0.8));
#18222=CARTESIAN_POINT('',(76.5900406241417,8.00000011920929,0.8));
#18223=CARTESIAN_POINT('',(79.5961800217628,0.,0.));
#18224=CARTESIAN_POINT('Origin',(77.0075032114983,0.,0.));
#18225=CARTESIAN_POINT('',(77.0075032114983,0.,0.));
#18226=CARTESIAN_POINT('',(79.5961800217628,0.,0.));
#18227=CARTESIAN_POINT('',(77.0075032114983,0.,0.8));
#18228=CARTESIAN_POINT('',(79.5961800217628,0.,0.8));
#18229=CARTESIAN_POINT('',(77.0075032114983,0.,0.));
#18230=CARTESIAN_POINT('Origin',(76.6072645783424,1.32060050964355,0.));
#18231=CARTESIAN_POINT('',(77.0075032114983,0.,0.));
#18232=CARTESIAN_POINT('',(77.0075032114983,0.,0.8));
#18233=CARTESIAN_POINT('Origin',(75.2414733497426,4.00000005960464,0.8));
#18234=CARTESIAN_POINT('Origin',(75.2414733497426,4.00000005960464,0.));
#18235=CARTESIAN_POINT('Origin',(108.185537755489,4.75852608680725,0.));
#18236=CARTESIAN_POINT('',(107.143245637417,4.75852608680725,0.));
#18237=CARTESIAN_POINT('',(108.185537755489,4.75852608680725,0.));
#18238=CARTESIAN_POINT('',(107.143245637417,4.75852608680725,0.));
#18239=CARTESIAN_POINT('',(107.143245637417,4.75852608680725,0.8));
#18240=CARTESIAN_POINT('',(107.143245637417,4.75852608680725,0.));
#18241=CARTESIAN_POINT('',(108.185537755489,4.75852608680725,0.8));
#18242=CARTESIAN_POINT('',(107.143245637417,4.75852608680725,0.8));
#18243=CARTESIAN_POINT('',(108.185537755489,4.75852608680725,0.));
#18244=CARTESIAN_POINT('Ctrl Pts',(108.840380609036,4.86766695976257,0.));
#18245=CARTESIAN_POINT('Ctrl Pts',(108.840380609036,4.86766695976257,0.8));
#18246=CARTESIAN_POINT('Ctrl Pts',(108.705455014548,4.83657899648802,0.));
#18247=CARTESIAN_POINT('Ctrl Pts',(108.705455014548,4.83657899648802,0.8));
#18248=CARTESIAN_POINT('Ctrl Pts',(108.489260162856,4.78676592999681,0.));
#18249=CARTESIAN_POINT('Ctrl Pts',(108.489260162856,4.78676592999681,0.8));
#18250=CARTESIAN_POINT('Ctrl Pts',(108.268516823232,4.76624140778533,0.));
#18251=CARTESIAN_POINT('Ctrl Pts',(108.268516823232,4.76624140778533,0.8));
#18252=CARTESIAN_POINT('Ctrl Pts',(108.185537755489,4.75852608680725,0.));
#18253=CARTESIAN_POINT('Ctrl Pts',(108.185537755489,4.75852608680725,0.8));
#18254=CARTESIAN_POINT('',(108.840380609036,4.86766695976257,0.));
#18255=CARTESIAN_POINT('Ctrl Pts',(108.185537755489,4.75852608680725,0.));
#18256=CARTESIAN_POINT('Ctrl Pts',(108.268516823232,4.76624140778533,0.));
#18257=CARTESIAN_POINT('Ctrl Pts',(108.489260162856,4.78676592999681,0.));
#18258=CARTESIAN_POINT('Ctrl Pts',(108.705455014548,4.83657899648802,0.));
#18259=CARTESIAN_POINT('Ctrl Pts',(108.840380609036,4.86766695976257,0.));
#18260=CARTESIAN_POINT('',(108.840380609036,4.86766695976257,0.8));
#18261=CARTESIAN_POINT('Ctrl Pts',(108.840380609036,4.86766695976257,0.8));
#18262=CARTESIAN_POINT('Ctrl Pts',(108.705455014548,4.83657899648802,0.8));
#18263=CARTESIAN_POINT('Ctrl Pts',(108.489260162856,4.78676592999681,0.8));
#18264=CARTESIAN_POINT('Ctrl Pts',(108.268516823232,4.76624140778533,0.8));
#18265=CARTESIAN_POINT('Ctrl Pts',(108.185537755489,4.75852608680725,0.8));
#18266=CARTESIAN_POINT('',(108.840380609036,4.86766695976257,0.));
#18267=CARTESIAN_POINT('Ctrl Pts',(109.241472184658,5.11869013309479,0.));
#18268=CARTESIAN_POINT('Ctrl Pts',(109.241472184658,5.11869013309479,0.8));
#18269=CARTESIAN_POINT('Ctrl Pts',(109.186078395926,5.05779334212688,0.));
#18270=CARTESIAN_POINT('Ctrl Pts',(109.186078395926,5.05779334212688,0.8));
#18271=CARTESIAN_POINT('Ctrl Pts',(109.075823977924,4.93658588547972,0.));
#18272=CARTESIAN_POINT('Ctrl Pts',(109.075823977924,4.93658588547972,0.8));
#18273=CARTESIAN_POINT('Ctrl Pts',(108.918608315038,4.89056575485051,0.));
#18274=CARTESIAN_POINT('Ctrl Pts',(108.918608315038,4.89056575485051,0.8));
#18275=CARTESIAN_POINT('Ctrl Pts',(108.840380609036,4.86766695976257,0.));
#18276=CARTESIAN_POINT('Ctrl Pts',(108.840380609036,4.86766695976257,0.8));
#18277=CARTESIAN_POINT('',(109.241472184658,5.11869013309479,0.));
#18278=CARTESIAN_POINT('Ctrl Pts',(108.840380609036,4.86766695976257,0.));
#18279=CARTESIAN_POINT('Ctrl Pts',(108.918608315038,4.89056575485051,0.));
#18280=CARTESIAN_POINT('Ctrl Pts',(109.075823977924,4.93658588547972,0.));
#18281=CARTESIAN_POINT('Ctrl Pts',(109.186078395926,5.05779334212688,0.));
#18282=CARTESIAN_POINT('Ctrl Pts',(109.241472184658,5.11869013309479,0.));
#18283=CARTESIAN_POINT('',(109.241472184658,5.11869013309479,0.8));
#18284=CARTESIAN_POINT('Ctrl Pts',(109.241472184658,5.11869013309479,0.8));
#18285=CARTESIAN_POINT('Ctrl Pts',(109.186078395926,5.05779334212688,0.8));
#18286=CARTESIAN_POINT('Ctrl Pts',(109.075823977924,4.93658588547972,0.8));
#18287=CARTESIAN_POINT('Ctrl Pts',(108.918608315038,4.89056575485051,0.8));
#18288=CARTESIAN_POINT('Ctrl Pts',(108.840380609036,4.86766695976257,0.8));
#18289=CARTESIAN_POINT('',(109.241472184658,5.11869013309479,0.));
#18290=CARTESIAN_POINT('Ctrl Pts',(109.396997392178,5.58253765106201,0.));
#18291=CARTESIAN_POINT('Ctrl Pts',(109.396997392178,5.58253765106201,0.8));
#18292=CARTESIAN_POINT('Ctrl Pts',(109.390711714433,5.49798002267042,0.));
#18293=CARTESIAN_POINT('Ctrl Pts',(109.390711714433,5.49798002267042,0.8));
#18294=CARTESIAN_POINT('Ctrl Pts',(109.378232974608,5.3301106714373,0.));
#18295=CARTESIAN_POINT('Ctrl Pts',(109.378232974608,5.3301106714373,0.8));
#18296=CARTESIAN_POINT('Ctrl Pts',(109.286832994862,5.18881408394693,0.));
#18297=CARTESIAN_POINT('Ctrl Pts',(109.286832994862,5.18881408394693,0.8));
#18298=CARTESIAN_POINT('Ctrl Pts',(109.241472184658,5.11869013309479,0.));
#18299=CARTESIAN_POINT('Ctrl Pts',(109.241472184658,5.11869013309479,0.8));
#18300=CARTESIAN_POINT('',(109.396997392178,5.58253765106201,0.));
#18301=CARTESIAN_POINT('Ctrl Pts',(109.241472184658,5.11869013309479,0.));
#18302=CARTESIAN_POINT('Ctrl Pts',(109.286832994862,5.18881408394693,0.));
#18303=CARTESIAN_POINT('Ctrl Pts',(109.378232974608,5.3301106714373,0.));
#18304=CARTESIAN_POINT('Ctrl Pts',(109.390711714433,5.49798002267042,0.));
#18305=CARTESIAN_POINT('Ctrl Pts',(109.396997392178,5.58253765106201,0.));
#18306=CARTESIAN_POINT('',(109.396997392178,5.58253765106201,0.8));
#18307=CARTESIAN_POINT('Ctrl Pts',(109.396997392178,5.58253765106201,0.8));
#18308=CARTESIAN_POINT('Ctrl Pts',(109.390711714433,5.49798002267042,0.8));
#18309=CARTESIAN_POINT('Ctrl Pts',(109.378232974608,5.3301106714373,0.8));
#18310=CARTESIAN_POINT('Ctrl Pts',(109.286832994862,5.18881408394693,0.8));
#18311=CARTESIAN_POINT('Ctrl Pts',(109.241472184658,5.11869013309479,0.8));
#18312=CARTESIAN_POINT('',(109.396997392178,5.58253765106201,0.));
#18313=CARTESIAN_POINT('Ctrl Pts',(109.151431024075,6.17735326290131,0.));
#18314=CARTESIAN_POINT('Ctrl Pts',(109.151431024075,6.17735326290131,0.8));
#18315=CARTESIAN_POINT('Ctrl Pts',(109.222998585883,6.09757327835846,0.));
#18316=CARTESIAN_POINT('Ctrl Pts',(109.222998585883,6.09757327835846,0.8));
#18317=CARTESIAN_POINT('Ctrl Pts',(109.374252958165,5.92896237171551,0.));
#18318=CARTESIAN_POINT('Ctrl Pts',(109.374252958165,5.92896237171551,0.8));
#18319=CARTESIAN_POINT('Ctrl Pts',(109.389149370526,5.70207233400056,0.));
#18320=CARTESIAN_POINT('Ctrl Pts',(109.389149370526,5.70207233400056,0.8));
#18321=CARTESIAN_POINT('Ctrl Pts',(109.396997392178,5.58253765106201,0.));
#18322=CARTESIAN_POINT('Ctrl Pts',(109.396997392178,5.58253765106201,0.8));
#18323=CARTESIAN_POINT('',(109.151431024075,6.17735326290131,0.));
#18324=CARTESIAN_POINT('Ctrl Pts',(109.396997392178,5.58253765106201,0.));
#18325=CARTESIAN_POINT('Ctrl Pts',(109.389149370526,5.70207233400056,0.));
#18326=CARTESIAN_POINT('Ctrl Pts',(109.374252958165,5.92896237171551,0.));
#18327=CARTESIAN_POINT('Ctrl Pts',(109.222998585883,6.09757327835846,0.));
#18328=CARTESIAN_POINT('Ctrl Pts',(109.151431024075,6.17735326290131,0.));
#18329=CARTESIAN_POINT('',(109.151431024075,6.17735326290131,0.8));
#18330=CARTESIAN_POINT('Ctrl Pts',(109.151431024075,6.17735326290131,0.8));
#18331=CARTESIAN_POINT('Ctrl Pts',(109.222998585883,6.09757327835846,0.8));
#18332=CARTESIAN_POINT('Ctrl Pts',(109.374252958165,5.92896237171551,0.8));
#18333=CARTESIAN_POINT('Ctrl Pts',(109.389149370526,5.70207233400056,0.8));
#18334=CARTESIAN_POINT('Ctrl Pts',(109.396997392178,5.58253765106201,0.8));
#18335=CARTESIAN_POINT('',(109.151431024075,6.17735326290131,0.));
#18336=CARTESIAN_POINT('Ctrl Pts',(108.229193985462,6.38472020626068,0.));
#18337=CARTESIAN_POINT('Ctrl Pts',(108.229193985462,6.38472020626068,0.8));
#18338=CARTESIAN_POINT('Ctrl Pts',(108.423405467145,6.38517154625918,0.));
#18339=CARTESIAN_POINT('Ctrl Pts',(108.423405467145,6.38517154625918,0.8));
#18340=CARTESIAN_POINT('Ctrl Pts',(108.74886608117,6.38592790418289,0.));
#18341=CARTESIAN_POINT('Ctrl Pts',(108.74886608117,6.38592790418289,0.8));
#18342=CARTESIAN_POINT('Ctrl Pts',(109.035742011769,6.23729339099045,0.));
#18343=CARTESIAN_POINT('Ctrl Pts',(109.035742011769,6.23729339099045,0.8));
#18344=CARTESIAN_POINT('Ctrl Pts',(109.151431024075,6.17735326290131,0.));
#18345=CARTESIAN_POINT('Ctrl Pts',(109.151431024075,6.17735326290131,0.8));
#18346=CARTESIAN_POINT('',(108.229193985462,6.38472020626068,0.));
#18347=CARTESIAN_POINT('Ctrl Pts',(109.151431024075,6.17735326290131,0.));
#18348=CARTESIAN_POINT('Ctrl Pts',(109.035742011769,6.23729339099045,0.));
#18349=CARTESIAN_POINT('Ctrl Pts',(108.74886608117,6.38592790418289,0.));
#18350=CARTESIAN_POINT('Ctrl Pts',(108.423405467145,6.38517154625918,0.));
#18351=CARTESIAN_POINT('Ctrl Pts',(108.229193985462,6.38472020626068,0.));
#18352=CARTESIAN_POINT('',(108.229193985462,6.38472020626068,0.8));
#18353=CARTESIAN_POINT('Ctrl Pts',(108.229193985462,6.38472020626068,0.8));
#18354=CARTESIAN_POINT('Ctrl Pts',(108.423405467145,6.38517154625918,0.8));
#18355=CARTESIAN_POINT('Ctrl Pts',(108.74886608117,6.38592790418289,0.8));
#18356=CARTESIAN_POINT('Ctrl Pts',(109.035742011769,6.23729339099045,0.8));
#18357=CARTESIAN_POINT('Ctrl Pts',(109.151431024075,6.17735326290131,0.8));
#18358=CARTESIAN_POINT('',(108.229193985462,6.38472020626068,0.));
#18359=CARTESIAN_POINT('Origin',(107.143245637417,6.38472020626068,0.));
#18360=CARTESIAN_POINT('',(107.143245637417,6.38472020626068,0.));
#18361=CARTESIAN_POINT('',(108.229193985462,6.38472020626068,0.));
#18362=CARTESIAN_POINT('',(107.143245637417,6.38472020626068,0.8));
#18363=CARTESIAN_POINT('',(108.229193985462,6.38472020626068,0.8));
#18364=CARTESIAN_POINT('',(107.143245637417,6.38472020626068,0.));
#18365=CARTESIAN_POINT('Origin',(107.143245637417,4.75852608680725,0.));
#18366=CARTESIAN_POINT('',(107.143245637417,6.38472020626068,0.));
#18367=CARTESIAN_POINT('',(107.143245637417,6.38472020626068,0.8));
#18368=CARTESIAN_POINT('Origin',(104.660298973322,8.00000011920929,0.));
#18369=CARTESIAN_POINT('',(104.660298973322,0.,0.));
#18370=CARTESIAN_POINT('',(104.660298973322,8.00000011920929,0.));
#18371=CARTESIAN_POINT('',(104.660298973322,0.,0.));
#18372=CARTESIAN_POINT('',(104.660298973322,0.,0.8));
#18373=CARTESIAN_POINT('',(104.660298973322,0.,0.));
#18374=CARTESIAN_POINT('',(104.660298973322,8.00000011920929,0.8));
#18375=CARTESIAN_POINT('',(104.660298973322,0.,0.8));
#18376=CARTESIAN_POINT('',(104.660298973322,8.00000011920929,0.));
#18377=CARTESIAN_POINT('Origin',(108.780353367329,8.00000011920929,0.));
#18378=CARTESIAN_POINT('',(108.780353367329,8.00000011920929,0.));
#18379=CARTESIAN_POINT('',(104.660298973322,8.00000011920929,0.));
#18380=CARTESIAN_POINT('',(108.780353367329,8.00000011920929,0.8));
#18381=CARTESIAN_POINT('',(104.660298973322,8.00000011920929,0.8));
#18382=CARTESIAN_POINT('',(108.780353367329,8.00000011920929,0.));
#18383=CARTESIAN_POINT('Ctrl Pts',(110.532058775425,7.80354678630829,0.));
#18384=CARTESIAN_POINT('Ctrl Pts',(110.532058775425,7.80354678630829,0.8));
#18385=CARTESIAN_POINT('Ctrl Pts',(110.286098395495,7.86054403254201,0.));
#18386=CARTESIAN_POINT('Ctrl Pts',(110.286098395495,7.86054403254201,0.8));
#18387=CARTESIAN_POINT('Ctrl Pts',(109.710550674957,7.99391768872246,0.));
#18388=CARTESIAN_POINT('Ctrl Pts',(109.710550674957,7.99391768872246,0.8));
#18389=CARTESIAN_POINT('Ctrl Pts',(109.119066637892,7.99778532036363,0.));
#18390=CARTESIAN_POINT('Ctrl Pts',(109.119066637892,7.99778532036363,0.8));
#18391=CARTESIAN_POINT('Ctrl Pts',(108.780353367329,8.00000011920929,0.));
#18392=CARTESIAN_POINT('Ctrl Pts',(108.780353367329,8.00000011920929,0.8));
#18393=CARTESIAN_POINT('',(110.532058775425,7.80354678630829,0.));
#18394=CARTESIAN_POINT('Ctrl Pts',(108.780353367329,8.00000011920929,0.));
#18395=CARTESIAN_POINT('Ctrl Pts',(109.119066637892,7.99778532036363,0.));
#18396=CARTESIAN_POINT('Ctrl Pts',(109.710550674957,7.99391768872246,0.));
#18397=CARTESIAN_POINT('Ctrl Pts',(110.286098395495,7.86054403254201,0.));
#18398=CARTESIAN_POINT('Ctrl Pts',(110.532058775425,7.80354678630829,0.));
#18399=CARTESIAN_POINT('',(110.532058775425,7.80354678630829,0.8));
#18400=CARTESIAN_POINT('Ctrl Pts',(110.532058775425,7.80354678630829,0.8));
#18401=CARTESIAN_POINT('Ctrl Pts',(110.286098395495,7.86054403254201,0.8));
#18402=CARTESIAN_POINT('Ctrl Pts',(109.710550674957,7.99391768872246,0.8));
#18403=CARTESIAN_POINT('Ctrl Pts',(109.119066637892,7.99778532036363,0.8));
#18404=CARTESIAN_POINT('Ctrl Pts',(108.780353367329,8.00000011920929,0.8));
#18405=CARTESIAN_POINT('',(110.532058775425,7.80354678630829,0.));
#18406=CARTESIAN_POINT('Ctrl Pts',(111.508866250515,7.07503378391266,0.));
#18407=CARTESIAN_POINT('Ctrl Pts',(111.508866250515,7.07503378391266,0.8));
#18408=CARTESIAN_POINT('Ctrl Pts',(111.375906501181,7.23823732152715,0.));
#18409=CARTESIAN_POINT('Ctrl Pts',(111.375906501181,7.23823732152715,0.8));
#18410=CARTESIAN_POINT('Ctrl Pts',(111.111311380744,7.56301876784532,0.));
#18411=CARTESIAN_POINT('Ctrl Pts',(111.111311380744,7.56301876784532,0.8));
#18412=CARTESIAN_POINT('Ctrl Pts',(110.724497604065,7.72363876396514,0.));
#18413=CARTESIAN_POINT('Ctrl Pts',(110.724497604065,7.72363876396514,0.8));
#18414=CARTESIAN_POINT('Ctrl Pts',(110.532058775425,7.80354678630829,0.));
#18415=CARTESIAN_POINT('Ctrl Pts',(110.532058775425,7.80354678630829,0.8));
#18416=CARTESIAN_POINT('',(111.508866250515,7.07503378391266,0.));
#18417=CARTESIAN_POINT('Ctrl Pts',(110.532058775425,7.80354678630829,0.));
#18418=CARTESIAN_POINT('Ctrl Pts',(110.724497604065,7.72363876396514,0.));
#18419=CARTESIAN_POINT('Ctrl Pts',(111.111311380744,7.56301876784532,0.));
#18420=CARTESIAN_POINT('Ctrl Pts',(111.375906501181,7.23823732152715,0.));
#18421=CARTESIAN_POINT('Ctrl Pts',(111.508866250515,7.07503378391266,0.));
#18422=CARTESIAN_POINT('',(111.508866250515,7.07503378391266,0.8));
#18423=CARTESIAN_POINT('Ctrl Pts',(111.508866250515,7.07503378391266,0.8));
#18424=CARTESIAN_POINT('Ctrl Pts',(111.375906501181,7.23823732152715,0.8));
#18425=CARTESIAN_POINT('Ctrl Pts',(111.111311380744,7.56301876784532,0.8));
#18426=CARTESIAN_POINT('Ctrl Pts',(110.724497604065,7.72363876396514,0.8));
#18427=CARTESIAN_POINT('Ctrl Pts',(110.532058775425,7.80354678630829,0.8));
#18428=CARTESIAN_POINT('',(111.508866250515,7.07503378391266,0.));
#18429=CARTESIAN_POINT('Ctrl Pts',(111.879944503307,5.77899038791656,0.));
#18430=CARTESIAN_POINT('Ctrl Pts',(111.879944503307,5.77899038791656,0.8));
#18431=CARTESIAN_POINT('Ctrl Pts',(111.867373904778,6.01971533111035,0.));
#18432=CARTESIAN_POINT('Ctrl Pts',(111.867373904778,6.01971533111035,0.8));
#18433=CARTESIAN_POINT('Ctrl Pts',(111.843286425399,6.48098669313623,0.));
#18434=CARTESIAN_POINT('Ctrl Pts',(111.843286425399,6.48098669313623,0.8));
#18435=CARTESIAN_POINT('Ctrl Pts',(111.617040566331,6.88287839846128,0.));
#18436=CARTESIAN_POINT('Ctrl Pts',(111.617040566331,6.88287839846128,0.8));
#18437=CARTESIAN_POINT('Ctrl Pts',(111.508866250515,7.07503378391266,0.));
#18438=CARTESIAN_POINT('Ctrl Pts',(111.508866250515,7.07503378391266,0.8));
#18439=CARTESIAN_POINT('',(111.879944503307,5.77899038791656,0.));
#18440=CARTESIAN_POINT('Ctrl Pts',(111.508866250515,7.07503378391266,0.));
#18441=CARTESIAN_POINT('Ctrl Pts',(111.617040566331,6.88287839846128,0.));
#18442=CARTESIAN_POINT('Ctrl Pts',(111.843286425399,6.48098669313623,0.));
#18443=CARTESIAN_POINT('Ctrl Pts',(111.867373904778,6.01971533111035,0.));
#18444=CARTESIAN_POINT('Ctrl Pts',(111.879944503307,5.77899038791656,0.));
#18445=CARTESIAN_POINT('',(111.879944503307,5.77899038791656,0.8));
#18446=CARTESIAN_POINT('Ctrl Pts',(111.879944503307,5.77899038791656,0.8));
#18447=CARTESIAN_POINT('Ctrl Pts',(111.867373904778,6.01971533111035,0.8));
#18448=CARTESIAN_POINT('Ctrl Pts',(111.843286425399,6.48098669313623,0.8));
#18449=CARTESIAN_POINT('Ctrl Pts',(111.617040566331,6.88287839846128,0.8));
#18450=CARTESIAN_POINT('Ctrl Pts',(111.508866250515,7.07503378391266,0.8));
#18451=CARTESIAN_POINT('',(111.879944503307,5.77899038791656,0.));
#18452=CARTESIAN_POINT('Ctrl Pts',(111.596008241177,4.630286693573,0.));
#18453=CARTESIAN_POINT('Ctrl Pts',(111.596008241177,4.630286693573,0.8));
#18454=CARTESIAN_POINT('Ctrl Pts',(111.678776533099,4.8035133860979,0.));
#18455=CARTESIAN_POINT('Ctrl Pts',(111.678776533099,4.8035133860979,0.8));
#18456=CARTESIAN_POINT('Ctrl Pts',(111.852180846078,5.16643323026849,0.));
#18457=CARTESIAN_POINT('Ctrl Pts',(111.852180846078,5.16643323026849,0.8));
#18458=CARTESIAN_POINT('Ctrl Pts',(111.870414188818,5.56872045456881,0.));
#18459=CARTESIAN_POINT('Ctrl Pts',(111.870414188818,5.56872045456881,0.8));
#18460=CARTESIAN_POINT('Ctrl Pts',(111.879944503307,5.77899038791656,0.));
#18461=CARTESIAN_POINT('Ctrl Pts',(111.879944503307,5.77899038791656,0.8));
#18462=CARTESIAN_POINT('',(111.596008241177,4.630286693573,0.));
#18463=CARTESIAN_POINT('Ctrl Pts',(111.879944503307,5.77899038791656,0.));
#18464=CARTESIAN_POINT('Ctrl Pts',(111.870414188818,5.56872045456881,0.));
#18465=CARTESIAN_POINT('Ctrl Pts',(111.852180846078,5.16643323026849,0.));
#18466=CARTESIAN_POINT('Ctrl Pts',(111.678776533099,4.8035133860979,0.));
#18467=CARTESIAN_POINT('Ctrl Pts',(111.596008241177,4.630286693573,0.));
#18468=CARTESIAN_POINT('',(111.596008241177,4.630286693573,0.8));
#18469=CARTESIAN_POINT('Ctrl Pts',(111.596008241177,4.630286693573,0.8));
#18470=CARTESIAN_POINT('Ctrl Pts',(111.678776533099,4.8035133860979,0.8));
#18471=CARTESIAN_POINT('Ctrl Pts',(111.852180846078,5.16643323026849,0.8));
#18472=CARTESIAN_POINT('Ctrl Pts',(111.870414188818,5.56872045456881,0.8));
#18473=CARTESIAN_POINT('Ctrl Pts',(111.879944503307,5.77899038791656,0.8));
#18474=CARTESIAN_POINT('',(111.596008241177,4.630286693573,0.));
#18475=CARTESIAN_POINT('Ctrl Pts',(110.815227329731,3.84720325469971,0.));
#18476=CARTESIAN_POINT('Ctrl Pts',(110.815227329731,3.84720325469971,0.8));
#18477=CARTESIAN_POINT('Ctrl Pts',(110.971522033452,3.95410555264465,0.));
#18478=CARTESIAN_POINT('Ctrl Pts',(110.971522033452,3.95410555264465,0.8));
#18479=CARTESIAN_POINT('Ctrl Pts',(111.281234506557,4.16594238581156,0.));
#18480=CARTESIAN_POINT('Ctrl Pts',(111.281234506557,4.16594238581156,0.8));
#18481=CARTESIAN_POINT('Ctrl Pts',(111.491735447488,4.47646674966287,0.));
#18482=CARTESIAN_POINT('Ctrl Pts',(111.491735447488,4.47646674966287,0.8));
#18483=CARTESIAN_POINT('Ctrl Pts',(111.596008241177,4.630286693573,0.));
#18484=CARTESIAN_POINT('Ctrl Pts',(111.596008241177,4.630286693573,0.8));
#18485=CARTESIAN_POINT('',(110.815227329731,3.84720325469971,0.));
#18486=CARTESIAN_POINT('Ctrl Pts',(111.596008241177,4.630286693573,0.));
#18487=CARTESIAN_POINT('Ctrl Pts',(111.491735447488,4.47646674966287,0.));
#18488=CARTESIAN_POINT('Ctrl Pts',(111.281234506557,4.16594238581156,0.));
#18489=CARTESIAN_POINT('Ctrl Pts',(110.971522033452,3.95410555264465,0.));
#18490=CARTESIAN_POINT('Ctrl Pts',(110.815227329731,3.84720325469971,0.));
#18491=CARTESIAN_POINT('',(110.815227329731,3.84720325469971,0.8));
#18492=CARTESIAN_POINT('Ctrl Pts',(110.815227329731,3.84720325469971,0.8));
#18493=CARTESIAN_POINT('Ctrl Pts',(110.971522033452,3.95410555264465,0.8));
#18494=CARTESIAN_POINT('Ctrl Pts',(111.281234506557,4.16594238581156,0.8));
#18495=CARTESIAN_POINT('Ctrl Pts',(111.491735447488,4.47646674966287,0.8));
#18496=CARTESIAN_POINT('Ctrl Pts',(111.596008241177,4.630286693573,0.8));
#18497=CARTESIAN_POINT('',(110.815227329731,3.84720325469971,0.));
#18498=CARTESIAN_POINT('Ctrl Pts',(109.947048723698,3.53069543838501,0.));
#18499=CARTESIAN_POINT('Ctrl Pts',(109.947048723698,3.53069543838501,0.8));
#18500=CARTESIAN_POINT('Ctrl Pts',(110.113880101058,3.57112744353868,0.));
#18501=CARTESIAN_POINT('Ctrl Pts',(110.113880101058,3.57112744353868,0.8));
#18502=CARTESIAN_POINT('Ctrl Pts',(110.415400445224,3.64420165956552,0.));
#18503=CARTESIAN_POINT('Ctrl Pts',(110.415400445224,3.64420165956552,0.8));
#18504=CARTESIAN_POINT('Ctrl Pts',(110.691772216278,3.78452216463384,0.));
#18505=CARTESIAN_POINT('Ctrl Pts',(110.691772216278,3.78452216463384,0.8));
#18506=CARTESIAN_POINT('Ctrl Pts',(110.815227329731,3.84720325469971,0.));
#18507=CARTESIAN_POINT('Ctrl Pts',(110.815227329731,3.84720325469971,0.8));
#18508=CARTESIAN_POINT('',(109.947048723698,3.53069543838501,0.));
#18509=CARTESIAN_POINT('Ctrl Pts',(110.815227329731,3.84720325469971,0.));
#18510=CARTESIAN_POINT('Ctrl Pts',(110.691772216278,3.78452216463384,0.));
#18511=CARTESIAN_POINT('Ctrl Pts',(110.415400445224,3.64420165956552,0.));
#18512=CARTESIAN_POINT('Ctrl Pts',(110.113880101058,3.57112744353868,0.));
#18513=CARTESIAN_POINT('Ctrl Pts',(109.947048723698,3.53069543838501,0.));
#18514=CARTESIAN_POINT('',(109.947048723698,3.53069543838501,0.8));
#18515=CARTESIAN_POINT('Ctrl Pts',(109.947048723698,3.53069543838501,0.8));
#18516=CARTESIAN_POINT('Ctrl Pts',(110.113880101058,3.57112744353868,0.8));
#18517=CARTESIAN_POINT('Ctrl Pts',(110.415400445224,3.64420165956552,0.8));
#18518=CARTESIAN_POINT('Ctrl Pts',(110.691772216278,3.78452216463384,0.8));
#18519=CARTESIAN_POINT('Ctrl Pts',(110.815227329731,3.84720325469971,0.8));
#18520=CARTESIAN_POINT('',(109.947048723698,3.53069543838501,0.));
#18521=CARTESIAN_POINT('Ctrl Pts',(110.590551197529,3.23576092720032,0.));
#18522=CARTESIAN_POINT('Ctrl Pts',(110.590551197529,3.23576092720032,0.8));
#18523=CARTESIAN_POINT('Ctrl Pts',(110.504592193366,3.28767277721009,0.));
#18524=CARTESIAN_POINT('Ctrl Pts',(110.504592193366,3.28767277721009,0.8));
#18525=CARTESIAN_POINT('Ctrl Pts',(110.301557739422,3.41028813580555,0.));
#18526=CARTESIAN_POINT('Ctrl Pts',(110.301557739422,3.41028813580555,0.8));
#18527=CARTESIAN_POINT('Ctrl Pts',(110.076705138524,3.48665825321089,0.));
#18528=CARTESIAN_POINT('Ctrl Pts',(110.076705138524,3.48665825321089,0.8));
#18529=CARTESIAN_POINT('Ctrl Pts',(109.947048723698,3.53069543838501,0.));
#18530=CARTESIAN_POINT('Ctrl Pts',(109.947048723698,3.53069543838501,0.8));
#18531=CARTESIAN_POINT('',(110.590551197529,3.23576092720032,0.));
#18532=CARTESIAN_POINT('Ctrl Pts',(109.947048723698,3.53069543838501,0.));
#18533=CARTESIAN_POINT('Ctrl Pts',(110.076705138524,3.48665825321089,0.));
#18534=CARTESIAN_POINT('Ctrl Pts',(110.301557739422,3.41028813580555,0.));
#18535=CARTESIAN_POINT('Ctrl Pts',(110.504592193366,3.28767277721009,0.));
#18536=CARTESIAN_POINT('Ctrl Pts',(110.590551197529,3.23576092720032,0.));
#18537=CARTESIAN_POINT('',(110.590551197529,3.23576092720032,0.8));
#18538=CARTESIAN_POINT('Ctrl Pts',(110.590551197529,3.23576092720032,0.8));
#18539=CARTESIAN_POINT('Ctrl Pts',(110.504592193366,3.28767277721009,0.8));
#18540=CARTESIAN_POINT('Ctrl Pts',(110.301557739422,3.41028813580555,0.8));
#18541=CARTESIAN_POINT('Ctrl Pts',(110.076705138524,3.48665825321089,0.8));
#18542=CARTESIAN_POINT('Ctrl Pts',(109.947048723698,3.53069543838501,0.8));
#18543=CARTESIAN_POINT('',(110.590551197529,3.23576092720032,0.));
#18544=CARTESIAN_POINT('Ctrl Pts',(110.985930263996,2.81518578529358,0.));
#18545=CARTESIAN_POINT('Ctrl Pts',(110.985930263996,2.81518578529358,0.8));
#18546=CARTESIAN_POINT('Ctrl Pts',(110.912771602129,2.90679921797904,0.));
#18547=CARTESIAN_POINT('Ctrl Pts',(110.912771602129,2.90679921797904,0.8));
#18548=CARTESIAN_POINT('Ctrl Pts',(110.792191221677,3.0577968208025,0.));
#18549=CARTESIAN_POINT('Ctrl Pts',(110.792191221677,3.0577968208025,0.8));
#18550=CARTESIAN_POINT('Ctrl Pts',(110.647467846401,3.18552724666792,0.));
#18551=CARTESIAN_POINT('Ctrl Pts',(110.647467846401,3.18552724666792,0.8));
#18552=CARTESIAN_POINT('Ctrl Pts',(110.590551197529,3.23576092720032,0.));
#18553=CARTESIAN_POINT('Ctrl Pts',(110.590551197529,3.23576092720032,0.8));
#18554=CARTESIAN_POINT('',(110.985930263996,2.81518578529358,0.));
#18555=CARTESIAN_POINT('Ctrl Pts',(110.590551197529,3.23576092720032,0.));
#18556=CARTESIAN_POINT('Ctrl Pts',(110.647467846401,3.18552724666792,0.));
#18557=CARTESIAN_POINT('Ctrl Pts',(110.792191221677,3.0577968208025,0.));
#18558=CARTESIAN_POINT('Ctrl Pts',(110.912771602129,2.90679921797904,0.));
#18559=CARTESIAN_POINT('Ctrl Pts',(110.985930263996,2.81518578529358,0.));
#18560=CARTESIAN_POINT('',(110.985930263996,2.81518578529358,0.8));
#18561=CARTESIAN_POINT('Ctrl Pts',(110.985930263996,2.81518578529358,0.8));
#18562=CARTESIAN_POINT('Ctrl Pts',(110.912771602129,2.90679921797904,0.8));
#18563=CARTESIAN_POINT('Ctrl Pts',(110.792191221677,3.0577968208025,0.8));
#18564=CARTESIAN_POINT('Ctrl Pts',(110.647467846401,3.18552724666792,0.8));
#18565=CARTESIAN_POINT('Ctrl Pts',(110.590551197529,3.23576092720032,0.8));
#18566=CARTESIAN_POINT('',(110.985930263996,2.81518578529358,0.));
#18567=CARTESIAN_POINT('Ctrl Pts',(111.332195103169,2.31812715530396,0.));
#18568=CARTESIAN_POINT('Ctrl Pts',(111.332195103169,2.31812715530396,0.8));
#18569=CARTESIAN_POINT('Ctrl Pts',(111.290155574496,2.38960657609329,0.));
#18570=CARTESIAN_POINT('Ctrl Pts',(111.290155574496,2.38960657609329,0.8));
#18571=CARTESIAN_POINT('Ctrl Pts',(111.187554316568,2.56405854357335,0.));
#18572=CARTESIAN_POINT('Ctrl Pts',(111.187554316568,2.56405854357335,0.8));
#18573=CARTESIAN_POINT('Ctrl Pts',(111.060767710245,2.72197408155989,0.));
#18574=CARTESIAN_POINT('Ctrl Pts',(111.060767710245,2.72197408155989,0.8));
#18575=CARTESIAN_POINT('Ctrl Pts',(110.985930263996,2.81518578529358,0.));
#18576=CARTESIAN_POINT('Ctrl Pts',(110.985930263996,2.81518578529358,0.8));
#18577=CARTESIAN_POINT('',(111.332195103169,2.31812715530396,0.));
#18578=CARTESIAN_POINT('Ctrl Pts',(110.985930263996,2.81518578529358,0.));
#18579=CARTESIAN_POINT('Ctrl Pts',(111.060767710245,2.72197408155989,0.));
#18580=CARTESIAN_POINT('Ctrl Pts',(111.187554316568,2.56405854357335,0.));
#18581=CARTESIAN_POINT('Ctrl Pts',(111.290155574496,2.38960657609329,0.));
#18582=CARTESIAN_POINT('Ctrl Pts',(111.332195103169,2.31812715530396,0.));
#18583=CARTESIAN_POINT('',(111.332195103169,2.31812715530396,0.8));
#18584=CARTESIAN_POINT('Ctrl Pts',(111.332195103169,2.31812715530396,0.8));
#18585=CARTESIAN_POINT('Ctrl Pts',(111.290155574496,2.38960657609329,0.8));
#18586=CARTESIAN_POINT('Ctrl Pts',(111.187554316568,2.56405854357335,0.8));
#18587=CARTESIAN_POINT('Ctrl Pts',(111.060767710245,2.72197408155989,0.8));
#18588=CARTESIAN_POINT('Ctrl Pts',(110.985930263996,2.81518578529358,0.8));
#18589=CARTESIAN_POINT('',(111.332195103169,2.31812715530396,0.));
#18590=CARTESIAN_POINT('Origin',(112.529330551624,0.,0.));
#18591=CARTESIAN_POINT('',(112.529330551624,0.,0.));
#18592=CARTESIAN_POINT('',(111.332195103169,2.31812715530396,0.));
#18593=CARTESIAN_POINT('',(112.529330551624,0.,0.8));
#18594=CARTESIAN_POINT('',(111.332195103169,2.31812715530396,0.8));
#18595=CARTESIAN_POINT('',(112.529330551624,0.,0.));
#18596=CARTESIAN_POINT('Origin',(109.73610073328,0.,0.));
#18597=CARTESIAN_POINT('',(109.73610073328,0.,0.));
#18598=CARTESIAN_POINT('',(112.529330551624,0.,0.));
#18599=CARTESIAN_POINT('',(109.73610073328,0.,0.8));
#18600=CARTESIAN_POINT('',(112.529330551624,0.,0.8));
#18601=CARTESIAN_POINT('',(109.73610073328,0.,0.));
#18602=CARTESIAN_POINT('Origin',(108.414732515812,2.44474768638611,0.));
#18603=CARTESIAN_POINT('',(108.414732515812,2.44474768638611,0.));
#18604=CARTESIAN_POINT('',(109.73610073328,0.,0.));
#18605=CARTESIAN_POINT('',(108.414732515812,2.44474768638611,0.8));
#18606=CARTESIAN_POINT('',(109.73610073328,0.,0.8));
#18607=CARTESIAN_POINT('',(108.414732515812,2.44474768638611,0.));
#18608=CARTESIAN_POINT('Ctrl Pts',(107.967256605625,3.0613911151886,0.));
#18609=CARTESIAN_POINT('Ctrl Pts',(107.967256605625,3.0613911151886,0.8));
#18610=CARTESIAN_POINT('Ctrl Pts',(108.040670086995,2.98891720105522,0.));
#18611=CARTESIAN_POINT('Ctrl Pts',(108.040670086995,2.98891720105522,0.8));
#18612=CARTESIAN_POINT('Ctrl Pts',(108.223252454427,2.80867157623774,0.));
#18613=CARTESIAN_POINT('Ctrl Pts',(108.223252454427,2.80867157623774,0.8));
#18614=CARTESIAN_POINT('Ctrl Pts',(108.343083586273,2.58092247635082,0.));
#18615=CARTESIAN_POINT('Ctrl Pts',(108.343083586273,2.58092247635082,0.8));
#18616=CARTESIAN_POINT('Ctrl Pts',(108.414732515812,2.44474768638611,0.));
#18617=CARTESIAN_POINT('Ctrl Pts',(108.414732515812,2.44474768638611,0.8));
#18618=CARTESIAN_POINT('',(107.967256605625,3.0613911151886,0.));
#18619=CARTESIAN_POINT('Ctrl Pts',(108.414732515812,2.44474768638611,0.));
#18620=CARTESIAN_POINT('Ctrl Pts',(108.343083586273,2.58092247635082,0.));
#18621=CARTESIAN_POINT('Ctrl Pts',(108.223252454427,2.80867157623774,0.));
#18622=CARTESIAN_POINT('Ctrl Pts',(108.040670086995,2.98891720105522,0.));
#18623=CARTESIAN_POINT('Ctrl Pts',(107.967256605625,3.0613911151886,0.));
#18624=CARTESIAN_POINT('',(107.967256605625,3.0613911151886,0.8));
#18625=CARTESIAN_POINT('Ctrl Pts',(107.967256605625,3.0613911151886,0.8));
#18626=CARTESIAN_POINT('Ctrl Pts',(108.040670086995,2.98891720105522,0.8));
#18627=CARTESIAN_POINT('Ctrl Pts',(108.223252454427,2.80867157623774,0.8));
#18628=CARTESIAN_POINT('Ctrl Pts',(108.343083586273,2.58092247635082,0.8));
#18629=CARTESIAN_POINT('Ctrl Pts',(108.414732515812,2.44474768638611,0.8));
#18630=CARTESIAN_POINT('',(107.967256605625,3.0613911151886,0.));
#18631=CARTESIAN_POINT('Ctrl Pts',(107.361526787281,3.24693024158478,0.));
#18632=CARTESIAN_POINT('Ctrl Pts',(107.361526787281,3.24693024158478,0.8));
#18633=CARTESIAN_POINT('Ctrl Pts',(107.470875866733,3.23952583507349,0.));
#18634=CARTESIAN_POINT('Ctrl Pts',(107.470875866733,3.23952583507349,0.8));
#18635=CARTESIAN_POINT('Ctrl Pts',(107.687324354954,3.22486935507766,0.));
#18636=CARTESIAN_POINT('Ctrl Pts',(107.687324354954,3.22486935507766,0.8));
#18637=CARTESIAN_POINT('Ctrl Pts',(107.874594657205,3.11550496665127,0.));
#18638=CARTESIAN_POINT('Ctrl Pts',(107.874594657205,3.11550496665127,0.8));
#18639=CARTESIAN_POINT('Ctrl Pts',(107.967256605625,3.0613911151886,0.));
#18640=CARTESIAN_POINT('Ctrl Pts',(107.967256605625,3.0613911151886,0.8));
#18641=CARTESIAN_POINT('',(107.361526787281,3.24693024158478,0.));
#18642=CARTESIAN_POINT('Ctrl Pts',(107.967256605625,3.0613911151886,0.));
#18643=CARTESIAN_POINT('Ctrl Pts',(107.874594657205,3.11550496665127,0.));
#18644=CARTESIAN_POINT('Ctrl Pts',(107.687324354954,3.22486935507766,0.));
#18645=CARTESIAN_POINT('Ctrl Pts',(107.470875866733,3.23952583507349,0.));
#18646=CARTESIAN_POINT('Ctrl Pts',(107.361526787281,3.24693024158478,0.));
#18647=CARTESIAN_POINT('',(107.361526787281,3.24693024158478,0.8));
#18648=CARTESIAN_POINT('Ctrl Pts',(107.361526787281,3.24693024158478,0.8));
#18649=CARTESIAN_POINT('Ctrl Pts',(107.470875866733,3.23952583507349,0.8));
#18650=CARTESIAN_POINT('Ctrl Pts',(107.687324354954,3.22486935507766,0.8));
#18651=CARTESIAN_POINT('Ctrl Pts',(107.874594657205,3.11550496665127,0.8));
#18652=CARTESIAN_POINT('Ctrl Pts',(107.967256605625,3.0613911151886,0.8));
#18653=CARTESIAN_POINT('',(107.361526787281,3.24693024158478,0.));
#18654=CARTESIAN_POINT('Origin',(107.143245637417,3.24693024158478,0.));
#18655=CARTESIAN_POINT('',(107.143245637417,3.24693024158478,0.));
#18656=CARTESIAN_POINT('',(107.361526787281,3.24693024158478,0.));
#18657=CARTESIAN_POINT('',(107.143245637417,3.24693024158478,0.8));
#18658=CARTESIAN_POINT('',(107.361526787281,3.24693024158478,0.8));
#18659=CARTESIAN_POINT('',(107.143245637417,3.24693024158478,0.));
#18660=CARTESIAN_POINT('Origin',(107.143245637417,0.,0.));
#18661=CARTESIAN_POINT('',(107.143245637417,0.,0.));
#18662=CARTESIAN_POINT('',(107.143245637417,3.24693024158478,0.));
#18663=CARTESIAN_POINT('',(107.143245637417,0.,0.8));
#18664=CARTESIAN_POINT('',(107.143245637417,3.24693024158478,0.8));
#18665=CARTESIAN_POINT('',(107.143245637417,0.,0.));
#18666=CARTESIAN_POINT('Origin',(104.660298973322,0.,0.));
#18667=CARTESIAN_POINT('',(107.143245637417,0.,0.));
#18668=CARTESIAN_POINT('',(107.143245637417,0.,0.8));
#18669=CARTESIAN_POINT('Origin',(108.594814762473,4.00000005960464,0.8));
#18670=CARTESIAN_POINT('Origin',(108.594814762473,4.00000005960464,0.));
#18671=CARTESIAN_POINT('Origin',(95.4379257559776,8.00000011920929,0.));
#18672=CARTESIAN_POINT('',(87.9236012138426,8.00000011920929,0.));
#18673=CARTESIAN_POINT('',(95.4379257559776,8.00000011920929,0.));
#18674=CARTESIAN_POINT('',(87.9236012138426,8.00000011920929,0.));
#18675=CARTESIAN_POINT('',(87.9236012138426,8.00000011920929,0.8));
#18676=CARTESIAN_POINT('',(87.9236012138426,8.00000011920929,0.));
#18677=CARTESIAN_POINT('',(95.4379257559776,8.00000011920929,0.8));
#18678=CARTESIAN_POINT('',(87.9236012138426,8.00000011920929,0.8));
#18679=CARTESIAN_POINT('',(95.4379257559776,8.00000011920929,0.));
#18680=CARTESIAN_POINT('Origin',(95.4379257559776,6.02455675601959,0.));
#18681=CARTESIAN_POINT('',(95.4379257559776,6.02455675601959,0.));
#18682=CARTESIAN_POINT('',(95.4379257559776,8.00000011920929,0.));
#18683=CARTESIAN_POINT('',(95.4379257559776,6.02455675601959,0.8));
#18684=CARTESIAN_POINT('',(95.4379257559776,8.00000011920929,0.8));
#18685=CARTESIAN_POINT('',(95.4379257559776,6.02455675601959,0.));
#18686=CARTESIAN_POINT('Origin',(92.9167798161507,6.02455675601959,0.));
#18687=CARTESIAN_POINT('',(92.9167798161507,6.02455675601959,0.));
#18688=CARTESIAN_POINT('',(95.4379257559776,6.02455675601959,0.));
#18689=CARTESIAN_POINT('',(92.9167798161507,6.02455675601959,0.8));
#18690=CARTESIAN_POINT('',(95.4379257559776,6.02455675601959,0.8));
#18691=CARTESIAN_POINT('',(92.9167798161507,6.02455675601959,0.));
#18692=CARTESIAN_POINT('Origin',(92.9167798161507,0.,0.));
#18693=CARTESIAN_POINT('',(92.9167798161507,0.,0.));
#18694=CARTESIAN_POINT('',(92.9167798161507,6.02455675601959,0.));
#18695=CARTESIAN_POINT('',(92.9167798161507,0.,0.8));
#18696=CARTESIAN_POINT('',(92.9167798161507,6.02455675601959,0.8));
#18697=CARTESIAN_POINT('',(92.9167798161507,0.,0.));
#18698=CARTESIAN_POINT('Origin',(90.444747209549,0.,0.));
#18699=CARTESIAN_POINT('',(90.444747209549,0.,0.));
#18700=CARTESIAN_POINT('',(92.9167798161507,0.,0.));
#18701=CARTESIAN_POINT('',(90.444747209549,0.,0.8));
#18702=CARTESIAN_POINT('',(92.9167798161507,0.,0.8));
#18703=CARTESIAN_POINT('',(90.444747209549,0.,0.));
#18704=CARTESIAN_POINT('Origin',(90.444747209549,6.02455675601959,0.));
#18705=CARTESIAN_POINT('',(90.444747209549,6.02455675601959,0.));
#18706=CARTESIAN_POINT('',(90.444747209549,0.,0.));
#18707=CARTESIAN_POINT('',(90.444747209549,6.02455675601959,0.8));
#18708=CARTESIAN_POINT('',(90.444747209549,0.,0.8));
#18709=CARTESIAN_POINT('',(90.444747209549,6.02455675601959,0.));
#18710=CARTESIAN_POINT('Origin',(87.9236012138426,6.02455675601959,0.));
#18711=CARTESIAN_POINT('',(87.9236012138426,6.02455675601959,0.));
#18712=CARTESIAN_POINT('',(90.444747209549,6.02455675601959,0.));
#18713=CARTESIAN_POINT('',(87.9236012138426,6.02455675601959,0.8));
#18714=CARTESIAN_POINT('',(90.444747209549,6.02455675601959,0.8));
#18715=CARTESIAN_POINT('',(87.9236012138426,6.02455675601959,0.));
#18716=CARTESIAN_POINT('Origin',(87.9236012138426,8.00000011920929,0.));
#18717=CARTESIAN_POINT('',(87.9236012138426,6.02455675601959,0.));
#18718=CARTESIAN_POINT('',(87.9236012138426,6.02455675601959,0.8));
#18719=CARTESIAN_POINT('Origin',(91.6807634849101,4.00000005960464,0.8));
#18720=CARTESIAN_POINT('Origin',(91.6807634849101,4.00000005960464,0.));
#18721=CARTESIAN_POINT('Origin',(52.2100958228111,5.92633008956909,0.));
#18722=CARTESIAN_POINT('',(53.0931106209755,3.05047750473022,0.));
#18723=CARTESIAN_POINT('',(52.2100958228111,5.92633008956909,0.));
#18724=CARTESIAN_POINT('',(53.0931106209755,3.05047750473022,0.));
#18725=CARTESIAN_POINT('',(53.0931106209755,3.05047750473022,0.8));
#18726=CARTESIAN_POINT('',(53.0931106209755,3.05047750473022,0.));
#18727=CARTESIAN_POINT('',(52.2100958228111,5.92633008956909,0.8));
#18728=CARTESIAN_POINT('',(53.0931106209755,3.05047750473022,0.8));
#18729=CARTESIAN_POINT('',(52.2100958228111,5.92633008956909,0.));
#18730=CARTESIAN_POINT('Origin',(51.3362893462181,3.05047750473023,0.));
#18731=CARTESIAN_POINT('',(51.3362893462181,3.05047750473022,0.));
#18732=CARTESIAN_POINT('',(52.2100958228111,5.92633008956909,0.));
#18733=CARTESIAN_POINT('',(51.3362893462181,3.05047750473022,0.8));
#18734=CARTESIAN_POINT('',(52.2100958228111,5.92633008956909,0.8));
#18735=CARTESIAN_POINT('',(51.3362893462181,3.05047750473022,0.));
#18736=CARTESIAN_POINT('Origin',(53.0931106209755,3.05047750473022,0.));
#18737=CARTESIAN_POINT('',(51.3362893462181,3.05047750473022,0.));
#18738=CARTESIAN_POINT('',(51.3362893462181,3.05047750473022,0.8));
#18739=CARTESIAN_POINT('Origin',(50.7993692159653,1.32060050964355,0.));
#18740=CARTESIAN_POINT('',(53.6059007048607,1.32060050964355,0.));
#18741=CARTESIAN_POINT('',(50.7993692159653,1.32060050964355,0.));
#18742=CARTESIAN_POINT('',(53.6059007048607,1.32060050964355,0.));
#18743=CARTESIAN_POINT('',(53.6059007048607,1.32060050964355,0.8));
#18744=CARTESIAN_POINT('',(53.6059007048607,1.32060050964355,0.));
#18745=CARTESIAN_POINT('',(50.7993692159653,1.32060050964355,0.8));
#18746=CARTESIAN_POINT('',(53.6059007048607,1.32060050964355,0.8));
#18747=CARTESIAN_POINT('',(50.7993692159653,1.32060050964355,0.));
#18748=CARTESIAN_POINT('Origin',(50.4094478487968,0.,0.));
#18749=CARTESIAN_POINT('',(50.4094478487968,0.,0.));
#18750=CARTESIAN_POINT('',(50.7993692159653,1.32060050964355,0.));
#18751=CARTESIAN_POINT('',(50.4094478487968,0.,0.8));
#18752=CARTESIAN_POINT('',(50.7993692159653,1.32060050964355,0.8));
#18753=CARTESIAN_POINT('',(50.4094478487968,0.,0.));
#18754=CARTESIAN_POINT('Origin',(47.8854028042406,0.,0.));
#18755=CARTESIAN_POINT('',(47.8854028042406,0.,0.));
#18756=CARTESIAN_POINT('',(50.4094478487968,0.,0.));
#18757=CARTESIAN_POINT('',(47.8854028042406,0.,0.8));
#18758=CARTESIAN_POINT('',(50.4094478487968,0.,0.8));
#18759=CARTESIAN_POINT('',(47.8854028042406,0.,0.));
#18760=CARTESIAN_POINT('Origin',(50.8922240138054,8.00000011920929,0.));
#18761=CARTESIAN_POINT('',(50.8922240138054,8.00000011920929,0.));
#18762=CARTESIAN_POINT('',(47.8854028042406,0.,0.));
#18763=CARTESIAN_POINT('',(50.8922240138054,8.00000011920929,0.8));
#18764=CARTESIAN_POINT('',(47.8854028042406,0.,0.8));
#18765=CARTESIAN_POINT('',(50.8922240138054,8.00000011920929,0.));
#18766=CARTESIAN_POINT('Origin',(53.5886767506599,8.00000011920929,0.));
#18767=CARTESIAN_POINT('',(53.5886767506599,8.00000011920929,0.));
#18768=CARTESIAN_POINT('',(50.8922240138054,8.00000011920929,0.));
#18769=CARTESIAN_POINT('',(53.5886767506599,8.00000011920929,0.8));
#18770=CARTESIAN_POINT('',(50.8922240138054,8.00000011920929,0.8));
#18771=CARTESIAN_POINT('',(53.5886767506599,8.00000011920929,0.));
#18772=CARTESIAN_POINT('Origin',(56.5948161482811,1.11022302462516E-15,
0.));
#18773=CARTESIAN_POINT('',(56.5948161482811,0.,0.));
#18774=CARTESIAN_POINT('',(53.5886767506599,8.00000011920929,0.));
#18775=CARTESIAN_POINT('',(56.5948161482811,0.,0.8));
#18776=CARTESIAN_POINT('',(53.5886767506599,8.00000011920929,0.8));
#18777=CARTESIAN_POINT('',(56.5948161482811,0.,0.));
#18778=CARTESIAN_POINT('Origin',(54.0061393380165,0.,0.));
#18779=CARTESIAN_POINT('',(54.0061393380165,0.,0.));
#18780=CARTESIAN_POINT('',(56.5948161482811,0.,0.));
#18781=CARTESIAN_POINT('',(54.0061393380165,0.,0.8));
#18782=CARTESIAN_POINT('',(56.5948161482811,0.,0.8));
#18783=CARTESIAN_POINT('',(54.0061393380165,0.,0.));
#18784=CARTESIAN_POINT('Origin',(53.6059007048607,1.32060050964355,0.));
#18785=CARTESIAN_POINT('',(54.0061393380165,0.,0.));
#18786=CARTESIAN_POINT('',(54.0061393380165,0.,0.8));
#18787=CARTESIAN_POINT('Origin',(52.2401094762608,4.00000005960464,0.8));
#18788=CARTESIAN_POINT('Origin',(52.2401094762608,4.00000005960464,0.));
#18789=CARTESIAN_POINT('Origin',(15.6755641102791,8.00000011920929,0.));
#18790=CARTESIAN_POINT('',(13.0914066545665,8.00000011920929,0.));
#18791=CARTESIAN_POINT('',(15.6755641102791,8.00000011920929,0.));
#18792=CARTESIAN_POINT('',(13.0914066545665,8.00000011920929,0.));
#18793=CARTESIAN_POINT('',(13.0914066545665,8.00000011920929,0.8));
#18794=CARTESIAN_POINT('',(13.0914066545665,8.00000011920929,0.));
#18795=CARTESIAN_POINT('',(15.6755641102791,8.00000011920929,0.8));
#18796=CARTESIAN_POINT('',(13.0914066545665,8.00000011920929,0.8));
#18797=CARTESIAN_POINT('',(15.6755641102791,8.00000011920929,0.));
#18798=CARTESIAN_POINT('Origin',(17.4761268496513,2.24283695220947,0.));
#18799=CARTESIAN_POINT('',(17.4761268496513,2.24283695220947,0.));
#18800=CARTESIAN_POINT('',(15.6755641102791,8.00000011920929,0.));
#18801=CARTESIAN_POINT('',(17.4761268496513,2.24283695220947,0.8));
#18802=CARTESIAN_POINT('',(15.6755641102791,8.00000011920929,0.8));
#18803=CARTESIAN_POINT('',(17.4761268496513,2.24283695220947,0.));
#18804=CARTESIAN_POINT('Origin',(19.2536678910255,8.00000011920929,0.));
#18805=CARTESIAN_POINT('',(19.2536678910255,8.00000011920929,0.));
#18806=CARTESIAN_POINT('',(17.4761268496513,2.24283695220947,0.));
#18807=CARTESIAN_POINT('',(19.2536678910255,8.00000011920929,0.8));
#18808=CARTESIAN_POINT('',(17.4761268496513,2.24283695220947,0.8));
#18809=CARTESIAN_POINT('',(19.2536678910255,8.00000011920929,0.));
#18810=CARTESIAN_POINT('Origin',(21.7626205086708,8.00000011920929,0.));
#18811=CARTESIAN_POINT('',(21.7626205086708,8.00000011920929,0.));
#18812=CARTESIAN_POINT('',(19.2536678910255,8.00000011920929,0.));
#18813=CARTESIAN_POINT('',(21.7626205086708,8.00000011920929,0.8));
#18814=CARTESIAN_POINT('',(19.2536678910255,8.00000011920929,0.8));
#18815=CARTESIAN_POINT('',(21.7626205086708,8.00000011920929,0.));
#18816=CARTESIAN_POINT('Origin',(18.792122900486,0.,0.));
#18817=CARTESIAN_POINT('',(18.792122900486,0.,0.));
#18818=CARTESIAN_POINT('',(21.7626205086708,8.00000011920929,0.));
#18819=CARTESIAN_POINT('',(18.792122900486,0.,0.8));
#18820=CARTESIAN_POINT('',(21.7626205086708,8.00000011920929,0.8));
#18821=CARTESIAN_POINT('',(18.792122900486,0.,0.));
#18822=CARTESIAN_POINT('Origin',(16.1127230525017,0.,0.));
#18823=CARTESIAN_POINT('',(16.1127230525017,0.,0.));
#18824=CARTESIAN_POINT('',(18.792122900486,0.,0.));
#18825=CARTESIAN_POINT('',(16.1127230525017,0.,0.8));
#18826=CARTESIAN_POINT('',(18.792122900486,0.,0.8));
#18827=CARTESIAN_POINT('',(16.1127230525017,0.,0.));
#18828=CARTESIAN_POINT('Origin',(13.0914066545665,8.00000011920929,0.));
#18829=CARTESIAN_POINT('',(16.1127230525017,0.,0.));
#18830=CARTESIAN_POINT('',(16.1127230525017,0.,0.8));
#18831=CARTESIAN_POINT('Origin',(17.4270135816187,4.00000005960464,0.8));
#18832=CARTESIAN_POINT('Origin',(17.4270135816187,4.00000005960464,0.));
#18833=CARTESIAN_POINT('Origin',(12.1036848425865,8.00000011920929,0.));
#18834=CARTESIAN_POINT('',(9.6261952072382,8.00000011920929,0.));
#18835=CARTESIAN_POINT('',(12.1036848425865,8.00000011920929,0.));
#18836=CARTESIAN_POINT('',(9.6261952072382,8.00000011920929,0.));
#18837=CARTESIAN_POINT('',(9.6261952072382,8.00000011920929,0.8));
#18838=CARTESIAN_POINT('',(9.6261952072382,8.00000011920929,0.));
#18839=CARTESIAN_POINT('',(12.1036848425865,8.00000011920929,0.8));
#18840=CARTESIAN_POINT('',(9.6261952072382,8.00000011920929,0.8));
#18841=CARTESIAN_POINT('',(12.1036848425865,8.00000011920929,0.));
#18842=CARTESIAN_POINT('Origin',(12.1036848425865,0.,0.));
#18843=CARTESIAN_POINT('',(12.1036848425865,0.,0.));
#18844=CARTESIAN_POINT('',(12.1036848425865,8.00000011920929,0.));
#18845=CARTESIAN_POINT('',(12.1036848425865,0.,0.8));
#18846=CARTESIAN_POINT('',(12.1036848425865,8.00000011920929,0.8));
#18847=CARTESIAN_POINT('',(12.1036848425865,0.,0.));
#18848=CARTESIAN_POINT('Origin',(9.6261952072382,0.,0.));
#18849=CARTESIAN_POINT('',(9.6261952072382,0.,0.));
#18850=CARTESIAN_POINT('',(12.1036848425865,0.,0.));
#18851=CARTESIAN_POINT('',(9.6261952072382,0.,0.8));
#18852=CARTESIAN_POINT('',(12.1036848425865,0.,0.8));
#18853=CARTESIAN_POINT('',(9.6261952072382,0.,0.));
#18854=CARTESIAN_POINT('Origin',(9.6261952072382,8.00000011920929,0.));
#18855=CARTESIAN_POINT('',(9.6261952072382,0.,0.));
#18856=CARTESIAN_POINT('',(9.6261952072382,0.,0.8));
#18857=CARTESIAN_POINT('Origin',(10.8649400249124,4.00000005960464,0.8));
#18858=CARTESIAN_POINT('Origin',(10.8649400249124,4.00000005960464,0.));
#18859=CARTESIAN_POINT('Origin',(47.5688955187798,8.00000011920929,0.));
#18860=CARTESIAN_POINT('',(40.0545709766448,8.00000011920929,0.));
#18861=CARTESIAN_POINT('',(47.5688955187798,8.00000011920929,0.));
#18862=CARTESIAN_POINT('',(40.0545709766448,8.00000011920929,0.));
#18863=CARTESIAN_POINT('',(40.0545709766448,8.00000011920929,0.8));
#18864=CARTESIAN_POINT('',(40.0545709766448,8.00000011920929,0.));
#18865=CARTESIAN_POINT('',(47.5688955187798,8.00000011920929,0.8));
#18866=CARTESIAN_POINT('',(40.0545709766448,8.00000011920929,0.8));
#18867=CARTESIAN_POINT('',(47.5688955187798,8.00000011920929,0.));
#18868=CARTESIAN_POINT('Origin',(47.5688955187798,6.02455675601959,0.));
#18869=CARTESIAN_POINT('',(47.5688955187798,6.02455675601959,0.));
#18870=CARTESIAN_POINT('',(47.5688955187798,8.00000011920929,0.));
#18871=CARTESIAN_POINT('',(47.5688955187798,6.02455675601959,0.8));
#18872=CARTESIAN_POINT('',(47.5688955187798,8.00000011920929,0.8));
#18873=CARTESIAN_POINT('',(47.5688955187798,6.02455675601959,0.));
#18874=CARTESIAN_POINT('Origin',(45.0477495789528,6.02455675601959,0.));
#18875=CARTESIAN_POINT('',(45.0477495789528,6.02455675601959,0.));
#18876=CARTESIAN_POINT('',(47.5688955187798,6.02455675601959,0.));
#18877=CARTESIAN_POINT('',(45.0477495789528,6.02455675601959,0.8));
#18878=CARTESIAN_POINT('',(47.5688955187798,6.02455675601959,0.8));
#18879=CARTESIAN_POINT('',(45.0477495789528,6.02455675601959,0.));
#18880=CARTESIAN_POINT('Origin',(45.0477495789528,0.,0.));
#18881=CARTESIAN_POINT('',(45.0477495789528,0.,0.));
#18882=CARTESIAN_POINT('',(45.0477495789528,6.02455675601959,0.));
#18883=CARTESIAN_POINT('',(45.0477495789528,0.,0.8));
#18884=CARTESIAN_POINT('',(45.0477495789528,6.02455675601959,0.8));
#18885=CARTESIAN_POINT('',(45.0477495789528,0.,0.));
#18886=CARTESIAN_POINT('Origin',(42.5757169723511,0.,0.));
#18887=CARTESIAN_POINT('',(42.5757169723511,0.,0.));
#18888=CARTESIAN_POINT('',(45.0477495789528,0.,0.));
#18889=CARTESIAN_POINT('',(42.5757169723511,0.,0.8));
#18890=CARTESIAN_POINT('',(45.0477495789528,0.,0.8));
#18891=CARTESIAN_POINT('',(42.5757169723511,0.,0.));
#18892=CARTESIAN_POINT('Origin',(42.5757169723511,6.02455675601959,0.));
#18893=CARTESIAN_POINT('',(42.5757169723511,6.02455675601959,0.));
#18894=CARTESIAN_POINT('',(42.5757169723511,0.,0.));
#18895=CARTESIAN_POINT('',(42.5757169723511,6.02455675601959,0.8));
#18896=CARTESIAN_POINT('',(42.5757169723511,0.,0.8));
#18897=CARTESIAN_POINT('',(42.5757169723511,6.02455675601959,0.));
#18898=CARTESIAN_POINT('Origin',(40.0545709766448,6.02455675601959,0.));
#18899=CARTESIAN_POINT('',(40.0545709766448,6.02455675601959,0.));
#18900=CARTESIAN_POINT('',(42.5757169723511,6.02455675601959,0.));
#18901=CARTESIAN_POINT('',(40.0545709766448,6.02455675601959,0.8));
#18902=CARTESIAN_POINT('',(42.5757169723511,6.02455675601959,0.8));
#18903=CARTESIAN_POINT('',(40.0545709766448,6.02455675601959,0.));
#18904=CARTESIAN_POINT('Origin',(40.0545709766448,8.00000011920929,0.));
#18905=CARTESIAN_POINT('',(40.0545709766448,6.02455675601959,0.));
#18906=CARTESIAN_POINT('',(40.0545709766448,6.02455675601959,0.8));
#18907=CARTESIAN_POINT('Origin',(43.8117332477123,4.00000005960464,0.8));
#18908=CARTESIAN_POINT('Origin',(43.8117332477123,4.00000005960464,0.));
#18909=CARTESIAN_POINT('Origin',(82.335607111454,2.79399752616882,0.));
#18910=CARTESIAN_POINT('',(79.9836288392544,2.6466578245163,0.));
#18911=CARTESIAN_POINT('',(82.335607111454,2.79399752616882,0.));
#18912=CARTESIAN_POINT('',(79.9836288392544,2.6466578245163,0.));
#18913=CARTESIAN_POINT('',(79.9836288392544,2.6466578245163,0.8));
#18914=CARTESIAN_POINT('',(79.9836288392544,2.6466578245163,0.));
#18915=CARTESIAN_POINT('',(82.335607111454,2.79399752616882,0.8));
#18916=CARTESIAN_POINT('',(79.9836288392544,2.6466578245163,0.8));
#18917=CARTESIAN_POINT('',(82.335607111454,2.79399752616882,0.));
#18918=CARTESIAN_POINT('Ctrl Pts',(82.6466575264931,1.92087292671204,0.));
#18919=CARTESIAN_POINT('Ctrl Pts',(82.6466575264931,1.92087292671204,0.8));
#18920=CARTESIAN_POINT('Ctrl Pts',(82.5740649120678,2.04084005181965,0.));
#18921=CARTESIAN_POINT('Ctrl Pts',(82.5740649120678,2.04084005181965,0.8));
#18922=CARTESIAN_POINT('Ctrl Pts',(82.4112721829632,2.30987259533293,0.));
#18923=CARTESIAN_POINT('Ctrl Pts',(82.4112721829632,2.30987259533293,0.8));
#18924=CARTESIAN_POINT('Ctrl Pts',(82.3625841516946,2.62139136218647,0.));
#18925=CARTESIAN_POINT('Ctrl Pts',(82.3625841516946,2.62139136218647,0.8));
#18926=CARTESIAN_POINT('Ctrl Pts',(82.335607111454,2.79399752616882,0.));
#18927=CARTESIAN_POINT('Ctrl Pts',(82.335607111454,2.79399752616882,0.8));
#18928=CARTESIAN_POINT('',(82.6466575264931,1.92087292671204,0.));
#18929=CARTESIAN_POINT('Ctrl Pts',(82.335607111454,2.79399752616882,0.));
#18930=CARTESIAN_POINT('Ctrl Pts',(82.3625841516946,2.62139136218647,0.));
#18931=CARTESIAN_POINT('Ctrl Pts',(82.4112721829632,2.30987259533293,0.));
#18932=CARTESIAN_POINT('Ctrl Pts',(82.5740649120678,2.04084005181965,0.));
#18933=CARTESIAN_POINT('Ctrl Pts',(82.6466575264931,1.92087292671204,0.));
#18934=CARTESIAN_POINT('',(82.6466575264931,1.92087292671204,0.8));
#18935=CARTESIAN_POINT('Ctrl Pts',(82.6466575264931,1.92087292671204,0.8));
#18936=CARTESIAN_POINT('Ctrl Pts',(82.5740649120678,2.04084005181965,0.8));
#18937=CARTESIAN_POINT('Ctrl Pts',(82.4112721829632,2.30987259533293,0.8));
#18938=CARTESIAN_POINT('Ctrl Pts',(82.3625841516946,2.62139136218647,0.8));
#18939=CARTESIAN_POINT('Ctrl Pts',(82.335607111454,2.79399752616882,0.8));
#18940=CARTESIAN_POINT('',(82.6466575264931,1.92087292671204,0.));
#18941=CARTESIAN_POINT('Ctrl Pts',(83.7380626797676,1.43519759178162,0.));
#18942=CARTESIAN_POINT('Ctrl Pts',(83.7380626797676,1.43519759178162,0.8));
#18943=CARTESIAN_POINT('Ctrl Pts',(83.5180546726567,1.451974282418,0.));
#18944=CARTESIAN_POINT('Ctrl Pts',(83.5180546726567,1.451974282418,0.8));
#18945=CARTESIAN_POINT('Ctrl Pts',(83.0950482168633,1.48423060135488,0.));
#18946=CARTESIAN_POINT('Ctrl Pts',(83.0950482168633,1.48423060135488,0.8));
#18947=CARTESIAN_POINT('Ctrl Pts',(82.7920599249376,1.77928024262466,0.));
#18948=CARTESIAN_POINT('Ctrl Pts',(82.7920599249376,1.77928024262466,0.8));
#18949=CARTESIAN_POINT('Ctrl Pts',(82.6466575264931,1.92087292671204,0.));
#18950=CARTESIAN_POINT('Ctrl Pts',(82.6466575264931,1.92087292671204,0.8));
#18951=CARTESIAN_POINT('',(83.7380626797676,1.43519759178162,0.));
#18952=CARTESIAN_POINT('Ctrl Pts',(82.6466575264931,1.92087292671204,0.));
#18953=CARTESIAN_POINT('Ctrl Pts',(82.7920599249376,1.77928024262466,0.));
#18954=CARTESIAN_POINT('Ctrl Pts',(83.0950482168633,1.48423060135488,0.));
#18955=CARTESIAN_POINT('Ctrl Pts',(83.5180546726567,1.451974282418,0.));
#18956=CARTESIAN_POINT('Ctrl Pts',(83.7380626797676,1.43519759178162,0.));
#18957=CARTESIAN_POINT('',(83.7380626797676,1.43519759178162,0.8));
#18958=CARTESIAN_POINT('Ctrl Pts',(83.7380626797676,1.43519759178162,0.8));
#18959=CARTESIAN_POINT('Ctrl Pts',(83.5180546726567,1.451974282418,0.8));
#18960=CARTESIAN_POINT('Ctrl Pts',(83.0950482168633,1.48423060135488,0.8));
#18961=CARTESIAN_POINT('Ctrl Pts',(82.7920599249376,1.77928024262466,0.8));
#18962=CARTESIAN_POINT('Ctrl Pts',(82.6466575264931,1.92087292671204,0.8));
#18963=CARTESIAN_POINT('',(83.7380626797676,1.43519759178162,0.));
#18964=CARTESIAN_POINT('Ctrl Pts',(84.5538881421089,1.68349266052246,0.));
#18965=CARTESIAN_POINT('Ctrl Pts',(84.5538881421089,1.68349266052246,0.8));
#18966=CARTESIAN_POINT('Ctrl Pts',(84.4414400253275,1.61122962237136,0.));
#18967=CARTESIAN_POINT('Ctrl Pts',(84.4414400253275,1.61122962237136,0.8));
#18968=CARTESIAN_POINT('Ctrl Pts',(84.1940751136415,1.4522643985682,0.));
#18969=CARTESIAN_POINT('Ctrl Pts',(84.1940751136415,1.4522643985682,0.8));
#18970=CARTESIAN_POINT('Ctrl Pts',(83.8990008961515,1.44122089562066,0.));
#18971=CARTESIAN_POINT('Ctrl Pts',(83.8990008961515,1.44122089562066,0.8));
#18972=CARTESIAN_POINT('Ctrl Pts',(83.7380626797676,1.43519759178162,0.));
#18973=CARTESIAN_POINT('Ctrl Pts',(83.7380626797676,1.43519759178162,0.8));
#18974=CARTESIAN_POINT('',(84.5538881421089,1.68349266052246,0.));
#18975=CARTESIAN_POINT('Ctrl Pts',(83.7380626797676,1.43519759178162,0.));
#18976=CARTESIAN_POINT('Ctrl Pts',(83.8990008961515,1.44122089562066,0.));
#18977=CARTESIAN_POINT('Ctrl Pts',(84.1940751136415,1.4522643985682,0.));
#18978=CARTESIAN_POINT('Ctrl Pts',(84.4414400253275,1.61122962237136,0.));
#18979=CARTESIAN_POINT('Ctrl Pts',(84.5538881421089,1.68349266052246,0.));
#18980=CARTESIAN_POINT('',(84.5538881421089,1.68349266052246,0.8));
#18981=CARTESIAN_POINT('Ctrl Pts',(84.5538881421089,1.68349266052246,0.8));
#18982=CARTESIAN_POINT('Ctrl Pts',(84.4414400253275,1.61122962237136,0.8));
#18983=CARTESIAN_POINT('Ctrl Pts',(84.1940751136415,1.4522643985682,0.8));
#18984=CARTESIAN_POINT('Ctrl Pts',(83.8990008961515,1.44122089562066,0.8));
#18985=CARTESIAN_POINT('Ctrl Pts',(83.7380626797676,1.43519759178162,0.8));
#18986=CARTESIAN_POINT('',(84.5538881421089,1.68349266052246,0.));
#18987=CARTESIAN_POINT('Ctrl Pts',(84.840382039547,2.25920915603638,0.));
#18988=CARTESIAN_POINT('Ctrl Pts',(84.840382039547,2.25920915603638,0.8));
#18989=CARTESIAN_POINT('Ctrl Pts',(84.8265609160774,2.15177845060038,0.));
#18990=CARTESIAN_POINT('Ctrl Pts',(84.8265609160774,2.15177845060038,0.8));
#18991=CARTESIAN_POINT('Ctrl Pts',(84.7977069791227,1.92749865102448,0.));
#18992=CARTESIAN_POINT('Ctrl Pts',(84.7977069791227,1.92749865102448,0.8));
#18993=CARTESIAN_POINT('Ctrl Pts',(84.6374049909134,1.76707361622604,0.));
#18994=CARTESIAN_POINT('Ctrl Pts',(84.6374049909134,1.76707361622604,0.8));
#18995=CARTESIAN_POINT('Ctrl Pts',(84.5538881421089,1.68349266052246,0.));
#18996=CARTESIAN_POINT('Ctrl Pts',(84.5538881421089,1.68349266052246,0.8));
#18997=CARTESIAN_POINT('',(84.840382039547,2.25920915603638,0.));
#18998=CARTESIAN_POINT('Ctrl Pts',(84.5538881421089,1.68349266052246,0.));
#18999=CARTESIAN_POINT('Ctrl Pts',(84.6374049909134,1.76707361622604,0.));
#19000=CARTESIAN_POINT('Ctrl Pts',(84.7977069791227,1.92749865102448,0.));
#19001=CARTESIAN_POINT('Ctrl Pts',(84.8265609160774,2.15177845060038,0.));
#19002=CARTESIAN_POINT('Ctrl Pts',(84.840382039547,2.25920915603638,0.));
#19003=CARTESIAN_POINT('',(84.840382039547,2.25920915603638,0.8));
#19004=CARTESIAN_POINT('Ctrl Pts',(84.840382039547,2.25920915603638,0.8));
#19005=CARTESIAN_POINT('Ctrl Pts',(84.8265609160774,2.15177845060038,0.8));
#19006=CARTESIAN_POINT('Ctrl Pts',(84.7977069791227,1.92749865102448,0.8));
#19007=CARTESIAN_POINT('Ctrl Pts',(84.6374049909134,1.76707361622604,0.8));
#19008=CARTESIAN_POINT('Ctrl Pts',(84.5538881421089,1.68349266052246,0.8));
#19009=CARTESIAN_POINT('',(84.840382039547,2.25920915603638,0.));
#19010=CARTESIAN_POINT('Ctrl Pts',(84.5675304532051,2.81582534313202,0.));
#19011=CARTESIAN_POINT('Ctrl Pts',(84.5675304532051,2.81582534313202,0.8));
#19012=CARTESIAN_POINT('Ctrl Pts',(84.6470589166219,2.73391430534466,0.));
#19013=CARTESIAN_POINT('Ctrl Pts',(84.6470589166219,2.73391430534466,0.8));
#19014=CARTESIAN_POINT('Ctrl Pts',(84.7989559703184,2.57746660384793,0.));
#19015=CARTESIAN_POINT('Ctrl Pts',(84.7989559703184,2.57746660384793,0.8));
#19016=CARTESIAN_POINT('Ctrl Pts',(84.8270142040741,2.36190809126243,0.));
#19017=CARTESIAN_POINT('Ctrl Pts',(84.8270142040741,2.36190809126243,0.8));
#19018=CARTESIAN_POINT('Ctrl Pts',(84.840382039547,2.25920915603638,0.));
#19019=CARTESIAN_POINT('Ctrl Pts',(84.840382039547,2.25920915603638,0.8));
#19020=CARTESIAN_POINT('',(84.5675304532051,2.81582534313202,0.));
#19021=CARTESIAN_POINT('Ctrl Pts',(84.840382039547,2.25920915603638,0.));
#19022=CARTESIAN_POINT('Ctrl Pts',(84.8270142040741,2.36190809126243,0.));
#19023=CARTESIAN_POINT('Ctrl Pts',(84.7989559703184,2.57746660384793,0.));
#19024=CARTESIAN_POINT('Ctrl Pts',(84.6470589166219,2.73391430534466,0.));
#19025=CARTESIAN_POINT('Ctrl Pts',(84.5675304532051,2.81582534313202,0.));
#19026=CARTESIAN_POINT('',(84.5675304532051,2.81582534313202,0.8));
#19027=CARTESIAN_POINT('Ctrl Pts',(84.5675304532051,2.81582534313202,0.8));
#19028=CARTESIAN_POINT('Ctrl Pts',(84.6470589166219,2.73391430534466,0.8));
#19029=CARTESIAN_POINT('Ctrl Pts',(84.7989559703184,2.57746660384793,0.8));
#19030=CARTESIAN_POINT('Ctrl Pts',(84.8270142040741,2.36190809126243,0.8));
#19031=CARTESIAN_POINT('Ctrl Pts',(84.840382039547,2.25920915603638,0.8));
#19032=CARTESIAN_POINT('',(84.5675304532051,2.81582534313202,0.));
#19033=CARTESIAN_POINT('Ctrl Pts',(83.3015003800392,3.2796722650528,0.));
#19034=CARTESIAN_POINT('Ctrl Pts',(83.3015003800392,3.2796722650528,0.8));
#19035=CARTESIAN_POINT('Ctrl Pts',(83.5794563537168,3.22209469919804,0.));
#19036=CARTESIAN_POINT('Ctrl Pts',(83.5794563537168,3.22209469919804,0.8));
#19037=CARTESIAN_POINT('Ctrl Pts',(84.0260949591015,3.1295751416056,0.));
#19038=CARTESIAN_POINT('Ctrl Pts',(84.0260949591015,3.1295751416056,0.8));
#19039=CARTESIAN_POINT('Ctrl Pts',(84.4191026750957,2.90183593160815,0.));
#19040=CARTESIAN_POINT('Ctrl Pts',(84.4191026750957,2.90183593160815,0.8));
#19041=CARTESIAN_POINT('Ctrl Pts',(84.5675304532051,2.81582534313202,0.));
#19042=CARTESIAN_POINT('Ctrl Pts',(84.5675304532051,2.81582534313202,0.8));
#19043=CARTESIAN_POINT('',(83.3015003800392,3.2796722650528,0.));
#19044=CARTESIAN_POINT('Ctrl Pts',(84.5675304532051,2.81582534313202,0.));
#19045=CARTESIAN_POINT('Ctrl Pts',(84.4191026750957,2.90183593160815,0.));
#19046=CARTESIAN_POINT('Ctrl Pts',(84.0260949591015,3.1295751416056,0.));
#19047=CARTESIAN_POINT('Ctrl Pts',(83.5794563537168,3.22209469919804,0.));
#19048=CARTESIAN_POINT('Ctrl Pts',(83.3015003800392,3.2796722650528,0.));
#19049=CARTESIAN_POINT('',(83.3015003800392,3.2796722650528,0.8));
#19050=CARTESIAN_POINT('Ctrl Pts',(83.3015003800392,3.2796722650528,0.8));
#19051=CARTESIAN_POINT('Ctrl Pts',(83.5794563537168,3.22209469919804,0.8));
#19052=CARTESIAN_POINT('Ctrl Pts',(84.0260949591015,3.1295751416056,0.8));
#19053=CARTESIAN_POINT('Ctrl Pts',(84.4191026750957,2.90183593160815,0.8));
#19054=CARTESIAN_POINT('Ctrl Pts',(84.5675304532051,2.81582534313202,0.8));
#19055=CARTESIAN_POINT('',(83.3015003800392,3.2796722650528,0.));
#19056=CARTESIAN_POINT('Ctrl Pts',(80.9822645783424,4.25102293491364,0.));
#19057=CARTESIAN_POINT('Ctrl Pts',(80.9822645783424,4.25102293491364,0.8));
#19058=CARTESIAN_POINT('Ctrl Pts',(81.2838321638666,4.05273605443298,0.));
#19059=CARTESIAN_POINT('Ctrl Pts',(81.2838321638666,4.05273605443298,0.8));
#19060=CARTESIAN_POINT('Ctrl Pts',(81.9939410599319,3.58582487245824,0.));
#19061=CARTESIAN_POINT('Ctrl Pts',(81.9939410599319,3.58582487245824,0.8));
#19062=CARTESIAN_POINT('Ctrl Pts',(82.8239677294464,3.39148200389372,0.));
#19063=CARTESIAN_POINT('Ctrl Pts',(82.8239677294464,3.39148200389372,0.8));
#19064=CARTESIAN_POINT('Ctrl Pts',(83.3015003800392,3.2796722650528,0.));
#19065=CARTESIAN_POINT('Ctrl Pts',(83.3015003800392,3.2796722650528,0.8));
#19066=CARTESIAN_POINT('',(80.9822645783424,4.25102293491364,0.));
#19067=CARTESIAN_POINT('Ctrl Pts',(83.3015003800392,3.2796722650528,0.));
#19068=CARTESIAN_POINT('Ctrl Pts',(82.8239677294464,3.39148200389372,0.));
#19069=CARTESIAN_POINT('Ctrl Pts',(81.9939410599319,3.58582487245824,0.));
#19070=CARTESIAN_POINT('Ctrl Pts',(81.2838321638666,4.05273605443298,0.));
#19071=CARTESIAN_POINT('Ctrl Pts',(80.9822645783424,4.25102293491364,0.));
#19072=CARTESIAN_POINT('',(80.9822645783424,4.25102293491364,0.8));
#19073=CARTESIAN_POINT('Ctrl Pts',(80.9822645783424,4.25102293491364,0.8));
#19074=CARTESIAN_POINT('Ctrl Pts',(81.2838321638666,4.05273605443298,0.8));
#19075=CARTESIAN_POINT('Ctrl Pts',(81.9939410599319,3.58582487245824,0.8));
#19076=CARTESIAN_POINT('Ctrl Pts',(82.8239677294464,3.39148200389372,0.8));
#19077=CARTESIAN_POINT('Ctrl Pts',(83.3015003800392,3.2796722650528,0.8));
#19078=CARTESIAN_POINT('',(80.9822645783424,4.25102293491364,0.));
#19079=CARTESIAN_POINT('Ctrl Pts',(80.283765271306,5.79536139965057,0.));
#19080=CARTESIAN_POINT('Ctrl Pts',(80.283765271306,5.79536139965057,0.8));
#19081=CARTESIAN_POINT('Ctrl Pts',(80.3123620204352,5.49680340103949,0.));
#19082=CARTESIAN_POINT('Ctrl Pts',(80.3123620204352,5.49680340103949,0.8));
#19083=CARTESIAN_POINT('Ctrl Pts',(80.3693089439635,4.90226171244094,0.));
#19084=CARTESIAN_POINT('Ctrl Pts',(80.3693089439635,4.90226171244094,0.8));
#19085=CARTESIAN_POINT('Ctrl Pts',(80.7785366725189,4.46747499913388,0.));
#19086=CARTESIAN_POINT('Ctrl Pts',(80.7785366725189,4.46747499913388,0.8));
#19087=CARTESIAN_POINT('Ctrl Pts',(80.9822645783424,4.25102293491364,0.));
#19088=CARTESIAN_POINT('Ctrl Pts',(80.9822645783424,4.25102293491364,0.8));
#19089=CARTESIAN_POINT('',(80.283765271306,5.79536139965057,0.));
#19090=CARTESIAN_POINT('Ctrl Pts',(80.9822645783424,4.25102293491364,0.));
#19091=CARTESIAN_POINT('Ctrl Pts',(80.7785366725189,4.46747499913388,0.));
#19092=CARTESIAN_POINT('Ctrl Pts',(80.3693089439635,4.90226171244094,0.));
#19093=CARTESIAN_POINT('Ctrl Pts',(80.3123620204352,5.49680340103949,0.));
#19094=CARTESIAN_POINT('Ctrl Pts',(80.283765271306,5.79536139965057,0.));
#19095=CARTESIAN_POINT('',(80.283765271306,5.79536139965057,0.8));
#19096=CARTESIAN_POINT('Ctrl Pts',(80.283765271306,5.79536139965057,0.8));
#19097=CARTESIAN_POINT('Ctrl Pts',(80.3123620204352,5.49680340103949,0.8));
#19098=CARTESIAN_POINT('Ctrl Pts',(80.3693089439635,4.90226171244094,0.8));
#19099=CARTESIAN_POINT('Ctrl Pts',(80.7785366725189,4.46747499913388,0.8));
#19100=CARTESIAN_POINT('Ctrl Pts',(80.9822645783424,4.25102293491364,0.8));
#19101=CARTESIAN_POINT('',(80.283765271306,5.79536139965057,0.));
#19102=CARTESIAN_POINT('Ctrl Pts',(80.6412004679441,6.9604367017746,0.));
#19103=CARTESIAN_POINT('Ctrl Pts',(80.6412004679441,6.9604367017746,0.8));
#19104=CARTESIAN_POINT('Ctrl Pts',(80.5369562117586,6.77647028842635,0.));
#19105=CARTESIAN_POINT('Ctrl Pts',(80.5369562117586,6.77647028842635,0.8));
#19106=CARTESIAN_POINT('Ctrl Pts',(80.331731909519,6.41429801921526,0.));
#19107=CARTESIAN_POINT('Ctrl Pts',(80.331731909519,6.41429801921526,0.8));
#19108=CARTESIAN_POINT('Ctrl Pts',(80.2995837055079,5.99947426968818,0.));
#19109=CARTESIAN_POINT('Ctrl Pts',(80.2995837055079,5.99947426968818,0.8));
#19110=CARTESIAN_POINT('Ctrl Pts',(80.283765271306,5.79536139965057,0.));
#19111=CARTESIAN_POINT('Ctrl Pts',(80.283765271306,5.79536139965057,0.8));
#19112=CARTESIAN_POINT('',(80.6412004679441,6.9604367017746,0.));
#19113=CARTESIAN_POINT('Ctrl Pts',(80.283765271306,5.79536139965057,0.));
#19114=CARTESIAN_POINT('Ctrl Pts',(80.2995837055079,5.99947426968818,0.));
#19115=CARTESIAN_POINT('Ctrl Pts',(80.331731909519,6.41429801921526,0.));
#19116=CARTESIAN_POINT('Ctrl Pts',(80.5369562117586,6.77647028842635,0.));
#19117=CARTESIAN_POINT('Ctrl Pts',(80.6412004679441,6.9604367017746,0.));
#19118=CARTESIAN_POINT('',(80.6412004679441,6.9604367017746,0.8));
#19119=CARTESIAN_POINT('Ctrl Pts',(80.6412004679441,6.9604367017746,0.8));
#19120=CARTESIAN_POINT('Ctrl Pts',(80.5369562117586,6.77647028842635,0.8));
#19121=CARTESIAN_POINT('Ctrl Pts',(80.331731909519,6.41429801921526,0.8));
#19122=CARTESIAN_POINT('Ctrl Pts',(80.2995837055079,5.99947426968818,0.8));
#19123=CARTESIAN_POINT('Ctrl Pts',(80.283765271306,5.79536139965057,0.8));
#19124=CARTESIAN_POINT('',(80.6412004679441,6.9604367017746,0.));
#19125=CARTESIAN_POINT('Ctrl Pts',(81.7162345349789,7.82264649868011,0.));
#19126=CARTESIAN_POINT('Ctrl Pts',(81.7162345349789,7.82264649868011,0.8));
#19127=CARTESIAN_POINT('Ctrl Pts',(81.4952340511892,7.71301850219546,0.));
#19128=CARTESIAN_POINT('Ctrl Pts',(81.4952340511892,7.71301850219546,0.8));
#19129=CARTESIAN_POINT('Ctrl Pts',(81.0733260984947,7.50372971349368,0.));
#19130=CARTESIAN_POINT('Ctrl Pts',(81.0733260984947,7.50372971349368,0.8));
#19131=CARTESIAN_POINT('Ctrl Pts',(80.780595325027,7.13569187380917,0.));
#19132=CARTESIAN_POINT('Ctrl Pts',(80.780595325027,7.13569187380917,0.8));
#19133=CARTESIAN_POINT('Ctrl Pts',(80.6412004679441,6.9604367017746,0.));
#19134=CARTESIAN_POINT('Ctrl Pts',(80.6412004679441,6.9604367017746,0.8));
#19135=CARTESIAN_POINT('',(81.7162345349789,7.82264649868011,0.));
#19136=CARTESIAN_POINT('Ctrl Pts',(80.6412004679441,6.9604367017746,0.));
#19137=CARTESIAN_POINT('Ctrl Pts',(80.780595325027,7.13569187380917,0.));
#19138=CARTESIAN_POINT('Ctrl Pts',(81.0733260984947,7.50372971349368,0.));
#19139=CARTESIAN_POINT('Ctrl Pts',(81.4952340511892,7.71301850219546,0.));
#19140=CARTESIAN_POINT('Ctrl Pts',(81.7162345349789,7.82264649868011,0.));
#19141=CARTESIAN_POINT('',(81.7162345349789,7.82264649868011,0.8));
#19142=CARTESIAN_POINT('Ctrl Pts',(81.7162345349789,7.82264649868011,0.8));
#19143=CARTESIAN_POINT('Ctrl Pts',(81.4952340511892,7.71301850219546,0.8));
#19144=CARTESIAN_POINT('Ctrl Pts',(81.0733260984947,7.50372971349368,0.8));
#19145=CARTESIAN_POINT('Ctrl Pts',(80.780595325027,7.13569187380917,0.8));
#19146=CARTESIAN_POINT('Ctrl Pts',(80.6412004679441,6.9604367017746,0.8));
#19147=CARTESIAN_POINT('',(81.7162345349789,7.82264649868011,0.));
#19148=CARTESIAN_POINT('Ctrl Pts',(83.6834922432899,8.13642561435699,0.));
#19149=CARTESIAN_POINT('Ctrl Pts',(83.6834922432899,8.13642561435699,0.8));
#19150=CARTESIAN_POINT('Ctrl Pts',(83.3077571778892,8.1307829634713,0.));
#19151=CARTESIAN_POINT('Ctrl Pts',(83.3077571778892,8.1307829634713,0.8));
#19152=CARTESIAN_POINT('Ctrl Pts',(82.6357804455004,8.12069146429185,0.));
#19153=CARTESIAN_POINT('Ctrl Pts',(82.6357804455004,8.12069146429185,0.8));
#19154=CARTESIAN_POINT('Ctrl Pts',(81.9975840874975,7.91383804958128,0.));
#19155=CARTESIAN_POINT('Ctrl Pts',(81.9975840874975,7.91383804958128,0.8));
#19156=CARTESIAN_POINT('Ctrl Pts',(81.7162345349789,7.82264649868011,0.));
#19157=CARTESIAN_POINT('Ctrl Pts',(81.7162345349789,7.82264649868011,0.8));
#19158=CARTESIAN_POINT('',(83.6834922432899,8.13642561435699,0.));
#19159=CARTESIAN_POINT('Ctrl Pts',(81.7162345349789,7.82264649868011,0.));
#19160=CARTESIAN_POINT('Ctrl Pts',(81.9975840874975,7.91383804958128,0.));
#19161=CARTESIAN_POINT('Ctrl Pts',(82.6357804455004,8.12069146429185,0.));
#19162=CARTESIAN_POINT('Ctrl Pts',(83.3077571778892,8.1307829634713,0.));
#19163=CARTESIAN_POINT('Ctrl Pts',(83.6834922432899,8.13642561435699,0.));
#19164=CARTESIAN_POINT('',(83.6834922432899,8.13642561435699,0.8));
#19165=CARTESIAN_POINT('Ctrl Pts',(83.6834922432899,8.13642561435699,0.8));
#19166=CARTESIAN_POINT('Ctrl Pts',(83.3077571778892,8.1307829634713,0.8));
#19167=CARTESIAN_POINT('Ctrl Pts',(82.6357804455004,8.12069146429185,0.8));
#19168=CARTESIAN_POINT('Ctrl Pts',(81.9975840874975,7.91383804958128,0.8));
#19169=CARTESIAN_POINT('Ctrl Pts',(81.7162345349789,7.82264649868011,0.8));
#19170=CARTESIAN_POINT('',(83.6834922432899,8.13642561435699,0.));
#19171=CARTESIAN_POINT('Ctrl Pts',(86.0218277573586,7.56616652011871,0.));
#19172=CARTESIAN_POINT('Ctrl Pts',(86.0218277573586,7.56616652011871,0.8));
#19173=CARTESIAN_POINT('Ctrl Pts',(85.6989078590074,7.7319165117573,0.));
#19174=CARTESIAN_POINT('Ctrl Pts',(85.6989078590074,7.7319165117573,0.8));
#19175=CARTESIAN_POINT('Ctrl Pts',(84.9680911820476,8.1070338665996,0.));
#19176=CARTESIAN_POINT('Ctrl Pts',(84.9680911820476,8.1070338665996,0.8));
#19177=CARTESIAN_POINT('Ctrl Pts',(84.1436464342859,8.12589724203533,0.));
#19178=CARTESIAN_POINT('Ctrl Pts',(84.1436464342859,8.12589724203533,0.8));
#19179=CARTESIAN_POINT('Ctrl Pts',(83.6834922432899,8.13642561435699,0.));
#19180=CARTESIAN_POINT('Ctrl Pts',(83.6834922432899,8.13642561435699,0.8));
#19181=CARTESIAN_POINT('',(86.0218277573586,7.56616652011871,0.));
#19182=CARTESIAN_POINT('Ctrl Pts',(83.6834922432899,8.13642561435699,0.));
#19183=CARTESIAN_POINT('Ctrl Pts',(84.1436464342859,8.12589724203533,0.));
#19184=CARTESIAN_POINT('Ctrl Pts',(84.9680911820476,8.1070338665996,0.));
#19185=CARTESIAN_POINT('Ctrl Pts',(85.6989078590074,7.7319165117573,0.));
#19186=CARTESIAN_POINT('Ctrl Pts',(86.0218277573586,7.56616652011871,0.));
#19187=CARTESIAN_POINT('',(86.0218277573586,7.56616652011871,0.8));
#19188=CARTESIAN_POINT('Ctrl Pts',(86.0218277573586,7.56616652011871,0.8));
#19189=CARTESIAN_POINT('Ctrl Pts',(85.6989078590074,7.7319165117573,0.8));
#19190=CARTESIAN_POINT('Ctrl Pts',(84.9680911820476,8.1070338665996,0.8));
#19191=CARTESIAN_POINT('Ctrl Pts',(84.1436464342859,8.12589724203533,0.8));
#19192=CARTESIAN_POINT('Ctrl Pts',(83.6834922432899,8.13642561435699,0.8));
#19193=CARTESIAN_POINT('',(86.0218277573586,7.56616652011871,0.));
#19194=CARTESIAN_POINT('Ctrl Pts',(86.9795355200768,5.75170516967773,0.));
#19195=CARTESIAN_POINT('Ctrl Pts',(86.9795355200768,5.75170516967773,0.8));
#19196=CARTESIAN_POINT('Ctrl Pts',(86.9115907863153,6.13069348669711,0.));
#19197=CARTESIAN_POINT('Ctrl Pts',(86.9115907863153,6.13069348669711,0.8));
#19198=CARTESIAN_POINT('Ctrl Pts',(86.7843356307051,6.84050887027096,0.));
#19199=CARTESIAN_POINT('Ctrl Pts',(86.7843356307051,6.84050887027096,0.8));
#19200=CARTESIAN_POINT('Ctrl Pts',(86.2642340160431,7.33547518940052,0.));
#19201=CARTESIAN_POINT('Ctrl Pts',(86.2642340160431,7.33547518940052,0.8));
#19202=CARTESIAN_POINT('Ctrl Pts',(86.0218277573586,7.56616652011871,0.));
#19203=CARTESIAN_POINT('Ctrl Pts',(86.0218277573586,7.56616652011871,0.8));
#19204=CARTESIAN_POINT('',(86.9795355200768,5.75170516967773,0.));
#19205=CARTESIAN_POINT('Ctrl Pts',(86.0218277573586,7.56616652011871,0.));
#19206=CARTESIAN_POINT('Ctrl Pts',(86.2642340160431,7.33547518940052,0.));
#19207=CARTESIAN_POINT('Ctrl Pts',(86.7843356307051,6.84050887027096,0.));
#19208=CARTESIAN_POINT('Ctrl Pts',(86.9115907863153,6.13069348669711,0.));
#19209=CARTESIAN_POINT('Ctrl Pts',(86.9795355200768,5.75170516967773,0.));
#19210=CARTESIAN_POINT('',(86.9795355200768,5.75170516967773,0.8));
#19211=CARTESIAN_POINT('Ctrl Pts',(86.9795355200768,5.75170516967773,0.8));
#19212=CARTESIAN_POINT('Ctrl Pts',(86.9115907863153,6.13069348669711,0.8));
#19213=CARTESIAN_POINT('Ctrl Pts',(86.7843356307051,6.84050887027096,0.8));
#19214=CARTESIAN_POINT('Ctrl Pts',(86.2642340160431,7.33547518940052,0.8));
#19215=CARTESIAN_POINT('Ctrl Pts',(86.0218277573586,7.56616652011871,0.8));
#19216=CARTESIAN_POINT('',(86.9795355200768,5.75170516967773,0.));
#19217=CARTESIAN_POINT('Origin',(84.6493861079216,5.61527967453003,0.));
#19218=CARTESIAN_POINT('',(84.6493861079216,5.61527967453003,0.));
#19219=CARTESIAN_POINT('',(86.9795355200768,5.75170516967773,0.));
#19220=CARTESIAN_POINT('',(84.6493861079216,5.61527967453003,0.8));
#19221=CARTESIAN_POINT('',(86.9795355200768,5.75170516967773,0.8));
#19222=CARTESIAN_POINT('',(84.6493861079216,5.61527967453003,0.));
#19223=CARTESIAN_POINT('Ctrl Pts',(84.2592087388039,6.40109121799469,0.));
#19224=CARTESIAN_POINT('Ctrl Pts',(84.2592087388039,6.40109121799469,0.8));
#19225=CARTESIAN_POINT('Ctrl Pts',(84.3508949419519,6.2996560717245,0.));
#19226=CARTESIAN_POINT('Ctrl Pts',(84.3508949419519,6.2996560717245,0.8));
#19227=CARTESIAN_POINT('Ctrl Pts',(84.553619133963,6.07537632882839,0.));
#19228=CARTESIAN_POINT('Ctrl Pts',(84.553619133963,6.07537632882839,0.8));
#19229=CARTESIAN_POINT('Ctrl Pts',(84.615494922699,5.77810429231409,0.));
#19230=CARTESIAN_POINT('Ctrl Pts',(84.615494922699,5.77810429231409,0.8));
#19231=CARTESIAN_POINT('Ctrl Pts',(84.6493861079216,5.61527967453003,0.));
#19232=CARTESIAN_POINT('Ctrl Pts',(84.6493861079216,5.61527967453003,0.8));
#19233=CARTESIAN_POINT('',(84.2592087388039,6.40109121799469,0.));
#19234=CARTESIAN_POINT('Ctrl Pts',(84.6493861079216,5.61527967453003,0.));
#19235=CARTESIAN_POINT('Ctrl Pts',(84.615494922699,5.77810429231409,0.));
#19236=CARTESIAN_POINT('Ctrl Pts',(84.553619133963,6.07537632882839,0.));
#19237=CARTESIAN_POINT('Ctrl Pts',(84.3508949419519,6.2996560717245,0.));
#19238=CARTESIAN_POINT('Ctrl Pts',(84.2592087388039,6.40109121799469,0.));
#19239=CARTESIAN_POINT('',(84.2592087388039,6.40109121799469,0.8));
#19240=CARTESIAN_POINT('Ctrl Pts',(84.2592087388039,6.40109121799469,0.8));
#19241=CARTESIAN_POINT('Ctrl Pts',(84.3508949419519,6.2996560717245,0.8));
#19242=CARTESIAN_POINT('Ctrl Pts',(84.553619133963,6.07537632882839,0.8));
#19243=CARTESIAN_POINT('Ctrl Pts',(84.615494922699,5.77810429231409,0.8));
#19244=CARTESIAN_POINT('Ctrl Pts',(84.6493861079216,5.61527967453003,0.8));
#19245=CARTESIAN_POINT('',(84.2592087388039,6.40109121799469,0.));
#19246=CARTESIAN_POINT('Ctrl Pts',(83.4379264712334,6.64665758609772,0.));
#19247=CARTESIAN_POINT('Ctrl Pts',(83.4379264712334,6.64665758609772,0.8));
#19248=CARTESIAN_POINT('Ctrl Pts',(83.5981169157165,6.64028198045104,0.));
#19249=CARTESIAN_POINT('Ctrl Pts',(83.5981169157165,6.64028198045104,0.8));
#19250=CARTESIAN_POINT('Ctrl Pts',(83.893953928834,6.62850761939341,0.));
#19251=CARTESIAN_POINT('Ctrl Pts',(83.893953928834,6.62850761939341,0.8));
#19252=CARTESIAN_POINT('Ctrl Pts',(84.1443826741632,6.47258467870916,0.));
#19253=CARTESIAN_POINT('Ctrl Pts',(84.1443826741632,6.47258467870916,0.8));
#19254=CARTESIAN_POINT('Ctrl Pts',(84.2592087388039,6.40109121799469,0.));
#19255=CARTESIAN_POINT('Ctrl Pts',(84.2592087388039,6.40109121799469,0.8));
#19256=CARTESIAN_POINT('',(83.4379264712334,6.64665758609772,0.));
#19257=CARTESIAN_POINT('Ctrl Pts',(84.2592087388039,6.40109121799469,0.));
#19258=CARTESIAN_POINT('Ctrl Pts',(84.1443826741632,6.47258467870916,0.));
#19259=CARTESIAN_POINT('Ctrl Pts',(83.893953928834,6.62850761939341,0.));
#19260=CARTESIAN_POINT('Ctrl Pts',(83.5981169157165,6.64028198045104,0.));
#19261=CARTESIAN_POINT('Ctrl Pts',(83.4379264712334,6.64665758609772,0.));
#19262=CARTESIAN_POINT('',(83.4379264712334,6.64665758609772,0.8));
#19263=CARTESIAN_POINT('Ctrl Pts',(83.4379264712334,6.64665758609772,0.8));
#19264=CARTESIAN_POINT('Ctrl Pts',(83.5981169157165,6.64028198045104,0.8));
#19265=CARTESIAN_POINT('Ctrl Pts',(83.893953928834,6.62850761939341,0.8));
#19266=CARTESIAN_POINT('Ctrl Pts',(84.1443826741632,6.47258467870916,0.8));
#19267=CARTESIAN_POINT('Ctrl Pts',(84.2592087388039,6.40109121799469,0.8));
#19268=CARTESIAN_POINT('',(83.4379264712334,6.64665758609772,0.));
#19269=CARTESIAN_POINT('Ctrl Pts',(82.78853982687,6.46384716033936,0.));
#19270=CARTESIAN_POINT('Ctrl Pts',(82.78853982687,6.46384716033936,0.8));
#19271=CARTESIAN_POINT('Ctrl Pts',(82.8767810380451,6.51699588993043,0.));
#19272=CARTESIAN_POINT('Ctrl Pts',(82.8767810380451,6.51699588993043,0.8));
#19273=CARTESIAN_POINT('Ctrl Pts',(83.0754607796073,6.63666305812634,0.));
#19274=CARTESIAN_POINT('Ctrl Pts',(83.0754607796073,6.63666305812634,0.8));
#19275=CARTESIAN_POINT('Ctrl Pts',(83.3084285349047,6.64308684608901,0.));
#19276=CARTESIAN_POINT('Ctrl Pts',(83.3084285349047,6.64308684608901,0.8));
#19277=CARTESIAN_POINT('Ctrl Pts',(83.4379264712334,6.64665758609772,0.));
#19278=CARTESIAN_POINT('Ctrl Pts',(83.4379264712334,6.64665758609772,0.8));
#19279=CARTESIAN_POINT('',(82.78853982687,6.46384716033936,0.));
#19280=CARTESIAN_POINT('Ctrl Pts',(83.4379264712334,6.64665758609772,0.));
#19281=CARTESIAN_POINT('Ctrl Pts',(83.3084285349047,6.64308684608901,0.));
#19282=CARTESIAN_POINT('Ctrl Pts',(83.0754607796073,6.63666305812634,0.));
#19283=CARTESIAN_POINT('Ctrl Pts',(82.8767810380451,6.51699588993043,0.));
#19284=CARTESIAN_POINT('Ctrl Pts',(82.78853982687,6.46384716033936,0.));
#19285=CARTESIAN_POINT('',(82.78853982687,6.46384716033936,0.8));
#19286=CARTESIAN_POINT('Ctrl Pts',(82.78853982687,6.46384716033936,0.8));
#19287=CARTESIAN_POINT('Ctrl Pts',(82.8767810380451,6.51699588993043,0.8));
#19288=CARTESIAN_POINT('Ctrl Pts',(83.0754607796073,6.63666305812634,0.8));
#19289=CARTESIAN_POINT('Ctrl Pts',(83.3084285349047,6.64308684608901,0.8));
#19290=CARTESIAN_POINT('Ctrl Pts',(83.4379264712334,6.64665758609772,0.8));
#19291=CARTESIAN_POINT('',(82.78853982687,6.46384716033936,0.));
#19292=CARTESIAN_POINT('Ctrl Pts',(82.5702592730522,6.01909935474396,0.));
#19293=CARTESIAN_POINT('Ctrl Pts',(82.5702592730522,6.01909935474396,0.8));
#19294=CARTESIAN_POINT('Ctrl Pts',(82.5801989098032,6.10380995360971,0.));
#19295=CARTESIAN_POINT('Ctrl Pts',(82.5801989098032,6.10380995360971,0.8));
#19296=CARTESIAN_POINT('Ctrl Pts',(82.6005683664506,6.27740873939895,0.));
#19297=CARTESIAN_POINT('Ctrl Pts',(82.6005683664506,6.27740873939895,0.8));
#19298=CARTESIAN_POINT('Ctrl Pts',(82.7248854590461,6.40071193865958,0.));
#19299=CARTESIAN_POINT('Ctrl Pts',(82.7248854590461,6.40071193865958,0.8));
#19300=CARTESIAN_POINT('Ctrl Pts',(82.78853982687,6.46384716033936,0.));
#19301=CARTESIAN_POINT('Ctrl Pts',(82.78853982687,6.46384716033936,0.8));
#19302=CARTESIAN_POINT('',(82.5702592730522,6.01909935474396,0.));
#19303=CARTESIAN_POINT('Ctrl Pts',(82.78853982687,6.46384716033936,0.));
#19304=CARTESIAN_POINT('Ctrl Pts',(82.7248854590461,6.40071193865958,0.));
#19305=CARTESIAN_POINT('Ctrl Pts',(82.6005683664506,6.27740873939895,0.));
#19306=CARTESIAN_POINT('Ctrl Pts',(82.5801989098032,6.10380995360971,0.));
#19307=CARTESIAN_POINT('Ctrl Pts',(82.5702592730522,6.01909935474396,0.));
#19308=CARTESIAN_POINT('',(82.5702592730522,6.01909935474396,0.8));
#19309=CARTESIAN_POINT('Ctrl Pts',(82.5702592730522,6.01909935474396,0.8));
#19310=CARTESIAN_POINT('Ctrl Pts',(82.5801989098032,6.10380995360971,0.8));
#19311=CARTESIAN_POINT('Ctrl Pts',(82.6005683664506,6.27740873939895,0.8));
#19312=CARTESIAN_POINT('Ctrl Pts',(82.7248854590461,6.40071193865958,0.8));
#19313=CARTESIAN_POINT('Ctrl Pts',(82.78853982687,6.46384716033936,0.8));
#19314=CARTESIAN_POINT('',(82.5702592730522,6.01909935474396,0.));
#19315=CARTESIAN_POINT('Ctrl Pts',(82.7503409981728,5.67530691623688,0.));
#19316=CARTESIAN_POINT('Ctrl Pts',(82.7503409981728,5.67530691623688,0.8));
#19317=CARTESIAN_POINT('Ctrl Pts',(82.6978764455516,5.72565446070025,0.));
#19318=CARTESIAN_POINT('Ctrl Pts',(82.6978764455516,5.72565446070025,0.8));
#19319=CARTESIAN_POINT('Ctrl Pts',(82.5989678875481,5.82057193875167,0.));
#19320=CARTESIAN_POINT('Ctrl Pts',(82.5989678875481,5.82057193875167,0.8));
#19321=CARTESIAN_POINT('Ctrl Pts',(82.5794324380457,5.95566457133101,0.));
#19322=CARTESIAN_POINT('Ctrl Pts',(82.5794324380457,5.95566457133101,0.8));
#19323=CARTESIAN_POINT('Ctrl Pts',(82.5702592730522,6.01909935474396,0.));
#19324=CARTESIAN_POINT('Ctrl Pts',(82.5702592730522,6.01909935474396,0.8));
#19325=CARTESIAN_POINT('',(82.7503409981728,5.67530691623688,0.));
#19326=CARTESIAN_POINT('Ctrl Pts',(82.5702592730522,6.01909935474396,0.));
#19327=CARTESIAN_POINT('Ctrl Pts',(82.5794324380457,5.95566457133101,0.));
#19328=CARTESIAN_POINT('Ctrl Pts',(82.5989678875481,5.82057193875167,0.));
#19329=CARTESIAN_POINT('Ctrl Pts',(82.6978764455516,5.72565446070025,0.));
#19330=CARTESIAN_POINT('Ctrl Pts',(82.7503409981728,5.67530691623688,0.));
#19331=CARTESIAN_POINT('',(82.7503409981728,5.67530691623688,0.8));
#19332=CARTESIAN_POINT('Ctrl Pts',(82.7503409981728,5.67530691623688,0.8));
#19333=CARTESIAN_POINT('Ctrl Pts',(82.6978764455516,5.72565446070025,0.8));
#19334=CARTESIAN_POINT('Ctrl Pts',(82.5989678875481,5.82057193875167,0.8));
#19335=CARTESIAN_POINT('Ctrl Pts',(82.5794324380457,5.95566457133101,0.8));
#19336=CARTESIAN_POINT('Ctrl Pts',(82.5702592730522,6.01909935474396,0.8));
#19337=CARTESIAN_POINT('',(82.7503409981728,5.67530691623688,0.));
#19338=CARTESIAN_POINT('Ctrl Pts',(83.5798087716103,5.38062751293182,0.));
#19339=CARTESIAN_POINT('Ctrl Pts',(83.5798087716103,5.38062751293182,0.8));
#19340=CARTESIAN_POINT('Ctrl Pts',(83.3970038296088,5.41617076172787,0.));
#19341=CARTESIAN_POINT('Ctrl Pts',(83.3970038296088,5.41617076172787,0.8));
#19342=CARTESIAN_POINT('Ctrl Pts',(83.1045277890614,5.47303765253639,0.));
#19343=CARTESIAN_POINT('Ctrl Pts',(83.1045277890614,5.47303765253639,0.8));
#19344=CARTESIAN_POINT('Ctrl Pts',(82.8469326450381,5.62014528459601,0.));
#19345=CARTESIAN_POINT('Ctrl Pts',(82.8469326450381,5.62014528459601,0.8));
#19346=CARTESIAN_POINT('Ctrl Pts',(82.7503409981728,5.67530691623688,0.));
#19347=CARTESIAN_POINT('Ctrl Pts',(82.7503409981728,5.67530691623688,0.8));
#19348=CARTESIAN_POINT('',(83.5798087716103,5.38062751293182,0.));
#19349=CARTESIAN_POINT('Ctrl Pts',(82.7503409981728,5.67530691623688,0.));
#19350=CARTESIAN_POINT('Ctrl Pts',(82.8469326450381,5.62014528459601,0.));
#19351=CARTESIAN_POINT('Ctrl Pts',(83.1045277890614,5.47303765253639,0.));
#19352=CARTESIAN_POINT('Ctrl Pts',(83.3970038296088,5.41617076172787,0.));
#19353=CARTESIAN_POINT('Ctrl Pts',(83.5798087716103,5.38062751293182,0.));
#19354=CARTESIAN_POINT('',(83.5798087716103,5.38062751293182,0.8));
#19355=CARTESIAN_POINT('Ctrl Pts',(83.5798087716103,5.38062751293182,0.8));
#19356=CARTESIAN_POINT('Ctrl Pts',(83.3970038296088,5.41617076172787,0.8));
#19357=CARTESIAN_POINT('Ctrl Pts',(83.1045277890614,5.47303765253639,0.8));
#19358=CARTESIAN_POINT('Ctrl Pts',(82.8469326450381,5.62014528459601,0.8));
#19359=CARTESIAN_POINT('Ctrl Pts',(82.7503409981728,5.67530691623688,0.8));
#19360=CARTESIAN_POINT('',(83.5798087716103,5.38062751293182,0.));
#19361=CARTESIAN_POINT('Ctrl Pts',(85.9017732739449,4.67394292354584,0.));
#19362=CARTESIAN_POINT('Ctrl Pts',(85.9017732739449,4.67394292354584,0.8));
#19363=CARTESIAN_POINT('Ctrl Pts',(85.5938080852595,4.80001247935376,0.));
#19364=CARTESIAN_POINT('Ctrl Pts',(85.5938080852595,4.80001247935376,0.8));
#19365=CARTESIAN_POINT('Ctrl Pts',(84.8425583575062,5.10754632719854,0.));
#19366=CARTESIAN_POINT('Ctrl Pts',(84.8425583575062,5.10754632719854,0.8));
#19367=CARTESIAN_POINT('Ctrl Pts',(84.0484076085709,5.27928871428185,0.));
#19368=CARTESIAN_POINT('Ctrl Pts',(84.0484076085709,5.27928871428185,0.8));
#19369=CARTESIAN_POINT('Ctrl Pts',(83.5798087716103,5.38062751293182,0.));
#19370=CARTESIAN_POINT('Ctrl Pts',(83.5798087716103,5.38062751293182,0.8));
#19371=CARTESIAN_POINT('',(85.9017732739449,4.67394292354584,0.));
#19372=CARTESIAN_POINT('Ctrl Pts',(83.5798087716103,5.38062751293182,0.));
#19373=CARTESIAN_POINT('Ctrl Pts',(84.0484076085709,5.27928871428185,0.));
#19374=CARTESIAN_POINT('Ctrl Pts',(84.8425583575062,5.10754632719854,0.));
#19375=CARTESIAN_POINT('Ctrl Pts',(85.5938080852595,4.80001247935376,0.));
#19376=CARTESIAN_POINT('Ctrl Pts',(85.9017732739449,4.67394292354584,0.));
#19377=CARTESIAN_POINT('',(85.9017732739449,4.67394292354584,0.8));
#19378=CARTESIAN_POINT('Ctrl Pts',(85.9017732739449,4.67394292354584,0.8));
#19379=CARTESIAN_POINT('Ctrl Pts',(85.5938080852595,4.80001247935376,0.8));
#19380=CARTESIAN_POINT('Ctrl Pts',(84.8425583575062,5.10754632719854,0.8));
#19381=CARTESIAN_POINT('Ctrl Pts',(84.0484076085709,5.27928871428185,0.8));
#19382=CARTESIAN_POINT('Ctrl Pts',(83.5798087716103,5.38062751293182,0.8));
#19383=CARTESIAN_POINT('',(85.9017732739449,4.67394292354584,0.));
#19384=CARTESIAN_POINT('Ctrl Pts',(86.9222369790077,3.78717601299286,0.));
#19385=CARTESIAN_POINT('Ctrl Pts',(86.9222369790077,3.78717601299286,0.8));
#19386=CARTESIAN_POINT('Ctrl Pts',(86.7932366843996,3.9597421223875,0.));
#19387=CARTESIAN_POINT('Ctrl Pts',(86.7932366843996,3.9597421223875,0.8));
#19388=CARTESIAN_POINT('Ctrl Pts',(86.517691171952,4.32834451348052,0.));
#19389=CARTESIAN_POINT('Ctrl Pts',(86.517691171952,4.32834451348052,0.8));
#19390=CARTESIAN_POINT('Ctrl Pts',(86.1156131336199,4.55395499049276,0.));
#19391=CARTESIAN_POINT('Ctrl Pts',(86.1156131336199,4.55395499049276,0.8));
#19392=CARTESIAN_POINT('Ctrl Pts',(85.9017732739449,4.67394292354584,0.));
#19393=CARTESIAN_POINT('Ctrl Pts',(85.9017732739449,4.67394292354584,0.8));
#19394=CARTESIAN_POINT('',(86.9222369790077,3.78717601299286,0.));
#19395=CARTESIAN_POINT('Ctrl Pts',(85.9017732739449,4.67394292354584,0.));
#19396=CARTESIAN_POINT('Ctrl Pts',(86.1156131336199,4.55395499049276,0.));
#19397=CARTESIAN_POINT('Ctrl Pts',(86.517691171952,4.32834451348052,0.));
#19398=CARTESIAN_POINT('Ctrl Pts',(86.7932366843996,3.9597421223875,0.));
#19399=CARTESIAN_POINT('Ctrl Pts',(86.9222369790077,3.78717601299286,0.));
#19400=CARTESIAN_POINT('',(86.9222369790077,3.78717601299286,0.8));
#19401=CARTESIAN_POINT('Ctrl Pts',(86.9222369790077,3.78717601299286,0.8));
#19402=CARTESIAN_POINT('Ctrl Pts',(86.7932366843996,3.9597421223875,0.8));
#19403=CARTESIAN_POINT('Ctrl Pts',(86.517691171952,4.32834451348052,0.8));
#19404=CARTESIAN_POINT('Ctrl Pts',(86.1156131336199,4.55395499049276,0.8));
#19405=CARTESIAN_POINT('Ctrl Pts',(85.9017732739449,4.67394292354584,0.8));
#19406=CARTESIAN_POINT('',(86.9222369790077,3.78717601299286,0.));
#19407=CARTESIAN_POINT('Ctrl Pts',(87.2414728999138,2.60300159454346,0.));
#19408=CARTESIAN_POINT('Ctrl Pts',(87.2414728999138,2.60300159454346,0.8));
#19409=CARTESIAN_POINT('Ctrl Pts',(87.2290008522781,2.8146649213668,0.));
#19410=CARTESIAN_POINT('Ctrl Pts',(87.2290008522781,2.8146649213668,0.8));
#19411=CARTESIAN_POINT('Ctrl Pts',(87.2044310644559,3.23163919709927,0.));
#19412=CARTESIAN_POINT('Ctrl Pts',(87.2044310644559,3.23163919709927,0.8));
#19413=CARTESIAN_POINT('Ctrl Pts',(87.0153414480931,3.6038874078508,0.));
#19414=CARTESIAN_POINT('Ctrl Pts',(87.0153414480931,3.6038874078508,0.8));
#19415=CARTESIAN_POINT('Ctrl Pts',(86.9222369790077,3.78717601299286,0.));
#19416=CARTESIAN_POINT('Ctrl Pts',(86.9222369790077,3.78717601299286,0.8));
#19417=CARTESIAN_POINT('',(87.2414728999138,2.60300159454346,0.));
#19418=CARTESIAN_POINT('Ctrl Pts',(86.9222369790077,3.78717601299286,0.));
#19419=CARTESIAN_POINT('Ctrl Pts',(87.0153414480931,3.6038874078508,0.));
#19420=CARTESIAN_POINT('Ctrl Pts',(87.2044310644559,3.23163919709927,0.));
#19421=CARTESIAN_POINT('Ctrl Pts',(87.2290008522781,2.8146649213668,0.));
#19422=CARTESIAN_POINT('Ctrl Pts',(87.2414728999138,2.60300159454346,0.));
#19423=CARTESIAN_POINT('',(87.2414728999138,2.60300159454346,0.8));
#19424=CARTESIAN_POINT('Ctrl Pts',(87.2414728999138,2.60300159454346,0.8));
#19425=CARTESIAN_POINT('Ctrl Pts',(87.2290008522781,2.8146649213668,0.8));
#19426=CARTESIAN_POINT('Ctrl Pts',(87.2044310644559,3.23163919709927,0.8));
#19427=CARTESIAN_POINT('Ctrl Pts',(87.0153414480931,3.6038874078508,0.8));
#19428=CARTESIAN_POINT('Ctrl Pts',(86.9222369790077,3.78717601299286,0.8));
#19429=CARTESIAN_POINT('',(87.2414728999138,2.60300159454346,0.));
#19430=CARTESIAN_POINT('Ctrl Pts',(86.8158248066902,1.18417501449585,0.));
#19431=CARTESIAN_POINT('Ctrl Pts',(86.8158248066902,1.18417501449585,0.8));
#19432=CARTESIAN_POINT('Ctrl Pts',(86.9399721834139,1.40532808003001,0.));
#19433=CARTESIAN_POINT('Ctrl Pts',(86.9399721834139,1.40532808003001,0.8));
#19434=CARTESIAN_POINT('Ctrl Pts',(87.1876683121539,1.84656783585464,0.));
#19435=CARTESIAN_POINT('Ctrl Pts',(87.1876683121539,1.84656783585464,0.8));
#19436=CARTESIAN_POINT('Ctrl Pts',(87.2235669569229,2.35126358625454,0.));
#19437=CARTESIAN_POINT('Ctrl Pts',(87.2235669569229,2.35126358625454,0.8));
#19438=CARTESIAN_POINT('Ctrl Pts',(87.2414728999138,2.60300159454346,0.));
#19439=CARTESIAN_POINT('Ctrl Pts',(87.2414728999138,2.60300159454346,0.8));
#19440=CARTESIAN_POINT('',(86.8158248066902,1.18417501449585,0.));
#19441=CARTESIAN_POINT('Ctrl Pts',(87.2414728999138,2.60300159454346,0.));
#19442=CARTESIAN_POINT('Ctrl Pts',(87.2235669569229,2.35126358625454,0.));
#19443=CARTESIAN_POINT('Ctrl Pts',(87.1876683121539,1.84656783585464,0.));
#19444=CARTESIAN_POINT('Ctrl Pts',(86.9399721834139,1.40532808003001,0.));
#19445=CARTESIAN_POINT('Ctrl Pts',(86.8158248066902,1.18417501449585,0.));
#19446=CARTESIAN_POINT('',(86.8158248066902,1.18417501449585,0.8));
#19447=CARTESIAN_POINT('Ctrl Pts',(86.8158248066902,1.18417501449585,0.8));
#19448=CARTESIAN_POINT('Ctrl Pts',(86.9399721834139,1.40532808003001,0.8));
#19449=CARTESIAN_POINT('Ctrl Pts',(87.1876683121539,1.84656783585464,0.8));
#19450=CARTESIAN_POINT('Ctrl Pts',(87.2235669569229,2.35126358625454,0.8));
#19451=CARTESIAN_POINT('Ctrl Pts',(87.2414728999138,2.60300159454346,0.8));
#19452=CARTESIAN_POINT('',(86.8158248066902,1.18417501449585,0.));
#19453=CARTESIAN_POINT('Ctrl Pts',(85.6261935830116,0.199182033538818,0.));
#19454=CARTESIAN_POINT('Ctrl Pts',(85.6261935830116,0.199182033538818,0.8));
#19455=CARTESIAN_POINT('Ctrl Pts',(85.8653342895427,0.321980129890291,0.));
#19456=CARTESIAN_POINT('Ctrl Pts',(85.8653342895427,0.321980129890291,0.8));
#19457=CARTESIAN_POINT('Ctrl Pts',(86.3346232111503,0.562958702916203,0.));
#19458=CARTESIAN_POINT('Ctrl Pts',(86.3346232111503,0.562958702916203,0.8));
#19459=CARTESIAN_POINT('Ctrl Pts',(86.6574865050802,0.979765185809449,0.));
#19460=CARTESIAN_POINT('Ctrl Pts',(86.6574865050802,0.979765185809449,0.8));
#19461=CARTESIAN_POINT('Ctrl Pts',(86.8158248066902,1.18417501449585,0.));
#19462=CARTESIAN_POINT('Ctrl Pts',(86.8158248066902,1.18417501449585,0.8));
#19463=CARTESIAN_POINT('',(85.6261935830116,0.199182033538818,0.));
#19464=CARTESIAN_POINT('Ctrl Pts',(86.8158248066902,1.18417501449585,0.));
#19465=CARTESIAN_POINT('Ctrl Pts',(86.6574865050802,0.979765185809449,0.));
#19466=CARTESIAN_POINT('Ctrl Pts',(86.3346232111503,0.562958702916203,0.));
#19467=CARTESIAN_POINT('Ctrl Pts',(85.8653342895427,0.321980129890291,0.));
#19468=CARTESIAN_POINT('Ctrl Pts',(85.6261935830116,0.199182033538818,0.));
#19469=CARTESIAN_POINT('',(85.6261935830116,0.199182033538818,0.8));
#19470=CARTESIAN_POINT('Ctrl Pts',(85.6261935830116,0.199182033538818,0.8));
#19471=CARTESIAN_POINT('Ctrl Pts',(85.8653342895427,0.321980129890291,0.8));
#19472=CARTESIAN_POINT('Ctrl Pts',(86.3346232111503,0.562958702916203,0.8));
#19473=CARTESIAN_POINT('Ctrl Pts',(86.6574865050802,0.979765185809449,0.8));
#19474=CARTESIAN_POINT('Ctrl Pts',(86.8158248066902,1.18417501449585,0.8));
#19475=CARTESIAN_POINT('',(85.6261935830116,0.199182033538818,0.));
#19476=CARTESIAN_POINT('Ctrl Pts',(83.699863255024,-0.136425495147705,0.));
#19477=CARTESIAN_POINT('Ctrl Pts',(83.699863255024,-0.136425495147705,0.8));
#19478=CARTESIAN_POINT('Ctrl Pts',(84.0576659496913,-0.127839665053009,
0.));
#19479=CARTESIAN_POINT('Ctrl Pts',(84.0576659496913,-0.127839665053009,
0.8));
#19480=CARTESIAN_POINT('Ctrl Pts',(84.7173711227836,-0.112009385926601,
0.));
#19481=CARTESIAN_POINT('Ctrl Pts',(84.7173711227836,-0.112009385926601,
0.8));
#19482=CARTESIAN_POINT('Ctrl Pts',(85.3408633313667,0.101481624590358,0.));
#19483=CARTESIAN_POINT('Ctrl Pts',(85.3408633313667,0.101481624590358,0.8));
#19484=CARTESIAN_POINT('Ctrl Pts',(85.6261935830116,0.199182033538818,0.));
#19485=CARTESIAN_POINT('Ctrl Pts',(85.6261935830116,0.199182033538818,0.8));
#19486=CARTESIAN_POINT('',(83.699863255024,-0.136425495147705,0.));
#19487=CARTESIAN_POINT('Ctrl Pts',(85.6261935830116,0.199182033538818,0.));
#19488=CARTESIAN_POINT('Ctrl Pts',(85.3408633313667,0.101481624590358,0.));
#19489=CARTESIAN_POINT('Ctrl Pts',(84.7173711227836,-0.112009385926601,
0.));
#19490=CARTESIAN_POINT('Ctrl Pts',(84.0576659496913,-0.127839665053009,
0.));
#19491=CARTESIAN_POINT('Ctrl Pts',(83.699863255024,-0.136425495147705,0.));
#19492=CARTESIAN_POINT('',(83.699863255024,-0.136425495147705,0.8));
#19493=CARTESIAN_POINT('Ctrl Pts',(83.699863255024,-0.136425495147705,0.8));
#19494=CARTESIAN_POINT('Ctrl Pts',(84.0576659496913,-0.127839665053009,
0.8));
#19495=CARTESIAN_POINT('Ctrl Pts',(84.7173711227836,-0.112009385926601,
0.8));
#19496=CARTESIAN_POINT('Ctrl Pts',(85.3408633313667,0.101481624590358,0.8));
#19497=CARTESIAN_POINT('Ctrl Pts',(85.6261935830116,0.199182033538818,0.8));
#19498=CARTESIAN_POINT('',(83.699863255024,-0.136425495147705,0.));
#19499=CARTESIAN_POINT('Ctrl Pts',(80.8731240034103,0.649385452270508,0.));
#19500=CARTESIAN_POINT('Ctrl Pts',(80.8731240034103,0.649385452270508,0.8));
#19501=CARTESIAN_POINT('Ctrl Pts',(81.2299055023606,0.421709353416211,0.));
#19502=CARTESIAN_POINT('Ctrl Pts',(81.2299055023606,0.421709353416211,0.8));
#19503=CARTESIAN_POINT('Ctrl Pts',(82.0838018190602,-0.123194972576672,
0.));
#19504=CARTESIAN_POINT('Ctrl Pts',(82.0838018190602,-0.123194972576672,
0.8));
#19505=CARTESIAN_POINT('Ctrl Pts',(83.1052211638331,-0.131557223784928,
0.));
#19506=CARTESIAN_POINT('Ctrl Pts',(83.1052211638331,-0.131557223784928,
0.8));
#19507=CARTESIAN_POINT('Ctrl Pts',(83.699863255024,-0.136425495147705,0.));
#19508=CARTESIAN_POINT('Ctrl Pts',(83.699863255024,-0.136425495147705,0.8));
#19509=CARTESIAN_POINT('',(80.8731240034103,0.649385452270508,0.));
#19510=CARTESIAN_POINT('Ctrl Pts',(83.699863255024,-0.136425495147705,0.));
#19511=CARTESIAN_POINT('Ctrl Pts',(83.1052211638331,-0.131557223784928,
0.));
#19512=CARTESIAN_POINT('Ctrl Pts',(82.0838018190602,-0.123194972576672,
0.));
#19513=CARTESIAN_POINT('Ctrl Pts',(81.2299055023606,0.421709353416211,0.));
#19514=CARTESIAN_POINT('Ctrl Pts',(80.8731240034103,0.649385452270508,0.));
#19515=CARTESIAN_POINT('',(80.8731240034103,0.649385452270508,0.8));
#19516=CARTESIAN_POINT('Ctrl Pts',(80.8731240034103,0.649385452270508,0.8));
#19517=CARTESIAN_POINT('Ctrl Pts',(81.2299055023606,0.421709353416211,0.8));
#19518=CARTESIAN_POINT('Ctrl Pts',(82.0838018190602,-0.123194972576672,
0.8));
#19519=CARTESIAN_POINT('Ctrl Pts',(83.1052211638331,-0.131557223784928,
0.8));
#19520=CARTESIAN_POINT('Ctrl Pts',(83.699863255024,-0.136425495147705,0.8));
#19521=CARTESIAN_POINT('',(80.8731240034103,0.649385452270508,0.));
#19522=CARTESIAN_POINT('Ctrl Pts',(79.9836288392544,2.6466578245163,0.));
#19523=CARTESIAN_POINT('Ctrl Pts',(79.9836288392544,2.6466578245163,0.8));
#19524=CARTESIAN_POINT('Ctrl Pts',(80.0432573396434,2.2639852690257,0.));
#19525=CARTESIAN_POINT('Ctrl Pts',(80.0432573396434,2.2639852690257,0.8));
#19526=CARTESIAN_POINT('Ctrl Pts',(80.1596465781877,1.51704434220801,0.));
#19527=CARTESIAN_POINT('Ctrl Pts',(80.1596465781877,1.51704434220801,0.8));
#19528=CARTESIAN_POINT('Ctrl Pts',(80.6392371379041,0.933814939346154,0.));
#19529=CARTESIAN_POINT('Ctrl Pts',(80.6392371379041,0.933814939346154,0.8));
#19530=CARTESIAN_POINT('Ctrl Pts',(80.8731240034103,0.649385452270508,0.));
#19531=CARTESIAN_POINT('Ctrl Pts',(80.8731240034103,0.649385452270508,0.8));
#19532=CARTESIAN_POINT('Ctrl Pts',(80.8731240034103,0.649385452270508,0.));
#19533=CARTESIAN_POINT('Ctrl Pts',(80.6392371379041,0.933814939346154,0.));
#19534=CARTESIAN_POINT('Ctrl Pts',(80.1596465781877,1.51704434220801,0.));
#19535=CARTESIAN_POINT('Ctrl Pts',(80.0432573396434,2.2639852690257,0.));
#19536=CARTESIAN_POINT('Ctrl Pts',(79.9836288392544,2.6466578245163,0.));
#19537=CARTESIAN_POINT('Ctrl Pts',(79.9836288392544,2.6466578245163,0.8));
#19538=CARTESIAN_POINT('Ctrl Pts',(80.0432573396434,2.2639852690257,0.8));
#19539=CARTESIAN_POINT('Ctrl Pts',(80.1596465781877,1.51704434220801,0.8));
#19540=CARTESIAN_POINT('Ctrl Pts',(80.6392371379041,0.933814939346154,0.8));
#19541=CARTESIAN_POINT('Ctrl Pts',(80.8731240034103,0.649385452270508,0.8));
#19542=CARTESIAN_POINT('Origin',(83.6125508695841,4.00000005960464,0.8));
#19543=CARTESIAN_POINT('Origin',(83.6125508695841,4.00000005960464,0.));
#19544=CARTESIAN_POINT('Origin',(115.268757045269,2.79399752616882,0.));
#19545=CARTESIAN_POINT('',(112.916778773069,2.6466578245163,0.));
#19546=CARTESIAN_POINT('',(115.268757045269,2.79399752616882,0.));
#19547=CARTESIAN_POINT('',(112.916778773069,2.6466578245163,0.));
#19548=CARTESIAN_POINT('',(112.916778773069,2.6466578245163,0.8));
#19549=CARTESIAN_POINT('',(112.916778773069,2.6466578245163,0.));
#19550=CARTESIAN_POINT('',(115.268757045269,2.79399752616882,0.8));
#19551=CARTESIAN_POINT('',(112.916778773069,2.6466578245163,0.8));
#19552=CARTESIAN_POINT('',(115.268757045269,2.79399752616882,0.));
#19553=CARTESIAN_POINT('Ctrl Pts',(115.579807460308,1.92087292671204,0.));
#19554=CARTESIAN_POINT('Ctrl Pts',(115.579807460308,1.92087292671204,0.8));
#19555=CARTESIAN_POINT('Ctrl Pts',(115.507214845883,2.04084005181965,0.));
#19556=CARTESIAN_POINT('Ctrl Pts',(115.507214845883,2.04084005181965,0.8));
#19557=CARTESIAN_POINT('Ctrl Pts',(115.344422116778,2.30987259533293,0.));
#19558=CARTESIAN_POINT('Ctrl Pts',(115.344422116778,2.30987259533293,0.8));
#19559=CARTESIAN_POINT('Ctrl Pts',(115.29573408551,2.62139136218647,0.));
#19560=CARTESIAN_POINT('Ctrl Pts',(115.29573408551,2.62139136218647,0.8));
#19561=CARTESIAN_POINT('Ctrl Pts',(115.268757045269,2.79399752616882,0.));
#19562=CARTESIAN_POINT('Ctrl Pts',(115.268757045269,2.79399752616882,0.8));
#19563=CARTESIAN_POINT('',(115.579807460308,1.92087292671204,0.));
#19564=CARTESIAN_POINT('Ctrl Pts',(115.268757045269,2.79399752616882,0.));
#19565=CARTESIAN_POINT('Ctrl Pts',(115.29573408551,2.62139136218647,0.));
#19566=CARTESIAN_POINT('Ctrl Pts',(115.344422116778,2.30987259533293,0.));
#19567=CARTESIAN_POINT('Ctrl Pts',(115.507214845883,2.04084005181965,0.));
#19568=CARTESIAN_POINT('Ctrl Pts',(115.579807460308,1.92087292671204,0.));
#19569=CARTESIAN_POINT('',(115.579807460308,1.92087292671204,0.8));
#19570=CARTESIAN_POINT('Ctrl Pts',(115.579807460308,1.92087292671204,0.8));
#19571=CARTESIAN_POINT('Ctrl Pts',(115.507214845883,2.04084005181965,0.8));
#19572=CARTESIAN_POINT('Ctrl Pts',(115.344422116778,2.30987259533293,0.8));
#19573=CARTESIAN_POINT('Ctrl Pts',(115.29573408551,2.62139136218647,0.8));
#19574=CARTESIAN_POINT('Ctrl Pts',(115.268757045269,2.79399752616882,0.8));
#19575=CARTESIAN_POINT('',(115.579807460308,1.92087292671204,0.));
#19576=CARTESIAN_POINT('Ctrl Pts',(116.671212613583,1.43519759178162,0.));
#19577=CARTESIAN_POINT('Ctrl Pts',(116.671212613583,1.43519759178162,0.8));
#19578=CARTESIAN_POINT('Ctrl Pts',(116.451204606472,1.451974282418,0.));
#19579=CARTESIAN_POINT('Ctrl Pts',(116.451204606472,1.451974282418,0.8));
#19580=CARTESIAN_POINT('Ctrl Pts',(116.028198150678,1.48423060135488,0.));
#19581=CARTESIAN_POINT('Ctrl Pts',(116.028198150678,1.48423060135488,0.8));
#19582=CARTESIAN_POINT('Ctrl Pts',(115.725209858753,1.77928024262466,0.));
#19583=CARTESIAN_POINT('Ctrl Pts',(115.725209858753,1.77928024262466,0.8));
#19584=CARTESIAN_POINT('Ctrl Pts',(115.579807460308,1.92087292671204,0.));
#19585=CARTESIAN_POINT('Ctrl Pts',(115.579807460308,1.92087292671204,0.8));
#19586=CARTESIAN_POINT('',(116.671212613583,1.43519759178162,0.));
#19587=CARTESIAN_POINT('Ctrl Pts',(115.579807460308,1.92087292671204,0.));
#19588=CARTESIAN_POINT('Ctrl Pts',(115.725209858753,1.77928024262466,0.));
#19589=CARTESIAN_POINT('Ctrl Pts',(116.028198150678,1.48423060135488,0.));
#19590=CARTESIAN_POINT('Ctrl Pts',(116.451204606472,1.451974282418,0.));
#19591=CARTESIAN_POINT('Ctrl Pts',(116.671212613583,1.43519759178162,0.));
#19592=CARTESIAN_POINT('',(116.671212613583,1.43519759178162,0.8));
#19593=CARTESIAN_POINT('Ctrl Pts',(116.671212613583,1.43519759178162,0.8));
#19594=CARTESIAN_POINT('Ctrl Pts',(116.451204606472,1.451974282418,0.8));
#19595=CARTESIAN_POINT('Ctrl Pts',(116.028198150678,1.48423060135488,0.8));
#19596=CARTESIAN_POINT('Ctrl Pts',(115.725209858753,1.77928024262466,0.8));
#19597=CARTESIAN_POINT('Ctrl Pts',(115.579807460308,1.92087292671204,0.8));
#19598=CARTESIAN_POINT('',(116.671212613583,1.43519759178162,0.));
#19599=CARTESIAN_POINT('Ctrl Pts',(117.487038075924,1.68349266052246,0.));
#19600=CARTESIAN_POINT('Ctrl Pts',(117.487038075924,1.68349266052246,0.8));
#19601=CARTESIAN_POINT('Ctrl Pts',(117.374589959142,1.61122962237136,0.));
#19602=CARTESIAN_POINT('Ctrl Pts',(117.374589959142,1.61122962237136,0.8));
#19603=CARTESIAN_POINT('Ctrl Pts',(117.127225047457,1.4522643985682,0.));
#19604=CARTESIAN_POINT('Ctrl Pts',(117.127225047457,1.4522643985682,0.8));
#19605=CARTESIAN_POINT('Ctrl Pts',(116.832150829967,1.44122089562066,0.));
#19606=CARTESIAN_POINT('Ctrl Pts',(116.832150829967,1.44122089562066,0.8));
#19607=CARTESIAN_POINT('Ctrl Pts',(116.671212613583,1.43519759178162,0.));
#19608=CARTESIAN_POINT('Ctrl Pts',(116.671212613583,1.43519759178162,0.8));
#19609=CARTESIAN_POINT('',(117.487038075924,1.68349266052246,0.));
#19610=CARTESIAN_POINT('Ctrl Pts',(116.671212613583,1.43519759178162,0.));
#19611=CARTESIAN_POINT('Ctrl Pts',(116.832150829967,1.44122089562066,0.));
#19612=CARTESIAN_POINT('Ctrl Pts',(117.127225047457,1.4522643985682,0.));
#19613=CARTESIAN_POINT('Ctrl Pts',(117.374589959142,1.61122962237136,0.));
#19614=CARTESIAN_POINT('Ctrl Pts',(117.487038075924,1.68349266052246,0.));
#19615=CARTESIAN_POINT('',(117.487038075924,1.68349266052246,0.8));
#19616=CARTESIAN_POINT('Ctrl Pts',(117.487038075924,1.68349266052246,0.8));
#19617=CARTESIAN_POINT('Ctrl Pts',(117.374589959142,1.61122962237136,0.8));
#19618=CARTESIAN_POINT('Ctrl Pts',(117.127225047457,1.4522643985682,0.8));
#19619=CARTESIAN_POINT('Ctrl Pts',(116.832150829967,1.44122089562066,0.8));
#19620=CARTESIAN_POINT('Ctrl Pts',(116.671212613583,1.43519759178162,0.8));
#19621=CARTESIAN_POINT('',(117.487038075924,1.68349266052246,0.));
#19622=CARTESIAN_POINT('Ctrl Pts',(117.773531973362,2.25920915603638,0.));
#19623=CARTESIAN_POINT('Ctrl Pts',(117.773531973362,2.25920915603638,0.8));
#19624=CARTESIAN_POINT('Ctrl Pts',(117.759710849892,2.15177845060038,0.));
#19625=CARTESIAN_POINT('Ctrl Pts',(117.759710849892,2.15177845060038,0.8));
#19626=CARTESIAN_POINT('Ctrl Pts',(117.730856912938,1.92749865102448,0.));
#19627=CARTESIAN_POINT('Ctrl Pts',(117.730856912938,1.92749865102448,0.8));
#19628=CARTESIAN_POINT('Ctrl Pts',(117.570554924728,1.76707361622604,0.));
#19629=CARTESIAN_POINT('Ctrl Pts',(117.570554924728,1.76707361622604,0.8));
#19630=CARTESIAN_POINT('Ctrl Pts',(117.487038075924,1.68349266052246,0.));
#19631=CARTESIAN_POINT('Ctrl Pts',(117.487038075924,1.68349266052246,0.8));
#19632=CARTESIAN_POINT('',(117.773531973362,2.25920915603638,0.));
#19633=CARTESIAN_POINT('Ctrl Pts',(117.487038075924,1.68349266052246,0.));
#19634=CARTESIAN_POINT('Ctrl Pts',(117.570554924728,1.76707361622604,0.));
#19635=CARTESIAN_POINT('Ctrl Pts',(117.730856912938,1.92749865102448,0.));
#19636=CARTESIAN_POINT('Ctrl Pts',(117.759710849892,2.15177845060038,0.));
#19637=CARTESIAN_POINT('Ctrl Pts',(117.773531973362,2.25920915603638,0.));
#19638=CARTESIAN_POINT('',(117.773531973362,2.25920915603638,0.8));
#19639=CARTESIAN_POINT('Ctrl Pts',(117.773531973362,2.25920915603638,0.8));
#19640=CARTESIAN_POINT('Ctrl Pts',(117.759710849892,2.15177845060038,0.8));
#19641=CARTESIAN_POINT('Ctrl Pts',(117.730856912938,1.92749865102448,0.8));
#19642=CARTESIAN_POINT('Ctrl Pts',(117.570554924728,1.76707361622604,0.8));
#19643=CARTESIAN_POINT('Ctrl Pts',(117.487038075924,1.68349266052246,0.8));
#19644=CARTESIAN_POINT('',(117.773531973362,2.25920915603638,0.));
#19645=CARTESIAN_POINT('Ctrl Pts',(117.50068038702,2.81582534313202,0.));
#19646=CARTESIAN_POINT('Ctrl Pts',(117.50068038702,2.81582534313202,0.8));
#19647=CARTESIAN_POINT('Ctrl Pts',(117.580208850437,2.73391430534466,0.));
#19648=CARTESIAN_POINT('Ctrl Pts',(117.580208850437,2.73391430534466,0.8));
#19649=CARTESIAN_POINT('Ctrl Pts',(117.732105904133,2.57746660384793,0.));
#19650=CARTESIAN_POINT('Ctrl Pts',(117.732105904133,2.57746660384793,0.8));
#19651=CARTESIAN_POINT('Ctrl Pts',(117.760164137889,2.36190809126243,0.));
#19652=CARTESIAN_POINT('Ctrl Pts',(117.760164137889,2.36190809126243,0.8));
#19653=CARTESIAN_POINT('Ctrl Pts',(117.773531973362,2.25920915603638,0.));
#19654=CARTESIAN_POINT('Ctrl Pts',(117.773531973362,2.25920915603638,0.8));
#19655=CARTESIAN_POINT('',(117.50068038702,2.81582534313202,0.));
#19656=CARTESIAN_POINT('Ctrl Pts',(117.773531973362,2.25920915603638,0.));
#19657=CARTESIAN_POINT('Ctrl Pts',(117.760164137889,2.36190809126243,0.));
#19658=CARTESIAN_POINT('Ctrl Pts',(117.732105904133,2.57746660384793,0.));
#19659=CARTESIAN_POINT('Ctrl Pts',(117.580208850437,2.73391430534466,0.));
#19660=CARTESIAN_POINT('Ctrl Pts',(117.50068038702,2.81582534313202,0.));
#19661=CARTESIAN_POINT('',(117.50068038702,2.81582534313202,0.8));
#19662=CARTESIAN_POINT('Ctrl Pts',(117.50068038702,2.81582534313202,0.8));
#19663=CARTESIAN_POINT('Ctrl Pts',(117.580208850437,2.73391430534466,0.8));
#19664=CARTESIAN_POINT('Ctrl Pts',(117.732105904133,2.57746660384793,0.8));
#19665=CARTESIAN_POINT('Ctrl Pts',(117.760164137889,2.36190809126243,0.8));
#19666=CARTESIAN_POINT('Ctrl Pts',(117.773531973362,2.25920915603638,0.8));
#19667=CARTESIAN_POINT('',(117.50068038702,2.81582534313202,0.));
#19668=CARTESIAN_POINT('Ctrl Pts',(116.234650313854,3.2796722650528,0.));
#19669=CARTESIAN_POINT('Ctrl Pts',(116.234650313854,3.2796722650528,0.8));
#19670=CARTESIAN_POINT('Ctrl Pts',(116.512606287532,3.22209469919804,0.));
#19671=CARTESIAN_POINT('Ctrl Pts',(116.512606287532,3.22209469919804,0.8));
#19672=CARTESIAN_POINT('Ctrl Pts',(116.959244892917,3.1295751416056,0.));
#19673=CARTESIAN_POINT('Ctrl Pts',(116.959244892917,3.1295751416056,0.8));
#19674=CARTESIAN_POINT('Ctrl Pts',(117.352252608911,2.90183593160815,0.));
#19675=CARTESIAN_POINT('Ctrl Pts',(117.352252608911,2.90183593160815,0.8));
#19676=CARTESIAN_POINT('Ctrl Pts',(117.50068038702,2.81582534313202,0.));
#19677=CARTESIAN_POINT('Ctrl Pts',(117.50068038702,2.81582534313202,0.8));
#19678=CARTESIAN_POINT('',(116.234650313854,3.2796722650528,0.));
#19679=CARTESIAN_POINT('Ctrl Pts',(117.50068038702,2.81582534313202,0.));
#19680=CARTESIAN_POINT('Ctrl Pts',(117.352252608911,2.90183593160815,0.));
#19681=CARTESIAN_POINT('Ctrl Pts',(116.959244892917,3.1295751416056,0.));
#19682=CARTESIAN_POINT('Ctrl Pts',(116.512606287532,3.22209469919804,0.));
#19683=CARTESIAN_POINT('Ctrl Pts',(116.234650313854,3.2796722650528,0.));
#19684=CARTESIAN_POINT('',(116.234650313854,3.2796722650528,0.8));
#19685=CARTESIAN_POINT('Ctrl Pts',(116.234650313854,3.2796722650528,0.8));
#19686=CARTESIAN_POINT('Ctrl Pts',(116.512606287532,3.22209469919804,0.8));
#19687=CARTESIAN_POINT('Ctrl Pts',(116.959244892917,3.1295751416056,0.8));
#19688=CARTESIAN_POINT('Ctrl Pts',(117.352252608911,2.90183593160815,0.8));
#19689=CARTESIAN_POINT('Ctrl Pts',(117.50068038702,2.81582534313202,0.8));
#19690=CARTESIAN_POINT('',(116.234650313854,3.2796722650528,0.));
#19691=CARTESIAN_POINT('Ctrl Pts',(113.915414512157,4.25102293491364,0.));
#19692=CARTESIAN_POINT('Ctrl Pts',(113.915414512157,4.25102293491364,0.8));
#19693=CARTESIAN_POINT('Ctrl Pts',(114.216982097682,4.05273605443298,0.));
#19694=CARTESIAN_POINT('Ctrl Pts',(114.216982097682,4.05273605443298,0.8));
#19695=CARTESIAN_POINT('Ctrl Pts',(114.927090993747,3.58582487245824,0.));
#19696=CARTESIAN_POINT('Ctrl Pts',(114.927090993747,3.58582487245824,0.8));
#19697=CARTESIAN_POINT('Ctrl Pts',(115.757117663261,3.39148200389372,0.));
#19698=CARTESIAN_POINT('Ctrl Pts',(115.757117663261,3.39148200389372,0.8));
#19699=CARTESIAN_POINT('Ctrl Pts',(116.234650313854,3.2796722650528,0.));
#19700=CARTESIAN_POINT('Ctrl Pts',(116.234650313854,3.2796722650528,0.8));
#19701=CARTESIAN_POINT('',(113.915414512157,4.25102293491364,0.));
#19702=CARTESIAN_POINT('Ctrl Pts',(116.234650313854,3.2796722650528,0.));
#19703=CARTESIAN_POINT('Ctrl Pts',(115.757117663261,3.39148200389372,0.));
#19704=CARTESIAN_POINT('Ctrl Pts',(114.927090993747,3.58582487245824,0.));
#19705=CARTESIAN_POINT('Ctrl Pts',(114.216982097682,4.05273605443298,0.));
#19706=CARTESIAN_POINT('Ctrl Pts',(113.915414512157,4.25102293491364,0.));
#19707=CARTESIAN_POINT('',(113.915414512157,4.25102293491364,0.8));
#19708=CARTESIAN_POINT('Ctrl Pts',(113.915414512157,4.25102293491364,0.8));
#19709=CARTESIAN_POINT('Ctrl Pts',(114.216982097682,4.05273605443298,0.8));
#19710=CARTESIAN_POINT('Ctrl Pts',(114.927090993747,3.58582487245824,0.8));
#19711=CARTESIAN_POINT('Ctrl Pts',(115.757117663261,3.39148200389372,0.8));
#19712=CARTESIAN_POINT('Ctrl Pts',(116.234650313854,3.2796722650528,0.8));
#19713=CARTESIAN_POINT('',(113.915414512157,4.25102293491364,0.));
#19714=CARTESIAN_POINT('Ctrl Pts',(113.216915205121,5.79536139965057,0.));
#19715=CARTESIAN_POINT('Ctrl Pts',(113.216915205121,5.79536139965057,0.8));
#19716=CARTESIAN_POINT('Ctrl Pts',(113.24551195425,5.49680340103949,0.));
#19717=CARTESIAN_POINT('Ctrl Pts',(113.24551195425,5.49680340103949,0.8));
#19718=CARTESIAN_POINT('Ctrl Pts',(113.302458877779,4.90226171244094,0.));
#19719=CARTESIAN_POINT('Ctrl Pts',(113.302458877779,4.90226171244094,0.8));
#19720=CARTESIAN_POINT('Ctrl Pts',(113.711686606334,4.46747499913388,0.));
#19721=CARTESIAN_POINT('Ctrl Pts',(113.711686606334,4.46747499913388,0.8));
#19722=CARTESIAN_POINT('Ctrl Pts',(113.915414512157,4.25102293491364,0.));
#19723=CARTESIAN_POINT('Ctrl Pts',(113.915414512157,4.25102293491364,0.8));
#19724=CARTESIAN_POINT('',(113.216915205121,5.79536139965057,0.));
#19725=CARTESIAN_POINT('Ctrl Pts',(113.915414512157,4.25102293491364,0.));
#19726=CARTESIAN_POINT('Ctrl Pts',(113.711686606334,4.46747499913388,0.));
#19727=CARTESIAN_POINT('Ctrl Pts',(113.302458877779,4.90226171244094,0.));
#19728=CARTESIAN_POINT('Ctrl Pts',(113.24551195425,5.49680340103949,0.));
#19729=CARTESIAN_POINT('Ctrl Pts',(113.216915205121,5.79536139965057,0.));
#19730=CARTESIAN_POINT('',(113.216915205121,5.79536139965057,0.8));
#19731=CARTESIAN_POINT('Ctrl Pts',(113.216915205121,5.79536139965057,0.8));
#19732=CARTESIAN_POINT('Ctrl Pts',(113.24551195425,5.49680340103949,0.8));
#19733=CARTESIAN_POINT('Ctrl Pts',(113.302458877779,4.90226171244094,0.8));
#19734=CARTESIAN_POINT('Ctrl Pts',(113.711686606334,4.46747499913388,0.8));
#19735=CARTESIAN_POINT('Ctrl Pts',(113.915414512157,4.25102293491364,0.8));
#19736=CARTESIAN_POINT('',(113.216915205121,5.79536139965057,0.));
#19737=CARTESIAN_POINT('Ctrl Pts',(113.574350401759,6.9604367017746,0.));
#19738=CARTESIAN_POINT('Ctrl Pts',(113.574350401759,6.9604367017746,0.8));
#19739=CARTESIAN_POINT('Ctrl Pts',(113.470106145574,6.77647028842635,0.));
#19740=CARTESIAN_POINT('Ctrl Pts',(113.470106145574,6.77647028842635,0.8));
#19741=CARTESIAN_POINT('Ctrl Pts',(113.264881843334,6.41429801921526,0.));
#19742=CARTESIAN_POINT('Ctrl Pts',(113.264881843334,6.41429801921526,0.8));
#19743=CARTESIAN_POINT('Ctrl Pts',(113.232733639323,5.99947426968818,0.));
#19744=CARTESIAN_POINT('Ctrl Pts',(113.232733639323,5.99947426968818,0.8));
#19745=CARTESIAN_POINT('Ctrl Pts',(113.216915205121,5.79536139965057,0.));
#19746=CARTESIAN_POINT('Ctrl Pts',(113.216915205121,5.79536139965057,0.8));
#19747=CARTESIAN_POINT('',(113.574350401759,6.9604367017746,0.));
#19748=CARTESIAN_POINT('Ctrl Pts',(113.216915205121,5.79536139965057,0.));
#19749=CARTESIAN_POINT('Ctrl Pts',(113.232733639323,5.99947426968818,0.));
#19750=CARTESIAN_POINT('Ctrl Pts',(113.264881843334,6.41429801921526,0.));
#19751=CARTESIAN_POINT('Ctrl Pts',(113.470106145574,6.77647028842635,0.));
#19752=CARTESIAN_POINT('Ctrl Pts',(113.574350401759,6.9604367017746,0.));
#19753=CARTESIAN_POINT('',(113.574350401759,6.9604367017746,0.8));
#19754=CARTESIAN_POINT('Ctrl Pts',(113.574350401759,6.9604367017746,0.8));
#19755=CARTESIAN_POINT('Ctrl Pts',(113.470106145574,6.77647028842635,0.8));
#19756=CARTESIAN_POINT('Ctrl Pts',(113.264881843334,6.41429801921526,0.8));
#19757=CARTESIAN_POINT('Ctrl Pts',(113.232733639323,5.99947426968818,0.8));
#19758=CARTESIAN_POINT('Ctrl Pts',(113.216915205121,5.79536139965057,0.8));
#19759=CARTESIAN_POINT('',(113.574350401759,6.9604367017746,0.));
#19760=CARTESIAN_POINT('Ctrl Pts',(114.649384468794,7.82264649868011,0.));
#19761=CARTESIAN_POINT('Ctrl Pts',(114.649384468794,7.82264649868011,0.8));
#19762=CARTESIAN_POINT('Ctrl Pts',(114.428383985004,7.71301850219546,0.));
#19763=CARTESIAN_POINT('Ctrl Pts',(114.428383985004,7.71301850219546,0.8));
#19764=CARTESIAN_POINT('Ctrl Pts',(114.00647603231,7.50372971349368,0.));
#19765=CARTESIAN_POINT('Ctrl Pts',(114.00647603231,7.50372971349368,0.8));
#19766=CARTESIAN_POINT('Ctrl Pts',(113.713745258842,7.13569187380917,0.));
#19767=CARTESIAN_POINT('Ctrl Pts',(113.713745258842,7.13569187380917,0.8));
#19768=CARTESIAN_POINT('Ctrl Pts',(113.574350401759,6.9604367017746,0.));
#19769=CARTESIAN_POINT('Ctrl Pts',(113.574350401759,6.9604367017746,0.8));
#19770=CARTESIAN_POINT('',(114.649384468794,7.82264649868011,0.));
#19771=CARTESIAN_POINT('Ctrl Pts',(113.574350401759,6.9604367017746,0.));
#19772=CARTESIAN_POINT('Ctrl Pts',(113.713745258842,7.13569187380917,0.));
#19773=CARTESIAN_POINT('Ctrl Pts',(114.00647603231,7.50372971349368,0.));
#19774=CARTESIAN_POINT('Ctrl Pts',(114.428383985004,7.71301850219546,0.));
#19775=CARTESIAN_POINT('Ctrl Pts',(114.649384468794,7.82264649868011,0.));
#19776=CARTESIAN_POINT('',(114.649384468794,7.82264649868011,0.8));
#19777=CARTESIAN_POINT('Ctrl Pts',(114.649384468794,7.82264649868011,0.8));
#19778=CARTESIAN_POINT('Ctrl Pts',(114.428383985004,7.71301850219546,0.8));
#19779=CARTESIAN_POINT('Ctrl Pts',(114.00647603231,7.50372971349368,0.8));
#19780=CARTESIAN_POINT('Ctrl Pts',(113.713745258842,7.13569187380917,0.8));
#19781=CARTESIAN_POINT('Ctrl Pts',(113.574350401759,6.9604367017746,0.8));
#19782=CARTESIAN_POINT('',(114.649384468794,7.82264649868011,0.));
#19783=CARTESIAN_POINT('Ctrl Pts',(116.616642177105,8.13642561435699,0.));
#19784=CARTESIAN_POINT('Ctrl Pts',(116.616642177105,8.13642561435699,0.8));
#19785=CARTESIAN_POINT('Ctrl Pts',(116.240907111704,8.1307829634713,0.));
#19786=CARTESIAN_POINT('Ctrl Pts',(116.240907111704,8.1307829634713,0.8));
#19787=CARTESIAN_POINT('Ctrl Pts',(115.568930379315,8.12069146429185,0.));
#19788=CARTESIAN_POINT('Ctrl Pts',(115.568930379315,8.12069146429185,0.8));
#19789=CARTESIAN_POINT('Ctrl Pts',(114.930734021312,7.91383804958128,0.));
#19790=CARTESIAN_POINT('Ctrl Pts',(114.930734021312,7.91383804958128,0.8));
#19791=CARTESIAN_POINT('Ctrl Pts',(114.649384468794,7.82264649868011,0.));
#19792=CARTESIAN_POINT('Ctrl Pts',(114.649384468794,7.82264649868011,0.8));
#19793=CARTESIAN_POINT('',(116.616642177105,8.13642561435699,0.));
#19794=CARTESIAN_POINT('Ctrl Pts',(114.649384468794,7.82264649868011,0.));
#19795=CARTESIAN_POINT('Ctrl Pts',(114.930734021312,7.91383804958128,0.));
#19796=CARTESIAN_POINT('Ctrl Pts',(115.568930379315,8.12069146429185,0.));
#19797=CARTESIAN_POINT('Ctrl Pts',(116.240907111704,8.1307829634713,0.));
#19798=CARTESIAN_POINT('Ctrl Pts',(116.616642177105,8.13642561435699,0.));
#19799=CARTESIAN_POINT('',(116.616642177105,8.13642561435699,0.8));
#19800=CARTESIAN_POINT('Ctrl Pts',(116.616642177105,8.13642561435699,0.8));
#19801=CARTESIAN_POINT('Ctrl Pts',(116.240907111704,8.1307829634713,0.8));
#19802=CARTESIAN_POINT('Ctrl Pts',(115.568930379315,8.12069146429185,0.8));
#19803=CARTESIAN_POINT('Ctrl Pts',(114.930734021312,7.91383804958128,0.8));
#19804=CARTESIAN_POINT('Ctrl Pts',(114.649384468794,7.82264649868011,0.8));
#19805=CARTESIAN_POINT('',(116.616642177105,8.13642561435699,0.));
#19806=CARTESIAN_POINT('Ctrl Pts',(118.954977691174,7.56616652011871,0.));
#19807=CARTESIAN_POINT('Ctrl Pts',(118.954977691174,7.56616652011871,0.8));
#19808=CARTESIAN_POINT('Ctrl Pts',(118.632057792822,7.7319165117573,0.));
#19809=CARTESIAN_POINT('Ctrl Pts',(118.632057792822,7.7319165117573,0.8));
#19810=CARTESIAN_POINT('Ctrl Pts',(117.901241115863,8.1070338665996,0.));
#19811=CARTESIAN_POINT('Ctrl Pts',(117.901241115863,8.1070338665996,0.8));
#19812=CARTESIAN_POINT('Ctrl Pts',(117.076796368101,8.12589724203533,0.));
#19813=CARTESIAN_POINT('Ctrl Pts',(117.076796368101,8.12589724203533,0.8));
#19814=CARTESIAN_POINT('Ctrl Pts',(116.616642177105,8.13642561435699,0.));
#19815=CARTESIAN_POINT('Ctrl Pts',(116.616642177105,8.13642561435699,0.8));
#19816=CARTESIAN_POINT('',(118.954977691174,7.56616652011871,0.));
#19817=CARTESIAN_POINT('Ctrl Pts',(116.616642177105,8.13642561435699,0.));
#19818=CARTESIAN_POINT('Ctrl Pts',(117.076796368101,8.12589724203533,0.));
#19819=CARTESIAN_POINT('Ctrl Pts',(117.901241115863,8.1070338665996,0.));
#19820=CARTESIAN_POINT('Ctrl Pts',(118.632057792822,7.7319165117573,0.));
#19821=CARTESIAN_POINT('Ctrl Pts',(118.954977691174,7.56616652011871,0.));
#19822=CARTESIAN_POINT('',(118.954977691174,7.56616652011871,0.8));
#19823=CARTESIAN_POINT('Ctrl Pts',(118.954977691174,7.56616652011871,0.8));
#19824=CARTESIAN_POINT('Ctrl Pts',(118.632057792822,7.7319165117573,0.8));
#19825=CARTESIAN_POINT('Ctrl Pts',(117.901241115863,8.1070338665996,0.8));
#19826=CARTESIAN_POINT('Ctrl Pts',(117.076796368101,8.12589724203533,0.8));
#19827=CARTESIAN_POINT('Ctrl Pts',(116.616642177105,8.13642561435699,0.8));
#19828=CARTESIAN_POINT('',(118.954977691174,7.56616652011871,0.));
#19829=CARTESIAN_POINT('Ctrl Pts',(119.912685453892,5.75170516967773,0.));
#19830=CARTESIAN_POINT('Ctrl Pts',(119.912685453892,5.75170516967773,0.8));
#19831=CARTESIAN_POINT('Ctrl Pts',(119.84474072013,6.13069348669711,0.));
#19832=CARTESIAN_POINT('Ctrl Pts',(119.84474072013,6.13069348669711,0.8));
#19833=CARTESIAN_POINT('Ctrl Pts',(119.71748556452,6.84050887027096,0.));
#19834=CARTESIAN_POINT('Ctrl Pts',(119.71748556452,6.84050887027096,0.8));
#19835=CARTESIAN_POINT('Ctrl Pts',(119.197383949858,7.33547518940052,0.));
#19836=CARTESIAN_POINT('Ctrl Pts',(119.197383949858,7.33547518940052,0.8));
#19837=CARTESIAN_POINT('Ctrl Pts',(118.954977691174,7.56616652011871,0.));
#19838=CARTESIAN_POINT('Ctrl Pts',(118.954977691174,7.56616652011871,0.8));
#19839=CARTESIAN_POINT('',(119.912685453892,5.75170516967773,0.));
#19840=CARTESIAN_POINT('Ctrl Pts',(118.954977691174,7.56616652011871,0.));
#19841=CARTESIAN_POINT('Ctrl Pts',(119.197383949858,7.33547518940052,0.));
#19842=CARTESIAN_POINT('Ctrl Pts',(119.71748556452,6.84050887027096,0.));
#19843=CARTESIAN_POINT('Ctrl Pts',(119.84474072013,6.13069348669711,0.));
#19844=CARTESIAN_POINT('Ctrl Pts',(119.912685453892,5.75170516967773,0.));
#19845=CARTESIAN_POINT('',(119.912685453892,5.75170516967773,0.8));
#19846=CARTESIAN_POINT('Ctrl Pts',(119.912685453892,5.75170516967773,0.8));
#19847=CARTESIAN_POINT('Ctrl Pts',(119.84474072013,6.13069348669711,0.8));
#19848=CARTESIAN_POINT('Ctrl Pts',(119.71748556452,6.84050887027096,0.8));
#19849=CARTESIAN_POINT('Ctrl Pts',(119.197383949858,7.33547518940052,0.8));
#19850=CARTESIAN_POINT('Ctrl Pts',(118.954977691174,7.56616652011871,0.8));
#19851=CARTESIAN_POINT('',(119.912685453892,5.75170516967773,0.));
#19852=CARTESIAN_POINT('Origin',(117.582536041737,5.61527967453003,0.));
#19853=CARTESIAN_POINT('',(117.582536041737,5.61527967453003,0.));
#19854=CARTESIAN_POINT('',(119.912685453892,5.75170516967773,0.));
#19855=CARTESIAN_POINT('',(117.582536041737,5.61527967453003,0.8));
#19856=CARTESIAN_POINT('',(119.912685453892,5.75170516967773,0.8));
#19857=CARTESIAN_POINT('',(117.582536041737,5.61527967453003,0.));
#19858=CARTESIAN_POINT('Ctrl Pts',(117.192358672619,6.40109121799469,0.));
#19859=CARTESIAN_POINT('Ctrl Pts',(117.192358672619,6.40109121799469,0.8));
#19860=CARTESIAN_POINT('Ctrl Pts',(117.284044875767,6.2996560717245,0.));
#19861=CARTESIAN_POINT('Ctrl Pts',(117.284044875767,6.2996560717245,0.8));
#19862=CARTESIAN_POINT('Ctrl Pts',(117.486769067778,6.07537632882839,0.));
#19863=CARTESIAN_POINT('Ctrl Pts',(117.486769067778,6.07537632882839,0.8));
#19864=CARTESIAN_POINT('Ctrl Pts',(117.548644856514,5.77810429231409,0.));
#19865=CARTESIAN_POINT('Ctrl Pts',(117.548644856514,5.77810429231409,0.8));
#19866=CARTESIAN_POINT('Ctrl Pts',(117.582536041737,5.61527967453003,0.));
#19867=CARTESIAN_POINT('Ctrl Pts',(117.582536041737,5.61527967453003,0.8));
#19868=CARTESIAN_POINT('',(117.192358672619,6.40109121799469,0.));
#19869=CARTESIAN_POINT('Ctrl Pts',(117.582536041737,5.61527967453003,0.));
#19870=CARTESIAN_POINT('Ctrl Pts',(117.548644856514,5.77810429231409,0.));
#19871=CARTESIAN_POINT('Ctrl Pts',(117.486769067778,6.07537632882839,0.));
#19872=CARTESIAN_POINT('Ctrl Pts',(117.284044875767,6.2996560717245,0.));
#19873=CARTESIAN_POINT('Ctrl Pts',(117.192358672619,6.40109121799469,0.));
#19874=CARTESIAN_POINT('',(117.192358672619,6.40109121799469,0.8));
#19875=CARTESIAN_POINT('Ctrl Pts',(117.192358672619,6.40109121799469,0.8));
#19876=CARTESIAN_POINT('Ctrl Pts',(117.284044875767,6.2996560717245,0.8));
#19877=CARTESIAN_POINT('Ctrl Pts',(117.486769067778,6.07537632882839,0.8));
#19878=CARTESIAN_POINT('Ctrl Pts',(117.548644856514,5.77810429231409,0.8));
#19879=CARTESIAN_POINT('Ctrl Pts',(117.582536041737,5.61527967453003,0.8));
#19880=CARTESIAN_POINT('',(117.192358672619,6.40109121799469,0.));
#19881=CARTESIAN_POINT('Ctrl Pts',(116.371076405048,6.64665758609772,0.));
#19882=CARTESIAN_POINT('Ctrl Pts',(116.371076405048,6.64665758609772,0.8));
#19883=CARTESIAN_POINT('Ctrl Pts',(116.531266849532,6.64028198045104,0.));
#19884=CARTESIAN_POINT('Ctrl Pts',(116.531266849532,6.64028198045104,0.8));
#19885=CARTESIAN_POINT('Ctrl Pts',(116.827103862649,6.62850761939341,0.));
#19886=CARTESIAN_POINT('Ctrl Pts',(116.827103862649,6.62850761939341,0.8));
#19887=CARTESIAN_POINT('Ctrl Pts',(117.077532607978,6.47258467870916,0.));
#19888=CARTESIAN_POINT('Ctrl Pts',(117.077532607978,6.47258467870916,0.8));
#19889=CARTESIAN_POINT('Ctrl Pts',(117.192358672619,6.40109121799469,0.));
#19890=CARTESIAN_POINT('Ctrl Pts',(117.192358672619,6.40109121799469,0.8));
#19891=CARTESIAN_POINT('',(116.371076405048,6.64665758609772,0.));
#19892=CARTESIAN_POINT('Ctrl Pts',(117.192358672619,6.40109121799469,0.));
#19893=CARTESIAN_POINT('Ctrl Pts',(117.077532607978,6.47258467870916,0.));
#19894=CARTESIAN_POINT('Ctrl Pts',(116.827103862649,6.62850761939341,0.));
#19895=CARTESIAN_POINT('Ctrl Pts',(116.531266849532,6.64028198045104,0.));
#19896=CARTESIAN_POINT('Ctrl Pts',(116.371076405048,6.64665758609772,0.));
#19897=CARTESIAN_POINT('',(116.371076405048,6.64665758609772,0.8));
#19898=CARTESIAN_POINT('Ctrl Pts',(116.371076405048,6.64665758609772,0.8));
#19899=CARTESIAN_POINT('Ctrl Pts',(116.531266849532,6.64028198045104,0.8));
#19900=CARTESIAN_POINT('Ctrl Pts',(116.827103862649,6.62850761939341,0.8));
#19901=CARTESIAN_POINT('Ctrl Pts',(117.077532607978,6.47258467870916,0.8));
#19902=CARTESIAN_POINT('Ctrl Pts',(117.192358672619,6.40109121799469,0.8));
#19903=CARTESIAN_POINT('',(116.371076405048,6.64665758609772,0.));
#19904=CARTESIAN_POINT('Ctrl Pts',(115.721689760685,6.46384716033936,0.));
#19905=CARTESIAN_POINT('Ctrl Pts',(115.721689760685,6.46384716033936,0.8));
#19906=CARTESIAN_POINT('Ctrl Pts',(115.80993097186,6.51699588993043,0.));
#19907=CARTESIAN_POINT('Ctrl Pts',(115.80993097186,6.51699588993043,0.8));
#19908=CARTESIAN_POINT('Ctrl Pts',(116.008610713422,6.63666305812634,0.));
#19909=CARTESIAN_POINT('Ctrl Pts',(116.008610713422,6.63666305812634,0.8));
#19910=CARTESIAN_POINT('Ctrl Pts',(116.24157846872,6.64308684608901,0.));
#19911=CARTESIAN_POINT('Ctrl Pts',(116.24157846872,6.64308684608901,0.8));
#19912=CARTESIAN_POINT('Ctrl Pts',(116.371076405048,6.64665758609772,0.));
#19913=CARTESIAN_POINT('Ctrl Pts',(116.371076405048,6.64665758609772,0.8));
#19914=CARTESIAN_POINT('',(115.721689760685,6.46384716033936,0.));
#19915=CARTESIAN_POINT('Ctrl Pts',(116.371076405048,6.64665758609772,0.));
#19916=CARTESIAN_POINT('Ctrl Pts',(116.24157846872,6.64308684608901,0.));
#19917=CARTESIAN_POINT('Ctrl Pts',(116.008610713422,6.63666305812634,0.));
#19918=CARTESIAN_POINT('Ctrl Pts',(115.80993097186,6.51699588993043,0.));
#19919=CARTESIAN_POINT('Ctrl Pts',(115.721689760685,6.46384716033936,0.));
#19920=CARTESIAN_POINT('',(115.721689760685,6.46384716033936,0.8));
#19921=CARTESIAN_POINT('Ctrl Pts',(115.721689760685,6.46384716033936,0.8));
#19922=CARTESIAN_POINT('Ctrl Pts',(115.80993097186,6.51699588993043,0.8));
#19923=CARTESIAN_POINT('Ctrl Pts',(116.008610713422,6.63666305812634,0.8));
#19924=CARTESIAN_POINT('Ctrl Pts',(116.24157846872,6.64308684608901,0.8));
#19925=CARTESIAN_POINT('Ctrl Pts',(116.371076405048,6.64665758609772,0.8));
#19926=CARTESIAN_POINT('',(115.721689760685,6.46384716033936,0.));
#19927=CARTESIAN_POINT('Ctrl Pts',(115.503409206867,6.01909935474396,0.));
#19928=CARTESIAN_POINT('Ctrl Pts',(115.503409206867,6.01909935474396,0.8));
#19929=CARTESIAN_POINT('Ctrl Pts',(115.513348843618,6.10380995360971,0.));
#19930=CARTESIAN_POINT('Ctrl Pts',(115.513348843618,6.10380995360971,0.8));
#19931=CARTESIAN_POINT('Ctrl Pts',(115.533718300266,6.27740873939895,0.));
#19932=CARTESIAN_POINT('Ctrl Pts',(115.533718300266,6.27740873939895,0.8));
#19933=CARTESIAN_POINT('Ctrl Pts',(115.658035392861,6.40071193865958,0.));
#19934=CARTESIAN_POINT('Ctrl Pts',(115.658035392861,6.40071193865958,0.8));
#19935=CARTESIAN_POINT('Ctrl Pts',(115.721689760685,6.46384716033936,0.));
#19936=CARTESIAN_POINT('Ctrl Pts',(115.721689760685,6.46384716033936,0.8));
#19937=CARTESIAN_POINT('',(115.503409206867,6.01909935474396,0.));
#19938=CARTESIAN_POINT('Ctrl Pts',(115.721689760685,6.46384716033936,0.));
#19939=CARTESIAN_POINT('Ctrl Pts',(115.658035392861,6.40071193865958,0.));
#19940=CARTESIAN_POINT('Ctrl Pts',(115.533718300266,6.27740873939895,0.));
#19941=CARTESIAN_POINT('Ctrl Pts',(115.513348843618,6.10380995360971,0.));
#19942=CARTESIAN_POINT('Ctrl Pts',(115.503409206867,6.01909935474396,0.));
#19943=CARTESIAN_POINT('',(115.503409206867,6.01909935474396,0.8));
#19944=CARTESIAN_POINT('Ctrl Pts',(115.503409206867,6.01909935474396,0.8));
#19945=CARTESIAN_POINT('Ctrl Pts',(115.513348843618,6.10380995360971,0.8));
#19946=CARTESIAN_POINT('Ctrl Pts',(115.533718300266,6.27740873939895,0.8));
#19947=CARTESIAN_POINT('Ctrl Pts',(115.658035392861,6.40071193865958,0.8));
#19948=CARTESIAN_POINT('Ctrl Pts',(115.721689760685,6.46384716033936,0.8));
#19949=CARTESIAN_POINT('',(115.503409206867,6.01909935474396,0.));
#19950=CARTESIAN_POINT('Ctrl Pts',(115.683490931988,5.67530691623688,0.));
#19951=CARTESIAN_POINT('Ctrl Pts',(115.683490931988,5.67530691623688,0.8));
#19952=CARTESIAN_POINT('Ctrl Pts',(115.631026379367,5.72565446070025,0.));
#19953=CARTESIAN_POINT('Ctrl Pts',(115.631026379367,5.72565446070025,0.8));
#19954=CARTESIAN_POINT('Ctrl Pts',(115.532117821363,5.82057193875167,0.));
#19955=CARTESIAN_POINT('Ctrl Pts',(115.532117821363,5.82057193875167,0.8));
#19956=CARTESIAN_POINT('Ctrl Pts',(115.512582371861,5.95566457133101,0.));
#19957=CARTESIAN_POINT('Ctrl Pts',(115.512582371861,5.95566457133101,0.8));
#19958=CARTESIAN_POINT('Ctrl Pts',(115.503409206867,6.01909935474396,0.));
#19959=CARTESIAN_POINT('Ctrl Pts',(115.503409206867,6.01909935474396,0.8));
#19960=CARTESIAN_POINT('',(115.683490931988,5.67530691623688,0.));
#19961=CARTESIAN_POINT('Ctrl Pts',(115.503409206867,6.01909935474396,0.));
#19962=CARTESIAN_POINT('Ctrl Pts',(115.512582371861,5.95566457133101,0.));
#19963=CARTESIAN_POINT('Ctrl Pts',(115.532117821363,5.82057193875167,0.));
#19964=CARTESIAN_POINT('Ctrl Pts',(115.631026379367,5.72565446070025,0.));
#19965=CARTESIAN_POINT('Ctrl Pts',(115.683490931988,5.67530691623688,0.));
#19966=CARTESIAN_POINT('',(115.683490931988,5.67530691623688,0.8));
#19967=CARTESIAN_POINT('Ctrl Pts',(115.683490931988,5.67530691623688,0.8));
#19968=CARTESIAN_POINT('Ctrl Pts',(115.631026379367,5.72565446070025,0.8));
#19969=CARTESIAN_POINT('Ctrl Pts',(115.532117821363,5.82057193875167,0.8));
#19970=CARTESIAN_POINT('Ctrl Pts',(115.512582371861,5.95566457133101,0.8));
#19971=CARTESIAN_POINT('Ctrl Pts',(115.503409206867,6.01909935474396,0.8));
#19972=CARTESIAN_POINT('',(115.683490931988,5.67530691623688,0.));
#19973=CARTESIAN_POINT('Ctrl Pts',(116.512958705425,5.38062751293182,0.));
#19974=CARTESIAN_POINT('Ctrl Pts',(116.512958705425,5.38062751293182,0.8));
#19975=CARTESIAN_POINT('Ctrl Pts',(116.330153763424,5.41617076172787,0.));
#19976=CARTESIAN_POINT('Ctrl Pts',(116.330153763424,5.41617076172787,0.8));
#19977=CARTESIAN_POINT('Ctrl Pts',(116.037677722876,5.47303765253639,0.));
#19978=CARTESIAN_POINT('Ctrl Pts',(116.037677722876,5.47303765253639,0.8));
#19979=CARTESIAN_POINT('Ctrl Pts',(115.780082578853,5.62014528459601,0.));
#19980=CARTESIAN_POINT('Ctrl Pts',(115.780082578853,5.62014528459601,0.8));
#19981=CARTESIAN_POINT('Ctrl Pts',(115.683490931988,5.67530691623688,0.));
#19982=CARTESIAN_POINT('Ctrl Pts',(115.683490931988,5.67530691623688,0.8));
#19983=CARTESIAN_POINT('',(116.512958705425,5.38062751293182,0.));
#19984=CARTESIAN_POINT('Ctrl Pts',(115.683490931988,5.67530691623688,0.));
#19985=CARTESIAN_POINT('Ctrl Pts',(115.780082578853,5.62014528459601,0.));
#19986=CARTESIAN_POINT('Ctrl Pts',(116.037677722876,5.47303765253639,0.));
#19987=CARTESIAN_POINT('Ctrl Pts',(116.330153763424,5.41617076172787,0.));
#19988=CARTESIAN_POINT('Ctrl Pts',(116.512958705425,5.38062751293182,0.));
#19989=CARTESIAN_POINT('',(116.512958705425,5.38062751293182,0.8));
#19990=CARTESIAN_POINT('Ctrl Pts',(116.512958705425,5.38062751293182,0.8));
#19991=CARTESIAN_POINT('Ctrl Pts',(116.330153763424,5.41617076172787,0.8));
#19992=CARTESIAN_POINT('Ctrl Pts',(116.037677722876,5.47303765253639,0.8));
#19993=CARTESIAN_POINT('Ctrl Pts',(115.780082578853,5.62014528459601,0.8));
#19994=CARTESIAN_POINT('Ctrl Pts',(115.683490931988,5.67530691623688,0.8));
#19995=CARTESIAN_POINT('',(116.512958705425,5.38062751293182,0.));
#19996=CARTESIAN_POINT('Ctrl Pts',(118.83492320776,4.67394292354584,0.));
#19997=CARTESIAN_POINT('Ctrl Pts',(118.83492320776,4.67394292354584,0.8));
#19998=CARTESIAN_POINT('Ctrl Pts',(118.526958019074,4.80001247935376,0.));
#19999=CARTESIAN_POINT('Ctrl Pts',(118.526958019074,4.80001247935376,0.8));
#20000=CARTESIAN_POINT('Ctrl Pts',(117.775708291321,5.10754632719854,0.));
#20001=CARTESIAN_POINT('Ctrl Pts',(117.775708291321,5.10754632719854,0.8));
#20002=CARTESIAN_POINT('Ctrl Pts',(116.981557542386,5.27928871428185,0.));
#20003=CARTESIAN_POINT('Ctrl Pts',(116.981557542386,5.27928871428185,0.8));
#20004=CARTESIAN_POINT('Ctrl Pts',(116.512958705425,5.38062751293182,0.));
#20005=CARTESIAN_POINT('Ctrl Pts',(116.512958705425,5.38062751293182,0.8));
#20006=CARTESIAN_POINT('',(118.83492320776,4.67394292354584,0.));
#20007=CARTESIAN_POINT('Ctrl Pts',(116.512958705425,5.38062751293182,0.));
#20008=CARTESIAN_POINT('Ctrl Pts',(116.981557542386,5.27928871428185,0.));
#20009=CARTESIAN_POINT('Ctrl Pts',(117.775708291321,5.10754632719854,0.));
#20010=CARTESIAN_POINT('Ctrl Pts',(118.526958019074,4.80001247935376,0.));
#20011=CARTESIAN_POINT('Ctrl Pts',(118.83492320776,4.67394292354584,0.));
#20012=CARTESIAN_POINT('',(118.83492320776,4.67394292354584,0.8));
#20013=CARTESIAN_POINT('Ctrl Pts',(118.83492320776,4.67394292354584,0.8));
#20014=CARTESIAN_POINT('Ctrl Pts',(118.526958019074,4.80001247935376,0.8));
#20015=CARTESIAN_POINT('Ctrl Pts',(117.775708291321,5.10754632719854,0.8));
#20016=CARTESIAN_POINT('Ctrl Pts',(116.981557542386,5.27928871428185,0.8));
#20017=CARTESIAN_POINT('Ctrl Pts',(116.512958705425,5.38062751293182,0.8));
#20018=CARTESIAN_POINT('',(118.83492320776,4.67394292354584,0.));
#20019=CARTESIAN_POINT('Ctrl Pts',(119.855386912823,3.78717601299286,0.));
#20020=CARTESIAN_POINT('Ctrl Pts',(119.855386912823,3.78717601299286,0.8));
#20021=CARTESIAN_POINT('Ctrl Pts',(119.726386618215,3.9597421223875,0.));
#20022=CARTESIAN_POINT('Ctrl Pts',(119.726386618215,3.9597421223875,0.8));
#20023=CARTESIAN_POINT('Ctrl Pts',(119.450841105767,4.32834451348052,0.));
#20024=CARTESIAN_POINT('Ctrl Pts',(119.450841105767,4.32834451348052,0.8));
#20025=CARTESIAN_POINT('Ctrl Pts',(119.048763067435,4.55395499049276,0.));
#20026=CARTESIAN_POINT('Ctrl Pts',(119.048763067435,4.55395499049276,0.8));
#20027=CARTESIAN_POINT('Ctrl Pts',(118.83492320776,4.67394292354584,0.));
#20028=CARTESIAN_POINT('Ctrl Pts',(118.83492320776,4.67394292354584,0.8));
#20029=CARTESIAN_POINT('',(119.855386912823,3.78717601299286,0.));
#20030=CARTESIAN_POINT('Ctrl Pts',(118.83492320776,4.67394292354584,0.));
#20031=CARTESIAN_POINT('Ctrl Pts',(119.048763067435,4.55395499049276,0.));
#20032=CARTESIAN_POINT('Ctrl Pts',(119.450841105767,4.32834451348052,0.));
#20033=CARTESIAN_POINT('Ctrl Pts',(119.726386618215,3.9597421223875,0.));
#20034=CARTESIAN_POINT('Ctrl Pts',(119.855386912823,3.78717601299286,0.));
#20035=CARTESIAN_POINT('',(119.855386912823,3.78717601299286,0.8));
#20036=CARTESIAN_POINT('Ctrl Pts',(119.855386912823,3.78717601299286,0.8));
#20037=CARTESIAN_POINT('Ctrl Pts',(119.726386618215,3.9597421223875,0.8));
#20038=CARTESIAN_POINT('Ctrl Pts',(119.450841105767,4.32834451348052,0.8));
#20039=CARTESIAN_POINT('Ctrl Pts',(119.048763067435,4.55395499049276,0.8));
#20040=CARTESIAN_POINT('Ctrl Pts',(118.83492320776,4.67394292354584,0.8));
#20041=CARTESIAN_POINT('',(119.855386912823,3.78717601299286,0.));
#20042=CARTESIAN_POINT('Ctrl Pts',(120.174622833729,2.60300159454346,0.));
#20043=CARTESIAN_POINT('Ctrl Pts',(120.174622833729,2.60300159454346,0.8));
#20044=CARTESIAN_POINT('Ctrl Pts',(120.162150786093,2.8146649213668,0.));
#20045=CARTESIAN_POINT('Ctrl Pts',(120.162150786093,2.8146649213668,0.8));
#20046=CARTESIAN_POINT('Ctrl Pts',(120.137580998271,3.23163919709927,0.));
#20047=CARTESIAN_POINT('Ctrl Pts',(120.137580998271,3.23163919709927,0.8));
#20048=CARTESIAN_POINT('Ctrl Pts',(119.948491381908,3.6038874078508,0.));
#20049=CARTESIAN_POINT('Ctrl Pts',(119.948491381908,3.6038874078508,0.8));
#20050=CARTESIAN_POINT('Ctrl Pts',(119.855386912823,3.78717601299286,0.));
#20051=CARTESIAN_POINT('Ctrl Pts',(119.855386912823,3.78717601299286,0.8));
#20052=CARTESIAN_POINT('',(120.174622833729,2.60300159454346,0.));
#20053=CARTESIAN_POINT('Ctrl Pts',(119.855386912823,3.78717601299286,0.));
#20054=CARTESIAN_POINT('Ctrl Pts',(119.948491381908,3.6038874078508,0.));
#20055=CARTESIAN_POINT('Ctrl Pts',(120.137580998271,3.23163919709927,0.));
#20056=CARTESIAN_POINT('Ctrl Pts',(120.162150786093,2.8146649213668,0.));
#20057=CARTESIAN_POINT('Ctrl Pts',(120.174622833729,2.60300159454346,0.));
#20058=CARTESIAN_POINT('',(120.174622833729,2.60300159454346,0.8));
#20059=CARTESIAN_POINT('Ctrl Pts',(120.174622833729,2.60300159454346,0.8));
#20060=CARTESIAN_POINT('Ctrl Pts',(120.162150786093,2.8146649213668,0.8));
#20061=CARTESIAN_POINT('Ctrl Pts',(120.137580998271,3.23163919709927,0.8));
#20062=CARTESIAN_POINT('Ctrl Pts',(119.948491381908,3.6038874078508,0.8));
#20063=CARTESIAN_POINT('Ctrl Pts',(119.855386912823,3.78717601299286,0.8));
#20064=CARTESIAN_POINT('',(120.174622833729,2.60300159454346,0.));
#20065=CARTESIAN_POINT('Ctrl Pts',(119.748974740505,1.18417501449585,0.));
#20066=CARTESIAN_POINT('Ctrl Pts',(119.748974740505,1.18417501449585,0.8));
#20067=CARTESIAN_POINT('Ctrl Pts',(119.873122117229,1.40532808003001,0.));
#20068=CARTESIAN_POINT('Ctrl Pts',(119.873122117229,1.40532808003001,0.8));
#20069=CARTESIAN_POINT('Ctrl Pts',(120.120818245969,1.84656783585464,0.));
#20070=CARTESIAN_POINT('Ctrl Pts',(120.120818245969,1.84656783585464,0.8));
#20071=CARTESIAN_POINT('Ctrl Pts',(120.156716890738,2.35126358625454,0.));
#20072=CARTESIAN_POINT('Ctrl Pts',(120.156716890738,2.35126358625454,0.8));
#20073=CARTESIAN_POINT('Ctrl Pts',(120.174622833729,2.60300159454346,0.));
#20074=CARTESIAN_POINT('Ctrl Pts',(120.174622833729,2.60300159454346,0.8));
#20075=CARTESIAN_POINT('',(119.748974740505,1.18417501449585,0.));
#20076=CARTESIAN_POINT('Ctrl Pts',(120.174622833729,2.60300159454346,0.));
#20077=CARTESIAN_POINT('Ctrl Pts',(120.156716890738,2.35126358625454,0.));
#20078=CARTESIAN_POINT('Ctrl Pts',(120.120818245969,1.84656783585464,0.));
#20079=CARTESIAN_POINT('Ctrl Pts',(119.873122117229,1.40532808003001,0.));
#20080=CARTESIAN_POINT('Ctrl Pts',(119.748974740505,1.18417501449585,0.));
#20081=CARTESIAN_POINT('',(119.748974740505,1.18417501449585,0.8));
#20082=CARTESIAN_POINT('Ctrl Pts',(119.748974740505,1.18417501449585,0.8));
#20083=CARTESIAN_POINT('Ctrl Pts',(119.873122117229,1.40532808003001,0.8));
#20084=CARTESIAN_POINT('Ctrl Pts',(120.120818245969,1.84656783585464,0.8));
#20085=CARTESIAN_POINT('Ctrl Pts',(120.156716890738,2.35126358625454,0.8));
#20086=CARTESIAN_POINT('Ctrl Pts',(120.174622833729,2.60300159454346,0.8));
#20087=CARTESIAN_POINT('',(119.748974740505,1.18417501449585,0.));
#20088=CARTESIAN_POINT('Ctrl Pts',(118.559343516827,0.199182033538818,0.));
#20089=CARTESIAN_POINT('Ctrl Pts',(118.559343516827,0.199182033538818,0.8));
#20090=CARTESIAN_POINT('Ctrl Pts',(118.798484223358,0.321980129890291,0.));
#20091=CARTESIAN_POINT('Ctrl Pts',(118.798484223358,0.321980129890291,0.8));
#20092=CARTESIAN_POINT('Ctrl Pts',(119.267773144965,0.562958702916203,0.));
#20093=CARTESIAN_POINT('Ctrl Pts',(119.267773144965,0.562958702916203,0.8));
#20094=CARTESIAN_POINT('Ctrl Pts',(119.590636438895,0.979765185809449,0.));
#20095=CARTESIAN_POINT('Ctrl Pts',(119.590636438895,0.979765185809449,0.8));
#20096=CARTESIAN_POINT('Ctrl Pts',(119.748974740505,1.18417501449585,0.));
#20097=CARTESIAN_POINT('Ctrl Pts',(119.748974740505,1.18417501449585,0.8));
#20098=CARTESIAN_POINT('',(118.559343516827,0.199182033538818,0.));
#20099=CARTESIAN_POINT('Ctrl Pts',(119.748974740505,1.18417501449585,0.));
#20100=CARTESIAN_POINT('Ctrl Pts',(119.590636438895,0.979765185809449,0.));
#20101=CARTESIAN_POINT('Ctrl Pts',(119.267773144965,0.562958702916203,0.));
#20102=CARTESIAN_POINT('Ctrl Pts',(118.798484223358,0.321980129890291,0.));
#20103=CARTESIAN_POINT('Ctrl Pts',(118.559343516827,0.199182033538818,0.));
#20104=CARTESIAN_POINT('',(118.559343516827,0.199182033538818,0.8));
#20105=CARTESIAN_POINT('Ctrl Pts',(118.559343516827,0.199182033538818,0.8));
#20106=CARTESIAN_POINT('Ctrl Pts',(118.798484223358,0.321980129890291,0.8));
#20107=CARTESIAN_POINT('Ctrl Pts',(119.267773144965,0.562958702916203,0.8));
#20108=CARTESIAN_POINT('Ctrl Pts',(119.590636438895,0.979765185809449,0.8));
#20109=CARTESIAN_POINT('Ctrl Pts',(119.748974740505,1.18417501449585,0.8));
#20110=CARTESIAN_POINT('',(118.559343516827,0.199182033538818,0.));
#20111=CARTESIAN_POINT('Ctrl Pts',(116.633013188839,-0.136425495147705,
0.));
#20112=CARTESIAN_POINT('Ctrl Pts',(116.633013188839,-0.136425495147705,
0.8));
#20113=CARTESIAN_POINT('Ctrl Pts',(116.990815883506,-0.127839665053009,
0.));
#20114=CARTESIAN_POINT('Ctrl Pts',(116.990815883506,-0.127839665053009,
0.8));
#20115=CARTESIAN_POINT('Ctrl Pts',(117.650521056599,-0.112009385926601,
0.));
#20116=CARTESIAN_POINT('Ctrl Pts',(117.650521056599,-0.112009385926601,
0.8));
#20117=CARTESIAN_POINT('Ctrl Pts',(118.274013265182,0.101481624590358,0.));
#20118=CARTESIAN_POINT('Ctrl Pts',(118.274013265182,0.101481624590358,0.8));
#20119=CARTESIAN_POINT('Ctrl Pts',(118.559343516827,0.199182033538818,0.));
#20120=CARTESIAN_POINT('Ctrl Pts',(118.559343516827,0.199182033538818,0.8));
#20121=CARTESIAN_POINT('',(116.633013188839,-0.136425495147705,0.));
#20122=CARTESIAN_POINT('Ctrl Pts',(118.559343516827,0.199182033538818,0.));
#20123=CARTESIAN_POINT('Ctrl Pts',(118.274013265182,0.101481624590358,0.));
#20124=CARTESIAN_POINT('Ctrl Pts',(117.650521056599,-0.112009385926601,
0.));
#20125=CARTESIAN_POINT('Ctrl Pts',(116.990815883506,-0.127839665053009,
0.));
#20126=CARTESIAN_POINT('Ctrl Pts',(116.633013188839,-0.136425495147705,
0.));
#20127=CARTESIAN_POINT('',(116.633013188839,-0.136425495147705,0.8));
#20128=CARTESIAN_POINT('Ctrl Pts',(116.633013188839,-0.136425495147705,
0.8));
#20129=CARTESIAN_POINT('Ctrl Pts',(116.990815883506,-0.127839665053009,
0.8));
#20130=CARTESIAN_POINT('Ctrl Pts',(117.650521056599,-0.112009385926601,
0.8));
#20131=CARTESIAN_POINT('Ctrl Pts',(118.274013265182,0.101481624590358,0.8));
#20132=CARTESIAN_POINT('Ctrl Pts',(118.559343516827,0.199182033538818,0.8));
#20133=CARTESIAN_POINT('',(116.633013188839,-0.136425495147705,0.));
#20134=CARTESIAN_POINT('Ctrl Pts',(113.806273937225,0.649385452270508,0.));
#20135=CARTESIAN_POINT('Ctrl Pts',(113.806273937225,0.649385452270508,0.8));
#20136=CARTESIAN_POINT('Ctrl Pts',(114.163055436176,0.421709353416211,0.));
#20137=CARTESIAN_POINT('Ctrl Pts',(114.163055436176,0.421709353416211,0.8));
#20138=CARTESIAN_POINT('Ctrl Pts',(115.016951752875,-0.123194972576672,
0.));
#20139=CARTESIAN_POINT('Ctrl Pts',(115.016951752875,-0.123194972576672,
0.8));
#20140=CARTESIAN_POINT('Ctrl Pts',(116.038371097648,-0.131557223784928,
0.));
#20141=CARTESIAN_POINT('Ctrl Pts',(116.038371097648,-0.131557223784928,
0.8));
#20142=CARTESIAN_POINT('Ctrl Pts',(116.633013188839,-0.136425495147705,
0.));
#20143=CARTESIAN_POINT('Ctrl Pts',(116.633013188839,-0.136425495147705,
0.8));
#20144=CARTESIAN_POINT('',(113.806273937225,0.649385452270508,0.));
#20145=CARTESIAN_POINT('Ctrl Pts',(116.633013188839,-0.136425495147705,
0.));
#20146=CARTESIAN_POINT('Ctrl Pts',(116.038371097648,-0.131557223784928,
0.));
#20147=CARTESIAN_POINT('Ctrl Pts',(115.016951752875,-0.123194972576672,
0.));
#20148=CARTESIAN_POINT('Ctrl Pts',(114.163055436176,0.421709353416211,0.));
#20149=CARTESIAN_POINT('Ctrl Pts',(113.806273937225,0.649385452270508,0.));
#20150=CARTESIAN_POINT('',(113.806273937225,0.649385452270508,0.8));
#20151=CARTESIAN_POINT('Ctrl Pts',(113.806273937225,0.649385452270508,0.8));
#20152=CARTESIAN_POINT('Ctrl Pts',(114.163055436176,0.421709353416211,0.8));
#20153=CARTESIAN_POINT('Ctrl Pts',(115.016951752875,-0.123194972576672,
0.8));
#20154=CARTESIAN_POINT('Ctrl Pts',(116.038371097648,-0.131557223784928,
0.8));
#20155=CARTESIAN_POINT('Ctrl Pts',(116.633013188839,-0.136425495147705,
0.8));
#20156=CARTESIAN_POINT('',(113.806273937225,0.649385452270508,0.));
#20157=CARTESIAN_POINT('Ctrl Pts',(112.916778773069,2.6466578245163,0.));
#20158=CARTESIAN_POINT('Ctrl Pts',(112.916778773069,2.6466578245163,0.8));
#20159=CARTESIAN_POINT('Ctrl Pts',(112.976407273458,2.2639852690257,0.));
#20160=CARTESIAN_POINT('Ctrl Pts',(112.976407273458,2.2639852690257,0.8));
#20161=CARTESIAN_POINT('Ctrl Pts',(113.092796512003,1.51704434220801,0.));
#20162=CARTESIAN_POINT('Ctrl Pts',(113.092796512003,1.51704434220801,0.8));
#20163=CARTESIAN_POINT('Ctrl Pts',(113.572387071719,0.933814939346154,0.));
#20164=CARTESIAN_POINT('Ctrl Pts',(113.572387071719,0.933814939346154,0.8));
#20165=CARTESIAN_POINT('Ctrl Pts',(113.806273937225,0.649385452270508,0.));
#20166=CARTESIAN_POINT('Ctrl Pts',(113.806273937225,0.649385452270508,0.8));
#20167=CARTESIAN_POINT('Ctrl Pts',(113.806273937225,0.649385452270508,0.));
#20168=CARTESIAN_POINT('Ctrl Pts',(113.572387071719,0.933814939346154,0.));
#20169=CARTESIAN_POINT('Ctrl Pts',(113.092796512003,1.51704434220801,0.));
#20170=CARTESIAN_POINT('Ctrl Pts',(112.976407273458,2.2639852690257,0.));
#20171=CARTESIAN_POINT('Ctrl Pts',(112.916778773069,2.6466578245163,0.));
#20172=CARTESIAN_POINT('Ctrl Pts',(112.916778773069,2.6466578245163,0.8));
#20173=CARTESIAN_POINT('Ctrl Pts',(112.976407273458,2.2639852690257,0.8));
#20174=CARTESIAN_POINT('Ctrl Pts',(113.092796512003,1.51704434220801,0.8));
#20175=CARTESIAN_POINT('Ctrl Pts',(113.572387071719,0.933814939346154,0.8));
#20176=CARTESIAN_POINT('Ctrl Pts',(113.806273937225,0.649385452270508,0.8));
#20177=CARTESIAN_POINT('Origin',(116.545700803399,4.00000005960464,0.8));
#20178=CARTESIAN_POINT('Origin',(116.545700803399,4.00000005960464,0.));
#20179=CARTESIAN_POINT('Origin',(129.174622833729,12.636425614357,-3.));
#20180=CARTESIAN_POINT('',(129.174622833729,12.636425614357,-3.));
#20181=CARTESIAN_POINT('',(-9.08731048554182,12.636425614357,-3.));
#20182=CARTESIAN_POINT('',(129.174622833729,12.636425614357,-3.));
#20183=CARTESIAN_POINT('',(-9.08731048554182,12.636425614357,0.));
#20184=CARTESIAN_POINT('',(-9.08731048554182,12.636425614357,-3.));
#20185=CARTESIAN_POINT('',(129.174622833729,12.636425614357,0.));
#20186=CARTESIAN_POINT('',(129.174622833729,12.636425614357,0.));
#20187=CARTESIAN_POINT('',(129.174622833729,12.636425614357,-3.));
#20188=CARTESIAN_POINT('Origin',(129.174622833729,-4.63642549514771,-3.));
#20189=CARTESIAN_POINT('',(129.174622833729,-4.63642549514771,-3.));
#20190=CARTESIAN_POINT('',(129.174622833729,-4.63642549514771,-3.));
#20191=CARTESIAN_POINT('',(129.174622833729,-4.63642549514771,0.));
#20192=CARTESIAN_POINT('',(129.174622833729,-4.63642549514771,0.));
#20193=CARTESIAN_POINT('',(129.174622833729,-4.63642549514771,-3.));
#20194=CARTESIAN_POINT('Origin',(-9.08731048554182,-4.63642549514771,-3.));
#20195=CARTESIAN_POINT('',(-9.08731048554182,-4.63642549514771,-3.));
#20196=CARTESIAN_POINT('',(-9.08731048554182,-4.63642549514771,-3.));
#20197=CARTESIAN_POINT('',(-9.08731048554182,-4.63642549514771,0.));
#20198=CARTESIAN_POINT('',(-9.08731048554182,-4.63642549514771,0.));
#20199=CARTESIAN_POINT('',(-9.08731048554182,-4.63642549514771,-3.));
#20200=CARTESIAN_POINT('Origin',(-9.08731048554182,12.636425614357,-3.));
#20201=CARTESIAN_POINT('',(-9.08731048554182,12.636425614357,-3.));
#20202=CARTESIAN_POINT('',(-9.08731048554182,12.636425614357,0.));
#20203=CARTESIAN_POINT('Origin',(60.0436561740935,4.00000005960464,0.));
#20204=CARTESIAN_POINT('Origin',(60.0436561740935,4.00000005960464,-3.));
#20205=CARTESIAN_POINT('',(0.,0.,0.));
#20206=CARTESIAN_POINT('',(216.,0.,0.));
#20207=CARTESIAN_POINT('',(14.5,20.,15.));
#20208=CARTESIAN_POINT('',(81.3,23.4136023449726,18.1792010050322));
#20209=CARTESIAN_POINT('',(8.,138.,8.));
#20210=CARTESIAN_POINT('',(14.5,20.,90.));
#20211=CARTESIAN_POINT('',(14.5,20.,165.));
#20212=CARTESIAN_POINT('',(147.3,23.4136023449726,18.1792010050322));
#20213=CARTESIAN_POINT('',(81.3,23.4136023449726,93.1792010050322));
#20214=CARTESIAN_POINT('',(147.3,23.4136023449726,93.1792010050322));
#20215=CARTESIAN_POINT('',(81.3,23.4136023449726,168.179201005032));
#20216=CARTESIAN_POINT('',(147.3,23.4136023449726,168.179201005032));
#20217=CARTESIAN_POINT('',(8.,138.,220.));
#20218=CARTESIAN_POINT('',(54.9563438259065,15.0620316796631,173.802111405276));
#20219=UNCERTAINTY_MEASURE_WITH_UNIT(LENGTH_MEASURE(0.01),#20235,
'DISTANCE_ACCURACY_VALUE',
'Maximum model space distance between geometric entities at asserted c
onnectivities');
#20220=UNCERTAINTY_MEASURE_WITH_UNIT(LENGTH_MEASURE(0.01),#20235,
'DISTANCE_ACCURACY_VALUE',
'Maximum model space distance between geometric entities at asserted c
onnectivities');
#20221=UNCERTAINTY_MEASURE_WITH_UNIT(LENGTH_MEASURE(0.01),#20235,
'DISTANCE_ACCURACY_VALUE',
'Maximum model space distance between geometric entities at asserted c
onnectivities');
#20222=UNCERTAINTY_MEASURE_WITH_UNIT(LENGTH_MEASURE(0.01),#20235,
'DISTANCE_ACCURACY_VALUE',
'Maximum model space distance between geometric entities at asserted c
onnectivities');
#20223=UNCERTAINTY_MEASURE_WITH_UNIT(LENGTH_MEASURE(0.01),#20235,
'DISTANCE_ACCURACY_VALUE',
'Maximum model space distance between geometric entities at asserted c
onnectivities');
#20224=UNCERTAINTY_MEASURE_WITH_UNIT(LENGTH_MEASURE(0.01),#20235,
'DISTANCE_ACCURACY_VALUE',
'Maximum model space distance between geometric entities at asserted c
onnectivities');
#20225=UNCERTAINTY_MEASURE_WITH_UNIT(LENGTH_MEASURE(0.01),#20235,
'DISTANCE_ACCURACY_VALUE',
'Maximum model space distance between geometric entities at asserted c
onnectivities');
#20226=UNCERTAINTY_MEASURE_WITH_UNIT(LENGTH_MEASURE(0.01),#20235,
'DISTANCE_ACCURACY_VALUE',
'Maximum model space distance between geometric entities at asserted c
onnectivities');
#20227=(
GEOMETRIC_REPRESENTATION_CONTEXT(3)
GLOBAL_UNCERTAINTY_ASSIGNED_CONTEXT((#20219))
GLOBAL_UNIT_ASSIGNED_CONTEXT((#20235,#20237,#20238))
REPRESENTATION_CONTEXT('','3D')
);
#20228=(
GEOMETRIC_REPRESENTATION_CONTEXT(3)
GLOBAL_UNCERTAINTY_ASSIGNED_CONTEXT((#20220))
GLOBAL_UNIT_ASSIGNED_CONTEXT((#20235,#20237,#20238))
REPRESENTATION_CONTEXT('','3D')
);
#20229=(
GEOMETRIC_REPRESENTATION_CONTEXT(3)
GLOBAL_UNCERTAINTY_ASSIGNED_CONTEXT((#20221))
GLOBAL_UNIT_ASSIGNED_CONTEXT((#20235,#20237,#20238))
REPRESENTATION_CONTEXT('','3D')
);
#20230=(
GEOMETRIC_REPRESENTATION_CONTEXT(3)
GLOBAL_UNCERTAINTY_ASSIGNED_CONTEXT((#20222))
GLOBAL_UNIT_ASSIGNED_CONTEXT((#20235,#20237,#20238))
REPRESENTATION_CONTEXT('','3D')
);
#20231=(
GEOMETRIC_REPRESENTATION_CONTEXT(3)
GLOBAL_UNCERTAINTY_ASSIGNED_CONTEXT((#20223))
GLOBAL_UNIT_ASSIGNED_CONTEXT((#20235,#20237,#20238))
REPRESENTATION_CONTEXT('','3D')
);
#20232=(
GEOMETRIC_REPRESENTATION_CONTEXT(3)
GLOBAL_UNCERTAINTY_ASSIGNED_CONTEXT((#20224))
GLOBAL_UNIT_ASSIGNED_CONTEXT((#20235,#20237,#20238))
REPRESENTATION_CONTEXT('','3D')
);
#20233=(
GEOMETRIC_REPRESENTATION_CONTEXT(3)
GLOBAL_UNCERTAINTY_ASSIGNED_CONTEXT((#20225))
GLOBAL_UNIT_ASSIGNED_CONTEXT((#20235,#20237,#20238))
REPRESENTATION_CONTEXT('','3D')
);
#20234=(
GEOMETRIC_REPRESENTATION_CONTEXT(3)
GLOBAL_UNCERTAINTY_ASSIGNED_CONTEXT((#20226))
GLOBAL_UNIT_ASSIGNED_CONTEXT((#20235,#20237,#20238))
REPRESENTATION_CONTEXT('','3D')
);
#20235=(
LENGTH_UNIT()
NAMED_UNIT(*)
SI_UNIT(.MILLI.,.METRE.)
);
#20236=(
LENGTH_UNIT()
NAMED_UNIT(*)
SI_UNIT($,.METRE.)
);
#20237=(
NAMED_UNIT(*)
PLANE_ANGLE_UNIT()
SI_UNIT($,.RADIAN.)
);
#20238=(
NAMED_UNIT(*)
SI_UNIT($,.STERADIAN.)
SOLID_ANGLE_UNIT()
);
#20239=SHAPE_DEFINITION_REPRESENTATION(#20246,#20267);
#20240=SHAPE_DEFINITION_REPRESENTATION(#20247,#20268);
#20241=SHAPE_DEFINITION_REPRESENTATION(#20248,#20269);
#20242=SHAPE_DEFINITION_REPRESENTATION(#20249,#20270);
#20243=SHAPE_DEFINITION_REPRESENTATION(#20250,#20271);
#20244=SHAPE_DEFINITION_REPRESENTATION(#20251,#20272);
#20245=SHAPE_DEFINITION_REPRESENTATION(#20252,#20273);
#20246=PRODUCT_DEFINITION_SHAPE('',$,#20275);
#20247=PRODUCT_DEFINITION_SHAPE('',$,#20276);
#20248=PRODUCT_DEFINITION_SHAPE('',$,#20277);
#20249=PRODUCT_DEFINITION_SHAPE('',$,#20278);
#20250=PRODUCT_DEFINITION_SHAPE('',$,#20279);
#20251=PRODUCT_DEFINITION_SHAPE('',$,#20280);
#20252=PRODUCT_DEFINITION_SHAPE('',$,#20281);
#20253=PRODUCT_DEFINITION_SHAPE($,$,#53);
#20254=PRODUCT_DEFINITION_SHAPE($,$,#54);
#20255=PRODUCT_DEFINITION_SHAPE($,$,#55);
#20256=PRODUCT_DEFINITION_SHAPE($,$,#56);
#20257=PRODUCT_DEFINITION_SHAPE($,$,#57);
#20258=PRODUCT_DEFINITION_SHAPE($,$,#58);
#20259=PRODUCT_DEFINITION_SHAPE($,$,#59);
#20260=PRODUCT_DEFINITION_SHAPE($,$,#60);
#20261=PRODUCT_DEFINITION_SHAPE($,$,#61);
#20262=PRODUCT_DEFINITION_SHAPE($,$,#62);
#20263=PRODUCT_DEFINITION_SHAPE($,$,#63);
#20264=PRODUCT_DEFINITION_SHAPE($,$,#64);
#20265=PRODUCT_DEFINITION_SHAPE($,$,#65);
#20266=PRODUCT_DEFINITION_SHAPE($,$,#66);
#20267=SHAPE_REPRESENTATION('',(#12173,#12702,#12703,#12704,#12705,#12706,
#12707,#12708,#12709,#12710,#12711,#12712,#12713,#12714,#12715),#20227);
#20268=SHAPE_REPRESENTATION('',(#12174),#20228);
#20269=SHAPE_REPRESENTATION('',(#12301),#20229);
#20270=SHAPE_REPRESENTATION('',(#12428),#20230);
#20271=SHAPE_REPRESENTATION('',(#12527),#20231);
#20272=SHAPE_REPRESENTATION('',(#12534),#20232);
#20273=SHAPE_REPRESENTATION('',(#12551),#20233);
#20274=PRODUCT_DEFINITION_CONTEXT('part definition',#20297,'design');
#20275=PRODUCT_DEFINITION('2026-08-18-20-37-00-416','(Unsaved)',#20282,
#20274);
#20276=PRODUCT_DEFINITION('2026-08-18-20-37-01-764',
'\X2\0411043E043A043E04320438043D0430\X0\ \X2\043B043504320430044F\X0\',
#20283,#20274);
#20277=PRODUCT_DEFINITION('2026-08-18-20-37-02-223',
'\X2\0411043E043A043E04320438043D0430\X0\ \X2\043F0440043004320430044F\X0\',
#20284,#20274);
#20278=PRODUCT_DEFINITION('2026-08-18-20-37-02-777','\X2\041B043E0442043E043A\X0\',
#20285,#20274);
#20279=PRODUCT_DEFINITION('2026-08-18-20-37-04-320',
'\X2\041F0435044004350433043E0440043E0434043A0430\X0\',#20286,#20274);
#20280=PRODUCT_DEFINITION('2026-08-18-20-37-04-392','\X2\042804420430043D04330430\X0\',
#20287,#20274);
#20281=PRODUCT_DEFINITION('2026-08-18-20-37-03-892',
'\X2\041F043B0430043D043A0430\X0\ \X2\043B043E0433043E04420438043F0430\X0\',
#20288,#20274);
#20282=PRODUCT_DEFINITION_FORMATION('',$,#20299);
#20283=PRODUCT_DEFINITION_FORMATION('',$,#20300);
#20284=PRODUCT_DEFINITION_FORMATION('',$,#20301);
#20285=PRODUCT_DEFINITION_FORMATION('',$,#20302);
#20286=PRODUCT_DEFINITION_FORMATION('',$,#20303);
#20287=PRODUCT_DEFINITION_FORMATION('',$,#20304);
#20288=PRODUCT_DEFINITION_FORMATION('',$,#20305);
#20289=PRODUCT_RELATED_PRODUCT_CATEGORY('(Unsaved)','(Unsaved)',(#20299));
#20290=PRODUCT_RELATED_PRODUCT_CATEGORY('\X2\0411043E043A043E04320438043D0430\X0\ 
\X2\043B043504320430044F\X0\','\X2\0411043E043A043E04320438043D0430\X0\ 
\X2\043B043504320430044F\X0\',(#20300));
#20291=PRODUCT_RELATED_PRODUCT_CATEGORY('\X2\0411043E043A043E04320438043D0430\X0\ 
\X2\043F0440043004320430044F\X0\','\X2\0411043E043A043E04320438043D0430\X0\ 
\X2\043F0440043004320430044F\X0\',(#20301));
#20292=PRODUCT_RELATED_PRODUCT_CATEGORY('\X2\041B043E0442043E043A\X0\',
'\X2\041B043E0442043E043A\X0\',(#20302));
#20293=PRODUCT_RELATED_PRODUCT_CATEGORY('\X2\041F0435044004350433043E0440043E0434043A0430\X0\',
'\X2\041F0435044004350433043E0440043E0434043A0430\X0\',(#20303));
#20294=PRODUCT_RELATED_PRODUCT_CATEGORY('\X2\042804420430043D04330430\X0\',
'\X2\042804420430043D04330430\X0\',(#20304));
#20295=PRODUCT_RELATED_PRODUCT_CATEGORY('\X2\041F043B0430043D043A0430\X0\ 
\X2\043B043E0433043E04420438043F0430\X0\',
'\X2\041F043B0430043D043A0430\X0\ \X2\043B043E0433043E04420438043F0430\X0\',
(#20305));
#20296=APPLICATION_PROTOCOL_DEFINITION('international standard',
'automotive_design',2009,#20297);
#20297=APPLICATION_CONTEXT(
'Core Data for Automotive Mechanical Design Process');
#20298=PRODUCT_CONTEXT('part definition',#20297,'mechanical');
#20299=PRODUCT('2026-08-18-20-37-00-416','(Unsaved)',$,(#20298));
#20300=PRODUCT('2026-08-18-20-37-01-764','\X2\0411043E043A043E04320438043D0430\X0\ 
\X2\043B043504320430044F\X0\',$,(#20298));
#20301=PRODUCT('2026-08-18-20-37-02-223',
'\X2\0411043E043A043E04320438043D0430\X0\ \X2\043F0440043004320430044F\X0\',
$,(#20298));
#20302=PRODUCT('2026-08-18-20-37-02-777','\X2\041B043E0442043E043A\X0\',
$,(#20298));
#20303=PRODUCT('2026-08-18-20-37-04-320','\X2\041F0435044004350433043E0440043E0434043A0430\X0\',
$,(#20298));
#20304=PRODUCT('2026-08-18-20-37-04-392','\X2\042804420430043D04330430\X0\',
$,(#20298));
#20305=PRODUCT('2026-08-18-20-37-03-892',
'\X2\041F043B0430043D043A0430\X0\ \X2\043B043E0433043E04420438043F0430\X0\',
$,(#20298));
#20306=PRESENTATION_STYLE_ASSIGNMENT((#20310));
#20307=PRESENTATION_STYLE_ASSIGNMENT((#20311));
#20308=PRESENTATION_STYLE_ASSIGNMENT((#20312));
#20309=PRESENTATION_STYLE_ASSIGNMENT((#20313));
#20310=SURFACE_STYLE_USAGE(.BOTH.,#20314);
#20311=SURFACE_STYLE_USAGE(.BOTH.,#20315);
#20312=SURFACE_STYLE_USAGE(.BOTH.,#20316);
#20313=SURFACE_STYLE_USAGE(.BOTH.,#20317);
#20314=SURFACE_SIDE_STYLE('',(#20318));
#20315=SURFACE_SIDE_STYLE('',(#20319));
#20316=SURFACE_SIDE_STYLE('',(#20320));
#20317=SURFACE_SIDE_STYLE('',(#20321));
#20318=SURFACE_STYLE_FILL_AREA(#20322);
#20319=SURFACE_STYLE_FILL_AREA(#20323);
#20320=SURFACE_STYLE_FILL_AREA(#20324);
#20321=SURFACE_STYLE_FILL_AREA(#20325);
#20322=FILL_AREA_STYLE('Steel - Satin',(#20326));
#20323=FILL_AREA_STYLE('gv_orange',(#20327));
#20324=FILL_AREA_STYLE('gv_graphite',(#20328));
#20325=FILL_AREA_STYLE('gv_white',(#20329));
#20326=FILL_AREA_STYLE_COLOUR('Steel - Satin',#20330);
#20327=FILL_AREA_STYLE_COLOUR('gv_orange',#20331);
#20328=FILL_AREA_STYLE_COLOUR('gv_graphite',#20332);
#20329=FILL_AREA_STYLE_COLOUR('gv_white',#20333);
#20330=COLOUR_RGB('Steel - Satin',0.627450980392157,0.627450980392157,0.627450980392157);
#20331=COLOUR_RGB('gv_orange',0.909803921568627,0.447058823529412,0.109803921568627);
#20332=COLOUR_RGB('gv_graphite',0.243137254901961,0.254901960784314,0.266666666666667);
#20333=COLOUR_RGB('gv_white',0.933333333333333,0.925490196078431,0.901960784313726);
ENDSEC;
END-ISO-10303-21;
