ISO-10303-21;
HEADER;
/* Generated by software containing ST-Developer
 * from STEP Tools, Inc. (www.steptools.com) 
 */

FILE_DESCRIPTION(
/* description */ (''),
/* implementation_level */ '2;1');

FILE_NAME(
/* name */ 'binstack-print-full.step',
/* time_stamp */ '2026-08-18T16:56:04+03:00',
/* author */ (''),
/* organization */ (''),
/* preprocessor_version */ 'ST-DEVELOPER v20.1',
/* originating_system */ 'Autodesk Translation Framework v15.8.0.0',
/* authorisation */ '');

FILE_SCHEMA (('AUTOMOTIVE_DESIGN { 1 0 10303 214 3 1 1 }'));
ENDSEC;

DATA;
#10=MECHANICAL_DESIGN_GEOMETRIC_PRESENTATION_REPRESENTATION('',(#280,#281,
#282,#283,#284,#285,#286,#287,#288,#289,#290,#291,#292,#293,#294,#295,#296,
#297,#298,#299,#300,#301,#302,#303,#304,#305,#306,#307,#308,#309,#310,#311,
#312,#313,#314,#315,#316,#317,#318,#319,#320,#321,#322),#14932);
#11=SHAPE_REPRESENTATION_RELATIONSHIP('SRR','None',#14939,#12);
#12=ADVANCED_BREP_SHAPE_REPRESENTATION('',(#323,#324,#325,#326,#327,#328,
#329,#330,#331,#332,#333,#334,#335,#336,#337,#338,#339,#340,#341,#342,#343,
#344,#345,#346,#347,#348,#349,#350,#351,#352,#353,#354,#355,#356,#357,#358,
#359,#360,#361,#362,#363,#364,#365),#14931);
#13=B_SPLINE_SURFACE_WITH_KNOTS('',3,1,((#12273,#12274),(#12275,#12276),
(#12277,#12278),(#12279,#12280),(#12281,#12282)),.UNSPECIFIED.,.F.,.F.,
 .F.,(4,1,4),(2,2),(-0.192157051082936,-0.105822570363678,0.),(-0.3,0.3),
 .UNSPECIFIED.);
#14=B_SPLINE_SURFACE_WITH_KNOTS('',3,1,((#12290,#12291),(#12292,#12293),
(#12294,#12295),(#12296,#12297),(#12298,#12299)),.UNSPECIFIED.,.F.,.F.,
 .F.,(4,1,4),(2,2),(-0.177110347004114,-0.0825615936671849,0.),(-0.3,0.3),
 .UNSPECIFIED.);
#15=B_SPLINE_SURFACE_WITH_KNOTS('',3,1,((#12307,#12308),(#12309,#12310),
(#12311,#12312),(#12313,#12314),(#12315,#12316)),.UNSPECIFIED.,.F.,.F.,
 .F.,(4,1,4),(2,2),(-0.209142887352337,-0.113603263372807,0.),(-0.3,0.3),
 .UNSPECIFIED.);
#16=B_SPLINE_SURFACE_WITH_KNOTS('',3,1,((#12324,#12325),(#12326,#12327),
(#12328,#12329),(#12330,#12331),(#12332,#12333)),.UNSPECIFIED.,.F.,.F.,
 .F.,(4,1,4),(2,2),(-0.177687569441949,-0.087501314862249,0.),(-0.3,0.3),
 .UNSPECIFIED.);
#17=B_SPLINE_SURFACE_WITH_KNOTS('',3,1,((#12341,#12342),(#12343,#12344),
(#12345,#12346),(#12347,#12348),(#12349,#12350)),.UNSPECIFIED.,.F.,.F.,
 .F.,(4,1,4),(2,2),(-0.199115909714897,-0.0958886924093018,0.),(-0.3,0.3),
 .UNSPECIFIED.);
#18=B_SPLINE_SURFACE_WITH_KNOTS('',3,1,((#12358,#12359),(#12360,#12361),
(#12362,#12363),(#12364,#12365),(#12366,#12367)),.UNSPECIFIED.,.F.,.F.,
 .F.,(4,1,4),(2,2),(-0.206582287682685,-0.107786549078459,0.),(-0.3,0.3),
 .UNSPECIFIED.);
#19=B_SPLINE_SURFACE_WITH_KNOTS('',3,1,((#12375,#12376),(#12377,#12378),
(#12379,#12380),(#12381,#12382),(#12383,#12384)),.UNSPECIFIED.,.F.,.F.,
 .F.,(4,1,4),(2,2),(-0.191385398923403,-0.0946093145191308,0.),(-0.3,0.3),
 .UNSPECIFIED.);
#20=B_SPLINE_SURFACE_WITH_KNOTS('',3,1,((#12392,#12393),(#12394,#12395),
(#12396,#12397),(#12398,#12399),(#12400,#12401)),.UNSPECIFIED.,.F.,.F.,
 .F.,(4,1,4),(2,2),(-0.195593296456819,-0.0872292957990085,0.),(-0.3,0.3),
 .UNSPECIFIED.);
#21=B_SPLINE_SURFACE_WITH_KNOTS('',3,1,((#12409,#12410),(#12411,#12412),
(#12413,#12414),(#12415,#12416),(#12417,#12418)),.UNSPECIFIED.,.F.,.F.,
 .F.,(4,1,4),(2,2),(-0.175403813939265,-0.10154286352046,0.),(-0.3,0.3),
 .UNSPECIFIED.);
#22=B_SPLINE_SURFACE_WITH_KNOTS('',3,1,((#12426,#12427),(#12428,#12429),
(#12430,#12431),(#12432,#12433),(#12434,#12435)),.UNSPECIFIED.,.F.,.F.,
 .F.,(4,1,4),(2,2),(-0.116599522239997,-0.0590720162071202,0.),(-0.3,0.3),
 .UNSPECIFIED.);
#23=B_SPLINE_SURFACE_WITH_KNOTS('',3,1,((#12443,#12444),(#12445,#12446),
(#12447,#12448),(#12449,#12450),(#12451,#12452)),.UNSPECIFIED.,.F.,.F.,
 .F.,(4,1,4),(2,2),(-0.126425682567581,-0.0601076190960967,0.),(-0.3,0.3),
 .UNSPECIFIED.);
#24=B_SPLINE_SURFACE_WITH_KNOTS('',3,1,((#12464,#12465),(#12466,#12467),
(#12468,#12469),(#12470,#12471),(#12472,#12473)),.UNSPECIFIED.,.F.,.F.,
 .F.,(4,1,4),(2,2),(-0.0758143314940358,-0.0390512768058392,0.),(-0.3,0.3),
 .UNSPECIFIED.);
#25=B_SPLINE_SURFACE_WITH_KNOTS('',3,1,((#12481,#12482),(#12483,#12484),
(#12485,#12486),(#12487,#12488),(#12489,#12490)),.UNSPECIFIED.,.F.,.F.,
 .F.,(4,1,4),(2,2),(-0.0822432083854466,-0.0384160926078315,0.),(-0.3,0.3),
 .UNSPECIFIED.);
#26=B_SPLINE_SURFACE_WITH_KNOTS('',3,1,((#12498,#12499),(#12500,#12501),
(#12502,#12503),(#12504,#12505),(#12506,#12507)),.UNSPECIFIED.,.F.,.F.,
 .F.,(4,1,4),(2,2),(-0.126929947168386,-0.0651069501975911,0.),(-0.3,0.3),
 .UNSPECIFIED.);
#27=B_SPLINE_SURFACE_WITH_KNOTS('',3,1,((#12515,#12516),(#12517,#12518),
(#12519,#12520),(#12521,#12522),(#12523,#12524)),.UNSPECIFIED.,.F.,.F.,
 .F.,(4,1,4),(2,2),(-0.164416694228039,-0.0712424901326871,0.),(-0.3,0.3),
 .UNSPECIFIED.);
#28=B_SPLINE_SURFACE_WITH_KNOTS('',3,1,((#12532,#12533),(#12534,#12535),
(#12536,#12537),(#12538,#12539),(#12540,#12541)),.UNSPECIFIED.,.F.,.F.,
 .F.,(4,1,4),(2,2),(-0.170409726994329,-0.0979920941763235,0.),(-0.3,0.3),
 .UNSPECIFIED.);
#29=B_SPLINE_SURFACE_WITH_KNOTS('',3,1,((#12549,#12550),(#12551,#12552),
(#12553,#12554),(#12555,#12556),(#12557,#12558)),.UNSPECIFIED.,.F.,.F.,
 .F.,(4,1,4),(2,2),(-0.131919167184072,-0.0628547647414027,0.),(-0.3,0.3),
 .UNSPECIFIED.);
#30=B_SPLINE_SURFACE_WITH_KNOTS('',3,1,((#12566,#12567),(#12568,#12569),
(#12570,#12571),(#12572,#12573),(#12574,#12575)),.UNSPECIFIED.,.F.,.F.,
 .F.,(4,1,4),(2,2),(-0.0702396873078709,-0.035550720254279,0.),(-0.3,0.3),
 .UNSPECIFIED.);
#31=B_SPLINE_SURFACE_WITH_KNOTS('',3,1,((#12583,#12584),(#12585,#12586),
(#12587,#12588),(#12589,#12590),(#12591,#12592)),.UNSPECIFIED.,.F.,.F.,
 .F.,(4,1,4),(2,2),(-0.0836413129177599,-0.0380827462217375,0.),(-0.3,0.3),
 .UNSPECIFIED.);
#32=B_SPLINE_SURFACE_WITH_KNOTS('',3,1,((#12862,#12863),(#12864,#12865),
(#12866,#12867),(#12868,#12869),(#12870,#12871)),.UNSPECIFIED.,.F.,.F.,
 .F.,(4,1,4),(2,2),(-0.0581434057706606,-0.0218565538836846,0.),(-0.3,0.3),
 .UNSPECIFIED.);
#33=B_SPLINE_SURFACE_WITH_KNOTS('',3,1,((#12879,#12880),(#12881,#12882),
(#12883,#12884),(#12885,#12886),(#12887,#12888)),.UNSPECIFIED.,.F.,.F.,
 .F.,(4,1,4),(2,2),(-0.0421224363733815,-0.0209594272994355,0.),(-0.3,0.3),
 .UNSPECIFIED.);
#34=B_SPLINE_SURFACE_WITH_KNOTS('',3,1,((#12896,#12897),(#12898,#12899),
(#12900,#12901),(#12902,#12903),(#12904,#12905)),.UNSPECIFIED.,.F.,.F.,
 .F.,(4,1,4),(2,2),(-0.0434229422869257,-0.0215503502493145,0.),(-0.3,0.3),
 .UNSPECIFIED.);
#35=B_SPLINE_SURFACE_WITH_KNOTS('',3,1,((#12913,#12914),(#12915,#12916),
(#12917,#12918),(#12919,#12920),(#12921,#12922)),.UNSPECIFIED.,.F.,.F.,
 .F.,(4,1,4),(2,2),(-0.0577788635534054,-0.0304402660214632,0.),(-0.3,0.3),
 .UNSPECIFIED.);
#36=B_SPLINE_SURFACE_WITH_KNOTS('',3,1,((#12930,#12931),(#12932,#12933),
(#12934,#12935),(#12936,#12937),(#12938,#12939)),.UNSPECIFIED.,.F.,.F.,
 .F.,(4,1,4),(2,2),(-0.0837644402201231,-0.0337798719637741,0.),(-0.3,0.3),
 .UNSPECIFIED.);
#37=B_SPLINE_SURFACE_WITH_KNOTS('',3,1,((#12963,#12964),(#12965,#12966),
(#12967,#12968),(#12969,#12970),(#12971,#12972)),.UNSPECIFIED.,.F.,.F.,
 .F.,(4,1,4),(2,2),(-0.154648205085278,-0.0885593189505059,0.),(-0.3,0.3),
 .UNSPECIFIED.);
#38=B_SPLINE_SURFACE_WITH_KNOTS('',3,1,((#12980,#12981),(#12982,#12983),
(#12984,#12985),(#12986,#12987),(#12988,#12989)),.UNSPECIFIED.,.F.,.F.,
 .F.,(4,1,4),(2,2),(-0.108117203116845,-0.0537879954671373,0.),(-0.3,0.3),
 .UNSPECIFIED.);
#39=B_SPLINE_SURFACE_WITH_KNOTS('',3,1,((#12997,#12998),(#12999,#13000),
(#13001,#13002),(#13003,#13004),(#13005,#13006)),.UNSPECIFIED.,.F.,.F.,
 .F.,(4,1,4),(2,2),(-0.119389762701252,-0.0570835261106476,0.),(-0.3,0.3),
 .UNSPECIFIED.);
#40=B_SPLINE_SURFACE_WITH_KNOTS('',3,1,((#13014,#13015),(#13016,#13017),
(#13018,#13019),(#13020,#13021),(#13022,#13023)),.UNSPECIFIED.,.F.,.F.,
 .F.,(4,1,4),(2,2),(-0.10447791881866,-0.0546091373872862,0.),(-0.3,0.3),
 .UNSPECIFIED.);
#41=B_SPLINE_SURFACE_WITH_KNOTS('',3,1,((#13031,#13032),(#13033,#13034),
(#13035,#13036),(#13037,#13038),(#13039,#13040)),.UNSPECIFIED.,.F.,.F.,
 .F.,(4,1,4),(2,2),(-0.097530838814775,-0.0483124895321191,0.),(-0.3,0.3),
 .UNSPECIFIED.);
#42=B_SPLINE_SURFACE_WITH_KNOTS('',3,1,((#13048,#13049),(#13050,#13051),
(#13052,#13053),(#13054,#13055),(#13056,#13057)),.UNSPECIFIED.,.F.,.F.,
 .F.,(4,1,4),(2,2),(-0.0810973208914107,-0.0362261698731292,0.),(-0.3,0.3),
 .UNSPECIFIED.);
#43=B_SPLINE_SURFACE_WITH_KNOTS('',3,1,((#13065,#13066),(#13067,#13068),
(#13069,#13070),(#13071,#13072),(#13073,#13074)),.UNSPECIFIED.,.F.,.F.,
 .F.,(4,1,4),(2,2),(-0.0620963898082294,-0.0358065517082647,0.),(-0.3,0.3),
 .UNSPECIFIED.);
#44=B_SPLINE_SURFACE_WITH_KNOTS('',3,1,((#13082,#13083),(#13084,#13085),
(#13086,#13087),(#13088,#13089),(#13090,#13091)),.UNSPECIFIED.,.F.,.F.,
 .F.,(4,1,4),(2,2),(-0.050589825221477,-0.0198958912536929,0.),(-0.3,0.3),
 .UNSPECIFIED.);
#45=B_SPLINE_SURFACE_WITH_KNOTS('',3,1,((#13099,#13100),(#13101,#13102),
(#13103,#13104),(#13105,#13106),(#13107,#13108)),.UNSPECIFIED.,.F.,.F.,
 .F.,(4,1,4),(2,2),(-0.0530655073965933,-0.0313225301513458,0.),(-0.3,0.3),
 .UNSPECIFIED.);
#46=B_SPLINE_SURFACE_WITH_KNOTS('',3,1,((#13128,#13129),(#13130,#13131),
(#13132,#13133),(#13134,#13135),(#13136,#13137)),.UNSPECIFIED.,.F.,.F.,
 .F.,(4,1,4),(2,2),(-0.0670070015387126,-0.0400645564071477,0.),(-0.3,0.3),
 .UNSPECIFIED.);
#47=B_SPLINE_SURFACE_WITH_KNOTS('',3,1,((#13145,#13146),(#13147,#13148),
(#13149,#13150),(#13151,#13152),(#13153,#13154)),.UNSPECIFIED.,.F.,.F.,
 .F.,(4,1,4),(2,2),(-0.056106085363506,-0.0277614626410882,0.),(-0.3,0.3),
 .UNSPECIFIED.);
#48=B_SPLINE_SURFACE_WITH_KNOTS('',3,1,((#13584,#13585),(#13586,#13587),
(#13588,#13589),(#13590,#13591),(#13592,#13593)),.UNSPECIFIED.,.F.,.F.,
 .F.,(4,1,4),(2,2),(-0.0817902671571827,-0.0453183239543523,0.),(-0.3,0.3),
 .UNSPECIFIED.);
#49=B_SPLINE_SURFACE_WITH_KNOTS('',3,1,((#13601,#13602),(#13603,#13604),
(#13605,#13606),(#13607,#13608),(#13609,#13610)),.UNSPECIFIED.,.F.,.F.,
 .F.,(4,1,4),(2,2),(-0.107535104612006,-0.0516054563196206,0.),(-0.3,0.3),
 .UNSPECIFIED.);
#50=B_SPLINE_SURFACE_WITH_KNOTS('',3,1,((#13618,#13619),(#13620,#13621),
(#13622,#13623),(#13624,#13625),(#13626,#13627)),.UNSPECIFIED.,.F.,.F.,
 .F.,(4,1,4),(2,2),(-0.0758367452582785,-0.041362642494881,0.),(-0.3,0.3),
 .UNSPECIFIED.);
#51=B_SPLINE_SURFACE_WITH_KNOTS('',3,1,((#13635,#13636),(#13637,#13638),
(#13639,#13640),(#13641,#13642),(#13643,#13644)),.UNSPECIFIED.,.F.,.F.,
 .F.,(4,1,4),(2,2),(-0.0576999951868113,-0.0300616183186034,0.),(-0.3,0.3),
 .UNSPECIFIED.);
#52=B_SPLINE_SURFACE_WITH_KNOTS('',3,1,((#13652,#13653),(#13654,#13655),
(#13656,#13657),(#13658,#13659),(#13660,#13661)),.UNSPECIFIED.,.F.,.F.,
 .F.,(4,1,4),(2,2),(-0.0555510231604705,-0.0264662337173437,0.),(-0.3,0.3),
 .UNSPECIFIED.);
#53=B_SPLINE_SURFACE_WITH_KNOTS('',3,1,((#13669,#13670),(#13671,#13672),
(#13673,#13674),(#13675,#13676),(#13677,#13678)),.UNSPECIFIED.,.F.,.F.,
 .F.,(4,1,4),(2,2),(-0.118622355003707,-0.0448002882410286,0.),(-0.3,0.3),
 .UNSPECIFIED.);
#54=B_SPLINE_SURFACE_WITH_KNOTS('',3,1,((#13686,#13687),(#13688,#13689),
(#13690,#13691),(#13692,#13693),(#13694,#13695)),.UNSPECIFIED.,.F.,.F.,
 .F.,(4,1,4),(2,2),(-0.221515732093951,-0.127442889534654,0.),(-0.3,0.3),
 .UNSPECIFIED.);
#55=B_SPLINE_SURFACE_WITH_KNOTS('',3,1,((#13703,#13704),(#13705,#13706),
(#13707,#13708),(#13709,#13710),(#13711,#13712)),.UNSPECIFIED.,.F.,.F.,
 .F.,(4,1,4),(2,2),(-0.15212170907466,-0.0757314755853461,0.),(-0.3,0.3),
 .UNSPECIFIED.);
#56=B_SPLINE_SURFACE_WITH_KNOTS('',3,1,((#13720,#13721),(#13722,#13723),
(#13724,#13725),(#13726,#13727),(#13728,#13729)),.UNSPECIFIED.,.F.,.F.,
 .F.,(4,1,4),(2,2),(-0.107801973045519,-0.0530436242401176,0.),(-0.3,0.3),
 .UNSPECIFIED.);
#57=B_SPLINE_SURFACE_WITH_KNOTS('',3,1,((#13737,#13738),(#13739,#13740),
(#13741,#13742),(#13743,#13744),(#13745,#13746)),.UNSPECIFIED.,.F.,.F.,
 .F.,(4,1,4),(2,2),(-0.121901562477429,-0.0580480014516057,0.),(-0.3,0.3),
 .UNSPECIFIED.);
#58=B_SPLINE_SURFACE_WITH_KNOTS('',3,1,((#13754,#13755),(#13756,#13757),
(#13758,#13759),(#13760,#13761),(#13762,#13763)),.UNSPECIFIED.,.F.,.F.,
 .F.,(4,1,4),(2,2),(-0.175171825662436,-0.0772246776425646,0.),(-0.3,0.3),
 .UNSPECIFIED.);
#59=B_SPLINE_SURFACE_WITH_KNOTS('',3,1,((#13771,#13772),(#13773,#13774),
(#13775,#13776),(#13777,#13778),(#13779,#13780)),.UNSPECIFIED.,.F.,.F.,
 .F.,(4,1,4),(2,2),(-0.213019953977098,-0.118894637784236,0.),(-0.3,0.3),
 .UNSPECIFIED.);
#60=B_SPLINE_SURFACE_WITH_KNOTS('',3,1,((#13788,#13789),(#13790,#13791),
(#13792,#13793),(#13794,#13795),(#13796,#13797)),.UNSPECIFIED.,.F.,.F.,
 .F.,(4,1,4),(2,2),(-0.183729950173433,-0.0856319393686625,0.),(-0.3,0.3),
 .UNSPECIFIED.);
#61=B_SPLINE_SURFACE_WITH_KNOTS('',3,1,((#13809,#13810),(#13811,#13812),
(#13813,#13814),(#13815,#13816),(#13817,#13818)),.UNSPECIFIED.,.F.,.F.,
 .F.,(4,1,4),(2,2),(-0.0780014995619584,-0.0427236911113519,0.),(-0.3,0.3),
 .UNSPECIFIED.);
#62=B_SPLINE_SURFACE_WITH_KNOTS('',3,1,((#13826,#13827),(#13828,#13829),
(#13830,#13831),(#13832,#13833),(#13834,#13835)),.UNSPECIFIED.,.F.,.F.,
 .F.,(4,1,4),(2,2),(-0.0761547100712444,-0.0349182710070288,0.),(-0.3,0.3),
 .UNSPECIFIED.);
#63=B_SPLINE_SURFACE_WITH_KNOTS('',3,1,((#13843,#13844),(#13845,#13846),
(#13847,#13848),(#13849,#13850),(#13851,#13852)),.UNSPECIFIED.,.F.,.F.,
 .F.,(4,1,4),(2,2),(-0.0599197422820918,-0.0333070897902535,0.),(-0.3,0.3),
 .UNSPECIFIED.);
#64=B_SPLINE_SURFACE_WITH_KNOTS('',3,1,((#13860,#13861),(#13862,#13863),
(#13864,#13865),(#13866,#13867),(#13868,#13869)),.UNSPECIFIED.,.F.,.F.,
 .F.,(4,1,4),(2,2),(-0.0445111001806509,-0.0227911293340889,0.),(-0.3,0.3),
 .UNSPECIFIED.);
#65=B_SPLINE_SURFACE_WITH_KNOTS('',3,1,((#13877,#13878),(#13879,#13880),
(#13881,#13882),(#13883,#13884),(#13885,#13886)),.UNSPECIFIED.,.F.,.F.,
 .F.,(4,1,4),(2,2),(-0.0348364102328708,-0.0163579444392047,0.),(-0.3,0.3),
 .UNSPECIFIED.);
#66=B_SPLINE_SURFACE_WITH_KNOTS('',3,1,((#13894,#13895),(#13896,#13897),
(#13898,#13899),(#13900,#13901),(#13902,#13903)),.UNSPECIFIED.,.F.,.F.,
 .F.,(4,1,4),(2,2),(-0.0774573772651873,-0.0290445400717513,0.),(-0.3,0.3),
 .UNSPECIFIED.);
#67=B_SPLINE_SURFACE_WITH_KNOTS('',3,1,((#13911,#13912),(#13913,#13914),
(#13915,#13916),(#13917,#13918),(#13919,#13920)),.UNSPECIFIED.,.F.,.F.,
 .F.,(4,1,4),(2,2),(-0.212726582425192,-0.125522062266625,0.),(-0.3,0.3),
 .UNSPECIFIED.);
#68=B_SPLINE_SURFACE_WITH_KNOTS('',3,1,((#13928,#13929),(#13930,#13931),
(#13932,#13933),(#13934,#13935),(#13936,#13937)),.UNSPECIFIED.,.F.,.F.,
 .F.,(4,1,4),(2,2),(-0.11946269173459,-0.0635346612155728,0.),(-0.3,0.3),
 .UNSPECIFIED.);
#69=B_SPLINE_SURFACE_WITH_KNOTS('',3,1,((#13945,#13946),(#13947,#13948),
(#13949,#13950),(#13951,#13952),(#13953,#13954)),.UNSPECIFIED.,.F.,.F.,
 .F.,(4,1,4),(2,2),(-0.108346131883429,-0.0533477773295789,0.),(-0.3,0.3),
 .UNSPECIFIED.);
#70=B_SPLINE_SURFACE_WITH_KNOTS('',3,1,((#13962,#13963),(#13964,#13965),
(#13966,#13967),(#13968,#13969),(#13970,#13971)),.UNSPECIFIED.,.F.,.F.,
 .F.,(4,1,4),(2,2),(-0.131049419445192,-0.0653664420575822,0.),(-0.3,0.3),
 .UNSPECIFIED.);
#71=B_SPLINE_SURFACE_WITH_KNOTS('',3,1,((#13979,#13980),(#13981,#13982),
(#13983,#13984),(#13985,#13986),(#13987,#13988)),.UNSPECIFIED.,.F.,.F.,
 .F.,(4,1,4),(2,2),(-0.13661696447655,-0.0669995493179529,0.),(-0.3,0.3),
 .UNSPECIFIED.);
#72=B_SPLINE_SURFACE_WITH_KNOTS('',3,1,((#13996,#13997),(#13998,#13999),
(#14000,#14001),(#14002,#14003),(#14004,#14005)),.UNSPECIFIED.,.F.,.F.,
 .F.,(4,1,4),(2,2),(-0.1719874877852,-0.0787070334965217,0.),(-0.3,0.3),
 .UNSPECIFIED.);
#73=B_SPLINE_SURFACE_WITH_KNOTS('',3,1,((#14013,#14014),(#14015,#14016),
(#14017,#14018),(#14019,#14020),(#14021,#14022)),.UNSPECIFIED.,.F.,.F.,
 .F.,(4,1,4),(2,2),(-0.261262780233927,-0.152099986977604,0.),(-0.3,0.3),
 .UNSPECIFIED.);
#74=B_SPLINE_SURFACE_WITH_KNOTS('',3,1,((#14030,#14031),(#14032,#14033),
(#14034,#14035),(#14036,#14037),(#14038,#14039)),.UNSPECIFIED.,.F.,.F.,
 .F.,(4,1,4),(2,2),(-0.194457151582323,-0.0948329384075649,0.),(-0.3,0.3),
 .UNSPECIFIED.);
#75=B_SPLINE_SURFACE_WITH_KNOTS('',3,1,((#14219,#14220),(#14221,#14222),
(#14223,#14224),(#14225,#14226),(#14227,#14228)),.UNSPECIFIED.,.F.,.F.,
 .F.,(4,1,4),(2,2),(-0.0817902671571827,-0.0453183239543523,0.),(-0.3,0.3),
 .UNSPECIFIED.);
#76=B_SPLINE_SURFACE_WITH_KNOTS('',3,1,((#14236,#14237),(#14238,#14239),
(#14240,#14241),(#14242,#14243),(#14244,#14245)),.UNSPECIFIED.,.F.,.F.,
 .F.,(4,1,4),(2,2),(-0.107535104612006,-0.0516054563196206,0.),(-0.3,0.3),
 .UNSPECIFIED.);
#77=B_SPLINE_SURFACE_WITH_KNOTS('',3,1,((#14253,#14254),(#14255,#14256),
(#14257,#14258),(#14259,#14260),(#14261,#14262)),.UNSPECIFIED.,.F.,.F.,
 .F.,(4,1,4),(2,2),(-0.0758367452582785,-0.041362642494881,0.),(-0.3,0.3),
 .UNSPECIFIED.);
#78=B_SPLINE_SURFACE_WITH_KNOTS('',3,1,((#14270,#14271),(#14272,#14273),
(#14274,#14275),(#14276,#14277),(#14278,#14279)),.UNSPECIFIED.,.F.,.F.,
 .F.,(4,1,4),(2,2),(-0.0576999951868113,-0.0300616183186034,0.),(-0.3,0.3),
 .UNSPECIFIED.);
#79=B_SPLINE_SURFACE_WITH_KNOTS('',3,1,((#14287,#14288),(#14289,#14290),
(#14291,#14292),(#14293,#14294),(#14295,#14296)),.UNSPECIFIED.,.F.,.F.,
 .F.,(4,1,4),(2,2),(-0.0555510231604705,-0.0264662337173437,0.),(-0.3,0.3),
 .UNSPECIFIED.);
#80=B_SPLINE_SURFACE_WITH_KNOTS('',3,1,((#14304,#14305),(#14306,#14307),
(#14308,#14309),(#14310,#14311),(#14312,#14313)),.UNSPECIFIED.,.F.,.F.,
 .F.,(4,1,4),(2,2),(-0.118622355003707,-0.0448002882410286,0.),(-0.3,0.3),
 .UNSPECIFIED.);
#81=B_SPLINE_SURFACE_WITH_KNOTS('',3,1,((#14321,#14322),(#14323,#14324),
(#14325,#14326),(#14327,#14328),(#14329,#14330)),.UNSPECIFIED.,.F.,.F.,
 .F.,(4,1,4),(2,2),(-0.221515732093951,-0.127442889534654,0.),(-0.3,0.3),
 .UNSPECIFIED.);
#82=B_SPLINE_SURFACE_WITH_KNOTS('',3,1,((#14338,#14339),(#14340,#14341),
(#14342,#14343),(#14344,#14345),(#14346,#14347)),.UNSPECIFIED.,.F.,.F.,
 .F.,(4,1,4),(2,2),(-0.15212170907466,-0.0757314755853461,0.),(-0.3,0.3),
 .UNSPECIFIED.);
#83=B_SPLINE_SURFACE_WITH_KNOTS('',3,1,((#14355,#14356),(#14357,#14358),
(#14359,#14360),(#14361,#14362),(#14363,#14364)),.UNSPECIFIED.,.F.,.F.,
 .F.,(4,1,4),(2,2),(-0.107801973045519,-0.0530436242401176,0.),(-0.3,0.3),
 .UNSPECIFIED.);
#84=B_SPLINE_SURFACE_WITH_KNOTS('',3,1,((#14372,#14373),(#14374,#14375),
(#14376,#14377),(#14378,#14379),(#14380,#14381)),.UNSPECIFIED.,.F.,.F.,
 .F.,(4,1,4),(2,2),(-0.121901562477429,-0.0580480014516057,0.),(-0.3,0.3),
 .UNSPECIFIED.);
#85=B_SPLINE_SURFACE_WITH_KNOTS('',3,1,((#14389,#14390),(#14391,#14392),
(#14393,#14394),(#14395,#14396),(#14397,#14398)),.UNSPECIFIED.,.F.,.F.,
 .F.,(4,1,4),(2,2),(-0.175171825662436,-0.0772246776425646,0.),(-0.3,0.3),
 .UNSPECIFIED.);
#86=B_SPLINE_SURFACE_WITH_KNOTS('',3,1,((#14406,#14407),(#14408,#14409),
(#14410,#14411),(#14412,#14413),(#14414,#14415)),.UNSPECIFIED.,.F.,.F.,
 .F.,(4,1,4),(2,2),(-0.213019953977098,-0.118894637784236,0.),(-0.3,0.3),
 .UNSPECIFIED.);
#87=B_SPLINE_SURFACE_WITH_KNOTS('',3,1,((#14423,#14424),(#14425,#14426),
(#14427,#14428),(#14429,#14430),(#14431,#14432)),.UNSPECIFIED.,.F.,.F.,
 .F.,(4,1,4),(2,2),(-0.183729950173433,-0.0856319393686625,0.),(-0.3,0.3),
 .UNSPECIFIED.);
#88=B_SPLINE_SURFACE_WITH_KNOTS('',3,1,((#14444,#14445),(#14446,#14447),
(#14448,#14449),(#14450,#14451),(#14452,#14453)),.UNSPECIFIED.,.F.,.F.,
 .F.,(4,1,4),(2,2),(-0.0780014995619584,-0.0427236911113519,0.),(-0.3,0.3),
 .UNSPECIFIED.);
#89=B_SPLINE_SURFACE_WITH_KNOTS('',3,1,((#14461,#14462),(#14463,#14464),
(#14465,#14466),(#14467,#14468),(#14469,#14470)),.UNSPECIFIED.,.F.,.F.,
 .F.,(4,1,4),(2,2),(-0.0761547100712444,-0.0349182710070288,0.),(-0.3,0.3),
 .UNSPECIFIED.);
#90=B_SPLINE_SURFACE_WITH_KNOTS('',3,1,((#14478,#14479),(#14480,#14481),
(#14482,#14483),(#14484,#14485),(#14486,#14487)),.UNSPECIFIED.,.F.,.F.,
 .F.,(4,1,4),(2,2),(-0.0599197422820918,-0.0333070897902535,0.),(-0.3,0.3),
 .UNSPECIFIED.);
#91=B_SPLINE_SURFACE_WITH_KNOTS('',3,1,((#14495,#14496),(#14497,#14498),
(#14499,#14500),(#14501,#14502),(#14503,#14504)),.UNSPECIFIED.,.F.,.F.,
 .F.,(4,1,4),(2,2),(-0.0445111001806509,-0.0227911293340889,0.),(-0.3,0.3),
 .UNSPECIFIED.);
#92=B_SPLINE_SURFACE_WITH_KNOTS('',3,1,((#14512,#14513),(#14514,#14515),
(#14516,#14517),(#14518,#14519),(#14520,#14521)),.UNSPECIFIED.,.F.,.F.,
 .F.,(4,1,4),(2,2),(-0.0348364102328708,-0.0163579444392047,0.),(-0.3,0.3),
 .UNSPECIFIED.);
#93=B_SPLINE_SURFACE_WITH_KNOTS('',3,1,((#14529,#14530),(#14531,#14532),
(#14533,#14534),(#14535,#14536),(#14537,#14538)),.UNSPECIFIED.,.F.,.F.,
 .F.,(4,1,4),(2,2),(-0.0774573772651873,-0.0290445400717513,0.),(-0.3,0.3),
 .UNSPECIFIED.);
#94=B_SPLINE_SURFACE_WITH_KNOTS('',3,1,((#14546,#14547),(#14548,#14549),
(#14550,#14551),(#14552,#14553),(#14554,#14555)),.UNSPECIFIED.,.F.,.F.,
 .F.,(4,1,4),(2,2),(-0.212726582425192,-0.125522062266625,0.),(-0.3,0.3),
 .UNSPECIFIED.);
#95=B_SPLINE_SURFACE_WITH_KNOTS('',3,1,((#14563,#14564),(#14565,#14566),
(#14567,#14568),(#14569,#14570),(#14571,#14572)),.UNSPECIFIED.,.F.,.F.,
 .F.,(4,1,4),(2,2),(-0.11946269173459,-0.0635346612155728,0.),(-0.3,0.3),
 .UNSPECIFIED.);
#96=B_SPLINE_SURFACE_WITH_KNOTS('',3,1,((#14580,#14581),(#14582,#14583),
(#14584,#14585),(#14586,#14587),(#14588,#14589)),.UNSPECIFIED.,.F.,.F.,
 .F.,(4,1,4),(2,2),(-0.108346131883429,-0.0533477773295789,0.),(-0.3,0.3),
 .UNSPECIFIED.);
#97=B_SPLINE_SURFACE_WITH_KNOTS('',3,1,((#14597,#14598),(#14599,#14600),
(#14601,#14602),(#14603,#14604),(#14605,#14606)),.UNSPECIFIED.,.F.,.F.,
 .F.,(4,1,4),(2,2),(-0.131049419445192,-0.0653664420575822,0.),(-0.3,0.3),
 .UNSPECIFIED.);
#98=B_SPLINE_SURFACE_WITH_KNOTS('',3,1,((#14614,#14615),(#14616,#14617),
(#14618,#14619),(#14620,#14621),(#14622,#14623)),.UNSPECIFIED.,.F.,.F.,
 .F.,(4,1,4),(2,2),(-0.13661696447655,-0.0669995493179529,0.),(-0.3,0.3),
 .UNSPECIFIED.);
#99=B_SPLINE_SURFACE_WITH_KNOTS('',3,1,((#14631,#14632),(#14633,#14634),
(#14635,#14636),(#14637,#14638),(#14639,#14640)),.UNSPECIFIED.,.F.,.F.,
 .F.,(4,1,4),(2,2),(-0.1719874877852,-0.0787070334965217,0.),(-0.3,0.3),
 .UNSPECIFIED.);
#100=B_SPLINE_SURFACE_WITH_KNOTS('',3,1,((#14648,#14649),(#14650,#14651),
(#14652,#14653),(#14654,#14655),(#14656,#14657)),.UNSPECIFIED.,.F.,.F.,
 .F.,(4,1,4),(2,2),(-0.261262780233927,-0.152099986977604,0.),(-0.3,0.3),
 .UNSPECIFIED.);
#101=B_SPLINE_SURFACE_WITH_KNOTS('',3,1,((#14665,#14666),(#14667,#14668),
(#14669,#14670),(#14671,#14672),(#14673,#14674)),.UNSPECIFIED.,.F.,.F.,
 .F.,(4,1,4),(2,2),(-0.194457151582323,-0.0948329384075649,0.),(-0.3,0.3),
 .UNSPECIFIED.);
#102=B_SPLINE_CURVE_WITH_KNOTS('',3,(#12143,#12144,#12145,#12146,#12147),
 .UNSPECIFIED.,.F.,.F.,(4,1,4),(0.,0.105822570363678,0.192157051082936),
 .UNSPECIFIED.);
#103=B_SPLINE_CURVE_WITH_KNOTS('',3,(#12149,#12150,#12151,#12152,#12153),
 .UNSPECIFIED.,.F.,.F.,(4,1,4),(0.,0.0825615936671849,0.177110347004114),
 .UNSPECIFIED.);
#104=B_SPLINE_CURVE_WITH_KNOTS('',3,(#12155,#12156,#12157,#12158,#12159),
 .UNSPECIFIED.,.F.,.F.,(4,1,4),(0.,0.113603263372807,0.209142887352337),
 .UNSPECIFIED.);
#105=B_SPLINE_CURVE_WITH_KNOTS('',3,(#12161,#12162,#12163,#12164,#12165),
 .UNSPECIFIED.,.F.,.F.,(4,1,4),(0.,0.087501314862249,0.177687569441949),
 .UNSPECIFIED.);
#106=B_SPLINE_CURVE_WITH_KNOTS('',3,(#12167,#12168,#12169,#12170,#12171),
 .UNSPECIFIED.,.F.,.F.,(4,1,4),(0.,0.0958886924093018,0.199115909714897),
 .UNSPECIFIED.);
#107=B_SPLINE_CURVE_WITH_KNOTS('',3,(#12173,#12174,#12175,#12176,#12177),
 .UNSPECIFIED.,.F.,.F.,(4,1,4),(0.,0.107786549078459,0.206582287682685),
 .UNSPECIFIED.);
#108=B_SPLINE_CURVE_WITH_KNOTS('',3,(#12179,#12180,#12181,#12182,#12183),
 .UNSPECIFIED.,.F.,.F.,(4,1,4),(0.,0.0946093145191308,0.191385398923403),
 .UNSPECIFIED.);
#109=B_SPLINE_CURVE_WITH_KNOTS('',3,(#12185,#12186,#12187,#12188,#12189),
 .UNSPECIFIED.,.F.,.F.,(4,1,4),(0.,0.0872292957990085,0.195593296456819),
 .UNSPECIFIED.);
#110=B_SPLINE_CURVE_WITH_KNOTS('',3,(#12191,#12192,#12193,#12194,#12195),
 .UNSPECIFIED.,.F.,.F.,(4,1,4),(0.,0.10154286352046,0.175403813939265),
 .UNSPECIFIED.);
#111=B_SPLINE_CURVE_WITH_KNOTS('',3,(#12197,#12198,#12199,#12200,#12201),
 .UNSPECIFIED.,.F.,.F.,(4,1,4),(0.,0.0590720162071202,0.116599522239997),
 .UNSPECIFIED.);
#112=B_SPLINE_CURVE_WITH_KNOTS('',3,(#12203,#12204,#12205,#12206,#12207),
 .UNSPECIFIED.,.F.,.F.,(4,1,4),(0.,0.0601076190960967,0.126425682567581),
 .UNSPECIFIED.);
#113=B_SPLINE_CURVE_WITH_KNOTS('',3,(#12211,#12212,#12213,#12214,#12215),
 .UNSPECIFIED.,.F.,.F.,(4,1,4),(0.,0.0390512768058392,0.0758143314940358),
 .UNSPECIFIED.);
#114=B_SPLINE_CURVE_WITH_KNOTS('',3,(#12217,#12218,#12219,#12220,#12221),
 .UNSPECIFIED.,.F.,.F.,(4,1,4),(0.,0.0384160926078315,0.0822432083854466),
 .UNSPECIFIED.);
#115=B_SPLINE_CURVE_WITH_KNOTS('',3,(#12223,#12224,#12225,#12226,#12227),
 .UNSPECIFIED.,.F.,.F.,(4,1,4),(0.,0.0651069501975911,0.126929947168386),
 .UNSPECIFIED.);
#116=B_SPLINE_CURVE_WITH_KNOTS('',3,(#12229,#12230,#12231,#12232,#12233),
 .UNSPECIFIED.,.F.,.F.,(4,1,4),(0.,0.0712424901326871,0.164416694228039),
 .UNSPECIFIED.);
#117=B_SPLINE_CURVE_WITH_KNOTS('',3,(#12235,#12236,#12237,#12238,#12239),
 .UNSPECIFIED.,.F.,.F.,(4,1,4),(0.,0.0979920941763235,0.170409726994329),
 .UNSPECIFIED.);
#118=B_SPLINE_CURVE_WITH_KNOTS('',3,(#12241,#12242,#12243,#12244,#12245),
 .UNSPECIFIED.,.F.,.F.,(4,1,4),(0.,0.0628547647414027,0.131919167184072),
 .UNSPECIFIED.);
#119=B_SPLINE_CURVE_WITH_KNOTS('',3,(#12247,#12248,#12249,#12250,#12251),
 .UNSPECIFIED.,.F.,.F.,(4,1,4),(0.,0.035550720254279,0.0702396873078709),
 .UNSPECIFIED.);
#120=B_SPLINE_CURVE_WITH_KNOTS('',3,(#12253,#12254,#12255,#12256,#12257),
 .UNSPECIFIED.,.F.,.F.,(4,1,4),(0.,0.0380827462217375,0.0836413129177599),
 .UNSPECIFIED.);
#121=B_SPLINE_CURVE_WITH_KNOTS('',3,(#12284,#12285,#12286,#12287,#12288),
 .UNSPECIFIED.,.F.,.F.,(4,1,4),(-0.192157051082936,-0.105822570363678,0.),
 .UNSPECIFIED.);
#122=B_SPLINE_CURVE_WITH_KNOTS('',3,(#12301,#12302,#12303,#12304,#12305),
 .UNSPECIFIED.,.F.,.F.,(4,1,4),(-0.177110347004114,-0.0825615936671849,
0.),.UNSPECIFIED.);
#123=B_SPLINE_CURVE_WITH_KNOTS('',3,(#12318,#12319,#12320,#12321,#12322),
 .UNSPECIFIED.,.F.,.F.,(4,1,4),(-0.209142887352337,-0.113603263372807,0.),
 .UNSPECIFIED.);
#124=B_SPLINE_CURVE_WITH_KNOTS('',3,(#12335,#12336,#12337,#12338,#12339),
 .UNSPECIFIED.,.F.,.F.,(4,1,4),(-0.177687569441949,-0.087501314862249,0.),
 .UNSPECIFIED.);
#125=B_SPLINE_CURVE_WITH_KNOTS('',3,(#12352,#12353,#12354,#12355,#12356),
 .UNSPECIFIED.,.F.,.F.,(4,1,4),(-0.199115909714897,-0.0958886924093018,
0.),.UNSPECIFIED.);
#126=B_SPLINE_CURVE_WITH_KNOTS('',3,(#12369,#12370,#12371,#12372,#12373),
 .UNSPECIFIED.,.F.,.F.,(4,1,4),(-0.206582287682685,-0.107786549078459,0.),
 .UNSPECIFIED.);
#127=B_SPLINE_CURVE_WITH_KNOTS('',3,(#12386,#12387,#12388,#12389,#12390),
 .UNSPECIFIED.,.F.,.F.,(4,1,4),(-0.191385398923403,-0.0946093145191308,
0.),.UNSPECIFIED.);
#128=B_SPLINE_CURVE_WITH_KNOTS('',3,(#12403,#12404,#12405,#12406,#12407),
 .UNSPECIFIED.,.F.,.F.,(4,1,4),(-0.195593296456819,-0.0872292957990085,
0.),.UNSPECIFIED.);
#129=B_SPLINE_CURVE_WITH_KNOTS('',3,(#12420,#12421,#12422,#12423,#12424),
 .UNSPECIFIED.,.F.,.F.,(4,1,4),(-0.175403813939265,-0.10154286352046,0.),
 .UNSPECIFIED.);
#130=B_SPLINE_CURVE_WITH_KNOTS('',3,(#12437,#12438,#12439,#12440,#12441),
 .UNSPECIFIED.,.F.,.F.,(4,1,4),(-0.116599522239997,-0.0590720162071202,
0.),.UNSPECIFIED.);
#131=B_SPLINE_CURVE_WITH_KNOTS('',3,(#12454,#12455,#12456,#12457,#12458),
 .UNSPECIFIED.,.F.,.F.,(4,1,4),(-0.126425682567581,-0.0601076190960967,
0.),.UNSPECIFIED.);
#132=B_SPLINE_CURVE_WITH_KNOTS('',3,(#12475,#12476,#12477,#12478,#12479),
 .UNSPECIFIED.,.F.,.F.,(4,1,4),(-0.0758143314940358,-0.0390512768058392,
0.),.UNSPECIFIED.);
#133=B_SPLINE_CURVE_WITH_KNOTS('',3,(#12492,#12493,#12494,#12495,#12496),
 .UNSPECIFIED.,.F.,.F.,(4,1,4),(-0.0822432083854466,-0.0384160926078315,
0.),.UNSPECIFIED.);
#134=B_SPLINE_CURVE_WITH_KNOTS('',3,(#12509,#12510,#12511,#12512,#12513),
 .UNSPECIFIED.,.F.,.F.,(4,1,4),(-0.126929947168386,-0.0651069501975911,
0.),.UNSPECIFIED.);
#135=B_SPLINE_CURVE_WITH_KNOTS('',3,(#12526,#12527,#12528,#12529,#12530),
 .UNSPECIFIED.,.F.,.F.,(4,1,4),(-0.164416694228039,-0.0712424901326871,
0.),.UNSPECIFIED.);
#136=B_SPLINE_CURVE_WITH_KNOTS('',3,(#12543,#12544,#12545,#12546,#12547),
 .UNSPECIFIED.,.F.,.F.,(4,1,4),(-0.170409726994329,-0.0979920941763235,
0.),.UNSPECIFIED.);
#137=B_SPLINE_CURVE_WITH_KNOTS('',3,(#12560,#12561,#12562,#12563,#12564),
 .UNSPECIFIED.,.F.,.F.,(4,1,4),(-0.131919167184072,-0.0628547647414027,
0.),.UNSPECIFIED.);
#138=B_SPLINE_CURVE_WITH_KNOTS('',3,(#12577,#12578,#12579,#12580,#12581),
 .UNSPECIFIED.,.F.,.F.,(4,1,4),(-0.0702396873078709,-0.035550720254279,
0.),.UNSPECIFIED.);
#139=B_SPLINE_CURVE_WITH_KNOTS('',3,(#12594,#12595,#12596,#12597,#12598),
 .UNSPECIFIED.,.F.,.F.,(4,1,4),(-0.0836413129177599,-0.0380827462217375,
0.),.UNSPECIFIED.);
#140=B_SPLINE_CURVE_WITH_KNOTS('',3,(#12746,#12747,#12748,#12749,#12750),
 .UNSPECIFIED.,.F.,.F.,(4,1,4),(0.,0.0885593189505059,0.154648205085278),
 .UNSPECIFIED.);
#141=B_SPLINE_CURVE_WITH_KNOTS('',3,(#12752,#12753,#12754,#12755,#12756),
 .UNSPECIFIED.,.F.,.F.,(4,1,4),(0.,0.0537879954671373,0.108117203116845),
 .UNSPECIFIED.);
#142=B_SPLINE_CURVE_WITH_KNOTS('',3,(#12758,#12759,#12760,#12761,#12762),
 .UNSPECIFIED.,.F.,.F.,(4,1,4),(0.,0.0570835261106476,0.119389762701252),
 .UNSPECIFIED.);
#143=B_SPLINE_CURVE_WITH_KNOTS('',3,(#12764,#12765,#12766,#12767,#12768),
 .UNSPECIFIED.,.F.,.F.,(4,1,4),(0.,0.0546091373872862,0.10447791881866),
 .UNSPECIFIED.);
#144=B_SPLINE_CURVE_WITH_KNOTS('',3,(#12770,#12771,#12772,#12773,#12774),
 .UNSPECIFIED.,.F.,.F.,(4,1,4),(0.,0.0483124895321191,0.097530838814775),
 .UNSPECIFIED.);
#145=B_SPLINE_CURVE_WITH_KNOTS('',3,(#12776,#12777,#12778,#12779,#12780),
 .UNSPECIFIED.,.F.,.F.,(4,1,4),(0.,0.0362261698731292,0.0810973208914107),
 .UNSPECIFIED.);
#146=B_SPLINE_CURVE_WITH_KNOTS('',3,(#12782,#12783,#12784,#12785,#12786),
 .UNSPECIFIED.,.F.,.F.,(4,1,4),(0.,0.0358065517082647,0.0620963898082294),
 .UNSPECIFIED.);
#147=B_SPLINE_CURVE_WITH_KNOTS('',3,(#12788,#12789,#12790,#12791,#12792),
 .UNSPECIFIED.,.F.,.F.,(4,1,4),(0.,0.0198958912536929,0.050589825221477),
 .UNSPECIFIED.);
#148=B_SPLINE_CURVE_WITH_KNOTS('',3,(#12794,#12795,#12796,#12797,#12798),
 .UNSPECIFIED.,.F.,.F.,(4,1,4),(0.,0.0313225301513458,0.0530655073965933),
 .UNSPECIFIED.);
#149=B_SPLINE_CURVE_WITH_KNOTS('',3,(#12806,#12807,#12808,#12809,#12810),
 .UNSPECIFIED.,.F.,.F.,(4,1,4),(0.,0.0400645564071477,0.0670070015387126),
 .UNSPECIFIED.);
#150=B_SPLINE_CURVE_WITH_KNOTS('',3,(#12812,#12813,#12814,#12815,#12816),
 .UNSPECIFIED.,.F.,.F.,(4,1,4),(0.,0.0277614626410882,0.056106085363506),
 .UNSPECIFIED.);
#151=B_SPLINE_CURVE_WITH_KNOTS('',3,(#12826,#12827,#12828,#12829,#12830),
 .UNSPECIFIED.,.F.,.F.,(4,1,4),(0.,0.0218565538836846,0.0581434057706606),
 .UNSPECIFIED.);
#152=B_SPLINE_CURVE_WITH_KNOTS('',3,(#12832,#12833,#12834,#12835,#12836),
 .UNSPECIFIED.,.F.,.F.,(4,1,4),(0.,0.0209594272994355,0.0421224363733815),
 .UNSPECIFIED.);
#153=B_SPLINE_CURVE_WITH_KNOTS('',3,(#12838,#12839,#12840,#12841,#12842),
 .UNSPECIFIED.,.F.,.F.,(4,1,4),(0.,0.0215503502493145,0.0434229422869257),
 .UNSPECIFIED.);
#154=B_SPLINE_CURVE_WITH_KNOTS('',3,(#12844,#12845,#12846,#12847,#12848),
 .UNSPECIFIED.,.F.,.F.,(4,1,4),(0.,0.0304402660214632,0.0577788635534054),
 .UNSPECIFIED.);
#155=B_SPLINE_CURVE_WITH_KNOTS('',3,(#12850,#12851,#12852,#12853,#12854),
 .UNSPECIFIED.,.F.,.F.,(4,1,4),(0.,0.0337798719637741,0.0837644402201231),
 .UNSPECIFIED.);
#156=B_SPLINE_CURVE_WITH_KNOTS('',3,(#12873,#12874,#12875,#12876,#12877),
 .UNSPECIFIED.,.F.,.F.,(4,1,4),(-0.0581434057706606,-0.0218565538836846,
0.),.UNSPECIFIED.);
#157=B_SPLINE_CURVE_WITH_KNOTS('',3,(#12890,#12891,#12892,#12893,#12894),
 .UNSPECIFIED.,.F.,.F.,(4,1,4),(-0.0421224363733815,-0.0209594272994355,
0.),.UNSPECIFIED.);
#158=B_SPLINE_CURVE_WITH_KNOTS('',3,(#12907,#12908,#12909,#12910,#12911),
 .UNSPECIFIED.,.F.,.F.,(4,1,4),(-0.0434229422869257,-0.0215503502493145,
0.),.UNSPECIFIED.);
#159=B_SPLINE_CURVE_WITH_KNOTS('',3,(#12924,#12925,#12926,#12927,#12928),
 .UNSPECIFIED.,.F.,.F.,(4,1,4),(-0.0577788635534054,-0.0304402660214632,
0.),.UNSPECIFIED.);
#160=B_SPLINE_CURVE_WITH_KNOTS('',3,(#12941,#12942,#12943,#12944,#12945),
 .UNSPECIFIED.,.F.,.F.,(4,1,4),(-0.0837644402201231,-0.0337798719637741,
0.),.UNSPECIFIED.);
#161=B_SPLINE_CURVE_WITH_KNOTS('',3,(#12974,#12975,#12976,#12977,#12978),
 .UNSPECIFIED.,.F.,.F.,(4,1,4),(-0.154648205085278,-0.0885593189505059,
0.),.UNSPECIFIED.);
#162=B_SPLINE_CURVE_WITH_KNOTS('',3,(#12991,#12992,#12993,#12994,#12995),
 .UNSPECIFIED.,.F.,.F.,(4,1,4),(-0.108117203116845,-0.0537879954671373,
0.),.UNSPECIFIED.);
#163=B_SPLINE_CURVE_WITH_KNOTS('',3,(#13008,#13009,#13010,#13011,#13012),
 .UNSPECIFIED.,.F.,.F.,(4,1,4),(-0.119389762701252,-0.0570835261106476,
0.),.UNSPECIFIED.);
#164=B_SPLINE_CURVE_WITH_KNOTS('',3,(#13025,#13026,#13027,#13028,#13029),
 .UNSPECIFIED.,.F.,.F.,(4,1,4),(-0.10447791881866,-0.0546091373872862,0.),
 .UNSPECIFIED.);
#165=B_SPLINE_CURVE_WITH_KNOTS('',3,(#13042,#13043,#13044,#13045,#13046),
 .UNSPECIFIED.,.F.,.F.,(4,1,4),(-0.097530838814775,-0.0483124895321191,
0.),.UNSPECIFIED.);
#166=B_SPLINE_CURVE_WITH_KNOTS('',3,(#13059,#13060,#13061,#13062,#13063),
 .UNSPECIFIED.,.F.,.F.,(4,1,4),(-0.0810973208914107,-0.0362261698731292,
0.),.UNSPECIFIED.);
#167=B_SPLINE_CURVE_WITH_KNOTS('',3,(#13076,#13077,#13078,#13079,#13080),
 .UNSPECIFIED.,.F.,.F.,(4,1,4),(-0.0620963898082294,-0.0358065517082647,
0.),.UNSPECIFIED.);
#168=B_SPLINE_CURVE_WITH_KNOTS('',3,(#13093,#13094,#13095,#13096,#13097),
 .UNSPECIFIED.,.F.,.F.,(4,1,4),(-0.050589825221477,-0.0198958912536929,
0.),.UNSPECIFIED.);
#169=B_SPLINE_CURVE_WITH_KNOTS('',3,(#13110,#13111,#13112,#13113,#13114),
 .UNSPECIFIED.,.F.,.F.,(4,1,4),(-0.0530655073965933,-0.0313225301513458,
0.),.UNSPECIFIED.);
#170=B_SPLINE_CURVE_WITH_KNOTS('',3,(#13139,#13140,#13141,#13142,#13143),
 .UNSPECIFIED.,.F.,.F.,(4,1,4),(-0.0670070015387126,-0.0400645564071477,
0.),.UNSPECIFIED.);
#171=B_SPLINE_CURVE_WITH_KNOTS('',3,(#13156,#13157,#13158,#13159,#13160),
 .UNSPECIFIED.,.F.,.F.,(4,1,4),(-0.056106085363506,-0.0277614626410882,
0.),.UNSPECIFIED.);
#172=B_SPLINE_CURVE_WITH_KNOTS('',3,(#13414,#13415,#13416,#13417,#13418),
 .UNSPECIFIED.,.F.,.F.,(4,1,4),(0.,0.0948329384075649,0.194457151582323),
 .UNSPECIFIED.);
#173=B_SPLINE_CURVE_WITH_KNOTS('',3,(#13422,#13423,#13424,#13425,#13426),
 .UNSPECIFIED.,.F.,.F.,(4,1,4),(0.,0.0453183239543523,0.0817902671571827),
 .UNSPECIFIED.);
#174=B_SPLINE_CURVE_WITH_KNOTS('',3,(#13428,#13429,#13430,#13431,#13432),
 .UNSPECIFIED.,.F.,.F.,(4,1,4),(0.,0.0516054563196206,0.107535104612006),
 .UNSPECIFIED.);
#175=B_SPLINE_CURVE_WITH_KNOTS('',3,(#13434,#13435,#13436,#13437,#13438),
 .UNSPECIFIED.,.F.,.F.,(4,1,4),(0.,0.041362642494881,0.0758367452582785),
 .UNSPECIFIED.);
#176=B_SPLINE_CURVE_WITH_KNOTS('',3,(#13440,#13441,#13442,#13443,#13444),
 .UNSPECIFIED.,.F.,.F.,(4,1,4),(0.,0.0300616183186034,0.0576999951868113),
 .UNSPECIFIED.);
#177=B_SPLINE_CURVE_WITH_KNOTS('',3,(#13446,#13447,#13448,#13449,#13450),
 .UNSPECIFIED.,.F.,.F.,(4,1,4),(0.,0.0264662337173437,0.0555510231604705),
 .UNSPECIFIED.);
#178=B_SPLINE_CURVE_WITH_KNOTS('',3,(#13452,#13453,#13454,#13455,#13456),
 .UNSPECIFIED.,.F.,.F.,(4,1,4),(0.,0.0448002882410286,0.118622355003707),
 .UNSPECIFIED.);
#179=B_SPLINE_CURVE_WITH_KNOTS('',3,(#13458,#13459,#13460,#13461,#13462),
 .UNSPECIFIED.,.F.,.F.,(4,1,4),(0.,0.127442889534654,0.221515732093951),
 .UNSPECIFIED.);
#180=B_SPLINE_CURVE_WITH_KNOTS('',3,(#13464,#13465,#13466,#13467,#13468),
 .UNSPECIFIED.,.F.,.F.,(4,1,4),(0.,0.0757314755853461,0.15212170907466),
 .UNSPECIFIED.);
#181=B_SPLINE_CURVE_WITH_KNOTS('',3,(#13470,#13471,#13472,#13473,#13474),
 .UNSPECIFIED.,.F.,.F.,(4,1,4),(0.,0.0530436242401176,0.107801973045519),
 .UNSPECIFIED.);
#182=B_SPLINE_CURVE_WITH_KNOTS('',3,(#13476,#13477,#13478,#13479,#13480),
 .UNSPECIFIED.,.F.,.F.,(4,1,4),(0.,0.0580480014516057,0.121901562477429),
 .UNSPECIFIED.);
#183=B_SPLINE_CURVE_WITH_KNOTS('',3,(#13482,#13483,#13484,#13485,#13486),
 .UNSPECIFIED.,.F.,.F.,(4,1,4),(0.,0.0772246776425646,0.175171825662436),
 .UNSPECIFIED.);
#184=B_SPLINE_CURVE_WITH_KNOTS('',3,(#13488,#13489,#13490,#13491,#13492),
 .UNSPECIFIED.,.F.,.F.,(4,1,4),(0.,0.118894637784236,0.213019953977098),
 .UNSPECIFIED.);
#185=B_SPLINE_CURVE_WITH_KNOTS('',3,(#13494,#13495,#13496,#13497,#13498),
 .UNSPECIFIED.,.F.,.F.,(4,1,4),(0.,0.0856319393686625,0.183729950173433),
 .UNSPECIFIED.);
#186=B_SPLINE_CURVE_WITH_KNOTS('',3,(#13502,#13503,#13504,#13505,#13506),
 .UNSPECIFIED.,.F.,.F.,(4,1,4),(0.,0.0427236911113519,0.0780014995619584),
 .UNSPECIFIED.);
#187=B_SPLINE_CURVE_WITH_KNOTS('',3,(#13508,#13509,#13510,#13511,#13512),
 .UNSPECIFIED.,.F.,.F.,(4,1,4),(0.,0.0349182710070288,0.0761547100712444),
 .UNSPECIFIED.);
#188=B_SPLINE_CURVE_WITH_KNOTS('',3,(#13514,#13515,#13516,#13517,#13518),
 .UNSPECIFIED.,.F.,.F.,(4,1,4),(0.,0.0333070897902535,0.0599197422820918),
 .UNSPECIFIED.);
#189=B_SPLINE_CURVE_WITH_KNOTS('',3,(#13520,#13521,#13522,#13523,#13524),
 .UNSPECIFIED.,.F.,.F.,(4,1,4),(0.,0.0227911293340889,0.0445111001806509),
 .UNSPECIFIED.);
#190=B_SPLINE_CURVE_WITH_KNOTS('',3,(#13526,#13527,#13528,#13529,#13530),
 .UNSPECIFIED.,.F.,.F.,(4,1,4),(0.,0.0163579444392047,0.0348364102328708),
 .UNSPECIFIED.);
#191=B_SPLINE_CURVE_WITH_KNOTS('',3,(#13532,#13533,#13534,#13535,#13536),
 .UNSPECIFIED.,.F.,.F.,(4,1,4),(0.,0.0290445400717513,0.0774573772651873),
 .UNSPECIFIED.);
#192=B_SPLINE_CURVE_WITH_KNOTS('',3,(#13538,#13539,#13540,#13541,#13542),
 .UNSPECIFIED.,.F.,.F.,(4,1,4),(0.,0.125522062266625,0.212726582425192),
 .UNSPECIFIED.);
#193=B_SPLINE_CURVE_WITH_KNOTS('',3,(#13544,#13545,#13546,#13547,#13548),
 .UNSPECIFIED.,.F.,.F.,(4,1,4),(0.,0.0635346612155728,0.11946269173459),
 .UNSPECIFIED.);
#194=B_SPLINE_CURVE_WITH_KNOTS('',3,(#13550,#13551,#13552,#13553,#13554),
 .UNSPECIFIED.,.F.,.F.,(4,1,4),(0.,0.0533477773295789,0.108346131883429),
 .UNSPECIFIED.);
#195=B_SPLINE_CURVE_WITH_KNOTS('',3,(#13556,#13557,#13558,#13559,#13560),
 .UNSPECIFIED.,.F.,.F.,(4,1,4),(0.,0.0653664420575822,0.131049419445192),
 .UNSPECIFIED.);
#196=B_SPLINE_CURVE_WITH_KNOTS('',3,(#13562,#13563,#13564,#13565,#13566),
 .UNSPECIFIED.,.F.,.F.,(4,1,4),(0.,0.0669995493179529,0.13661696447655),
 .UNSPECIFIED.);
#197=B_SPLINE_CURVE_WITH_KNOTS('',3,(#13568,#13569,#13570,#13571,#13572),
 .UNSPECIFIED.,.F.,.F.,(4,1,4),(0.,0.0787070334965217,0.1719874877852),
 .UNSPECIFIED.);
#198=B_SPLINE_CURVE_WITH_KNOTS('',3,(#13573,#13574,#13575,#13576,#13577),
 .UNSPECIFIED.,.F.,.F.,(4,1,4),(0.,0.152099986977604,0.261262780233927),
 .UNSPECIFIED.);
#199=B_SPLINE_CURVE_WITH_KNOTS('',3,(#13595,#13596,#13597,#13598,#13599),
 .UNSPECIFIED.,.F.,.F.,(4,1,4),(-0.0817902671571827,-0.0453183239543523,
0.),.UNSPECIFIED.);
#200=B_SPLINE_CURVE_WITH_KNOTS('',3,(#13612,#13613,#13614,#13615,#13616),
 .UNSPECIFIED.,.F.,.F.,(4,1,4),(-0.107535104612006,-0.0516054563196206,
0.),.UNSPECIFIED.);
#201=B_SPLINE_CURVE_WITH_KNOTS('',3,(#13629,#13630,#13631,#13632,#13633),
 .UNSPECIFIED.,.F.,.F.,(4,1,4),(-0.0758367452582785,-0.041362642494881,
0.),.UNSPECIFIED.);
#202=B_SPLINE_CURVE_WITH_KNOTS('',3,(#13646,#13647,#13648,#13649,#13650),
 .UNSPECIFIED.,.F.,.F.,(4,1,4),(-0.0576999951868113,-0.0300616183186034,
0.),.UNSPECIFIED.);
#203=B_SPLINE_CURVE_WITH_KNOTS('',3,(#13663,#13664,#13665,#13666,#13667),
 .UNSPECIFIED.,.F.,.F.,(4,1,4),(-0.0555510231604705,-0.0264662337173437,
0.),.UNSPECIFIED.);
#204=B_SPLINE_CURVE_WITH_KNOTS('',3,(#13680,#13681,#13682,#13683,#13684),
 .UNSPECIFIED.,.F.,.F.,(4,1,4),(-0.118622355003707,-0.0448002882410286,
0.),.UNSPECIFIED.);
#205=B_SPLINE_CURVE_WITH_KNOTS('',3,(#13697,#13698,#13699,#13700,#13701),
 .UNSPECIFIED.,.F.,.F.,(4,1,4),(-0.221515732093951,-0.127442889534654,0.),
 .UNSPECIFIED.);
#206=B_SPLINE_CURVE_WITH_KNOTS('',3,(#13714,#13715,#13716,#13717,#13718),
 .UNSPECIFIED.,.F.,.F.,(4,1,4),(-0.15212170907466,-0.0757314755853461,0.),
 .UNSPECIFIED.);
#207=B_SPLINE_CURVE_WITH_KNOTS('',3,(#13731,#13732,#13733,#13734,#13735),
 .UNSPECIFIED.,.F.,.F.,(4,1,4),(-0.107801973045519,-0.0530436242401176,
0.),.UNSPECIFIED.);
#208=B_SPLINE_CURVE_WITH_KNOTS('',3,(#13748,#13749,#13750,#13751,#13752),
 .UNSPECIFIED.,.F.,.F.,(4,1,4),(-0.121901562477429,-0.0580480014516057,
0.),.UNSPECIFIED.);
#209=B_SPLINE_CURVE_WITH_KNOTS('',3,(#13765,#13766,#13767,#13768,#13769),
 .UNSPECIFIED.,.F.,.F.,(4,1,4),(-0.175171825662436,-0.0772246776425646,
0.),.UNSPECIFIED.);
#210=B_SPLINE_CURVE_WITH_KNOTS('',3,(#13782,#13783,#13784,#13785,#13786),
 .UNSPECIFIED.,.F.,.F.,(4,1,4),(-0.213019953977098,-0.118894637784236,0.),
 .UNSPECIFIED.);
#211=B_SPLINE_CURVE_WITH_KNOTS('',3,(#13799,#13800,#13801,#13802,#13803),
 .UNSPECIFIED.,.F.,.F.,(4,1,4),(-0.183729950173433,-0.0856319393686625,
0.),.UNSPECIFIED.);
#212=B_SPLINE_CURVE_WITH_KNOTS('',3,(#13820,#13821,#13822,#13823,#13824),
 .UNSPECIFIED.,.F.,.F.,(4,1,4),(-0.0780014995619584,-0.0427236911113519,
0.),.UNSPECIFIED.);
#213=B_SPLINE_CURVE_WITH_KNOTS('',3,(#13837,#13838,#13839,#13840,#13841),
 .UNSPECIFIED.,.F.,.F.,(4,1,4),(-0.0761547100712444,-0.0349182710070288,
0.),.UNSPECIFIED.);
#214=B_SPLINE_CURVE_WITH_KNOTS('',3,(#13854,#13855,#13856,#13857,#13858),
 .UNSPECIFIED.,.F.,.F.,(4,1,4),(-0.0599197422820918,-0.0333070897902535,
0.),.UNSPECIFIED.);
#215=B_SPLINE_CURVE_WITH_KNOTS('',3,(#13871,#13872,#13873,#13874,#13875),
 .UNSPECIFIED.,.F.,.F.,(4,1,4),(-0.0445111001806509,-0.0227911293340889,
0.),.UNSPECIFIED.);
#216=B_SPLINE_CURVE_WITH_KNOTS('',3,(#13888,#13889,#13890,#13891,#13892),
 .UNSPECIFIED.,.F.,.F.,(4,1,4),(-0.0348364102328708,-0.0163579444392047,
0.),.UNSPECIFIED.);
#217=B_SPLINE_CURVE_WITH_KNOTS('',3,(#13905,#13906,#13907,#13908,#13909),
 .UNSPECIFIED.,.F.,.F.,(4,1,4),(-0.0774573772651873,-0.0290445400717513,
0.),.UNSPECIFIED.);
#218=B_SPLINE_CURVE_WITH_KNOTS('',3,(#13922,#13923,#13924,#13925,#13926),
 .UNSPECIFIED.,.F.,.F.,(4,1,4),(-0.212726582425192,-0.125522062266625,0.),
 .UNSPECIFIED.);
#219=B_SPLINE_CURVE_WITH_KNOTS('',3,(#13939,#13940,#13941,#13942,#13943),
 .UNSPECIFIED.,.F.,.F.,(4,1,4),(-0.11946269173459,-0.0635346612155728,0.),
 .UNSPECIFIED.);
#220=B_SPLINE_CURVE_WITH_KNOTS('',3,(#13956,#13957,#13958,#13959,#13960),
 .UNSPECIFIED.,.F.,.F.,(4,1,4),(-0.108346131883429,-0.0533477773295789,
0.),.UNSPECIFIED.);
#221=B_SPLINE_CURVE_WITH_KNOTS('',3,(#13973,#13974,#13975,#13976,#13977),
 .UNSPECIFIED.,.F.,.F.,(4,1,4),(-0.131049419445192,-0.0653664420575822,
0.),.UNSPECIFIED.);
#222=B_SPLINE_CURVE_WITH_KNOTS('',3,(#13990,#13991,#13992,#13993,#13994),
 .UNSPECIFIED.,.F.,.F.,(4,1,4),(-0.13661696447655,-0.0669995493179529,0.),
 .UNSPECIFIED.);
#223=B_SPLINE_CURVE_WITH_KNOTS('',3,(#14007,#14008,#14009,#14010,#14011),
 .UNSPECIFIED.,.F.,.F.,(4,1,4),(-0.1719874877852,-0.0787070334965217,0.),
 .UNSPECIFIED.);
#224=B_SPLINE_CURVE_WITH_KNOTS('',3,(#14024,#14025,#14026,#14027,#14028),
 .UNSPECIFIED.,.F.,.F.,(4,1,4),(-0.261262780233927,-0.152099986977604,0.),
 .UNSPECIFIED.);
#225=B_SPLINE_CURVE_WITH_KNOTS('',3,(#14040,#14041,#14042,#14043,#14044),
 .UNSPECIFIED.,.F.,.F.,(4,1,4),(-0.194457151582323,-0.0948329384075649,
0.),.UNSPECIFIED.);
#226=B_SPLINE_CURVE_WITH_KNOTS('',3,(#14049,#14050,#14051,#14052,#14053),
 .UNSPECIFIED.,.F.,.F.,(4,1,4),(0.,0.0948329384075649,0.194457151582323),
 .UNSPECIFIED.);
#227=B_SPLINE_CURVE_WITH_KNOTS('',3,(#14057,#14058,#14059,#14060,#14061),
 .UNSPECIFIED.,.F.,.F.,(4,1,4),(0.,0.0453183239543523,0.0817902671571827),
 .UNSPECIFIED.);
#228=B_SPLINE_CURVE_WITH_KNOTS('',3,(#14063,#14064,#14065,#14066,#14067),
 .UNSPECIFIED.,.F.,.F.,(4,1,4),(0.,0.0516054563196206,0.107535104612006),
 .UNSPECIFIED.);
#229=B_SPLINE_CURVE_WITH_KNOTS('',3,(#14069,#14070,#14071,#14072,#14073),
 .UNSPECIFIED.,.F.,.F.,(4,1,4),(0.,0.041362642494881,0.0758367452582785),
 .UNSPECIFIED.);
#230=B_SPLINE_CURVE_WITH_KNOTS('',3,(#14075,#14076,#14077,#14078,#14079),
 .UNSPECIFIED.,.F.,.F.,(4,1,4),(0.,0.0300616183186034,0.0576999951868113),
 .UNSPECIFIED.);
#231=B_SPLINE_CURVE_WITH_KNOTS('',3,(#14081,#14082,#14083,#14084,#14085),
 .UNSPECIFIED.,.F.,.F.,(4,1,4),(0.,0.0264662337173437,0.0555510231604705),
 .UNSPECIFIED.);
#232=B_SPLINE_CURVE_WITH_KNOTS('',3,(#14087,#14088,#14089,#14090,#14091),
 .UNSPECIFIED.,.F.,.F.,(4,1,4),(0.,0.0448002882410286,0.118622355003707),
 .UNSPECIFIED.);
#233=B_SPLINE_CURVE_WITH_KNOTS('',3,(#14093,#14094,#14095,#14096,#14097),
 .UNSPECIFIED.,.F.,.F.,(4,1,4),(0.,0.127442889534654,0.221515732093951),
 .UNSPECIFIED.);
#234=B_SPLINE_CURVE_WITH_KNOTS('',3,(#14099,#14100,#14101,#14102,#14103),
 .UNSPECIFIED.,.F.,.F.,(4,1,4),(0.,0.0757314755853461,0.15212170907466),
 .UNSPECIFIED.);
#235=B_SPLINE_CURVE_WITH_KNOTS('',3,(#14105,#14106,#14107,#14108,#14109),
 .UNSPECIFIED.,.F.,.F.,(4,1,4),(0.,0.0530436242401176,0.107801973045519),
 .UNSPECIFIED.);
#236=B_SPLINE_CURVE_WITH_KNOTS('',3,(#14111,#14112,#14113,#14114,#14115),
 .UNSPECIFIED.,.F.,.F.,(4,1,4),(0.,0.0580480014516057,0.121901562477429),
 .UNSPECIFIED.);
#237=B_SPLINE_CURVE_WITH_KNOTS('',3,(#14117,#14118,#14119,#14120,#14121),
 .UNSPECIFIED.,.F.,.F.,(4,1,4),(0.,0.0772246776425646,0.175171825662436),
 .UNSPECIFIED.);
#238=B_SPLINE_CURVE_WITH_KNOTS('',3,(#14123,#14124,#14125,#14126,#14127),
 .UNSPECIFIED.,.F.,.F.,(4,1,4),(0.,0.118894637784236,0.213019953977098),
 .UNSPECIFIED.);
#239=B_SPLINE_CURVE_WITH_KNOTS('',3,(#14129,#14130,#14131,#14132,#14133),
 .UNSPECIFIED.,.F.,.F.,(4,1,4),(0.,0.0856319393686625,0.183729950173433),
 .UNSPECIFIED.);
#240=B_SPLINE_CURVE_WITH_KNOTS('',3,(#14137,#14138,#14139,#14140,#14141),
 .UNSPECIFIED.,.F.,.F.,(4,1,4),(0.,0.0427236911113519,0.0780014995619584),
 .UNSPECIFIED.);
#241=B_SPLINE_CURVE_WITH_KNOTS('',3,(#14143,#14144,#14145,#14146,#14147),
 .UNSPECIFIED.,.F.,.F.,(4,1,4),(0.,0.0349182710070288,0.0761547100712444),
 .UNSPECIFIED.);
#242=B_SPLINE_CURVE_WITH_KNOTS('',3,(#14149,#14150,#14151,#14152,#14153),
 .UNSPECIFIED.,.F.,.F.,(4,1,4),(0.,0.0333070897902535,0.0599197422820918),
 .UNSPECIFIED.);
#243=B_SPLINE_CURVE_WITH_KNOTS('',3,(#14155,#14156,#14157,#14158,#14159),
 .UNSPECIFIED.,.F.,.F.,(4,1,4),(0.,0.0227911293340889,0.0445111001806509),
 .UNSPECIFIED.);
#244=B_SPLINE_CURVE_WITH_KNOTS('',3,(#14161,#14162,#14163,#14164,#14165),
 .UNSPECIFIED.,.F.,.F.,(4,1,4),(0.,0.0163579444392047,0.0348364102328708),
 .UNSPECIFIED.);
#245=B_SPLINE_CURVE_WITH_KNOTS('',3,(#14167,#14168,#14169,#14170,#14171),
 .UNSPECIFIED.,.F.,.F.,(4,1,4),(0.,0.0290445400717513,0.0774573772651873),
 .UNSPECIFIED.);
#246=B_SPLINE_CURVE_WITH_KNOTS('',3,(#14173,#14174,#14175,#14176,#14177),
 .UNSPECIFIED.,.F.,.F.,(4,1,4),(0.,0.125522062266625,0.212726582425192),
 .UNSPECIFIED.);
#247=B_SPLINE_CURVE_WITH_KNOTS('',3,(#14179,#14180,#14181,#14182,#14183),
 .UNSPECIFIED.,.F.,.F.,(4,1,4),(0.,0.0635346612155728,0.11946269173459),
 .UNSPECIFIED.);
#248=B_SPLINE_CURVE_WITH_KNOTS('',3,(#14185,#14186,#14187,#14188,#14189),
 .UNSPECIFIED.,.F.,.F.,(4,1,4),(0.,0.0533477773295789,0.108346131883429),
 .UNSPECIFIED.);
#249=B_SPLINE_CURVE_WITH_KNOTS('',3,(#14191,#14192,#14193,#14194,#14195),
 .UNSPECIFIED.,.F.,.F.,(4,1,4),(0.,0.0653664420575822,0.131049419445192),
 .UNSPECIFIED.);
#250=B_SPLINE_CURVE_WITH_KNOTS('',3,(#14197,#14198,#14199,#14200,#14201),
 .UNSPECIFIED.,.F.,.F.,(4,1,4),(0.,0.0669995493179529,0.13661696447655),
 .UNSPECIFIED.);
#251=B_SPLINE_CURVE_WITH_KNOTS('',3,(#14203,#14204,#14205,#14206,#14207),
 .UNSPECIFIED.,.F.,.F.,(4,1,4),(0.,0.0787070334965217,0.1719874877852),
 .UNSPECIFIED.);
#252=B_SPLINE_CURVE_WITH_KNOTS('',3,(#14208,#14209,#14210,#14211,#14212),
 .UNSPECIFIED.,.F.,.F.,(4,1,4),(0.,0.152099986977604,0.261262780233927),
 .UNSPECIFIED.);
#253=B_SPLINE_CURVE_WITH_KNOTS('',3,(#14230,#14231,#14232,#14233,#14234),
 .UNSPECIFIED.,.F.,.F.,(4,1,4),(-0.0817902671571827,-0.0453183239543523,
0.),.UNSPECIFIED.);
#254=B_SPLINE_CURVE_WITH_KNOTS('',3,(#14247,#14248,#14249,#14250,#14251),
 .UNSPECIFIED.,.F.,.F.,(4,1,4),(-0.107535104612006,-0.0516054563196206,
0.),.UNSPECIFIED.);
#255=B_SPLINE_CURVE_WITH_KNOTS('',3,(#14264,#14265,#14266,#14267,#14268),
 .UNSPECIFIED.,.F.,.F.,(4,1,4),(-0.0758367452582785,-0.041362642494881,
0.),.UNSPECIFIED.);
#256=B_SPLINE_CURVE_WITH_KNOTS('',3,(#14281,#14282,#14283,#14284,#14285),
 .UNSPECIFIED.,.F.,.F.,(4,1,4),(-0.0576999951868113,-0.0300616183186034,
0.),.UNSPECIFIED.);
#257=B_SPLINE_CURVE_WITH_KNOTS('',3,(#14298,#14299,#14300,#14301,#14302),
 .UNSPECIFIED.,.F.,.F.,(4,1,4),(-0.0555510231604705,-0.0264662337173437,
0.),.UNSPECIFIED.);
#258=B_SPLINE_CURVE_WITH_KNOTS('',3,(#14315,#14316,#14317,#14318,#14319),
 .UNSPECIFIED.,.F.,.F.,(4,1,4),(-0.118622355003707,-0.0448002882410286,
0.),.UNSPECIFIED.);
#259=B_SPLINE_CURVE_WITH_KNOTS('',3,(#14332,#14333,#14334,#14335,#14336),
 .UNSPECIFIED.,.F.,.F.,(4,1,4),(-0.221515732093951,-0.127442889534654,0.),
 .UNSPECIFIED.);
#260=B_SPLINE_CURVE_WITH_KNOTS('',3,(#14349,#14350,#14351,#14352,#14353),
 .UNSPECIFIED.,.F.,.F.,(4,1,4),(-0.15212170907466,-0.0757314755853461,0.),
 .UNSPECIFIED.);
#261=B_SPLINE_CURVE_WITH_KNOTS('',3,(#14366,#14367,#14368,#14369,#14370),
 .UNSPECIFIED.,.F.,.F.,(4,1,4),(-0.107801973045519,-0.0530436242401176,
0.),.UNSPECIFIED.);
#262=B_SPLINE_CURVE_WITH_KNOTS('',3,(#14383,#14384,#14385,#14386,#14387),
 .UNSPECIFIED.,.F.,.F.,(4,1,4),(-0.121901562477429,-0.0580480014516057,
0.),.UNSPECIFIED.);
#263=B_SPLINE_CURVE_WITH_KNOTS('',3,(#14400,#14401,#14402,#14403,#14404),
 .UNSPECIFIED.,.F.,.F.,(4,1,4),(-0.175171825662436,-0.0772246776425646,
0.),.UNSPECIFIED.);
#264=B_SPLINE_CURVE_WITH_KNOTS('',3,(#14417,#14418,#14419,#14420,#14421),
 .UNSPECIFIED.,.F.,.F.,(4,1,4),(-0.213019953977098,-0.118894637784236,0.),
 .UNSPECIFIED.);
#265=B_SPLINE_CURVE_WITH_KNOTS('',3,(#14434,#14435,#14436,#14437,#14438),
 .UNSPECIFIED.,.F.,.F.,(4,1,4),(-0.183729950173433,-0.0856319393686625,
0.),.UNSPECIFIED.);
#266=B_SPLINE_CURVE_WITH_KNOTS('',3,(#14455,#14456,#14457,#14458,#14459),
 .UNSPECIFIED.,.F.,.F.,(4,1,4),(-0.0780014995619584,-0.0427236911113519,
0.),.UNSPECIFIED.);
#267=B_SPLINE_CURVE_WITH_KNOTS('',3,(#14472,#14473,#14474,#14475,#14476),
 .UNSPECIFIED.,.F.,.F.,(4,1,4),(-0.0761547100712444,-0.0349182710070288,
0.),.UNSPECIFIED.);
#268=B_SPLINE_CURVE_WITH_KNOTS('',3,(#14489,#14490,#14491,#14492,#14493),
 .UNSPECIFIED.,.F.,.F.,(4,1,4),(-0.0599197422820918,-0.0333070897902535,
0.),.UNSPECIFIED.);
#269=B_SPLINE_CURVE_WITH_KNOTS('',3,(#14506,#14507,#14508,#14509,#14510),
 .UNSPECIFIED.,.F.,.F.,(4,1,4),(-0.0445111001806509,-0.0227911293340889,
0.),.UNSPECIFIED.);
#270=B_SPLINE_CURVE_WITH_KNOTS('',3,(#14523,#14524,#14525,#14526,#14527),
 .UNSPECIFIED.,.F.,.F.,(4,1,4),(-0.0348364102328708,-0.0163579444392047,
0.),.UNSPECIFIED.);
#271=B_SPLINE_CURVE_WITH_KNOTS('',3,(#14540,#14541,#14542,#14543,#14544),
 .UNSPECIFIED.,.F.,.F.,(4,1,4),(-0.0774573772651873,-0.0290445400717513,
0.),.UNSPECIFIED.);
#272=B_SPLINE_CURVE_WITH_KNOTS('',3,(#14557,#14558,#14559,#14560,#14561),
 .UNSPECIFIED.,.F.,.F.,(4,1,4),(-0.212726582425192,-0.125522062266625,0.),
 .UNSPECIFIED.);
#273=B_SPLINE_CURVE_WITH_KNOTS('',3,(#14574,#14575,#14576,#14577,#14578),
 .UNSPECIFIED.,.F.,.F.,(4,1,4),(-0.11946269173459,-0.0635346612155728,0.),
 .UNSPECIFIED.);
#274=B_SPLINE_CURVE_WITH_KNOTS('',3,(#14591,#14592,#14593,#14594,#14595),
 .UNSPECIFIED.,.F.,.F.,(4,1,4),(-0.108346131883429,-0.0533477773295789,
0.),.UNSPECIFIED.);
#275=B_SPLINE_CURVE_WITH_KNOTS('',3,(#14608,#14609,#14610,#14611,#14612),
 .UNSPECIFIED.,.F.,.F.,(4,1,4),(-0.131049419445192,-0.0653664420575822,
0.),.UNSPECIFIED.);
#276=B_SPLINE_CURVE_WITH_KNOTS('',3,(#14625,#14626,#14627,#14628,#14629),
 .UNSPECIFIED.,.F.,.F.,(4,1,4),(-0.13661696447655,-0.0669995493179529,0.),
 .UNSPECIFIED.);
#277=B_SPLINE_CURVE_WITH_KNOTS('',3,(#14642,#14643,#14644,#14645,#14646),
 .UNSPECIFIED.,.F.,.F.,(4,1,4),(-0.1719874877852,-0.0787070334965217,0.),
 .UNSPECIFIED.);
#278=B_SPLINE_CURVE_WITH_KNOTS('',3,(#14659,#14660,#14661,#14662,#14663),
 .UNSPECIFIED.,.F.,.F.,(4,1,4),(-0.261262780233927,-0.152099986977604,0.),
 .UNSPECIFIED.);
#279=B_SPLINE_CURVE_WITH_KNOTS('',3,(#14675,#14676,#14677,#14678,#14679),
 .UNSPECIFIED.,.F.,.F.,(4,1,4),(-0.194457151582323,-0.0948329384075649,
0.),.UNSPECIFIED.);
#280=STYLED_ITEM('',(#14949),#323);
#281=STYLED_ITEM('',(#14949),#324);
#282=STYLED_ITEM('',(#14949),#325);
#283=STYLED_ITEM('',(#14949),#326);
#284=STYLED_ITEM('',(#14950),#327);
#285=STYLED_ITEM('',(#14950),#328);
#286=STYLED_ITEM('',(#14950),#329);
#287=STYLED_ITEM('',(#14950),#330);
#288=STYLED_ITEM('',(#14950),#331);
#289=STYLED_ITEM('',(#14951),#332);
#290=STYLED_ITEM('',(#14951),#333);
#291=STYLED_ITEM('',(#14950),#334);
#292=STYLED_ITEM('',(#14950),#335);
#293=STYLED_ITEM('',(#14950),#336);
#294=STYLED_ITEM('',(#14950),#337);
#295=STYLED_ITEM('',(#14950),#338);
#296=STYLED_ITEM('',(#14951),#339);
#297=STYLED_ITEM('',(#14951),#340);
#298=STYLED_ITEM('',(#14950),#341);
#299=STYLED_ITEM('',(#14950),#342);
#300=STYLED_ITEM('',(#14950),#343);
#301=STYLED_ITEM('',(#14950),#344);
#302=STYLED_ITEM('',(#14950),#345);
#303=STYLED_ITEM('',(#14951),#346);
#304=STYLED_ITEM('',(#14951),#347);
#305=STYLED_ITEM('',(#14949),#348);
#306=STYLED_ITEM('',(#14949),#349);
#307=STYLED_ITEM('',(#14949),#350);
#308=STYLED_ITEM('',(#14949),#351);
#309=STYLED_ITEM('',(#14949),#352);
#310=STYLED_ITEM('',(#14949),#353);
#311=STYLED_ITEM('',(#14949),#354);
#312=STYLED_ITEM('',(#14949),#355);
#313=STYLED_ITEM('',(#14949),#356);
#314=STYLED_ITEM('',(#14949),#357);
#315=STYLED_ITEM('',(#14949),#358);
#316=STYLED_ITEM('',(#14949),#359);
#317=STYLED_ITEM('',(#14949),#360);
#318=STYLED_ITEM('',(#14949),#361);
#319=STYLED_ITEM('',(#14950),#362);
#320=STYLED_ITEM('',(#14949),#363);
#321=STYLED_ITEM('',(#14951),#364);
#322=STYLED_ITEM('',(#14949),#365);
#323=MANIFOLD_SOLID_BREP('\X2\0411043E043A043E04320438043D0430\X0\ \X2\041B\X0\',
#8660);
#324=MANIFOLD_SOLID_BREP('\X2\0411043E043A043E04320438043D0430\X0\ \X2\041F\X0\',
#8661);
#325=MANIFOLD_SOLID_BREP('\X2\042804420430043D04330430\X0\ \X2\043D04380436043D044F044F\X0\',
#8662);
#326=MANIFOLD_SOLID_BREP('\X2\042804420430043D04330430\X0\ \X2\0432043504400445043D044F044F\X0\',
#8663);
#327=MANIFOLD_SOLID_BREP('\X2\041B043E0442043E043A\X0\ 1 \X2\2014\X0\ 
\X2\0434043D043E\X0\',#8664);
#328=MANIFOLD_SOLID_BREP('\X2\041B043E0442043E043A\X0\ 1 \X2\2014\X0\ 
\X2\043F0435044004350434\X0\',#8665);
#329=MANIFOLD_SOLID_BREP('\X2\041B043E0442043E043A\X0\ 1 \X2\2014\X0\ 
\X2\043704300434\X0\',#8666);
#330=MANIFOLD_SOLID_BREP('\X2\041B043E0442043E043A\X0\ 1 \X2\2014\X0\ 
\X2\0431043E043A\X0\',#8667);
#331=MANIFOLD_SOLID_BREP('\X2\041B043E0442043E043A\X0\ 1 \X2\2014\X0\ 
\X2\0431043E043A\X0\ (1)',#8668);
#332=MANIFOLD_SOLID_BREP('\X2\041B043E0442043E043A\X0\ 1 \X2\2014\X0\ 
\X2\043F0435044004350433043E0440043E0434043A0430\X0\',#8669);
#333=MANIFOLD_SOLID_BREP('\X2\041B043E0442043E043A\X0\ 1 \X2\2014\X0\ 
\X2\043F0435044004350433043E0440043E0434043A0430\X0\ (1)',#8670);
#334=MANIFOLD_SOLID_BREP('\X2\041B043E0442043E043A\X0\ 2 \X2\2014\X0\ 
\X2\0434043D043E\X0\',#8671);
#335=MANIFOLD_SOLID_BREP('\X2\041B043E0442043E043A\X0\ 2 \X2\2014\X0\ 
\X2\043F0435044004350434\X0\',#8672);
#336=MANIFOLD_SOLID_BREP('\X2\041B043E0442043E043A\X0\ 2 \X2\2014\X0\ 
\X2\043704300434\X0\',#8673);
#337=MANIFOLD_SOLID_BREP('\X2\041B043E0442043E043A\X0\ 2 \X2\2014\X0\ 
\X2\0431043E043A\X0\',#8674);
#338=MANIFOLD_SOLID_BREP('\X2\041B043E0442043E043A\X0\ 2 \X2\2014\X0\ 
\X2\0431043E043A\X0\ (1)',#8675);
#339=MANIFOLD_SOLID_BREP('\X2\041B043E0442043E043A\X0\ 2 \X2\2014\X0\ 
\X2\043F0435044004350433043E0440043E0434043A0430\X0\',#8676);
#340=MANIFOLD_SOLID_BREP('\X2\041B043E0442043E043A\X0\ 2 \X2\2014\X0\ 
\X2\043F0435044004350433043E0440043E0434043A0430\X0\ (1)',#8677);
#341=MANIFOLD_SOLID_BREP('\X2\041B043E0442043E043A\X0\ 3 \X2\2014\X0\ 
\X2\0434043D043E\X0\',#8678);
#342=MANIFOLD_SOLID_BREP('\X2\041B043E0442043E043A\X0\ 3 \X2\2014\X0\ 
\X2\043F0435044004350434\X0\',#8679);
#343=MANIFOLD_SOLID_BREP('\X2\041B043E0442043E043A\X0\ 3 \X2\2014\X0\ 
\X2\043704300434\X0\',#8680);
#344=MANIFOLD_SOLID_BREP('\X2\041B043E0442043E043A\X0\ 3 \X2\2014\X0\ 
\X2\0431043E043A\X0\',#8681);
#345=MANIFOLD_SOLID_BREP('\X2\041B043E0442043E043A\X0\ 3 \X2\2014\X0\ 
\X2\0431043E043A\X0\ (1)',#8682);
#346=MANIFOLD_SOLID_BREP('\X2\041B043E0442043E043A\X0\ 3 \X2\2014\X0\ 
\X2\043F0435044004350433043E0440043E0434043A0430\X0\',#8683);
#347=MANIFOLD_SOLID_BREP('\X2\041B043E0442043E043A\X0\ 3 \X2\2014\X0\ 
\X2\043F0435044004350433043E0440043E0434043A0430\X0\ (1)',#8684);
#348=MANIFOLD_SOLID_BREP('\X2\041B043E0433043E04420438043F\X0\',#8685);
#349=MANIFOLD_SOLID_BREP('\X2\041B043E0433043E04420438043F\X0\ (1)',#8686);
#350=MANIFOLD_SOLID_BREP('\X2\041B043E0433043E04420438043F\X0\ (2)',#8687);
#351=MANIFOLD_SOLID_BREP('\X2\041B043E0433043E04420438043F\X0\ (3)',#8688);
#352=MANIFOLD_SOLID_BREP('\X2\041B043E0433043E04420438043F\X0\ (4)',#8689);
#353=MANIFOLD_SOLID_BREP('\X2\041B043E0433043E04420438043F\X0\ (5)',#8690);
#354=MANIFOLD_SOLID_BREP('\X2\041B043E0433043E04420438043F\X0\ (6)',#8691);
#355=MANIFOLD_SOLID_BREP('\X2\041B043E0433043E04420438043F\X0\ (7)',#8692);
#356=MANIFOLD_SOLID_BREP('\X2\041B043E0433043E04420438043F\X0\ (8)',#8693);
#357=MANIFOLD_SOLID_BREP('\X2\041B043E0433043E04420438043F\X0\ (9)',#8694);
#358=MANIFOLD_SOLID_BREP('\X2\041B043E0433043E04420438043F\X0\ (10)',#8695);
#359=MANIFOLD_SOLID_BREP('\X2\041B043E0433043E04420438043F\X0\ (11)',#8696);
#360=MANIFOLD_SOLID_BREP('\X2\041B043E0433043E04420438043F\X0\ (12)',#8697);
#361=MANIFOLD_SOLID_BREP('\X2\041B043E0433043E04420438043F\X0\ (13)',#8698);
#362=MANIFOLD_SOLID_BREP('STL \X2\041B043E0442043E043A\X0\',#8699);
#363=MANIFOLD_SOLID_BREP('STL \X2\042804420430043D04330430\X0\',#8700);
#364=MANIFOLD_SOLID_BREP('STL \X2\041F0435044004350433043E0440043E0434043A0430\X0\',
#8701);
#365=MANIFOLD_SOLID_BREP('STL \X2\042804420430043D04330430\X0\ (1)',#8702);
#366=FACE_BOUND('',#923,.T.);
#367=FACE_BOUND('',#924,.T.);
#368=FACE_BOUND('',#925,.T.);
#369=FACE_BOUND('',#926,.T.);
#370=FACE_BOUND('',#927,.T.);
#371=FACE_BOUND('',#928,.T.);
#372=FACE_BOUND('',#967,.T.);
#373=FACE_BOUND('',#968,.T.);
#374=FACE_BOUND('',#969,.T.);
#375=FACE_BOUND('',#970,.T.);
#376=FACE_BOUND('',#971,.T.);
#377=FACE_BOUND('',#972,.T.);
#378=FACE_BOUND('',#1141,.T.);
#379=FACE_BOUND('',#1154,.T.);
#380=FACE_BOUND('',#1195,.T.);
#381=FACE_BOUND('',#1208,.T.);
#382=FACE_BOUND('',#1210,.T.);
#383=FACE_BOUND('',#1239,.T.);
#384=FACE_BOUND('',#1251,.T.);
#385=FACE_BOUND('',#1264,.T.);
#386=FACE_BOUND('',#1378,.T.);
#387=FACE_BOUND('',#1381,.T.);
#388=FACE_BOUND('',#1402,.T.);
#389=FACE_BOUND('',#1405,.T.);
#390=FACE_OUTER_BOUND('',#887,.T.);
#391=FACE_OUTER_BOUND('',#888,.T.);
#392=FACE_OUTER_BOUND('',#889,.T.);
#393=FACE_OUTER_BOUND('',#890,.T.);
#394=FACE_OUTER_BOUND('',#891,.T.);
#395=FACE_OUTER_BOUND('',#892,.T.);
#396=FACE_OUTER_BOUND('',#893,.T.);
#397=FACE_OUTER_BOUND('',#894,.T.);
#398=FACE_OUTER_BOUND('',#895,.T.);
#399=FACE_OUTER_BOUND('',#896,.T.);
#400=FACE_OUTER_BOUND('',#897,.T.);
#401=FACE_OUTER_BOUND('',#898,.T.);
#402=FACE_OUTER_BOUND('',#899,.T.);
#403=FACE_OUTER_BOUND('',#900,.T.);
#404=FACE_OUTER_BOUND('',#901,.T.);
#405=FACE_OUTER_BOUND('',#902,.T.);
#406=FACE_OUTER_BOUND('',#903,.T.);
#407=FACE_OUTER_BOUND('',#904,.T.);
#408=FACE_OUTER_BOUND('',#905,.T.);
#409=FACE_OUTER_BOUND('',#906,.T.);
#410=FACE_OUTER_BOUND('',#907,.T.);
#411=FACE_OUTER_BOUND('',#908,.T.);
#412=FACE_OUTER_BOUND('',#909,.T.);
#413=FACE_OUTER_BOUND('',#910,.T.);
#414=FACE_OUTER_BOUND('',#911,.T.);
#415=FACE_OUTER_BOUND('',#912,.T.);
#416=FACE_OUTER_BOUND('',#913,.T.);
#417=FACE_OUTER_BOUND('',#914,.T.);
#418=FACE_OUTER_BOUND('',#915,.T.);
#419=FACE_OUTER_BOUND('',#916,.T.);
#420=FACE_OUTER_BOUND('',#917,.T.);
#421=FACE_OUTER_BOUND('',#918,.T.);
#422=FACE_OUTER_BOUND('',#919,.T.);
#423=FACE_OUTER_BOUND('',#920,.T.);
#424=FACE_OUTER_BOUND('',#921,.T.);
#425=FACE_OUTER_BOUND('',#922,.T.);
#426=FACE_OUTER_BOUND('',#929,.T.);
#427=FACE_OUTER_BOUND('',#930,.T.);
#428=FACE_OUTER_BOUND('',#931,.T.);
#429=FACE_OUTER_BOUND('',#932,.T.);
#430=FACE_OUTER_BOUND('',#933,.T.);
#431=FACE_OUTER_BOUND('',#934,.T.);
#432=FACE_OUTER_BOUND('',#935,.T.);
#433=FACE_OUTER_BOUND('',#936,.T.);
#434=FACE_OUTER_BOUND('',#937,.T.);
#435=FACE_OUTER_BOUND('',#938,.T.);
#436=FACE_OUTER_BOUND('',#939,.T.);
#437=FACE_OUTER_BOUND('',#940,.T.);
#438=FACE_OUTER_BOUND('',#941,.T.);
#439=FACE_OUTER_BOUND('',#942,.T.);
#440=FACE_OUTER_BOUND('',#943,.T.);
#441=FACE_OUTER_BOUND('',#944,.T.);
#442=FACE_OUTER_BOUND('',#945,.T.);
#443=FACE_OUTER_BOUND('',#946,.T.);
#444=FACE_OUTER_BOUND('',#947,.T.);
#445=FACE_OUTER_BOUND('',#948,.T.);
#446=FACE_OUTER_BOUND('',#949,.T.);
#447=FACE_OUTER_BOUND('',#950,.T.);
#448=FACE_OUTER_BOUND('',#951,.T.);
#449=FACE_OUTER_BOUND('',#952,.T.);
#450=FACE_OUTER_BOUND('',#953,.T.);
#451=FACE_OUTER_BOUND('',#954,.T.);
#452=FACE_OUTER_BOUND('',#955,.T.);
#453=FACE_OUTER_BOUND('',#956,.T.);
#454=FACE_OUTER_BOUND('',#957,.T.);
#455=FACE_OUTER_BOUND('',#958,.T.);
#456=FACE_OUTER_BOUND('',#959,.T.);
#457=FACE_OUTER_BOUND('',#960,.T.);
#458=FACE_OUTER_BOUND('',#961,.T.);
#459=FACE_OUTER_BOUND('',#962,.T.);
#460=FACE_OUTER_BOUND('',#963,.T.);
#461=FACE_OUTER_BOUND('',#964,.T.);
#462=FACE_OUTER_BOUND('',#965,.T.);
#463=FACE_OUTER_BOUND('',#966,.T.);
#464=FACE_OUTER_BOUND('',#973,.T.);
#465=FACE_OUTER_BOUND('',#974,.T.);
#466=FACE_OUTER_BOUND('',#975,.T.);
#467=FACE_OUTER_BOUND('',#976,.T.);
#468=FACE_OUTER_BOUND('',#977,.T.);
#469=FACE_OUTER_BOUND('',#978,.T.);
#470=FACE_OUTER_BOUND('',#979,.T.);
#471=FACE_OUTER_BOUND('',#980,.T.);
#472=FACE_OUTER_BOUND('',#981,.T.);
#473=FACE_OUTER_BOUND('',#982,.T.);
#474=FACE_OUTER_BOUND('',#983,.T.);
#475=FACE_OUTER_BOUND('',#984,.T.);
#476=FACE_OUTER_BOUND('',#985,.T.);
#477=FACE_OUTER_BOUND('',#986,.T.);
#478=FACE_OUTER_BOUND('',#987,.T.);
#479=FACE_OUTER_BOUND('',#988,.T.);
#480=FACE_OUTER_BOUND('',#989,.T.);
#481=FACE_OUTER_BOUND('',#990,.T.);
#482=FACE_OUTER_BOUND('',#991,.T.);
#483=FACE_OUTER_BOUND('',#992,.T.);
#484=FACE_OUTER_BOUND('',#993,.T.);
#485=FACE_OUTER_BOUND('',#994,.T.);
#486=FACE_OUTER_BOUND('',#995,.T.);
#487=FACE_OUTER_BOUND('',#996,.T.);
#488=FACE_OUTER_BOUND('',#997,.T.);
#489=FACE_OUTER_BOUND('',#998,.T.);
#490=FACE_OUTER_BOUND('',#999,.T.);
#491=FACE_OUTER_BOUND('',#1000,.T.);
#492=FACE_OUTER_BOUND('',#1001,.T.);
#493=FACE_OUTER_BOUND('',#1002,.T.);
#494=FACE_OUTER_BOUND('',#1003,.T.);
#495=FACE_OUTER_BOUND('',#1004,.T.);
#496=FACE_OUTER_BOUND('',#1005,.T.);
#497=FACE_OUTER_BOUND('',#1006,.T.);
#498=FACE_OUTER_BOUND('',#1007,.T.);
#499=FACE_OUTER_BOUND('',#1008,.T.);
#500=FACE_OUTER_BOUND('',#1009,.T.);
#501=FACE_OUTER_BOUND('',#1010,.T.);
#502=FACE_OUTER_BOUND('',#1011,.T.);
#503=FACE_OUTER_BOUND('',#1012,.T.);
#504=FACE_OUTER_BOUND('',#1013,.T.);
#505=FACE_OUTER_BOUND('',#1014,.T.);
#506=FACE_OUTER_BOUND('',#1015,.T.);
#507=FACE_OUTER_BOUND('',#1016,.T.);
#508=FACE_OUTER_BOUND('',#1017,.T.);
#509=FACE_OUTER_BOUND('',#1018,.T.);
#510=FACE_OUTER_BOUND('',#1019,.T.);
#511=FACE_OUTER_BOUND('',#1020,.T.);
#512=FACE_OUTER_BOUND('',#1021,.T.);
#513=FACE_OUTER_BOUND('',#1022,.T.);
#514=FACE_OUTER_BOUND('',#1023,.T.);
#515=FACE_OUTER_BOUND('',#1024,.T.);
#516=FACE_OUTER_BOUND('',#1025,.T.);
#517=FACE_OUTER_BOUND('',#1026,.T.);
#518=FACE_OUTER_BOUND('',#1027,.T.);
#519=FACE_OUTER_BOUND('',#1028,.T.);
#520=FACE_OUTER_BOUND('',#1029,.T.);
#521=FACE_OUTER_BOUND('',#1030,.T.);
#522=FACE_OUTER_BOUND('',#1031,.T.);
#523=FACE_OUTER_BOUND('',#1032,.T.);
#524=FACE_OUTER_BOUND('',#1033,.T.);
#525=FACE_OUTER_BOUND('',#1034,.T.);
#526=FACE_OUTER_BOUND('',#1035,.T.);
#527=FACE_OUTER_BOUND('',#1036,.T.);
#528=FACE_OUTER_BOUND('',#1037,.T.);
#529=FACE_OUTER_BOUND('',#1038,.T.);
#530=FACE_OUTER_BOUND('',#1039,.T.);
#531=FACE_OUTER_BOUND('',#1040,.T.);
#532=FACE_OUTER_BOUND('',#1041,.T.);
#533=FACE_OUTER_BOUND('',#1042,.T.);
#534=FACE_OUTER_BOUND('',#1043,.T.);
#535=FACE_OUTER_BOUND('',#1044,.T.);
#536=FACE_OUTER_BOUND('',#1045,.T.);
#537=FACE_OUTER_BOUND('',#1046,.T.);
#538=FACE_OUTER_BOUND('',#1047,.T.);
#539=FACE_OUTER_BOUND('',#1048,.T.);
#540=FACE_OUTER_BOUND('',#1049,.T.);
#541=FACE_OUTER_BOUND('',#1050,.T.);
#542=FACE_OUTER_BOUND('',#1051,.T.);
#543=FACE_OUTER_BOUND('',#1052,.T.);
#544=FACE_OUTER_BOUND('',#1053,.T.);
#545=FACE_OUTER_BOUND('',#1054,.T.);
#546=FACE_OUTER_BOUND('',#1055,.T.);
#547=FACE_OUTER_BOUND('',#1056,.T.);
#548=FACE_OUTER_BOUND('',#1057,.T.);
#549=FACE_OUTER_BOUND('',#1058,.T.);
#550=FACE_OUTER_BOUND('',#1059,.T.);
#551=FACE_OUTER_BOUND('',#1060,.T.);
#552=FACE_OUTER_BOUND('',#1061,.T.);
#553=FACE_OUTER_BOUND('',#1062,.T.);
#554=FACE_OUTER_BOUND('',#1063,.T.);
#555=FACE_OUTER_BOUND('',#1064,.T.);
#556=FACE_OUTER_BOUND('',#1065,.T.);
#557=FACE_OUTER_BOUND('',#1066,.T.);
#558=FACE_OUTER_BOUND('',#1067,.T.);
#559=FACE_OUTER_BOUND('',#1068,.T.);
#560=FACE_OUTER_BOUND('',#1069,.T.);
#561=FACE_OUTER_BOUND('',#1070,.T.);
#562=FACE_OUTER_BOUND('',#1071,.T.);
#563=FACE_OUTER_BOUND('',#1072,.T.);
#564=FACE_OUTER_BOUND('',#1073,.T.);
#565=FACE_OUTER_BOUND('',#1074,.T.);
#566=FACE_OUTER_BOUND('',#1075,.T.);
#567=FACE_OUTER_BOUND('',#1076,.T.);
#568=FACE_OUTER_BOUND('',#1077,.T.);
#569=FACE_OUTER_BOUND('',#1078,.T.);
#570=FACE_OUTER_BOUND('',#1079,.T.);
#571=FACE_OUTER_BOUND('',#1080,.T.);
#572=FACE_OUTER_BOUND('',#1081,.T.);
#573=FACE_OUTER_BOUND('',#1082,.T.);
#574=FACE_OUTER_BOUND('',#1083,.T.);
#575=FACE_OUTER_BOUND('',#1084,.T.);
#576=FACE_OUTER_BOUND('',#1085,.T.);
#577=FACE_OUTER_BOUND('',#1086,.T.);
#578=FACE_OUTER_BOUND('',#1087,.T.);
#579=FACE_OUTER_BOUND('',#1088,.T.);
#580=FACE_OUTER_BOUND('',#1089,.T.);
#581=FACE_OUTER_BOUND('',#1090,.T.);
#582=FACE_OUTER_BOUND('',#1091,.T.);
#583=FACE_OUTER_BOUND('',#1092,.T.);
#584=FACE_OUTER_BOUND('',#1093,.T.);
#585=FACE_OUTER_BOUND('',#1094,.T.);
#586=FACE_OUTER_BOUND('',#1095,.T.);
#587=FACE_OUTER_BOUND('',#1096,.T.);
#588=FACE_OUTER_BOUND('',#1097,.T.);
#589=FACE_OUTER_BOUND('',#1098,.T.);
#590=FACE_OUTER_BOUND('',#1099,.T.);
#591=FACE_OUTER_BOUND('',#1100,.T.);
#592=FACE_OUTER_BOUND('',#1101,.T.);
#593=FACE_OUTER_BOUND('',#1102,.T.);
#594=FACE_OUTER_BOUND('',#1103,.T.);
#595=FACE_OUTER_BOUND('',#1104,.T.);
#596=FACE_OUTER_BOUND('',#1105,.T.);
#597=FACE_OUTER_BOUND('',#1106,.T.);
#598=FACE_OUTER_BOUND('',#1107,.T.);
#599=FACE_OUTER_BOUND('',#1108,.T.);
#600=FACE_OUTER_BOUND('',#1109,.T.);
#601=FACE_OUTER_BOUND('',#1110,.T.);
#602=FACE_OUTER_BOUND('',#1111,.T.);
#603=FACE_OUTER_BOUND('',#1112,.T.);
#604=FACE_OUTER_BOUND('',#1113,.T.);
#605=FACE_OUTER_BOUND('',#1114,.T.);
#606=FACE_OUTER_BOUND('',#1115,.T.);
#607=FACE_OUTER_BOUND('',#1116,.T.);
#608=FACE_OUTER_BOUND('',#1117,.T.);
#609=FACE_OUTER_BOUND('',#1118,.T.);
#610=FACE_OUTER_BOUND('',#1119,.T.);
#611=FACE_OUTER_BOUND('',#1120,.T.);
#612=FACE_OUTER_BOUND('',#1121,.T.);
#613=FACE_OUTER_BOUND('',#1122,.T.);
#614=FACE_OUTER_BOUND('',#1123,.T.);
#615=FACE_OUTER_BOUND('',#1124,.T.);
#616=FACE_OUTER_BOUND('',#1125,.T.);
#617=FACE_OUTER_BOUND('',#1126,.T.);
#618=FACE_OUTER_BOUND('',#1127,.T.);
#619=FACE_OUTER_BOUND('',#1128,.T.);
#620=FACE_OUTER_BOUND('',#1129,.T.);
#621=FACE_OUTER_BOUND('',#1130,.T.);
#622=FACE_OUTER_BOUND('',#1131,.T.);
#623=FACE_OUTER_BOUND('',#1132,.T.);
#624=FACE_OUTER_BOUND('',#1133,.T.);
#625=FACE_OUTER_BOUND('',#1134,.T.);
#626=FACE_OUTER_BOUND('',#1135,.T.);
#627=FACE_OUTER_BOUND('',#1136,.T.);
#628=FACE_OUTER_BOUND('',#1137,.T.);
#629=FACE_OUTER_BOUND('',#1138,.T.);
#630=FACE_OUTER_BOUND('',#1139,.T.);
#631=FACE_OUTER_BOUND('',#1140,.T.);
#632=FACE_OUTER_BOUND('',#1142,.T.);
#633=FACE_OUTER_BOUND('',#1143,.T.);
#634=FACE_OUTER_BOUND('',#1144,.T.);
#635=FACE_OUTER_BOUND('',#1145,.T.);
#636=FACE_OUTER_BOUND('',#1146,.T.);
#637=FACE_OUTER_BOUND('',#1147,.T.);
#638=FACE_OUTER_BOUND('',#1148,.T.);
#639=FACE_OUTER_BOUND('',#1149,.T.);
#640=FACE_OUTER_BOUND('',#1150,.T.);
#641=FACE_OUTER_BOUND('',#1151,.T.);
#642=FACE_OUTER_BOUND('',#1152,.T.);
#643=FACE_OUTER_BOUND('',#1153,.T.);
#644=FACE_OUTER_BOUND('',#1155,.T.);
#645=FACE_OUTER_BOUND('',#1156,.T.);
#646=FACE_OUTER_BOUND('',#1157,.T.);
#647=FACE_OUTER_BOUND('',#1158,.T.);
#648=FACE_OUTER_BOUND('',#1159,.T.);
#649=FACE_OUTER_BOUND('',#1160,.T.);
#650=FACE_OUTER_BOUND('',#1161,.T.);
#651=FACE_OUTER_BOUND('',#1162,.T.);
#652=FACE_OUTER_BOUND('',#1163,.T.);
#653=FACE_OUTER_BOUND('',#1164,.T.);
#654=FACE_OUTER_BOUND('',#1165,.T.);
#655=FACE_OUTER_BOUND('',#1166,.T.);
#656=FACE_OUTER_BOUND('',#1167,.T.);
#657=FACE_OUTER_BOUND('',#1168,.T.);
#658=FACE_OUTER_BOUND('',#1169,.T.);
#659=FACE_OUTER_BOUND('',#1170,.T.);
#660=FACE_OUTER_BOUND('',#1171,.T.);
#661=FACE_OUTER_BOUND('',#1172,.T.);
#662=FACE_OUTER_BOUND('',#1173,.T.);
#663=FACE_OUTER_BOUND('',#1174,.T.);
#664=FACE_OUTER_BOUND('',#1175,.T.);
#665=FACE_OUTER_BOUND('',#1176,.T.);
#666=FACE_OUTER_BOUND('',#1177,.T.);
#667=FACE_OUTER_BOUND('',#1178,.T.);
#668=FACE_OUTER_BOUND('',#1179,.T.);
#669=FACE_OUTER_BOUND('',#1180,.T.);
#670=FACE_OUTER_BOUND('',#1181,.T.);
#671=FACE_OUTER_BOUND('',#1182,.T.);
#672=FACE_OUTER_BOUND('',#1183,.T.);
#673=FACE_OUTER_BOUND('',#1184,.T.);
#674=FACE_OUTER_BOUND('',#1185,.T.);
#675=FACE_OUTER_BOUND('',#1186,.T.);
#676=FACE_OUTER_BOUND('',#1187,.T.);
#677=FACE_OUTER_BOUND('',#1188,.T.);
#678=FACE_OUTER_BOUND('',#1189,.T.);
#679=FACE_OUTER_BOUND('',#1190,.T.);
#680=FACE_OUTER_BOUND('',#1191,.T.);
#681=FACE_OUTER_BOUND('',#1192,.T.);
#682=FACE_OUTER_BOUND('',#1193,.T.);
#683=FACE_OUTER_BOUND('',#1194,.T.);
#684=FACE_OUTER_BOUND('',#1196,.T.);
#685=FACE_OUTER_BOUND('',#1197,.T.);
#686=FACE_OUTER_BOUND('',#1198,.T.);
#687=FACE_OUTER_BOUND('',#1199,.T.);
#688=FACE_OUTER_BOUND('',#1200,.T.);
#689=FACE_OUTER_BOUND('',#1201,.T.);
#690=FACE_OUTER_BOUND('',#1202,.T.);
#691=FACE_OUTER_BOUND('',#1203,.T.);
#692=FACE_OUTER_BOUND('',#1204,.T.);
#693=FACE_OUTER_BOUND('',#1205,.T.);
#694=FACE_OUTER_BOUND('',#1206,.T.);
#695=FACE_OUTER_BOUND('',#1207,.T.);
#696=FACE_OUTER_BOUND('',#1209,.T.);
#697=FACE_OUTER_BOUND('',#1211,.T.);
#698=FACE_OUTER_BOUND('',#1212,.T.);
#699=FACE_OUTER_BOUND('',#1213,.T.);
#700=FACE_OUTER_BOUND('',#1214,.T.);
#701=FACE_OUTER_BOUND('',#1215,.T.);
#702=FACE_OUTER_BOUND('',#1216,.T.);
#703=FACE_OUTER_BOUND('',#1217,.T.);
#704=FACE_OUTER_BOUND('',#1218,.T.);
#705=FACE_OUTER_BOUND('',#1219,.T.);
#706=FACE_OUTER_BOUND('',#1220,.T.);
#707=FACE_OUTER_BOUND('',#1221,.T.);
#708=FACE_OUTER_BOUND('',#1222,.T.);
#709=FACE_OUTER_BOUND('',#1223,.T.);
#710=FACE_OUTER_BOUND('',#1224,.T.);
#711=FACE_OUTER_BOUND('',#1225,.T.);
#712=FACE_OUTER_BOUND('',#1226,.T.);
#713=FACE_OUTER_BOUND('',#1227,.T.);
#714=FACE_OUTER_BOUND('',#1228,.T.);
#715=FACE_OUTER_BOUND('',#1229,.T.);
#716=FACE_OUTER_BOUND('',#1230,.T.);
#717=FACE_OUTER_BOUND('',#1231,.T.);
#718=FACE_OUTER_BOUND('',#1232,.T.);
#719=FACE_OUTER_BOUND('',#1233,.T.);
#720=FACE_OUTER_BOUND('',#1234,.T.);
#721=FACE_OUTER_BOUND('',#1235,.T.);
#722=FACE_OUTER_BOUND('',#1236,.T.);
#723=FACE_OUTER_BOUND('',#1237,.T.);
#724=FACE_OUTER_BOUND('',#1238,.T.);
#725=FACE_OUTER_BOUND('',#1240,.T.);
#726=FACE_OUTER_BOUND('',#1241,.T.);
#727=FACE_OUTER_BOUND('',#1242,.T.);
#728=FACE_OUTER_BOUND('',#1243,.T.);
#729=FACE_OUTER_BOUND('',#1244,.T.);
#730=FACE_OUTER_BOUND('',#1245,.T.);
#731=FACE_OUTER_BOUND('',#1246,.T.);
#732=FACE_OUTER_BOUND('',#1247,.T.);
#733=FACE_OUTER_BOUND('',#1248,.T.);
#734=FACE_OUTER_BOUND('',#1249,.T.);
#735=FACE_OUTER_BOUND('',#1250,.T.);
#736=FACE_OUTER_BOUND('',#1252,.T.);
#737=FACE_OUTER_BOUND('',#1253,.T.);
#738=FACE_OUTER_BOUND('',#1254,.T.);
#739=FACE_OUTER_BOUND('',#1255,.T.);
#740=FACE_OUTER_BOUND('',#1256,.T.);
#741=FACE_OUTER_BOUND('',#1257,.T.);
#742=FACE_OUTER_BOUND('',#1258,.T.);
#743=FACE_OUTER_BOUND('',#1259,.T.);
#744=FACE_OUTER_BOUND('',#1260,.T.);
#745=FACE_OUTER_BOUND('',#1261,.T.);
#746=FACE_OUTER_BOUND('',#1262,.T.);
#747=FACE_OUTER_BOUND('',#1263,.T.);
#748=FACE_OUTER_BOUND('',#1265,.T.);
#749=FACE_OUTER_BOUND('',#1266,.T.);
#750=FACE_OUTER_BOUND('',#1267,.T.);
#751=FACE_OUTER_BOUND('',#1268,.T.);
#752=FACE_OUTER_BOUND('',#1269,.T.);
#753=FACE_OUTER_BOUND('',#1270,.T.);
#754=FACE_OUTER_BOUND('',#1271,.T.);
#755=FACE_OUTER_BOUND('',#1272,.T.);
#756=FACE_OUTER_BOUND('',#1273,.T.);
#757=FACE_OUTER_BOUND('',#1274,.T.);
#758=FACE_OUTER_BOUND('',#1275,.T.);
#759=FACE_OUTER_BOUND('',#1276,.T.);
#760=FACE_OUTER_BOUND('',#1277,.T.);
#761=FACE_OUTER_BOUND('',#1278,.T.);
#762=FACE_OUTER_BOUND('',#1279,.T.);
#763=FACE_OUTER_BOUND('',#1280,.T.);
#764=FACE_OUTER_BOUND('',#1281,.T.);
#765=FACE_OUTER_BOUND('',#1282,.T.);
#766=FACE_OUTER_BOUND('',#1283,.T.);
#767=FACE_OUTER_BOUND('',#1284,.T.);
#768=FACE_OUTER_BOUND('',#1285,.T.);
#769=FACE_OUTER_BOUND('',#1286,.T.);
#770=FACE_OUTER_BOUND('',#1287,.T.);
#771=FACE_OUTER_BOUND('',#1288,.T.);
#772=FACE_OUTER_BOUND('',#1289,.T.);
#773=FACE_OUTER_BOUND('',#1290,.T.);
#774=FACE_OUTER_BOUND('',#1291,.T.);
#775=FACE_OUTER_BOUND('',#1292,.T.);
#776=FACE_OUTER_BOUND('',#1293,.T.);
#777=FACE_OUTER_BOUND('',#1294,.T.);
#778=FACE_OUTER_BOUND('',#1295,.T.);
#779=FACE_OUTER_BOUND('',#1296,.T.);
#780=FACE_OUTER_BOUND('',#1297,.T.);
#781=FACE_OUTER_BOUND('',#1298,.T.);
#782=FACE_OUTER_BOUND('',#1299,.T.);
#783=FACE_OUTER_BOUND('',#1300,.T.);
#784=FACE_OUTER_BOUND('',#1301,.T.);
#785=FACE_OUTER_BOUND('',#1302,.T.);
#786=FACE_OUTER_BOUND('',#1303,.T.);
#787=FACE_OUTER_BOUND('',#1304,.T.);
#788=FACE_OUTER_BOUND('',#1305,.T.);
#789=FACE_OUTER_BOUND('',#1306,.T.);
#790=FACE_OUTER_BOUND('',#1307,.T.);
#791=FACE_OUTER_BOUND('',#1308,.T.);
#792=FACE_OUTER_BOUND('',#1309,.T.);
#793=FACE_OUTER_BOUND('',#1310,.T.);
#794=FACE_OUTER_BOUND('',#1311,.T.);
#795=FACE_OUTER_BOUND('',#1312,.T.);
#796=FACE_OUTER_BOUND('',#1313,.T.);
#797=FACE_OUTER_BOUND('',#1314,.T.);
#798=FACE_OUTER_BOUND('',#1315,.T.);
#799=FACE_OUTER_BOUND('',#1316,.T.);
#800=FACE_OUTER_BOUND('',#1317,.T.);
#801=FACE_OUTER_BOUND('',#1318,.T.);
#802=FACE_OUTER_BOUND('',#1319,.T.);
#803=FACE_OUTER_BOUND('',#1320,.T.);
#804=FACE_OUTER_BOUND('',#1321,.T.);
#805=FACE_OUTER_BOUND('',#1322,.T.);
#806=FACE_OUTER_BOUND('',#1323,.T.);
#807=FACE_OUTER_BOUND('',#1324,.T.);
#808=FACE_OUTER_BOUND('',#1325,.T.);
#809=FACE_OUTER_BOUND('',#1326,.T.);
#810=FACE_OUTER_BOUND('',#1327,.T.);
#811=FACE_OUTER_BOUND('',#1328,.T.);
#812=FACE_OUTER_BOUND('',#1329,.T.);
#813=FACE_OUTER_BOUND('',#1330,.T.);
#814=FACE_OUTER_BOUND('',#1331,.T.);
#815=FACE_OUTER_BOUND('',#1332,.T.);
#816=FACE_OUTER_BOUND('',#1333,.T.);
#817=FACE_OUTER_BOUND('',#1334,.T.);
#818=FACE_OUTER_BOUND('',#1335,.T.);
#819=FACE_OUTER_BOUND('',#1336,.T.);
#820=FACE_OUTER_BOUND('',#1337,.T.);
#821=FACE_OUTER_BOUND('',#1338,.T.);
#822=FACE_OUTER_BOUND('',#1339,.T.);
#823=FACE_OUTER_BOUND('',#1340,.T.);
#824=FACE_OUTER_BOUND('',#1341,.T.);
#825=FACE_OUTER_BOUND('',#1342,.T.);
#826=FACE_OUTER_BOUND('',#1343,.T.);
#827=FACE_OUTER_BOUND('',#1344,.T.);
#828=FACE_OUTER_BOUND('',#1345,.T.);
#829=FACE_OUTER_BOUND('',#1346,.T.);
#830=FACE_OUTER_BOUND('',#1347,.T.);
#831=FACE_OUTER_BOUND('',#1348,.T.);
#832=FACE_OUTER_BOUND('',#1349,.T.);
#833=FACE_OUTER_BOUND('',#1350,.T.);
#834=FACE_OUTER_BOUND('',#1351,.T.);
#835=FACE_OUTER_BOUND('',#1352,.T.);
#836=FACE_OUTER_BOUND('',#1353,.T.);
#837=FACE_OUTER_BOUND('',#1354,.T.);
#838=FACE_OUTER_BOUND('',#1355,.T.);
#839=FACE_OUTER_BOUND('',#1356,.T.);
#840=FACE_OUTER_BOUND('',#1357,.T.);
#841=FACE_OUTER_BOUND('',#1358,.T.);
#842=FACE_OUTER_BOUND('',#1359,.T.);
#843=FACE_OUTER_BOUND('',#1360,.T.);
#844=FACE_OUTER_BOUND('',#1361,.T.);
#845=FACE_OUTER_BOUND('',#1362,.T.);
#846=FACE_OUTER_BOUND('',#1363,.T.);
#847=FACE_OUTER_BOUND('',#1364,.T.);
#848=FACE_OUTER_BOUND('',#1365,.T.);
#849=FACE_OUTER_BOUND('',#1366,.T.);
#850=FACE_OUTER_BOUND('',#1367,.T.);
#851=FACE_OUTER_BOUND('',#1368,.T.);
#852=FACE_OUTER_BOUND('',#1369,.T.);
#853=FACE_OUTER_BOUND('',#1370,.T.);
#854=FACE_OUTER_BOUND('',#1371,.T.);
#855=FACE_OUTER_BOUND('',#1372,.T.);
#856=FACE_OUTER_BOUND('',#1373,.T.);
#857=FACE_OUTER_BOUND('',#1374,.T.);
#858=FACE_OUTER_BOUND('',#1375,.T.);
#859=FACE_OUTER_BOUND('',#1376,.T.);
#860=FACE_OUTER_BOUND('',#1377,.T.);
#861=FACE_OUTER_BOUND('',#1379,.T.);
#862=FACE_OUTER_BOUND('',#1380,.T.);
#863=FACE_OUTER_BOUND('',#1382,.T.);
#864=FACE_OUTER_BOUND('',#1383,.T.);
#865=FACE_OUTER_BOUND('',#1384,.T.);
#866=FACE_OUTER_BOUND('',#1385,.T.);
#867=FACE_OUTER_BOUND('',#1386,.T.);
#868=FACE_OUTER_BOUND('',#1387,.T.);
#869=FACE_OUTER_BOUND('',#1388,.T.);
#870=FACE_OUTER_BOUND('',#1389,.T.);
#871=FACE_OUTER_BOUND('',#1390,.T.);
#872=FACE_OUTER_BOUND('',#1391,.T.);
#873=FACE_OUTER_BOUND('',#1392,.T.);
#874=FACE_OUTER_BOUND('',#1393,.T.);
#875=FACE_OUTER_BOUND('',#1394,.T.);
#876=FACE_OUTER_BOUND('',#1395,.T.);
#877=FACE_OUTER_BOUND('',#1396,.T.);
#878=FACE_OUTER_BOUND('',#1397,.T.);
#879=FACE_OUTER_BOUND('',#1398,.T.);
#880=FACE_OUTER_BOUND('',#1399,.T.);
#881=FACE_OUTER_BOUND('',#1400,.T.);
#882=FACE_OUTER_BOUND('',#1401,.T.);
#883=FACE_OUTER_BOUND('',#1403,.T.);
#884=FACE_OUTER_BOUND('',#1404,.T.);
#885=FACE_OUTER_BOUND('',#1406,.T.);
#886=FACE_OUTER_BOUND('',#1407,.T.);
#887=EDGE_LOOP('',(#5389,#5390,#5391,#5392));
#888=EDGE_LOOP('',(#5393,#5394,#5395,#5396));
#889=EDGE_LOOP('',(#5397,#5398,#5399,#5400));
#890=EDGE_LOOP('',(#5401,#5402,#5403,#5404));
#891=EDGE_LOOP('',(#5405,#5406,#5407,#5408));
#892=EDGE_LOOP('',(#5409,#5410,#5411,#5412));
#893=EDGE_LOOP('',(#5413,#5414,#5415,#5416));
#894=EDGE_LOOP('',(#5417,#5418,#5419,#5420));
#895=EDGE_LOOP('',(#5421,#5422,#5423,#5424));
#896=EDGE_LOOP('',(#5425,#5426,#5427,#5428));
#897=EDGE_LOOP('',(#5429,#5430,#5431,#5432));
#898=EDGE_LOOP('',(#5433,#5434,#5435,#5436));
#899=EDGE_LOOP('',(#5437,#5438,#5439,#5440));
#900=EDGE_LOOP('',(#5441,#5442,#5443,#5444));
#901=EDGE_LOOP('',(#5445,#5446,#5447,#5448));
#902=EDGE_LOOP('',(#5449,#5450,#5451,#5452));
#903=EDGE_LOOP('',(#5453,#5454,#5455,#5456));
#904=EDGE_LOOP('',(#5457,#5458,#5459,#5460));
#905=EDGE_LOOP('',(#5461,#5462,#5463,#5464));
#906=EDGE_LOOP('',(#5465,#5466,#5467,#5468));
#907=EDGE_LOOP('',(#5469,#5470,#5471,#5472));
#908=EDGE_LOOP('',(#5473,#5474,#5475,#5476));
#909=EDGE_LOOP('',(#5477,#5478,#5479,#5480));
#910=EDGE_LOOP('',(#5481,#5482,#5483,#5484));
#911=EDGE_LOOP('',(#5485,#5486,#5487,#5488));
#912=EDGE_LOOP('',(#5489,#5490,#5491,#5492));
#913=EDGE_LOOP('',(#5493,#5494,#5495,#5496));
#914=EDGE_LOOP('',(#5497,#5498,#5499,#5500));
#915=EDGE_LOOP('',(#5501,#5502,#5503,#5504));
#916=EDGE_LOOP('',(#5505,#5506,#5507,#5508));
#917=EDGE_LOOP('',(#5509,#5510,#5511,#5512));
#918=EDGE_LOOP('',(#5513,#5514,#5515,#5516));
#919=EDGE_LOOP('',(#5517,#5518,#5519,#5520));
#920=EDGE_LOOP('',(#5521,#5522,#5523,#5524));
#921=EDGE_LOOP('',(#5525,#5526,#5527,#5528));
#922=EDGE_LOOP('',(#5529,#5530,#5531,#5532,#5533));
#923=EDGE_LOOP('',(#5534,#5535,#5536,#5537));
#924=EDGE_LOOP('',(#5538,#5539,#5540,#5541));
#925=EDGE_LOOP('',(#5542,#5543,#5544,#5545));
#926=EDGE_LOOP('',(#5546,#5547,#5548,#5549));
#927=EDGE_LOOP('',(#5550,#5551,#5552,#5553));
#928=EDGE_LOOP('',(#5554,#5555,#5556,#5557));
#929=EDGE_LOOP('',(#5558,#5559,#5560,#5561,#5562));
#930=EDGE_LOOP('',(#5563,#5564,#5565,#5566));
#931=EDGE_LOOP('',(#5567,#5568,#5569,#5570));
#932=EDGE_LOOP('',(#5571,#5572,#5573,#5574));
#933=EDGE_LOOP('',(#5575,#5576,#5577,#5578));
#934=EDGE_LOOP('',(#5579,#5580,#5581,#5582));
#935=EDGE_LOOP('',(#5583,#5584,#5585,#5586));
#936=EDGE_LOOP('',(#5587,#5588,#5589,#5590));
#937=EDGE_LOOP('',(#5591,#5592,#5593,#5594));
#938=EDGE_LOOP('',(#5595,#5596,#5597,#5598));
#939=EDGE_LOOP('',(#5599,#5600,#5601,#5602));
#940=EDGE_LOOP('',(#5603,#5604,#5605,#5606));
#941=EDGE_LOOP('',(#5607,#5608,#5609,#5610));
#942=EDGE_LOOP('',(#5611,#5612,#5613,#5614));
#943=EDGE_LOOP('',(#5615,#5616,#5617,#5618));
#944=EDGE_LOOP('',(#5619,#5620,#5621,#5622));
#945=EDGE_LOOP('',(#5623,#5624,#5625,#5626));
#946=EDGE_LOOP('',(#5627,#5628,#5629,#5630));
#947=EDGE_LOOP('',(#5631,#5632,#5633,#5634));
#948=EDGE_LOOP('',(#5635,#5636,#5637,#5638));
#949=EDGE_LOOP('',(#5639,#5640,#5641,#5642));
#950=EDGE_LOOP('',(#5643,#5644,#5645,#5646));
#951=EDGE_LOOP('',(#5647,#5648,#5649,#5650));
#952=EDGE_LOOP('',(#5651,#5652,#5653,#5654));
#953=EDGE_LOOP('',(#5655,#5656,#5657,#5658));
#954=EDGE_LOOP('',(#5659,#5660,#5661,#5662));
#955=EDGE_LOOP('',(#5663,#5664,#5665,#5666));
#956=EDGE_LOOP('',(#5667,#5668,#5669,#5670));
#957=EDGE_LOOP('',(#5671,#5672,#5673,#5674));
#958=EDGE_LOOP('',(#5675,#5676,#5677,#5678));
#959=EDGE_LOOP('',(#5679,#5680,#5681,#5682));
#960=EDGE_LOOP('',(#5683,#5684,#5685,#5686));
#961=EDGE_LOOP('',(#5687,#5688,#5689,#5690));
#962=EDGE_LOOP('',(#5691,#5692,#5693,#5694));
#963=EDGE_LOOP('',(#5695,#5696,#5697,#5698));
#964=EDGE_LOOP('',(#5699,#5700,#5701,#5702));
#965=EDGE_LOOP('',(#5703,#5704,#5705,#5706,#5707));
#966=EDGE_LOOP('',(#5708,#5709,#5710,#5711,#5712));
#967=EDGE_LOOP('',(#5713,#5714,#5715,#5716));
#968=EDGE_LOOP('',(#5717,#5718,#5719,#5720));
#969=EDGE_LOOP('',(#5721,#5722,#5723,#5724));
#970=EDGE_LOOP('',(#5725,#5726,#5727,#5728));
#971=EDGE_LOOP('',(#5729,#5730,#5731,#5732));
#972=EDGE_LOOP('',(#5733,#5734,#5735,#5736));
#973=EDGE_LOOP('',(#5737,#5738,#5739,#5740));
#974=EDGE_LOOP('',(#5741,#5742,#5743,#5744));
#975=EDGE_LOOP('',(#5745,#5746,#5747,#5748));
#976=EDGE_LOOP('',(#5749,#5750,#5751,#5752));
#977=EDGE_LOOP('',(#5753,#5754,#5755,#5756));
#978=EDGE_LOOP('',(#5757,#5758,#5759,#5760));
#979=EDGE_LOOP('',(#5761,#5762,#5763,#5764));
#980=EDGE_LOOP('',(#5765,#5766,#5767,#5768));
#981=EDGE_LOOP('',(#5769,#5770,#5771,#5772));
#982=EDGE_LOOP('',(#5773,#5774,#5775,#5776));
#983=EDGE_LOOP('',(#5777,#5778,#5779,#5780));
#984=EDGE_LOOP('',(#5781,#5782,#5783,#5784));
#985=EDGE_LOOP('',(#5785,#5786,#5787,#5788));
#986=EDGE_LOOP('',(#5789,#5790,#5791,#5792));
#987=EDGE_LOOP('',(#5793,#5794,#5795,#5796));
#988=EDGE_LOOP('',(#5797,#5798,#5799,#5800));
#989=EDGE_LOOP('',(#5801,#5802,#5803,#5804));
#990=EDGE_LOOP('',(#5805,#5806,#5807,#5808));
#991=EDGE_LOOP('',(#5809,#5810,#5811,#5812));
#992=EDGE_LOOP('',(#5813,#5814,#5815,#5816));
#993=EDGE_LOOP('',(#5817,#5818,#5819,#5820));
#994=EDGE_LOOP('',(#5821,#5822,#5823,#5824));
#995=EDGE_LOOP('',(#5825,#5826,#5827,#5828));
#996=EDGE_LOOP('',(#5829,#5830,#5831,#5832));
#997=EDGE_LOOP('',(#5833,#5834,#5835,#5836));
#998=EDGE_LOOP('',(#5837,#5838,#5839,#5840));
#999=EDGE_LOOP('',(#5841,#5842,#5843,#5844));
#1000=EDGE_LOOP('',(#5845,#5846,#5847,#5848));
#1001=EDGE_LOOP('',(#5849,#5850,#5851,#5852));
#1002=EDGE_LOOP('',(#5853,#5854,#5855,#5856));
#1003=EDGE_LOOP('',(#5857,#5858,#5859,#5860));
#1004=EDGE_LOOP('',(#5861,#5862,#5863,#5864));
#1005=EDGE_LOOP('',(#5865,#5866,#5867,#5868));
#1006=EDGE_LOOP('',(#5869,#5870,#5871,#5872));
#1007=EDGE_LOOP('',(#5873,#5874,#5875,#5876));
#1008=EDGE_LOOP('',(#5877,#5878,#5879,#5880));
#1009=EDGE_LOOP('',(#5881,#5882,#5883,#5884));
#1010=EDGE_LOOP('',(#5885,#5886,#5887,#5888));
#1011=EDGE_LOOP('',(#5889,#5890,#5891,#5892));
#1012=EDGE_LOOP('',(#5893,#5894,#5895,#5896));
#1013=EDGE_LOOP('',(#5897,#5898,#5899,#5900));
#1014=EDGE_LOOP('',(#5901,#5902,#5903,#5904));
#1015=EDGE_LOOP('',(#5905,#5906,#5907,#5908));
#1016=EDGE_LOOP('',(#5909,#5910,#5911,#5912));
#1017=EDGE_LOOP('',(#5913,#5914,#5915,#5916));
#1018=EDGE_LOOP('',(#5917,#5918,#5919,#5920));
#1019=EDGE_LOOP('',(#5921,#5922,#5923,#5924));
#1020=EDGE_LOOP('',(#5925,#5926,#5927,#5928));
#1021=EDGE_LOOP('',(#5929,#5930,#5931,#5932));
#1022=EDGE_LOOP('',(#5933,#5934,#5935,#5936));
#1023=EDGE_LOOP('',(#5937,#5938,#5939,#5940));
#1024=EDGE_LOOP('',(#5941,#5942,#5943,#5944));
#1025=EDGE_LOOP('',(#5945,#5946,#5947,#5948));
#1026=EDGE_LOOP('',(#5949,#5950,#5951,#5952));
#1027=EDGE_LOOP('',(#5953,#5954,#5955,#5956));
#1028=EDGE_LOOP('',(#5957,#5958,#5959,#5960));
#1029=EDGE_LOOP('',(#5961,#5962,#5963,#5964));
#1030=EDGE_LOOP('',(#5965,#5966,#5967,#5968));
#1031=EDGE_LOOP('',(#5969,#5970,#5971,#5972));
#1032=EDGE_LOOP('',(#5973,#5974,#5975,#5976));
#1033=EDGE_LOOP('',(#5977,#5978,#5979,#5980));
#1034=EDGE_LOOP('',(#5981,#5982,#5983,#5984));
#1035=EDGE_LOOP('',(#5985,#5986,#5987,#5988));
#1036=EDGE_LOOP('',(#5989,#5990,#5991,#5992));
#1037=EDGE_LOOP('',(#5993,#5994,#5995,#5996));
#1038=EDGE_LOOP('',(#5997,#5998,#5999,#6000));
#1039=EDGE_LOOP('',(#6001,#6002,#6003,#6004));
#1040=EDGE_LOOP('',(#6005,#6006,#6007,#6008));
#1041=EDGE_LOOP('',(#6009,#6010,#6011,#6012));
#1042=EDGE_LOOP('',(#6013,#6014,#6015,#6016));
#1043=EDGE_LOOP('',(#6017,#6018,#6019,#6020));
#1044=EDGE_LOOP('',(#6021,#6022,#6023,#6024));
#1045=EDGE_LOOP('',(#6025,#6026,#6027,#6028));
#1046=EDGE_LOOP('',(#6029,#6030,#6031,#6032));
#1047=EDGE_LOOP('',(#6033,#6034,#6035,#6036));
#1048=EDGE_LOOP('',(#6037,#6038,#6039,#6040));
#1049=EDGE_LOOP('',(#6041,#6042,#6043,#6044));
#1050=EDGE_LOOP('',(#6045,#6046,#6047,#6048));
#1051=EDGE_LOOP('',(#6049,#6050,#6051,#6052));
#1052=EDGE_LOOP('',(#6053,#6054,#6055,#6056));
#1053=EDGE_LOOP('',(#6057,#6058,#6059,#6060));
#1054=EDGE_LOOP('',(#6061,#6062,#6063,#6064));
#1055=EDGE_LOOP('',(#6065,#6066,#6067,#6068));
#1056=EDGE_LOOP('',(#6069,#6070,#6071,#6072));
#1057=EDGE_LOOP('',(#6073,#6074,#6075,#6076));
#1058=EDGE_LOOP('',(#6077,#6078,#6079,#6080));
#1059=EDGE_LOOP('',(#6081,#6082,#6083,#6084));
#1060=EDGE_LOOP('',(#6085,#6086,#6087,#6088));
#1061=EDGE_LOOP('',(#6089,#6090,#6091,#6092));
#1062=EDGE_LOOP('',(#6093,#6094,#6095,#6096));
#1063=EDGE_LOOP('',(#6097,#6098,#6099,#6100));
#1064=EDGE_LOOP('',(#6101,#6102,#6103,#6104));
#1065=EDGE_LOOP('',(#6105,#6106,#6107,#6108));
#1066=EDGE_LOOP('',(#6109,#6110,#6111,#6112));
#1067=EDGE_LOOP('',(#6113,#6114,#6115,#6116));
#1068=EDGE_LOOP('',(#6117,#6118,#6119,#6120));
#1069=EDGE_LOOP('',(#6121,#6122,#6123,#6124));
#1070=EDGE_LOOP('',(#6125,#6126,#6127,#6128));
#1071=EDGE_LOOP('',(#6129,#6130,#6131,#6132));
#1072=EDGE_LOOP('',(#6133,#6134,#6135,#6136));
#1073=EDGE_LOOP('',(#6137,#6138,#6139,#6140));
#1074=EDGE_LOOP('',(#6141,#6142,#6143,#6144));
#1075=EDGE_LOOP('',(#6145,#6146,#6147,#6148));
#1076=EDGE_LOOP('',(#6149,#6150,#6151,#6152));
#1077=EDGE_LOOP('',(#6153,#6154,#6155,#6156));
#1078=EDGE_LOOP('',(#6157,#6158,#6159,#6160));
#1079=EDGE_LOOP('',(#6161,#6162,#6163,#6164));
#1080=EDGE_LOOP('',(#6165,#6166,#6167,#6168));
#1081=EDGE_LOOP('',(#6169,#6170,#6171,#6172));
#1082=EDGE_LOOP('',(#6173,#6174,#6175,#6176));
#1083=EDGE_LOOP('',(#6177,#6178,#6179,#6180));
#1084=EDGE_LOOP('',(#6181,#6182,#6183,#6184));
#1085=EDGE_LOOP('',(#6185,#6186,#6187,#6188));
#1086=EDGE_LOOP('',(#6189,#6190,#6191,#6192));
#1087=EDGE_LOOP('',(#6193,#6194,#6195,#6196));
#1088=EDGE_LOOP('',(#6197,#6198,#6199,#6200));
#1089=EDGE_LOOP('',(#6201,#6202,#6203,#6204));
#1090=EDGE_LOOP('',(#6205,#6206,#6207,#6208));
#1091=EDGE_LOOP('',(#6209,#6210,#6211,#6212));
#1092=EDGE_LOOP('',(#6213,#6214,#6215,#6216));
#1093=EDGE_LOOP('',(#6217,#6218,#6219,#6220));
#1094=EDGE_LOOP('',(#6221,#6222,#6223,#6224));
#1095=EDGE_LOOP('',(#6225,#6226,#6227,#6228));
#1096=EDGE_LOOP('',(#6229,#6230,#6231,#6232));
#1097=EDGE_LOOP('',(#6233,#6234,#6235,#6236));
#1098=EDGE_LOOP('',(#6237,#6238,#6239,#6240));
#1099=EDGE_LOOP('',(#6241,#6242,#6243,#6244));
#1100=EDGE_LOOP('',(#6245,#6246,#6247,#6248));
#1101=EDGE_LOOP('',(#6249,#6250,#6251,#6252));
#1102=EDGE_LOOP('',(#6253,#6254,#6255,#6256));
#1103=EDGE_LOOP('',(#6257,#6258,#6259,#6260));
#1104=EDGE_LOOP('',(#6261,#6262,#6263,#6264));
#1105=EDGE_LOOP('',(#6265,#6266,#6267,#6268));
#1106=EDGE_LOOP('',(#6269,#6270,#6271,#6272));
#1107=EDGE_LOOP('',(#6273,#6274,#6275,#6276));
#1108=EDGE_LOOP('',(#6277,#6278,#6279,#6280));
#1109=EDGE_LOOP('',(#6281,#6282,#6283,#6284));
#1110=EDGE_LOOP('',(#6285,#6286,#6287,#6288));
#1111=EDGE_LOOP('',(#6289,#6290,#6291,#6292,#6293,#6294,#6295,#6296,#6297,
#6298,#6299,#6300));
#1112=EDGE_LOOP('',(#6301,#6302,#6303,#6304));
#1113=EDGE_LOOP('',(#6305,#6306,#6307,#6308));
#1114=EDGE_LOOP('',(#6309,#6310,#6311,#6312));
#1115=EDGE_LOOP('',(#6313,#6314,#6315,#6316));
#1116=EDGE_LOOP('',(#6317,#6318,#6319,#6320));
#1117=EDGE_LOOP('',(#6321,#6322,#6323,#6324));
#1118=EDGE_LOOP('',(#6325,#6326,#6327,#6328));
#1119=EDGE_LOOP('',(#6329,#6330,#6331,#6332));
#1120=EDGE_LOOP('',(#6333,#6334,#6335,#6336));
#1121=EDGE_LOOP('',(#6337,#6338,#6339,#6340));
#1122=EDGE_LOOP('',(#6341,#6342,#6343,#6344));
#1123=EDGE_LOOP('',(#6345,#6346,#6347,#6348));
#1124=EDGE_LOOP('',(#6349,#6350,#6351,#6352,#6353,#6354,#6355,#6356,#6357,
#6358,#6359,#6360));
#1125=EDGE_LOOP('',(#6361,#6362,#6363,#6364,#6365,#6366,#6367,#6368,#6369,
#6370,#6371,#6372,#6373));
#1126=EDGE_LOOP('',(#6374,#6375,#6376,#6377));
#1127=EDGE_LOOP('',(#6378,#6379,#6380,#6381));
#1128=EDGE_LOOP('',(#6382,#6383,#6384,#6385));
#1129=EDGE_LOOP('',(#6386,#6387,#6388,#6389));
#1130=EDGE_LOOP('',(#6390,#6391,#6392,#6393));
#1131=EDGE_LOOP('',(#6394,#6395,#6396,#6397));
#1132=EDGE_LOOP('',(#6398,#6399,#6400,#6401));
#1133=EDGE_LOOP('',(#6402,#6403,#6404,#6405));
#1134=EDGE_LOOP('',(#6406,#6407,#6408,#6409));
#1135=EDGE_LOOP('',(#6410,#6411,#6412,#6413));
#1136=EDGE_LOOP('',(#6414,#6415,#6416,#6417));
#1137=EDGE_LOOP('',(#6418,#6419,#6420,#6421));
#1138=EDGE_LOOP('',(#6422,#6423,#6424,#6425));
#1139=EDGE_LOOP('',(#6426,#6427,#6428,#6429,#6430,#6431,#6432,#6433,#6434,
#6435,#6436,#6437,#6438));
#1140=EDGE_LOOP('',(#6439,#6440,#6441,#6442,#6443,#6444,#6445,#6446));
#1141=EDGE_LOOP('',(#6447,#6448,#6449));
#1142=EDGE_LOOP('',(#6450,#6451,#6452,#6453));
#1143=EDGE_LOOP('',(#6454,#6455,#6456,#6457));
#1144=EDGE_LOOP('',(#6458,#6459,#6460,#6461));
#1145=EDGE_LOOP('',(#6462,#6463,#6464,#6465));
#1146=EDGE_LOOP('',(#6466,#6467,#6468,#6469));
#1147=EDGE_LOOP('',(#6470,#6471,#6472,#6473));
#1148=EDGE_LOOP('',(#6474,#6475,#6476,#6477));
#1149=EDGE_LOOP('',(#6478,#6479,#6480,#6481));
#1150=EDGE_LOOP('',(#6482,#6483,#6484,#6485));
#1151=EDGE_LOOP('',(#6486,#6487,#6488,#6489));
#1152=EDGE_LOOP('',(#6490,#6491,#6492,#6493));
#1153=EDGE_LOOP('',(#6494,#6495,#6496,#6497,#6498,#6499,#6500,#6501));
#1154=EDGE_LOOP('',(#6502,#6503,#6504));
#1155=EDGE_LOOP('',(#6505,#6506,#6507,#6508,#6509,#6510,#6511,#6512,#6513,
#6514,#6515,#6516,#6517,#6518,#6519,#6520,#6521,#6522,#6523,#6524,#6525,
#6526,#6527,#6528,#6529));
#1156=EDGE_LOOP('',(#6530,#6531,#6532,#6533));
#1157=EDGE_LOOP('',(#6534,#6535,#6536,#6537));
#1158=EDGE_LOOP('',(#6538,#6539,#6540,#6541));
#1159=EDGE_LOOP('',(#6542,#6543,#6544,#6545));
#1160=EDGE_LOOP('',(#6546,#6547,#6548,#6549));
#1161=EDGE_LOOP('',(#6550,#6551,#6552,#6553));
#1162=EDGE_LOOP('',(#6554,#6555,#6556,#6557));
#1163=EDGE_LOOP('',(#6558,#6559,#6560,#6561));
#1164=EDGE_LOOP('',(#6562,#6563,#6564,#6565));
#1165=EDGE_LOOP('',(#6566,#6567,#6568,#6569));
#1166=EDGE_LOOP('',(#6570,#6571,#6572,#6573));
#1167=EDGE_LOOP('',(#6574,#6575,#6576,#6577));
#1168=EDGE_LOOP('',(#6578,#6579,#6580,#6581));
#1169=EDGE_LOOP('',(#6582,#6583,#6584,#6585));
#1170=EDGE_LOOP('',(#6586,#6587,#6588,#6589));
#1171=EDGE_LOOP('',(#6590,#6591,#6592,#6593));
#1172=EDGE_LOOP('',(#6594,#6595,#6596,#6597));
#1173=EDGE_LOOP('',(#6598,#6599,#6600,#6601));
#1174=EDGE_LOOP('',(#6602,#6603,#6604,#6605));
#1175=EDGE_LOOP('',(#6606,#6607,#6608,#6609));
#1176=EDGE_LOOP('',(#6610,#6611,#6612,#6613));
#1177=EDGE_LOOP('',(#6614,#6615,#6616,#6617));
#1178=EDGE_LOOP('',(#6618,#6619,#6620,#6621));
#1179=EDGE_LOOP('',(#6622,#6623,#6624,#6625));
#1180=EDGE_LOOP('',(#6626,#6627,#6628,#6629));
#1181=EDGE_LOOP('',(#6630,#6631,#6632,#6633,#6634,#6635,#6636,#6637,#6638,
#6639,#6640,#6641,#6642,#6643,#6644,#6645,#6646,#6647,#6648,#6649,#6650,
#6651,#6652,#6653,#6654));
#1182=EDGE_LOOP('',(#6655,#6656,#6657,#6658,#6659,#6660,#6661,#6662,#6663,
#6664));
#1183=EDGE_LOOP('',(#6665,#6666,#6667,#6668));
#1184=EDGE_LOOP('',(#6669,#6670,#6671,#6672));
#1185=EDGE_LOOP('',(#6673,#6674,#6675,#6676));
#1186=EDGE_LOOP('',(#6677,#6678,#6679,#6680));
#1187=EDGE_LOOP('',(#6681,#6682,#6683,#6684));
#1188=EDGE_LOOP('',(#6685,#6686,#6687,#6688));
#1189=EDGE_LOOP('',(#6689,#6690,#6691,#6692));
#1190=EDGE_LOOP('',(#6693,#6694,#6695,#6696));
#1191=EDGE_LOOP('',(#6697,#6698,#6699,#6700));
#1192=EDGE_LOOP('',(#6701,#6702,#6703,#6704));
#1193=EDGE_LOOP('',(#6705,#6706,#6707,#6708,#6709,#6710,#6711,#6712,#6713,
#6714));
#1194=EDGE_LOOP('',(#6715,#6716,#6717,#6718,#6719,#6720,#6721,#6722));
#1195=EDGE_LOOP('',(#6723,#6724,#6725));
#1196=EDGE_LOOP('',(#6726,#6727,#6728,#6729));
#1197=EDGE_LOOP('',(#6730,#6731,#6732,#6733));
#1198=EDGE_LOOP('',(#6734,#6735,#6736,#6737));
#1199=EDGE_LOOP('',(#6738,#6739,#6740,#6741));
#1200=EDGE_LOOP('',(#6742,#6743,#6744,#6745));
#1201=EDGE_LOOP('',(#6746,#6747,#6748,#6749));
#1202=EDGE_LOOP('',(#6750,#6751,#6752,#6753));
#1203=EDGE_LOOP('',(#6754,#6755,#6756,#6757));
#1204=EDGE_LOOP('',(#6758,#6759,#6760,#6761));
#1205=EDGE_LOOP('',(#6762,#6763,#6764,#6765));
#1206=EDGE_LOOP('',(#6766,#6767,#6768,#6769));
#1207=EDGE_LOOP('',(#6770,#6771,#6772,#6773,#6774,#6775,#6776,#6777));
#1208=EDGE_LOOP('',(#6778,#6779,#6780));
#1209=EDGE_LOOP('',(#6781,#6782,#6783,#6784,#6785,#6786,#6787,#6788,#6789,
#6790,#6791,#6792,#6793,#6794,#6795,#6796,#6797,#6798,#6799));
#1210=EDGE_LOOP('',(#6800,#6801,#6802,#6803,#6804,#6805,#6806,#6807));
#1211=EDGE_LOOP('',(#6808,#6809,#6810,#6811));
#1212=EDGE_LOOP('',(#6812,#6813,#6814,#6815));
#1213=EDGE_LOOP('',(#6816,#6817,#6818,#6819));
#1214=EDGE_LOOP('',(#6820,#6821,#6822,#6823));
#1215=EDGE_LOOP('',(#6824,#6825,#6826,#6827));
#1216=EDGE_LOOP('',(#6828,#6829,#6830,#6831));
#1217=EDGE_LOOP('',(#6832,#6833,#6834,#6835));
#1218=EDGE_LOOP('',(#6836,#6837,#6838,#6839));
#1219=EDGE_LOOP('',(#6840,#6841,#6842,#6843));
#1220=EDGE_LOOP('',(#6844,#6845,#6846,#6847));
#1221=EDGE_LOOP('',(#6848,#6849,#6850,#6851));
#1222=EDGE_LOOP('',(#6852,#6853,#6854,#6855));
#1223=EDGE_LOOP('',(#6856,#6857,#6858,#6859));
#1224=EDGE_LOOP('',(#6860,#6861,#6862,#6863));
#1225=EDGE_LOOP('',(#6864,#6865,#6866,#6867));
#1226=EDGE_LOOP('',(#6868,#6869,#6870,#6871));
#1227=EDGE_LOOP('',(#6872,#6873,#6874,#6875));
#1228=EDGE_LOOP('',(#6876,#6877,#6878,#6879));
#1229=EDGE_LOOP('',(#6880,#6881,#6882,#6883));
#1230=EDGE_LOOP('',(#6884,#6885,#6886,#6887));
#1231=EDGE_LOOP('',(#6888,#6889,#6890,#6891));
#1232=EDGE_LOOP('',(#6892,#6893,#6894,#6895));
#1233=EDGE_LOOP('',(#6896,#6897,#6898,#6899));
#1234=EDGE_LOOP('',(#6900,#6901,#6902,#6903));
#1235=EDGE_LOOP('',(#6904,#6905,#6906,#6907));
#1236=EDGE_LOOP('',(#6908,#6909,#6910,#6911));
#1237=EDGE_LOOP('',(#6912,#6913,#6914,#6915));
#1238=EDGE_LOOP('',(#6916,#6917,#6918,#6919,#6920,#6921,#6922,#6923,#6924,
#6925,#6926,#6927,#6928,#6929,#6930,#6931,#6932,#6933,#6934));
#1239=EDGE_LOOP('',(#6935,#6936,#6937,#6938,#6939,#6940,#6941,#6942));
#1240=EDGE_LOOP('',(#6943,#6944,#6945,#6946,#6947,#6948,#6949,#6950));
#1241=EDGE_LOOP('',(#6951,#6952,#6953,#6954));
#1242=EDGE_LOOP('',(#6955,#6956,#6957,#6958));
#1243=EDGE_LOOP('',(#6959,#6960,#6961,#6962));
#1244=EDGE_LOOP('',(#6963,#6964,#6965,#6966));
#1245=EDGE_LOOP('',(#6967,#6968,#6969,#6970));
#1246=EDGE_LOOP('',(#6971,#6972,#6973,#6974));
#1247=EDGE_LOOP('',(#6975,#6976,#6977,#6978));
#1248=EDGE_LOOP('',(#6979,#6980,#6981,#6982));
#1249=EDGE_LOOP('',(#6983,#6984,#6985,#6986,#6987,#6988,#6989,#6990));
#1250=EDGE_LOOP('',(#6991,#6992,#6993,#6994,#6995,#6996,#6997,#6998));
#1251=EDGE_LOOP('',(#6999,#7000,#7001));
#1252=EDGE_LOOP('',(#7002,#7003,#7004,#7005));
#1253=EDGE_LOOP('',(#7006,#7007,#7008,#7009));
#1254=EDGE_LOOP('',(#7010,#7011,#7012,#7013));
#1255=EDGE_LOOP('',(#7014,#7015,#7016,#7017));
#1256=EDGE_LOOP('',(#7018,#7019,#7020,#7021));
#1257=EDGE_LOOP('',(#7022,#7023,#7024,#7025));
#1258=EDGE_LOOP('',(#7026,#7027,#7028,#7029));
#1259=EDGE_LOOP('',(#7030,#7031,#7032,#7033));
#1260=EDGE_LOOP('',(#7034,#7035,#7036,#7037));
#1261=EDGE_LOOP('',(#7038,#7039,#7040,#7041));
#1262=EDGE_LOOP('',(#7042,#7043,#7044,#7045));
#1263=EDGE_LOOP('',(#7046,#7047,#7048,#7049,#7050,#7051,#7052,#7053));
#1264=EDGE_LOOP('',(#7054,#7055,#7056));
#1265=EDGE_LOOP('',(#7057,#7058,#7059,#7060,#7061,#7062,#7063));
#1266=EDGE_LOOP('',(#7064,#7065,#7066,#7067));
#1267=EDGE_LOOP('',(#7068,#7069,#7070,#7071));
#1268=EDGE_LOOP('',(#7072,#7073,#7074,#7075));
#1269=EDGE_LOOP('',(#7076,#7077,#7078,#7079));
#1270=EDGE_LOOP('',(#7080,#7081,#7082,#7083));
#1271=EDGE_LOOP('',(#7084,#7085,#7086,#7087));
#1272=EDGE_LOOP('',(#7088,#7089,#7090,#7091));
#1273=EDGE_LOOP('',(#7092,#7093,#7094,#7095,#7096,#7097,#7098));
#1274=EDGE_LOOP('',(#7099,#7100,#7101,#7102));
#1275=EDGE_LOOP('',(#7103,#7104,#7105,#7106));
#1276=EDGE_LOOP('',(#7107,#7108,#7109,#7110));
#1277=EDGE_LOOP('',(#7111,#7112,#7113,#7114));
#1278=EDGE_LOOP('',(#7115,#7116,#7117,#7118));
#1279=EDGE_LOOP('',(#7119,#7120,#7121,#7122));
#1280=EDGE_LOOP('',(#7123,#7124,#7125,#7126,#7127,#7128,#7129,#7130));
#1281=EDGE_LOOP('',(#7131,#7132,#7133,#7134));
#1282=EDGE_LOOP('',(#7135,#7136,#7137,#7138));
#1283=EDGE_LOOP('',(#7139,#7140,#7141,#7142));
#1284=EDGE_LOOP('',(#7143,#7144,#7145,#7146));
#1285=EDGE_LOOP('',(#7147,#7148,#7149,#7150));
#1286=EDGE_LOOP('',(#7151,#7152,#7153,#7154));
#1287=EDGE_LOOP('',(#7155,#7156,#7157,#7158));
#1288=EDGE_LOOP('',(#7159,#7160,#7161,#7162));
#1289=EDGE_LOOP('',(#7163,#7164,#7165,#7166,#7167,#7168,#7169,#7170));
#1290=EDGE_LOOP('',(#7171,#7172,#7173,#7174,#7175,#7176,#7177,#7178,#7179,
#7180,#7181,#7182,#7183,#7184,#7185,#7186,#7187,#7188,#7189,#7190,#7191,
#7192,#7193,#7194,#7195,#7196,#7197,#7198,#7199));
#1291=EDGE_LOOP('',(#7200,#7201,#7202,#7203));
#1292=EDGE_LOOP('',(#7204,#7205,#7206,#7207));
#1293=EDGE_LOOP('',(#7208,#7209,#7210,#7211));
#1294=EDGE_LOOP('',(#7212,#7213,#7214,#7215));
#1295=EDGE_LOOP('',(#7216,#7217,#7218,#7219));
#1296=EDGE_LOOP('',(#7220,#7221,#7222,#7223));
#1297=EDGE_LOOP('',(#7224,#7225,#7226,#7227));
#1298=EDGE_LOOP('',(#7228,#7229,#7230,#7231));
#1299=EDGE_LOOP('',(#7232,#7233,#7234,#7235));
#1300=EDGE_LOOP('',(#7236,#7237,#7238,#7239));
#1301=EDGE_LOOP('',(#7240,#7241,#7242,#7243));
#1302=EDGE_LOOP('',(#7244,#7245,#7246,#7247));
#1303=EDGE_LOOP('',(#7248,#7249,#7250,#7251));
#1304=EDGE_LOOP('',(#7252,#7253,#7254,#7255));
#1305=EDGE_LOOP('',(#7256,#7257,#7258,#7259));
#1306=EDGE_LOOP('',(#7260,#7261,#7262,#7263));
#1307=EDGE_LOOP('',(#7264,#7265,#7266,#7267));
#1308=EDGE_LOOP('',(#7268,#7269,#7270,#7271));
#1309=EDGE_LOOP('',(#7272,#7273,#7274,#7275));
#1310=EDGE_LOOP('',(#7276,#7277,#7278,#7279));
#1311=EDGE_LOOP('',(#7280,#7281,#7282,#7283));
#1312=EDGE_LOOP('',(#7284,#7285,#7286,#7287));
#1313=EDGE_LOOP('',(#7288,#7289,#7290,#7291));
#1314=EDGE_LOOP('',(#7292,#7293,#7294,#7295));
#1315=EDGE_LOOP('',(#7296,#7297,#7298,#7299));
#1316=EDGE_LOOP('',(#7300,#7301,#7302,#7303));
#1317=EDGE_LOOP('',(#7304,#7305,#7306,#7307));
#1318=EDGE_LOOP('',(#7308,#7309,#7310,#7311));
#1319=EDGE_LOOP('',(#7312,#7313,#7314,#7315));
#1320=EDGE_LOOP('',(#7316,#7317,#7318,#7319,#7320,#7321,#7322,#7323,#7324,
#7325,#7326,#7327,#7328,#7329,#7330,#7331,#7332,#7333,#7334,#7335,#7336,
#7337,#7338,#7339,#7340,#7341,#7342,#7343,#7344));
#1321=EDGE_LOOP('',(#7345,#7346,#7347,#7348,#7349,#7350,#7351,#7352,#7353,
#7354,#7355,#7356,#7357,#7358,#7359,#7360,#7361,#7362,#7363,#7364,#7365,
#7366,#7367,#7368,#7369,#7370,#7371,#7372,#7373));
#1322=EDGE_LOOP('',(#7374,#7375,#7376,#7377));
#1323=EDGE_LOOP('',(#7378,#7379,#7380,#7381));
#1324=EDGE_LOOP('',(#7382,#7383,#7384,#7385));
#1325=EDGE_LOOP('',(#7386,#7387,#7388,#7389));
#1326=EDGE_LOOP('',(#7390,#7391,#7392,#7393));
#1327=EDGE_LOOP('',(#7394,#7395,#7396,#7397));
#1328=EDGE_LOOP('',(#7398,#7399,#7400,#7401));
#1329=EDGE_LOOP('',(#7402,#7403,#7404,#7405));
#1330=EDGE_LOOP('',(#7406,#7407,#7408,#7409));
#1331=EDGE_LOOP('',(#7410,#7411,#7412,#7413));
#1332=EDGE_LOOP('',(#7414,#7415,#7416,#7417));
#1333=EDGE_LOOP('',(#7418,#7419,#7420,#7421));
#1334=EDGE_LOOP('',(#7422,#7423,#7424,#7425));
#1335=EDGE_LOOP('',(#7426,#7427,#7428,#7429));
#1336=EDGE_LOOP('',(#7430,#7431,#7432,#7433));
#1337=EDGE_LOOP('',(#7434,#7435,#7436,#7437));
#1338=EDGE_LOOP('',(#7438,#7439,#7440,#7441));
#1339=EDGE_LOOP('',(#7442,#7443,#7444,#7445));
#1340=EDGE_LOOP('',(#7446,#7447,#7448,#7449));
#1341=EDGE_LOOP('',(#7450,#7451,#7452,#7453));
#1342=EDGE_LOOP('',(#7454,#7455,#7456,#7457));
#1343=EDGE_LOOP('',(#7458,#7459,#7460,#7461));
#1344=EDGE_LOOP('',(#7462,#7463,#7464,#7465));
#1345=EDGE_LOOP('',(#7466,#7467,#7468,#7469));
#1346=EDGE_LOOP('',(#7470,#7471,#7472,#7473));
#1347=EDGE_LOOP('',(#7474,#7475,#7476,#7477));
#1348=EDGE_LOOP('',(#7478,#7479,#7480,#7481));
#1349=EDGE_LOOP('',(#7482,#7483,#7484,#7485));
#1350=EDGE_LOOP('',(#7486,#7487,#7488,#7489));
#1351=EDGE_LOOP('',(#7490,#7491,#7492,#7493,#7494,#7495,#7496,#7497,#7498,
#7499,#7500,#7501,#7502,#7503,#7504,#7505,#7506,#7507,#7508,#7509,#7510,
#7511,#7512,#7513,#7514,#7515,#7516,#7517,#7518));
#1352=EDGE_LOOP('',(#7519,#7520,#7521,#7522,#7523));
#1353=EDGE_LOOP('',(#7524,#7525,#7526,#7527));
#1354=EDGE_LOOP('',(#7528,#7529,#7530,#7531,#7532,#7533,#7534,#7535));
#1355=EDGE_LOOP('',(#7536,#7537,#7538,#7539,#7540,#7541));
#1356=EDGE_LOOP('',(#7542,#7543,#7544,#7545));
#1357=EDGE_LOOP('',(#7546,#7547,#7548,#7549));
#1358=EDGE_LOOP('',(#7550,#7551,#7552,#7553));
#1359=EDGE_LOOP('',(#7554,#7555,#7556,#7557,#7558));
#1360=EDGE_LOOP('',(#7559,#7560,#7561,#7562));
#1361=EDGE_LOOP('',(#7563,#7564,#7565,#7566));
#1362=EDGE_LOOP('',(#7567,#7568,#7569,#7570));
#1363=EDGE_LOOP('',(#7571,#7572,#7573,#7574));
#1364=EDGE_LOOP('',(#7575,#7576,#7577,#7578,#7579,#7580));
#1365=EDGE_LOOP('',(#7581,#7582,#7583,#7584,#7585,#7586));
#1366=EDGE_LOOP('',(#7587,#7588,#7589,#7590));
#1367=EDGE_LOOP('',(#7591,#7592,#7593,#7594));
#1368=EDGE_LOOP('',(#7595,#7596,#7597,#7598));
#1369=EDGE_LOOP('',(#7599,#7600,#7601,#7602));
#1370=EDGE_LOOP('',(#7603,#7604,#7605,#7606));
#1371=EDGE_LOOP('',(#7607,#7608,#7609,#7610));
#1372=EDGE_LOOP('',(#7611,#7612,#7613,#7614));
#1373=EDGE_LOOP('',(#7615,#7616,#7617,#7618));
#1374=EDGE_LOOP('',(#7619,#7620,#7621,#7622));
#1375=EDGE_LOOP('',(#7623,#7624,#7625,#7626));
#1376=EDGE_LOOP('',(#7627,#7628,#7629,#7630));
#1377=EDGE_LOOP('',(#7631,#7632,#7633,#7634));
#1378=EDGE_LOOP('',(#7635,#7636,#7637,#7638));
#1379=EDGE_LOOP('',(#7639,#7640,#7641,#7642));
#1380=EDGE_LOOP('',(#7643,#7644,#7645,#7646));
#1381=EDGE_LOOP('',(#7647,#7648,#7649,#7650));
#1382=EDGE_LOOP('',(#7651,#7652,#7653,#7654));
#1383=EDGE_LOOP('',(#7655,#7656,#7657,#7658));
#1384=EDGE_LOOP('',(#7659,#7660,#7661,#7662));
#1385=EDGE_LOOP('',(#7663,#7664,#7665,#7666));
#1386=EDGE_LOOP('',(#7667,#7668,#7669,#7670));
#1387=EDGE_LOOP('',(#7671,#7672,#7673,#7674));
#1388=EDGE_LOOP('',(#7675,#7676,#7677,#7678));
#1389=EDGE_LOOP('',(#7679,#7680,#7681,#7682));
#1390=EDGE_LOOP('',(#7683,#7684,#7685,#7686));
#1391=EDGE_LOOP('',(#7687,#7688,#7689,#7690));
#1392=EDGE_LOOP('',(#7691,#7692,#7693,#7694));
#1393=EDGE_LOOP('',(#7695,#7696,#7697,#7698));
#1394=EDGE_LOOP('',(#7699,#7700,#7701,#7702));
#1395=EDGE_LOOP('',(#7703,#7704,#7705,#7706));
#1396=EDGE_LOOP('',(#7707,#7708,#7709,#7710));
#1397=EDGE_LOOP('',(#7711,#7712,#7713,#7714));
#1398=EDGE_LOOP('',(#7715,#7716,#7717,#7718));
#1399=EDGE_LOOP('',(#7719,#7720,#7721,#7722));
#1400=EDGE_LOOP('',(#7723,#7724,#7725,#7726));
#1401=EDGE_LOOP('',(#7727,#7728,#7729,#7730));
#1402=EDGE_LOOP('',(#7731,#7732,#7733,#7734));
#1403=EDGE_LOOP('',(#7735,#7736,#7737,#7738));
#1404=EDGE_LOOP('',(#7739,#7740,#7741,#7742));
#1405=EDGE_LOOP('',(#7743,#7744,#7745,#7746));
#1406=EDGE_LOOP('',(#7747,#7748,#7749,#7750));
#1407=EDGE_LOOP('',(#7751,#7752,#7753,#7754));
#1408=LINE('',#10951,#2413);
#1409=LINE('',#10953,#2414);
#1410=LINE('',#10955,#2415);
#1411=LINE('',#10956,#2416);
#1412=LINE('',#10959,#2417);
#1413=LINE('',#10961,#2418);
#1414=LINE('',#10962,#2419);
#1415=LINE('',#10965,#2420);
#1416=LINE('',#10967,#2421);
#1417=LINE('',#10968,#2422);
#1418=LINE('',#10970,#2423);
#1419=LINE('',#10971,#2424);
#1420=LINE('',#10976,#2425);
#1421=LINE('',#10978,#2426);
#1422=LINE('',#10980,#2427);
#1423=LINE('',#10981,#2428);
#1424=LINE('',#10984,#2429);
#1425=LINE('',#10986,#2430);
#1426=LINE('',#10987,#2431);
#1427=LINE('',#10990,#2432);
#1428=LINE('',#10992,#2433);
#1429=LINE('',#10993,#2434);
#1430=LINE('',#10995,#2435);
#1431=LINE('',#10996,#2436);
#1432=LINE('',#11001,#2437);
#1433=LINE('',#11003,#2438);
#1434=LINE('',#11005,#2439);
#1435=LINE('',#11006,#2440);
#1436=LINE('',#11009,#2441);
#1437=LINE('',#11011,#2442);
#1438=LINE('',#11012,#2443);
#1439=LINE('',#11015,#2444);
#1440=LINE('',#11017,#2445);
#1441=LINE('',#11018,#2446);
#1442=LINE('',#11020,#2447);
#1443=LINE('',#11021,#2448);
#1444=LINE('',#11026,#2449);
#1445=LINE('',#11028,#2450);
#1446=LINE('',#11030,#2451);
#1447=LINE('',#11031,#2452);
#1448=LINE('',#11034,#2453);
#1449=LINE('',#11036,#2454);
#1450=LINE('',#11037,#2455);
#1451=LINE('',#11040,#2456);
#1452=LINE('',#11042,#2457);
#1453=LINE('',#11043,#2458);
#1454=LINE('',#11045,#2459);
#1455=LINE('',#11046,#2460);
#1456=LINE('',#11051,#2461);
#1457=LINE('',#11053,#2462);
#1458=LINE('',#11055,#2463);
#1459=LINE('',#11056,#2464);
#1460=LINE('',#11059,#2465);
#1461=LINE('',#11061,#2466);
#1462=LINE('',#11062,#2467);
#1463=LINE('',#11065,#2468);
#1464=LINE('',#11067,#2469);
#1465=LINE('',#11068,#2470);
#1466=LINE('',#11070,#2471);
#1467=LINE('',#11071,#2472);
#1468=LINE('',#11076,#2473);
#1469=LINE('',#11078,#2474);
#1470=LINE('',#11080,#2475);
#1471=LINE('',#11081,#2476);
#1472=LINE('',#11084,#2477);
#1473=LINE('',#11086,#2478);
#1474=LINE('',#11087,#2479);
#1475=LINE('',#11090,#2480);
#1476=LINE('',#11092,#2481);
#1477=LINE('',#11093,#2482);
#1478=LINE('',#11095,#2483);
#1479=LINE('',#11096,#2484);
#1480=LINE('',#11101,#2485);
#1481=LINE('',#11103,#2486);
#1482=LINE('',#11105,#2487);
#1483=LINE('',#11106,#2488);
#1484=LINE('',#11109,#2489);
#1485=LINE('',#11111,#2490);
#1486=LINE('',#11112,#2491);
#1487=LINE('',#11115,#2492);
#1488=LINE('',#11117,#2493);
#1489=LINE('',#11118,#2494);
#1490=LINE('',#11121,#2495);
#1491=LINE('',#11123,#2496);
#1492=LINE('',#11124,#2497);
#1493=LINE('',#11126,#2498);
#1494=LINE('',#11127,#2499);
#1495=LINE('',#11133,#2500);
#1496=LINE('',#11135,#2501);
#1497=LINE('',#11137,#2502);
#1498=LINE('',#11138,#2503);
#1499=LINE('',#11141,#2504);
#1500=LINE('',#11143,#2505);
#1501=LINE('',#11144,#2506);
#1502=LINE('',#11147,#2507);
#1503=LINE('',#11149,#2508);
#1504=LINE('',#11150,#2509);
#1505=LINE('',#11152,#2510);
#1506=LINE('',#11153,#2511);
#1507=LINE('',#11158,#2512);
#1508=LINE('',#11160,#2513);
#1509=LINE('',#11162,#2514);
#1510=LINE('',#11163,#2515);
#1511=LINE('',#11166,#2516);
#1512=LINE('',#11168,#2517);
#1513=LINE('',#11169,#2518);
#1514=LINE('',#11172,#2519);
#1515=LINE('',#11174,#2520);
#1516=LINE('',#11175,#2521);
#1517=LINE('',#11177,#2522);
#1518=LINE('',#11178,#2523);
#1519=LINE('',#11183,#2524);
#1520=LINE('',#11185,#2525);
#1521=LINE('',#11187,#2526);
#1522=LINE('',#11188,#2527);
#1523=LINE('',#11191,#2528);
#1524=LINE('',#11193,#2529);
#1525=LINE('',#11194,#2530);
#1526=LINE('',#11197,#2531);
#1527=LINE('',#11199,#2532);
#1528=LINE('',#11200,#2533);
#1529=LINE('',#11202,#2534);
#1530=LINE('',#11203,#2535);
#1531=LINE('',#11208,#2536);
#1532=LINE('',#11210,#2537);
#1533=LINE('',#11212,#2538);
#1534=LINE('',#11213,#2539);
#1535=LINE('',#11216,#2540);
#1536=LINE('',#11218,#2541);
#1537=LINE('',#11219,#2542);
#1538=LINE('',#11222,#2543);
#1539=LINE('',#11224,#2544);
#1540=LINE('',#11225,#2545);
#1541=LINE('',#11227,#2546);
#1542=LINE('',#11228,#2547);
#1543=LINE('',#11233,#2548);
#1544=LINE('',#11235,#2549);
#1545=LINE('',#11237,#2550);
#1546=LINE('',#11238,#2551);
#1547=LINE('',#11241,#2552);
#1548=LINE('',#11243,#2553);
#1549=LINE('',#11244,#2554);
#1550=LINE('',#11247,#2555);
#1551=LINE('',#11249,#2556);
#1552=LINE('',#11250,#2557);
#1553=LINE('',#11252,#2558);
#1554=LINE('',#11253,#2559);
#1555=LINE('',#11258,#2560);
#1556=LINE('',#11260,#2561);
#1557=LINE('',#11262,#2562);
#1558=LINE('',#11263,#2563);
#1559=LINE('',#11266,#2564);
#1560=LINE('',#11268,#2565);
#1561=LINE('',#11269,#2566);
#1562=LINE('',#11272,#2567);
#1563=LINE('',#11274,#2568);
#1564=LINE('',#11275,#2569);
#1565=LINE('',#11277,#2570);
#1566=LINE('',#11278,#2571);
#1567=LINE('',#11283,#2572);
#1568=LINE('',#11285,#2573);
#1569=LINE('',#11287,#2574);
#1570=LINE('',#11288,#2575);
#1571=LINE('',#11291,#2576);
#1572=LINE('',#11293,#2577);
#1573=LINE('',#11294,#2578);
#1574=LINE('',#11297,#2579);
#1575=LINE('',#11299,#2580);
#1576=LINE('',#11300,#2581);
#1577=LINE('',#11303,#2582);
#1578=LINE('',#11305,#2583);
#1579=LINE('',#11306,#2584);
#1580=LINE('',#11308,#2585);
#1581=LINE('',#11309,#2586);
#1582=LINE('',#11315,#2587);
#1583=LINE('',#11317,#2588);
#1584=LINE('',#11319,#2589);
#1585=LINE('',#11320,#2590);
#1586=LINE('',#11323,#2591);
#1587=LINE('',#11325,#2592);
#1588=LINE('',#11326,#2593);
#1589=LINE('',#11329,#2594);
#1590=LINE('',#11331,#2595);
#1591=LINE('',#11332,#2596);
#1592=LINE('',#11334,#2597);
#1593=LINE('',#11335,#2598);
#1594=LINE('',#11341,#2599);
#1595=LINE('',#11343,#2600);
#1596=LINE('',#11345,#2601);
#1597=LINE('',#11346,#2602);
#1598=LINE('',#11349,#2603);
#1599=LINE('',#11351,#2604);
#1600=LINE('',#11352,#2605);
#1601=LINE('',#11355,#2606);
#1602=LINE('',#11357,#2607);
#1603=LINE('',#11358,#2608);
#1604=LINE('',#11360,#2609);
#1605=LINE('',#11361,#2610);
#1606=LINE('',#11367,#2611);
#1607=LINE('',#11369,#2612);
#1608=LINE('',#11371,#2613);
#1609=LINE('',#11372,#2614);
#1610=LINE('',#11375,#2615);
#1611=LINE('',#11377,#2616);
#1612=LINE('',#11378,#2617);
#1613=LINE('',#11381,#2618);
#1614=LINE('',#11383,#2619);
#1615=LINE('',#11384,#2620);
#1616=LINE('',#11386,#2621);
#1617=LINE('',#11387,#2622);
#1618=LINE('',#11393,#2623);
#1619=LINE('',#11395,#2624);
#1620=LINE('',#11397,#2625);
#1621=LINE('',#11398,#2626);
#1622=LINE('',#11401,#2627);
#1623=LINE('',#11403,#2628);
#1624=LINE('',#11404,#2629);
#1625=LINE('',#11407,#2630);
#1626=LINE('',#11409,#2631);
#1627=LINE('',#11410,#2632);
#1628=LINE('',#11412,#2633);
#1629=LINE('',#11413,#2634);
#1630=LINE('',#11419,#2635);
#1631=LINE('',#11421,#2636);
#1632=LINE('',#11423,#2637);
#1633=LINE('',#11424,#2638);
#1634=LINE('',#11427,#2639);
#1635=LINE('',#11429,#2640);
#1636=LINE('',#11430,#2641);
#1637=LINE('',#11433,#2642);
#1638=LINE('',#11435,#2643);
#1639=LINE('',#11436,#2644);
#1640=LINE('',#11438,#2645);
#1641=LINE('',#11439,#2646);
#1642=LINE('',#11445,#2647);
#1643=LINE('',#11447,#2648);
#1644=LINE('',#11449,#2649);
#1645=LINE('',#11450,#2650);
#1646=LINE('',#11453,#2651);
#1647=LINE('',#11455,#2652);
#1648=LINE('',#11456,#2653);
#1649=LINE('',#11459,#2654);
#1650=LINE('',#11461,#2655);
#1651=LINE('',#11462,#2656);
#1652=LINE('',#11464,#2657);
#1653=LINE('',#11465,#2658);
#1654=LINE('',#11471,#2659);
#1655=LINE('',#11473,#2660);
#1656=LINE('',#11475,#2661);
#1657=LINE('',#11476,#2662);
#1658=LINE('',#11479,#2663);
#1659=LINE('',#11481,#2664);
#1660=LINE('',#11482,#2665);
#1661=LINE('',#11485,#2666);
#1662=LINE('',#11487,#2667);
#1663=LINE('',#11488,#2668);
#1664=LINE('',#11490,#2669);
#1665=LINE('',#11491,#2670);
#1666=LINE('',#11497,#2671);
#1667=LINE('',#11499,#2672);
#1668=LINE('',#11501,#2673);
#1669=LINE('',#11502,#2674);
#1670=LINE('',#11505,#2675);
#1671=LINE('',#11507,#2676);
#1672=LINE('',#11508,#2677);
#1673=LINE('',#11511,#2678);
#1674=LINE('',#11513,#2679);
#1675=LINE('',#11514,#2680);
#1676=LINE('',#11516,#2681);
#1677=LINE('',#11517,#2682);
#1678=LINE('',#11523,#2683);
#1679=LINE('',#11525,#2684);
#1680=LINE('',#11527,#2685);
#1681=LINE('',#11528,#2686);
#1682=LINE('',#11531,#2687);
#1683=LINE('',#11533,#2688);
#1684=LINE('',#11534,#2689);
#1685=LINE('',#11537,#2690);
#1686=LINE('',#11539,#2691);
#1687=LINE('',#11540,#2692);
#1688=LINE('',#11542,#2693);
#1689=LINE('',#11543,#2694);
#1690=LINE('',#11549,#2695);
#1691=LINE('',#11551,#2696);
#1692=LINE('',#11553,#2697);
#1693=LINE('',#11554,#2698);
#1694=LINE('',#11557,#2699);
#1695=LINE('',#11559,#2700);
#1696=LINE('',#11560,#2701);
#1697=LINE('',#11563,#2702);
#1698=LINE('',#11565,#2703);
#1699=LINE('',#11566,#2704);
#1700=LINE('',#11568,#2705);
#1701=LINE('',#11569,#2706);
#1702=LINE('',#11575,#2707);
#1703=LINE('',#11577,#2708);
#1704=LINE('',#11579,#2709);
#1705=LINE('',#11580,#2710);
#1706=LINE('',#11583,#2711);
#1707=LINE('',#11585,#2712);
#1708=LINE('',#11586,#2713);
#1709=LINE('',#11589,#2714);
#1710=LINE('',#11591,#2715);
#1711=LINE('',#11592,#2716);
#1712=LINE('',#11594,#2717);
#1713=LINE('',#11595,#2718);
#1714=LINE('',#11601,#2719);
#1715=LINE('',#11603,#2720);
#1716=LINE('',#11605,#2721);
#1717=LINE('',#11606,#2722);
#1718=LINE('',#11609,#2723);
#1719=LINE('',#11611,#2724);
#1720=LINE('',#11612,#2725);
#1721=LINE('',#11615,#2726);
#1722=LINE('',#11617,#2727);
#1723=LINE('',#11618,#2728);
#1724=LINE('',#11620,#2729);
#1725=LINE('',#11621,#2730);
#1726=LINE('',#11627,#2731);
#1727=LINE('',#11629,#2732);
#1728=LINE('',#11631,#2733);
#1729=LINE('',#11632,#2734);
#1730=LINE('',#11635,#2735);
#1731=LINE('',#11637,#2736);
#1732=LINE('',#11638,#2737);
#1733=LINE('',#11641,#2738);
#1734=LINE('',#11643,#2739);
#1735=LINE('',#11644,#2740);
#1736=LINE('',#11646,#2741);
#1737=LINE('',#11647,#2742);
#1738=LINE('',#11653,#2743);
#1739=LINE('',#11655,#2744);
#1740=LINE('',#11657,#2745);
#1741=LINE('',#11658,#2746);
#1742=LINE('',#11661,#2747);
#1743=LINE('',#11663,#2748);
#1744=LINE('',#11664,#2749);
#1745=LINE('',#11667,#2750);
#1746=LINE('',#11669,#2751);
#1747=LINE('',#11670,#2752);
#1748=LINE('',#11672,#2753);
#1749=LINE('',#11673,#2754);
#1750=LINE('',#11679,#2755);
#1751=LINE('',#11681,#2756);
#1752=LINE('',#11683,#2757);
#1753=LINE('',#11684,#2758);
#1754=LINE('',#11687,#2759);
#1755=LINE('',#11689,#2760);
#1756=LINE('',#11690,#2761);
#1757=LINE('',#11693,#2762);
#1758=LINE('',#11695,#2763);
#1759=LINE('',#11696,#2764);
#1760=LINE('',#11698,#2765);
#1761=LINE('',#11699,#2766);
#1762=LINE('',#11705,#2767);
#1763=LINE('',#11707,#2768);
#1764=LINE('',#11709,#2769);
#1765=LINE('',#11710,#2770);
#1766=LINE('',#11713,#2771);
#1767=LINE('',#11715,#2772);
#1768=LINE('',#11716,#2773);
#1769=LINE('',#11719,#2774);
#1770=LINE('',#11721,#2775);
#1771=LINE('',#11722,#2776);
#1772=LINE('',#11724,#2777);
#1773=LINE('',#11725,#2778);
#1774=LINE('',#11731,#2779);
#1775=LINE('',#11733,#2780);
#1776=LINE('',#11735,#2781);
#1777=LINE('',#11736,#2782);
#1778=LINE('',#11739,#2783);
#1779=LINE('',#11741,#2784);
#1780=LINE('',#11742,#2785);
#1781=LINE('',#11745,#2786);
#1782=LINE('',#11747,#2787);
#1783=LINE('',#11748,#2788);
#1784=LINE('',#11750,#2789);
#1785=LINE('',#11751,#2790);
#1786=LINE('',#11757,#2791);
#1787=LINE('',#11759,#2792);
#1788=LINE('',#11761,#2793);
#1789=LINE('',#11762,#2794);
#1790=LINE('',#11765,#2795);
#1791=LINE('',#11767,#2796);
#1792=LINE('',#11768,#2797);
#1793=LINE('',#11771,#2798);
#1794=LINE('',#11773,#2799);
#1795=LINE('',#11774,#2800);
#1796=LINE('',#11776,#2801);
#1797=LINE('',#11777,#2802);
#1798=LINE('',#11783,#2803);
#1799=LINE('',#11785,#2804);
#1800=LINE('',#11787,#2805);
#1801=LINE('',#11788,#2806);
#1802=LINE('',#11791,#2807);
#1803=LINE('',#11793,#2808);
#1804=LINE('',#11794,#2809);
#1805=LINE('',#11797,#2810);
#1806=LINE('',#11799,#2811);
#1807=LINE('',#11800,#2812);
#1808=LINE('',#11802,#2813);
#1809=LINE('',#11803,#2814);
#1810=LINE('',#11809,#2815);
#1811=LINE('',#11811,#2816);
#1812=LINE('',#11813,#2817);
#1813=LINE('',#11814,#2818);
#1814=LINE('',#11817,#2819);
#1815=LINE('',#11819,#2820);
#1816=LINE('',#11820,#2821);
#1817=LINE('',#11823,#2822);
#1818=LINE('',#11825,#2823);
#1819=LINE('',#11826,#2824);
#1820=LINE('',#11828,#2825);
#1821=LINE('',#11829,#2826);
#1822=LINE('',#11835,#2827);
#1823=LINE('',#11837,#2828);
#1824=LINE('',#11839,#2829);
#1825=LINE('',#11840,#2830);
#1826=LINE('',#11843,#2831);
#1827=LINE('',#11845,#2832);
#1828=LINE('',#11846,#2833);
#1829=LINE('',#11849,#2834);
#1830=LINE('',#11851,#2835);
#1831=LINE('',#11852,#2836);
#1832=LINE('',#11854,#2837);
#1833=LINE('',#11855,#2838);
#1834=LINE('',#11861,#2839);
#1835=LINE('',#11863,#2840);
#1836=LINE('',#11865,#2841);
#1837=LINE('',#11866,#2842);
#1838=LINE('',#11869,#2843);
#1839=LINE('',#11871,#2844);
#1840=LINE('',#11872,#2845);
#1841=LINE('',#11875,#2846);
#1842=LINE('',#11877,#2847);
#1843=LINE('',#11878,#2848);
#1844=LINE('',#11880,#2849);
#1845=LINE('',#11881,#2850);
#1846=LINE('',#11887,#2851);
#1847=LINE('',#11889,#2852);
#1848=LINE('',#11891,#2853);
#1849=LINE('',#11892,#2854);
#1850=LINE('',#11895,#2855);
#1851=LINE('',#11897,#2856);
#1852=LINE('',#11898,#2857);
#1853=LINE('',#11901,#2858);
#1854=LINE('',#11903,#2859);
#1855=LINE('',#11904,#2860);
#1856=LINE('',#11906,#2861);
#1857=LINE('',#11907,#2862);
#1858=LINE('',#11913,#2863);
#1859=LINE('',#11915,#2864);
#1860=LINE('',#11917,#2865);
#1861=LINE('',#11919,#2866);
#1862=LINE('',#11921,#2867);
#1863=LINE('',#11923,#2868);
#1864=LINE('',#11925,#2869);
#1865=LINE('',#11927,#2870);
#1866=LINE('',#11929,#2871);
#1867=LINE('',#11931,#2872);
#1868=LINE('',#11933,#2873);
#1869=LINE('',#11934,#2874);
#1870=LINE('',#11937,#2875);
#1871=LINE('',#11939,#2876);
#1872=LINE('',#11940,#2877);
#1873=LINE('',#11943,#2878);
#1874=LINE('',#11944,#2879);
#1875=LINE('',#11947,#2880);
#1876=LINE('',#11948,#2881);
#1877=LINE('',#11951,#2882);
#1878=LINE('',#11952,#2883);
#1879=LINE('',#11955,#2884);
#1880=LINE('',#11956,#2885);
#1881=LINE('',#11959,#2886);
#1882=LINE('',#11960,#2887);
#1883=LINE('',#11963,#2888);
#1884=LINE('',#11964,#2889);
#1885=LINE('',#11967,#2890);
#1886=LINE('',#11968,#2891);
#1887=LINE('',#11971,#2892);
#1888=LINE('',#11972,#2893);
#1889=LINE('',#11975,#2894);
#1890=LINE('',#11976,#2895);
#1891=LINE('',#11979,#2896);
#1892=LINE('',#11980,#2897);
#1893=LINE('',#11982,#2898);
#1894=LINE('',#11987,#2899);
#1895=LINE('',#11989,#2900);
#1896=LINE('',#11991,#2901);
#1897=LINE('',#11993,#2902);
#1898=LINE('',#11995,#2903);
#1899=LINE('',#11997,#2904);
#1900=LINE('',#11999,#2905);
#1901=LINE('',#12001,#2906);
#1902=LINE('',#12003,#2907);
#1903=LINE('',#12005,#2908);
#1904=LINE('',#12007,#2909);
#1905=LINE('',#12009,#2910);
#1906=LINE('',#12010,#2911);
#1907=LINE('',#12013,#2912);
#1908=LINE('',#12015,#2913);
#1909=LINE('',#12016,#2914);
#1910=LINE('',#12019,#2915);
#1911=LINE('',#12020,#2916);
#1912=LINE('',#12023,#2917);
#1913=LINE('',#12024,#2918);
#1914=LINE('',#12027,#2919);
#1915=LINE('',#12028,#2920);
#1916=LINE('',#12031,#2921);
#1917=LINE('',#12032,#2922);
#1918=LINE('',#12035,#2923);
#1919=LINE('',#12036,#2924);
#1920=LINE('',#12039,#2925);
#1921=LINE('',#12040,#2926);
#1922=LINE('',#12043,#2927);
#1923=LINE('',#12044,#2928);
#1924=LINE('',#12047,#2929);
#1925=LINE('',#12048,#2930);
#1926=LINE('',#12051,#2931);
#1927=LINE('',#12052,#2932);
#1928=LINE('',#12055,#2933);
#1929=LINE('',#12056,#2934);
#1930=LINE('',#12059,#2935);
#1931=LINE('',#12060,#2936);
#1932=LINE('',#12062,#2937);
#1933=LINE('',#12067,#2938);
#1934=LINE('',#12069,#2939);
#1935=LINE('',#12071,#2940);
#1936=LINE('',#12073,#2941);
#1937=LINE('',#12075,#2942);
#1938=LINE('',#12077,#2943);
#1939=LINE('',#12079,#2944);
#1940=LINE('',#12080,#2945);
#1941=LINE('',#12083,#2946);
#1942=LINE('',#12085,#2947);
#1943=LINE('',#12086,#2948);
#1944=LINE('',#12089,#2949);
#1945=LINE('',#12091,#2950);
#1946=LINE('',#12092,#2951);
#1947=LINE('',#12095,#2952);
#1948=LINE('',#12096,#2953);
#1949=LINE('',#12098,#2954);
#1950=LINE('',#12101,#2955);
#1951=LINE('',#12103,#2956);
#1952=LINE('',#12104,#2957);
#1953=LINE('',#12107,#2958);
#1954=LINE('',#12108,#2959);
#1955=LINE('',#12111,#2960);
#1956=LINE('',#12112,#2961);
#1957=LINE('',#12115,#2962);
#1958=LINE('',#12116,#2963);
#1959=LINE('',#12119,#2964);
#1960=LINE('',#12120,#2965);
#1961=LINE('',#12123,#2966);
#1962=LINE('',#12124,#2967);
#1963=LINE('',#12127,#2968);
#1964=LINE('',#12128,#2969);
#1965=LINE('',#12130,#2970);
#1966=LINE('',#12135,#2971);
#1967=LINE('',#12137,#2972);
#1968=LINE('',#12139,#2973);
#1969=LINE('',#12141,#2974);
#1970=LINE('',#12209,#2975);
#1971=LINE('',#12258,#2976);
#1972=LINE('',#12261,#2977);
#1973=LINE('',#12263,#2978);
#1974=LINE('',#12264,#2979);
#1975=LINE('',#12267,#2980);
#1976=LINE('',#12268,#2981);
#1977=LINE('',#12271,#2982);
#1978=LINE('',#12272,#2983);
#1979=LINE('',#12289,#2984);
#1980=LINE('',#12306,#2985);
#1981=LINE('',#12323,#2986);
#1982=LINE('',#12340,#2987);
#1983=LINE('',#12357,#2988);
#1984=LINE('',#12374,#2989);
#1985=LINE('',#12391,#2990);
#1986=LINE('',#12408,#2991);
#1987=LINE('',#12425,#2992);
#1988=LINE('',#12442,#2993);
#1989=LINE('',#12459,#2994);
#1990=LINE('',#12462,#2995);
#1991=LINE('',#12463,#2996);
#1992=LINE('',#12480,#2997);
#1993=LINE('',#12497,#2998);
#1994=LINE('',#12514,#2999);
#1995=LINE('',#12531,#3000);
#1996=LINE('',#12548,#3001);
#1997=LINE('',#12565,#3002);
#1998=LINE('',#12582,#3003);
#1999=LINE('',#12599,#3004);
#2000=LINE('',#12602,#3005);
#2001=LINE('',#12603,#3006);
#2002=LINE('',#12605,#3007);
#2003=LINE('',#12610,#3008);
#2004=LINE('',#12612,#3009);
#2005=LINE('',#12614,#3010);
#2006=LINE('',#12616,#3011);
#2007=LINE('',#12618,#3012);
#2008=LINE('',#12620,#3013);
#2009=LINE('',#12622,#3014);
#2010=LINE('',#12624,#3015);
#2011=LINE('',#12626,#3016);
#2012=LINE('',#12627,#3017);
#2013=LINE('',#12630,#3018);
#2014=LINE('',#12632,#3019);
#2015=LINE('',#12633,#3020);
#2016=LINE('',#12636,#3021);
#2017=LINE('',#12637,#3022);
#2018=LINE('',#12640,#3023);
#2019=LINE('',#12641,#3024);
#2020=LINE('',#12644,#3025);
#2021=LINE('',#12645,#3026);
#2022=LINE('',#12648,#3027);
#2023=LINE('',#12649,#3028);
#2024=LINE('',#12652,#3029);
#2025=LINE('',#12653,#3030);
#2026=LINE('',#12656,#3031);
#2027=LINE('',#12657,#3032);
#2028=LINE('',#12660,#3033);
#2029=LINE('',#12661,#3034);
#2030=LINE('',#12664,#3035);
#2031=LINE('',#12665,#3036);
#2032=LINE('',#12667,#3037);
#2033=LINE('',#12672,#3038);
#2034=LINE('',#12674,#3039);
#2035=LINE('',#12676,#3040);
#2036=LINE('',#12678,#3041);
#2037=LINE('',#12680,#3042);
#2038=LINE('',#12682,#3043);
#2039=LINE('',#12684,#3044);
#2040=LINE('',#12685,#3045);
#2041=LINE('',#12688,#3046);
#2042=LINE('',#12690,#3047);
#2043=LINE('',#12691,#3048);
#2044=LINE('',#12694,#3049);
#2045=LINE('',#12696,#3050);
#2046=LINE('',#12697,#3051);
#2047=LINE('',#12700,#3052);
#2048=LINE('',#12701,#3053);
#2049=LINE('',#12703,#3054);
#2050=LINE('',#12706,#3055);
#2051=LINE('',#12708,#3056);
#2052=LINE('',#12709,#3057);
#2053=LINE('',#12712,#3058);
#2054=LINE('',#12713,#3059);
#2055=LINE('',#12716,#3060);
#2056=LINE('',#12717,#3061);
#2057=LINE('',#12720,#3062);
#2058=LINE('',#12721,#3063);
#2059=LINE('',#12724,#3064);
#2060=LINE('',#12725,#3065);
#2061=LINE('',#12728,#3066);
#2062=LINE('',#12729,#3067);
#2063=LINE('',#12732,#3068);
#2064=LINE('',#12733,#3069);
#2065=LINE('',#12735,#3070);
#2066=LINE('',#12740,#3071);
#2067=LINE('',#12742,#3072);
#2068=LINE('',#12744,#3073);
#2069=LINE('',#12800,#3074);
#2070=LINE('',#12802,#3075);
#2071=LINE('',#12804,#3076);
#2072=LINE('',#12818,#3077);
#2073=LINE('',#12819,#3078);
#2074=LINE('',#12822,#3079);
#2075=LINE('',#12824,#3080);
#2076=LINE('',#12855,#3081);
#2077=LINE('',#12858,#3082);
#2078=LINE('',#12860,#3083);
#2079=LINE('',#12861,#3084);
#2080=LINE('',#12878,#3085);
#2081=LINE('',#12895,#3086);
#2082=LINE('',#12912,#3087);
#2083=LINE('',#12929,#3088);
#2084=LINE('',#12946,#3089);
#2085=LINE('',#12949,#3090);
#2086=LINE('',#12950,#3091);
#2087=LINE('',#12952,#3092);
#2088=LINE('',#12955,#3093);
#2089=LINE('',#12957,#3094);
#2090=LINE('',#12958,#3095);
#2091=LINE('',#12961,#3096);
#2092=LINE('',#12962,#3097);
#2093=LINE('',#12979,#3098);
#2094=LINE('',#12996,#3099);
#2095=LINE('',#13013,#3100);
#2096=LINE('',#13030,#3101);
#2097=LINE('',#13047,#3102);
#2098=LINE('',#13064,#3103);
#2099=LINE('',#13081,#3104);
#2100=LINE('',#13098,#3105);
#2101=LINE('',#13115,#3106);
#2102=LINE('',#13118,#3107);
#2103=LINE('',#13119,#3108);
#2104=LINE('',#13122,#3109);
#2105=LINE('',#13123,#3110);
#2106=LINE('',#13126,#3111);
#2107=LINE('',#13127,#3112);
#2108=LINE('',#13144,#3113);
#2109=LINE('',#13161,#3114);
#2110=LINE('',#13164,#3115);
#2111=LINE('',#13165,#3116);
#2112=LINE('',#13168,#3117);
#2113=LINE('',#13169,#3118);
#2114=LINE('',#13171,#3119);
#2115=LINE('',#13176,#3120);
#2116=LINE('',#13178,#3121);
#2117=LINE('',#13180,#3122);
#2118=LINE('',#13182,#3123);
#2119=LINE('',#13184,#3124);
#2120=LINE('',#13186,#3125);
#2121=LINE('',#13188,#3126);
#2122=LINE('',#13189,#3127);
#2123=LINE('',#13192,#3128);
#2124=LINE('',#13194,#3129);
#2125=LINE('',#13195,#3130);
#2126=LINE('',#13198,#3131);
#2127=LINE('',#13199,#3132);
#2128=LINE('',#13202,#3133);
#2129=LINE('',#13203,#3134);
#2130=LINE('',#13206,#3135);
#2131=LINE('',#13207,#3136);
#2132=LINE('',#13210,#3137);
#2133=LINE('',#13211,#3138);
#2134=LINE('',#13214,#3139);
#2135=LINE('',#13215,#3140);
#2136=LINE('',#13218,#3141);
#2137=LINE('',#13219,#3142);
#2138=LINE('',#13221,#3143);
#2139=LINE('',#13226,#3144);
#2140=LINE('',#13228,#3145);
#2141=LINE('',#13230,#3146);
#2142=LINE('',#13232,#3147);
#2143=LINE('',#13234,#3148);
#2144=LINE('',#13236,#3149);
#2145=LINE('',#13238,#3150);
#2146=LINE('',#13239,#3151);
#2147=LINE('',#13242,#3152);
#2148=LINE('',#13244,#3153);
#2149=LINE('',#13245,#3154);
#2150=LINE('',#13248,#3155);
#2151=LINE('',#13250,#3156);
#2152=LINE('',#13251,#3157);
#2153=LINE('',#13254,#3158);
#2154=LINE('',#13255,#3159);
#2155=LINE('',#13257,#3160);
#2156=LINE('',#13260,#3161);
#2157=LINE('',#13262,#3162);
#2158=LINE('',#13263,#3163);
#2159=LINE('',#13266,#3164);
#2160=LINE('',#13267,#3165);
#2161=LINE('',#13270,#3166);
#2162=LINE('',#13271,#3167);
#2163=LINE('',#13274,#3168);
#2164=LINE('',#13275,#3169);
#2165=LINE('',#13278,#3170);
#2166=LINE('',#13279,#3171);
#2167=LINE('',#13282,#3172);
#2168=LINE('',#13283,#3173);
#2169=LINE('',#13286,#3174);
#2170=LINE('',#13287,#3175);
#2171=LINE('',#13289,#3176);
#2172=LINE('',#13294,#3177);
#2173=LINE('',#13296,#3178);
#2174=LINE('',#13298,#3179);
#2175=LINE('',#13300,#3180);
#2176=LINE('',#13302,#3181);
#2177=LINE('',#13304,#3182);
#2178=LINE('',#13305,#3183);
#2179=LINE('',#13308,#3184);
#2180=LINE('',#13310,#3185);
#2181=LINE('',#13311,#3186);
#2182=LINE('',#13314,#3187);
#2183=LINE('',#13315,#3188);
#2184=LINE('',#13318,#3189);
#2185=LINE('',#13319,#3190);
#2186=LINE('',#13322,#3191);
#2187=LINE('',#13323,#3192);
#2188=LINE('',#13326,#3193);
#2189=LINE('',#13327,#3194);
#2190=LINE('',#13330,#3195);
#2191=LINE('',#13331,#3196);
#2192=LINE('',#13333,#3197);
#2193=LINE('',#13338,#3198);
#2194=LINE('',#13340,#3199);
#2195=LINE('',#13342,#3200);
#2196=LINE('',#13343,#3201);
#2197=LINE('',#13346,#3202);
#2198=LINE('',#13348,#3203);
#2199=LINE('',#13349,#3204);
#2200=LINE('',#13352,#3205);
#2201=LINE('',#13353,#3206);
#2202=LINE('',#13356,#3207);
#2203=LINE('',#13357,#3208);
#2204=LINE('',#13359,#3209);
#2205=LINE('',#13364,#3210);
#2206=LINE('',#13366,#3211);
#2207=LINE('',#13368,#3212);
#2208=LINE('',#13370,#3213);
#2209=LINE('',#13372,#3214);
#2210=LINE('',#13374,#3215);
#2211=LINE('',#13376,#3216);
#2212=LINE('',#13377,#3217);
#2213=LINE('',#13380,#3218);
#2214=LINE('',#13382,#3219);
#2215=LINE('',#13383,#3220);
#2216=LINE('',#13386,#3221);
#2217=LINE('',#13387,#3222);
#2218=LINE('',#13390,#3223);
#2219=LINE('',#13391,#3224);
#2220=LINE('',#13394,#3225);
#2221=LINE('',#13395,#3226);
#2222=LINE('',#13398,#3227);
#2223=LINE('',#13399,#3228);
#2224=LINE('',#13402,#3229);
#2225=LINE('',#13403,#3230);
#2226=LINE('',#13406,#3231);
#2227=LINE('',#13407,#3232);
#2228=LINE('',#13409,#3233);
#2229=LINE('',#13420,#3234);
#2230=LINE('',#13500,#3235);
#2231=LINE('',#13580,#3236);
#2232=LINE('',#13582,#3237);
#2233=LINE('',#13583,#3238);
#2234=LINE('',#13600,#3239);
#2235=LINE('',#13617,#3240);
#2236=LINE('',#13634,#3241);
#2237=LINE('',#13651,#3242);
#2238=LINE('',#13668,#3243);
#2239=LINE('',#13685,#3244);
#2240=LINE('',#13702,#3245);
#2241=LINE('',#13719,#3246);
#2242=LINE('',#13736,#3247);
#2243=LINE('',#13753,#3248);
#2244=LINE('',#13770,#3249);
#2245=LINE('',#13787,#3250);
#2246=LINE('',#13804,#3251);
#2247=LINE('',#13807,#3252);
#2248=LINE('',#13808,#3253);
#2249=LINE('',#13825,#3254);
#2250=LINE('',#13842,#3255);
#2251=LINE('',#13859,#3256);
#2252=LINE('',#13876,#3257);
#2253=LINE('',#13893,#3258);
#2254=LINE('',#13910,#3259);
#2255=LINE('',#13927,#3260);
#2256=LINE('',#13944,#3261);
#2257=LINE('',#13961,#3262);
#2258=LINE('',#13978,#3263);
#2259=LINE('',#13995,#3264);
#2260=LINE('',#14012,#3265);
#2261=LINE('',#14029,#3266);
#2262=LINE('',#14055,#3267);
#2263=LINE('',#14135,#3268);
#2264=LINE('',#14215,#3269);
#2265=LINE('',#14217,#3270);
#2266=LINE('',#14218,#3271);
#2267=LINE('',#14235,#3272);
#2268=LINE('',#14252,#3273);
#2269=LINE('',#14269,#3274);
#2270=LINE('',#14286,#3275);
#2271=LINE('',#14303,#3276);
#2272=LINE('',#14320,#3277);
#2273=LINE('',#14337,#3278);
#2274=LINE('',#14354,#3279);
#2275=LINE('',#14371,#3280);
#2276=LINE('',#14388,#3281);
#2277=LINE('',#14405,#3282);
#2278=LINE('',#14422,#3283);
#2279=LINE('',#14439,#3284);
#2280=LINE('',#14442,#3285);
#2281=LINE('',#14443,#3286);
#2282=LINE('',#14460,#3287);
#2283=LINE('',#14477,#3288);
#2284=LINE('',#14494,#3289);
#2285=LINE('',#14511,#3290);
#2286=LINE('',#14528,#3291);
#2287=LINE('',#14545,#3292);
#2288=LINE('',#14562,#3293);
#2289=LINE('',#14579,#3294);
#2290=LINE('',#14596,#3295);
#2291=LINE('',#14613,#3296);
#2292=LINE('',#14630,#3297);
#2293=LINE('',#14647,#3298);
#2294=LINE('',#14664,#3299);
#2295=LINE('',#14684,#3300);
#2296=LINE('',#14686,#3301);
#2297=LINE('',#14688,#3302);
#2298=LINE('',#14690,#3303);
#2299=LINE('',#14691,#3304);
#2300=LINE('',#14694,#3305);
#2301=LINE('',#14696,#3306);
#2302=LINE('',#14697,#3307);
#2303=LINE('',#14700,#3308);
#2304=LINE('',#14702,#3309);
#2305=LINE('',#14704,#3310);
#2306=LINE('',#14706,#3311);
#2307=LINE('',#14708,#3312);
#2308=LINE('',#14709,#3313);
#2309=LINE('',#14712,#3314);
#2310=LINE('',#14714,#3315);
#2311=LINE('',#14716,#3316);
#2312=LINE('',#14717,#3317);
#2313=LINE('',#14720,#3318);
#2314=LINE('',#14722,#3319);
#2315=LINE('',#14723,#3320);
#2316=LINE('',#14726,#3321);
#2317=LINE('',#14727,#3322);
#2318=LINE('',#14730,#3323);
#2319=LINE('',#14732,#3324);
#2320=LINE('',#14733,#3325);
#2321=LINE('',#14736,#3326);
#2322=LINE('',#14738,#3327);
#2323=LINE('',#14739,#3328);
#2324=LINE('',#14741,#3329);
#2325=LINE('',#14743,#3330);
#2326=LINE('',#14745,#3331);
#2327=LINE('',#14747,#3332);
#2328=LINE('',#14749,#3333);
#2329=LINE('',#14754,#3334);
#2330=LINE('',#14756,#3335);
#2331=LINE('',#14758,#3336);
#2332=LINE('',#14759,#3337);
#2333=LINE('',#14762,#3338);
#2334=LINE('',#14764,#3339);
#2335=LINE('',#14765,#3340);
#2336=LINE('',#14768,#3341);
#2337=LINE('',#14770,#3342);
#2338=LINE('',#14771,#3343);
#2339=LINE('',#14773,#3344);
#2340=LINE('',#14775,#3345);
#2341=LINE('',#14779,#3346);
#2342=LINE('',#14781,#3347);
#2343=LINE('',#14783,#3348);
#2344=LINE('',#14784,#3349);
#2345=LINE('',#14788,#3350);
#2346=LINE('',#14790,#3351);
#2347=LINE('',#14792,#3352);
#2348=LINE('',#14793,#3353);
#2349=LINE('',#14795,#3354);
#2350=LINE('',#14796,#3355);
#2351=LINE('',#14798,#3356);
#2352=LINE('',#14800,#3357);
#2353=LINE('',#14804,#3358);
#2354=LINE('',#14806,#3359);
#2355=LINE('',#14808,#3360);
#2356=LINE('',#14809,#3361);
#2357=LINE('',#14812,#3362);
#2358=LINE('',#14814,#3363);
#2359=LINE('',#14815,#3364);
#2360=LINE('',#14818,#3365);
#2361=LINE('',#14820,#3366);
#2362=LINE('',#14821,#3367);
#2363=LINE('',#14823,#3368);
#2364=LINE('',#14824,#3369);
#2365=LINE('',#14830,#3370);
#2366=LINE('',#14832,#3371);
#2367=LINE('',#14834,#3372);
#2368=LINE('',#14835,#3373);
#2369=LINE('',#14838,#3374);
#2370=LINE('',#14840,#3375);
#2371=LINE('',#14841,#3376);
#2372=LINE('',#14844,#3377);
#2373=LINE('',#14846,#3378);
#2374=LINE('',#14847,#3379);
#2375=LINE('',#14849,#3380);
#2376=LINE('',#14850,#3381);
#2377=LINE('',#14856,#3382);
#2378=LINE('',#14858,#3383);
#2379=LINE('',#14860,#3384);
#2380=LINE('',#14861,#3385);
#2381=LINE('',#14864,#3386);
#2382=LINE('',#14866,#3387);
#2383=LINE('',#14867,#3388);
#2384=LINE('',#14870,#3389);
#2385=LINE('',#14872,#3390);
#2386=LINE('',#14873,#3391);
#2387=LINE('',#14875,#3392);
#2388=LINE('',#14877,#3393);
#2389=LINE('',#14881,#3394);
#2390=LINE('',#14883,#3395);
#2391=LINE('',#14885,#3396);
#2392=LINE('',#14886,#3397);
#2393=LINE('',#14890,#3398);
#2394=LINE('',#14892,#3399);
#2395=LINE('',#14894,#3400);
#2396=LINE('',#14895,#3401);
#2397=LINE('',#14897,#3402);
#2398=LINE('',#14898,#3403);
#2399=LINE('',#14900,#3404);
#2400=LINE('',#14902,#3405);
#2401=LINE('',#14906,#3406);
#2402=LINE('',#14908,#3407);
#2403=LINE('',#14910,#3408);
#2404=LINE('',#14911,#3409);
#2405=LINE('',#14914,#3410);
#2406=LINE('',#14916,#3411);
#2407=LINE('',#14917,#3412);
#2408=LINE('',#14920,#3413);
#2409=LINE('',#14922,#3414);
#2410=LINE('',#14923,#3415);
#2411=LINE('',#14925,#3416);
#2412=LINE('',#14926,#3417);
#2413=VECTOR('',#9128,10.);
#2414=VECTOR('',#9129,10.);
#2415=VECTOR('',#9130,10.);
#2416=VECTOR('',#9131,10.);
#2417=VECTOR('',#9134,10.);
#2418=VECTOR('',#9135,10.);
#2419=VECTOR('',#9136,10.);
#2420=VECTOR('',#9139,10.);
#2421=VECTOR('',#9140,10.);
#2422=VECTOR('',#9141,10.);
#2423=VECTOR('',#9144,10.);
#2424=VECTOR('',#9145,10.);
#2425=VECTOR('',#9150,10.);
#2426=VECTOR('',#9151,10.);
#2427=VECTOR('',#9152,10.);
#2428=VECTOR('',#9153,10.);
#2429=VECTOR('',#9156,10.);
#2430=VECTOR('',#9157,10.);
#2431=VECTOR('',#9158,10.);
#2432=VECTOR('',#9161,10.);
#2433=VECTOR('',#9162,10.);
#2434=VECTOR('',#9163,10.);
#2435=VECTOR('',#9166,10.);
#2436=VECTOR('',#9167,10.);
#2437=VECTOR('',#9172,10.);
#2438=VECTOR('',#9173,10.);
#2439=VECTOR('',#9174,10.);
#2440=VECTOR('',#9175,10.);
#2441=VECTOR('',#9178,10.);
#2442=VECTOR('',#9179,10.);
#2443=VECTOR('',#9180,10.);
#2444=VECTOR('',#9183,10.);
#2445=VECTOR('',#9184,10.);
#2446=VECTOR('',#9185,10.);
#2447=VECTOR('',#9188,10.);
#2448=VECTOR('',#9189,10.);
#2449=VECTOR('',#9194,10.);
#2450=VECTOR('',#9195,10.);
#2451=VECTOR('',#9196,10.);
#2452=VECTOR('',#9197,10.);
#2453=VECTOR('',#9200,10.);
#2454=VECTOR('',#9201,10.);
#2455=VECTOR('',#9202,10.);
#2456=VECTOR('',#9205,10.);
#2457=VECTOR('',#9206,10.);
#2458=VECTOR('',#9207,10.);
#2459=VECTOR('',#9210,10.);
#2460=VECTOR('',#9211,10.);
#2461=VECTOR('',#9216,10.);
#2462=VECTOR('',#9217,10.);
#2463=VECTOR('',#9218,10.);
#2464=VECTOR('',#9219,10.);
#2465=VECTOR('',#9222,10.);
#2466=VECTOR('',#9223,10.);
#2467=VECTOR('',#9224,10.);
#2468=VECTOR('',#9227,10.);
#2469=VECTOR('',#9228,10.);
#2470=VECTOR('',#9229,10.);
#2471=VECTOR('',#9232,10.);
#2472=VECTOR('',#9233,10.);
#2473=VECTOR('',#9238,10.);
#2474=VECTOR('',#9239,10.);
#2475=VECTOR('',#9240,10.);
#2476=VECTOR('',#9241,10.);
#2477=VECTOR('',#9244,10.);
#2478=VECTOR('',#9245,10.);
#2479=VECTOR('',#9246,10.);
#2480=VECTOR('',#9249,10.);
#2481=VECTOR('',#9250,10.);
#2482=VECTOR('',#9251,10.);
#2483=VECTOR('',#9254,10.);
#2484=VECTOR('',#9255,10.);
#2485=VECTOR('',#9260,10.);
#2486=VECTOR('',#9261,10.);
#2487=VECTOR('',#9262,10.);
#2488=VECTOR('',#9263,10.);
#2489=VECTOR('',#9266,10.);
#2490=VECTOR('',#9267,10.);
#2491=VECTOR('',#9268,10.);
#2492=VECTOR('',#9271,10.);
#2493=VECTOR('',#9272,10.);
#2494=VECTOR('',#9273,10.);
#2495=VECTOR('',#9276,10.);
#2496=VECTOR('',#9277,10.);
#2497=VECTOR('',#9278,10.);
#2498=VECTOR('',#9281,10.);
#2499=VECTOR('',#9282,10.);
#2500=VECTOR('',#9289,10.);
#2501=VECTOR('',#9290,10.);
#2502=VECTOR('',#9291,10.);
#2503=VECTOR('',#9292,10.);
#2504=VECTOR('',#9295,10.);
#2505=VECTOR('',#9296,10.);
#2506=VECTOR('',#9297,10.);
#2507=VECTOR('',#9300,10.);
#2508=VECTOR('',#9301,10.);
#2509=VECTOR('',#9302,10.);
#2510=VECTOR('',#9305,10.);
#2511=VECTOR('',#9306,10.);
#2512=VECTOR('',#9311,10.);
#2513=VECTOR('',#9312,10.);
#2514=VECTOR('',#9313,10.);
#2515=VECTOR('',#9314,10.);
#2516=VECTOR('',#9317,10.);
#2517=VECTOR('',#9318,10.);
#2518=VECTOR('',#9319,10.);
#2519=VECTOR('',#9322,10.);
#2520=VECTOR('',#9323,10.);
#2521=VECTOR('',#9324,10.);
#2522=VECTOR('',#9327,10.);
#2523=VECTOR('',#9328,10.);
#2524=VECTOR('',#9333,10.);
#2525=VECTOR('',#9334,10.);
#2526=VECTOR('',#9335,10.);
#2527=VECTOR('',#9336,10.);
#2528=VECTOR('',#9339,10.);
#2529=VECTOR('',#9340,10.);
#2530=VECTOR('',#9341,10.);
#2531=VECTOR('',#9344,10.);
#2532=VECTOR('',#9345,10.);
#2533=VECTOR('',#9346,10.);
#2534=VECTOR('',#9349,10.);
#2535=VECTOR('',#9350,10.);
#2536=VECTOR('',#9355,10.);
#2537=VECTOR('',#9356,10.);
#2538=VECTOR('',#9357,10.);
#2539=VECTOR('',#9358,10.);
#2540=VECTOR('',#9361,10.);
#2541=VECTOR('',#9362,10.);
#2542=VECTOR('',#9363,10.);
#2543=VECTOR('',#9366,10.);
#2544=VECTOR('',#9367,10.);
#2545=VECTOR('',#9368,10.);
#2546=VECTOR('',#9371,10.);
#2547=VECTOR('',#9372,10.);
#2548=VECTOR('',#9377,10.);
#2549=VECTOR('',#9378,10.);
#2550=VECTOR('',#9379,10.);
#2551=VECTOR('',#9380,10.);
#2552=VECTOR('',#9383,10.);
#2553=VECTOR('',#9384,10.);
#2554=VECTOR('',#9385,10.);
#2555=VECTOR('',#9388,10.);
#2556=VECTOR('',#9389,10.);
#2557=VECTOR('',#9390,10.);
#2558=VECTOR('',#9393,10.);
#2559=VECTOR('',#9394,10.);
#2560=VECTOR('',#9399,10.);
#2561=VECTOR('',#9400,10.);
#2562=VECTOR('',#9401,10.);
#2563=VECTOR('',#9402,10.);
#2564=VECTOR('',#9405,10.);
#2565=VECTOR('',#9406,10.);
#2566=VECTOR('',#9407,10.);
#2567=VECTOR('',#9410,10.);
#2568=VECTOR('',#9411,10.);
#2569=VECTOR('',#9412,10.);
#2570=VECTOR('',#9415,10.);
#2571=VECTOR('',#9416,10.);
#2572=VECTOR('',#9421,10.);
#2573=VECTOR('',#9422,10.);
#2574=VECTOR('',#9423,10.);
#2575=VECTOR('',#9424,10.);
#2576=VECTOR('',#9427,10.);
#2577=VECTOR('',#9428,10.);
#2578=VECTOR('',#9429,10.);
#2579=VECTOR('',#9432,10.);
#2580=VECTOR('',#9433,10.);
#2581=VECTOR('',#9434,10.);
#2582=VECTOR('',#9437,10.);
#2583=VECTOR('',#9438,10.);
#2584=VECTOR('',#9439,10.);
#2585=VECTOR('',#9442,10.);
#2586=VECTOR('',#9443,10.);
#2587=VECTOR('',#9450,10.);
#2588=VECTOR('',#9451,10.);
#2589=VECTOR('',#9452,10.);
#2590=VECTOR('',#9453,10.);
#2591=VECTOR('',#9456,10.);
#2592=VECTOR('',#9457,10.);
#2593=VECTOR('',#9458,10.);
#2594=VECTOR('',#9461,10.);
#2595=VECTOR('',#9462,10.);
#2596=VECTOR('',#9463,10.);
#2597=VECTOR('',#9466,10.);
#2598=VECTOR('',#9467,10.);
#2599=VECTOR('',#9474,10.);
#2600=VECTOR('',#9475,10.);
#2601=VECTOR('',#9476,10.);
#2602=VECTOR('',#9477,10.);
#2603=VECTOR('',#9480,10.);
#2604=VECTOR('',#9481,10.);
#2605=VECTOR('',#9482,10.);
#2606=VECTOR('',#9485,10.);
#2607=VECTOR('',#9486,10.);
#2608=VECTOR('',#9487,10.);
#2609=VECTOR('',#9490,10.);
#2610=VECTOR('',#9491,10.);
#2611=VECTOR('',#9498,10.);
#2612=VECTOR('',#9499,10.);
#2613=VECTOR('',#9500,10.);
#2614=VECTOR('',#9501,10.);
#2615=VECTOR('',#9504,10.);
#2616=VECTOR('',#9505,10.);
#2617=VECTOR('',#9506,10.);
#2618=VECTOR('',#9509,10.);
#2619=VECTOR('',#9510,10.);
#2620=VECTOR('',#9511,10.);
#2621=VECTOR('',#9514,10.);
#2622=VECTOR('',#9515,10.);
#2623=VECTOR('',#9522,10.);
#2624=VECTOR('',#9523,10.);
#2625=VECTOR('',#9524,10.);
#2626=VECTOR('',#9525,10.);
#2627=VECTOR('',#9528,10.);
#2628=VECTOR('',#9529,10.);
#2629=VECTOR('',#9530,10.);
#2630=VECTOR('',#9533,10.);
#2631=VECTOR('',#9534,10.);
#2632=VECTOR('',#9535,10.);
#2633=VECTOR('',#9538,10.);
#2634=VECTOR('',#9539,10.);
#2635=VECTOR('',#9546,10.);
#2636=VECTOR('',#9547,10.);
#2637=VECTOR('',#9548,10.);
#2638=VECTOR('',#9549,10.);
#2639=VECTOR('',#9552,10.);
#2640=VECTOR('',#9553,10.);
#2641=VECTOR('',#9554,10.);
#2642=VECTOR('',#9557,10.);
#2643=VECTOR('',#9558,10.);
#2644=VECTOR('',#9559,10.);
#2645=VECTOR('',#9562,10.);
#2646=VECTOR('',#9563,10.);
#2647=VECTOR('',#9570,10.);
#2648=VECTOR('',#9571,10.);
#2649=VECTOR('',#9572,10.);
#2650=VECTOR('',#9573,10.);
#2651=VECTOR('',#9576,10.);
#2652=VECTOR('',#9577,10.);
#2653=VECTOR('',#9578,10.);
#2654=VECTOR('',#9581,10.);
#2655=VECTOR('',#9582,10.);
#2656=VECTOR('',#9583,10.);
#2657=VECTOR('',#9586,10.);
#2658=VECTOR('',#9587,10.);
#2659=VECTOR('',#9594,10.);
#2660=VECTOR('',#9595,10.);
#2661=VECTOR('',#9596,10.);
#2662=VECTOR('',#9597,10.);
#2663=VECTOR('',#9600,10.);
#2664=VECTOR('',#9601,10.);
#2665=VECTOR('',#9602,10.);
#2666=VECTOR('',#9605,10.);
#2667=VECTOR('',#9606,10.);
#2668=VECTOR('',#9607,10.);
#2669=VECTOR('',#9610,10.);
#2670=VECTOR('',#9611,10.);
#2671=VECTOR('',#9618,10.);
#2672=VECTOR('',#9619,10.);
#2673=VECTOR('',#9620,10.);
#2674=VECTOR('',#9621,10.);
#2675=VECTOR('',#9624,10.);
#2676=VECTOR('',#9625,10.);
#2677=VECTOR('',#9626,10.);
#2678=VECTOR('',#9629,10.);
#2679=VECTOR('',#9630,10.);
#2680=VECTOR('',#9631,10.);
#2681=VECTOR('',#9634,10.);
#2682=VECTOR('',#9635,10.);
#2683=VECTOR('',#9642,10.);
#2684=VECTOR('',#9643,10.);
#2685=VECTOR('',#9644,10.);
#2686=VECTOR('',#9645,10.);
#2687=VECTOR('',#9648,10.);
#2688=VECTOR('',#9649,10.);
#2689=VECTOR('',#9650,10.);
#2690=VECTOR('',#9653,10.);
#2691=VECTOR('',#9654,10.);
#2692=VECTOR('',#9655,10.);
#2693=VECTOR('',#9658,10.);
#2694=VECTOR('',#9659,10.);
#2695=VECTOR('',#9666,10.);
#2696=VECTOR('',#9667,10.);
#2697=VECTOR('',#9668,10.);
#2698=VECTOR('',#9669,10.);
#2699=VECTOR('',#9672,10.);
#2700=VECTOR('',#9673,10.);
#2701=VECTOR('',#9674,10.);
#2702=VECTOR('',#9677,10.);
#2703=VECTOR('',#9678,10.);
#2704=VECTOR('',#9679,10.);
#2705=VECTOR('',#9682,10.);
#2706=VECTOR('',#9683,10.);
#2707=VECTOR('',#9690,10.);
#2708=VECTOR('',#9691,10.);
#2709=VECTOR('',#9692,10.);
#2710=VECTOR('',#9693,10.);
#2711=VECTOR('',#9696,10.);
#2712=VECTOR('',#9697,10.);
#2713=VECTOR('',#9698,10.);
#2714=VECTOR('',#9701,10.);
#2715=VECTOR('',#9702,10.);
#2716=VECTOR('',#9703,10.);
#2717=VECTOR('',#9706,10.);
#2718=VECTOR('',#9707,10.);
#2719=VECTOR('',#9714,10.);
#2720=VECTOR('',#9715,10.);
#2721=VECTOR('',#9716,10.);
#2722=VECTOR('',#9717,10.);
#2723=VECTOR('',#9720,10.);
#2724=VECTOR('',#9721,10.);
#2725=VECTOR('',#9722,10.);
#2726=VECTOR('',#9725,10.);
#2727=VECTOR('',#9726,10.);
#2728=VECTOR('',#9727,10.);
#2729=VECTOR('',#9730,10.);
#2730=VECTOR('',#9731,10.);
#2731=VECTOR('',#9738,10.);
#2732=VECTOR('',#9739,10.);
#2733=VECTOR('',#9740,10.);
#2734=VECTOR('',#9741,10.);
#2735=VECTOR('',#9744,10.);
#2736=VECTOR('',#9745,10.);
#2737=VECTOR('',#9746,10.);
#2738=VECTOR('',#9749,10.);
#2739=VECTOR('',#9750,10.);
#2740=VECTOR('',#9751,10.);
#2741=VECTOR('',#9754,10.);
#2742=VECTOR('',#9755,10.);
#2743=VECTOR('',#9762,10.);
#2744=VECTOR('',#9763,10.);
#2745=VECTOR('',#9764,10.);
#2746=VECTOR('',#9765,10.);
#2747=VECTOR('',#9768,10.);
#2748=VECTOR('',#9769,10.);
#2749=VECTOR('',#9770,10.);
#2750=VECTOR('',#9773,10.);
#2751=VECTOR('',#9774,10.);
#2752=VECTOR('',#9775,10.);
#2753=VECTOR('',#9778,10.);
#2754=VECTOR('',#9779,10.);
#2755=VECTOR('',#9786,10.);
#2756=VECTOR('',#9787,10.);
#2757=VECTOR('',#9788,10.);
#2758=VECTOR('',#9789,10.);
#2759=VECTOR('',#9792,10.);
#2760=VECTOR('',#9793,10.);
#2761=VECTOR('',#9794,10.);
#2762=VECTOR('',#9797,10.);
#2763=VECTOR('',#9798,10.);
#2764=VECTOR('',#9799,10.);
#2765=VECTOR('',#9802,10.);
#2766=VECTOR('',#9803,10.);
#2767=VECTOR('',#9810,10.);
#2768=VECTOR('',#9811,10.);
#2769=VECTOR('',#9812,10.);
#2770=VECTOR('',#9813,10.);
#2771=VECTOR('',#9816,10.);
#2772=VECTOR('',#9817,10.);
#2773=VECTOR('',#9818,10.);
#2774=VECTOR('',#9821,10.);
#2775=VECTOR('',#9822,10.);
#2776=VECTOR('',#9823,10.);
#2777=VECTOR('',#9826,10.);
#2778=VECTOR('',#9827,10.);
#2779=VECTOR('',#9834,10.);
#2780=VECTOR('',#9835,10.);
#2781=VECTOR('',#9836,10.);
#2782=VECTOR('',#9837,10.);
#2783=VECTOR('',#9840,10.);
#2784=VECTOR('',#9841,10.);
#2785=VECTOR('',#9842,10.);
#2786=VECTOR('',#9845,10.);
#2787=VECTOR('',#9846,10.);
#2788=VECTOR('',#9847,10.);
#2789=VECTOR('',#9850,10.);
#2790=VECTOR('',#9851,10.);
#2791=VECTOR('',#9858,10.);
#2792=VECTOR('',#9859,10.);
#2793=VECTOR('',#9860,10.);
#2794=VECTOR('',#9861,10.);
#2795=VECTOR('',#9864,10.);
#2796=VECTOR('',#9865,10.);
#2797=VECTOR('',#9866,10.);
#2798=VECTOR('',#9869,10.);
#2799=VECTOR('',#9870,10.);
#2800=VECTOR('',#9871,10.);
#2801=VECTOR('',#9874,10.);
#2802=VECTOR('',#9875,10.);
#2803=VECTOR('',#9882,10.);
#2804=VECTOR('',#9883,10.);
#2805=VECTOR('',#9884,10.);
#2806=VECTOR('',#9885,10.);
#2807=VECTOR('',#9888,10.);
#2808=VECTOR('',#9889,10.);
#2809=VECTOR('',#9890,10.);
#2810=VECTOR('',#9893,10.);
#2811=VECTOR('',#9894,10.);
#2812=VECTOR('',#9895,10.);
#2813=VECTOR('',#9898,10.);
#2814=VECTOR('',#9899,10.);
#2815=VECTOR('',#9906,10.);
#2816=VECTOR('',#9907,10.);
#2817=VECTOR('',#9908,10.);
#2818=VECTOR('',#9909,10.);
#2819=VECTOR('',#9912,10.);
#2820=VECTOR('',#9913,10.);
#2821=VECTOR('',#9914,10.);
#2822=VECTOR('',#9917,10.);
#2823=VECTOR('',#9918,10.);
#2824=VECTOR('',#9919,10.);
#2825=VECTOR('',#9922,10.);
#2826=VECTOR('',#9923,10.);
#2827=VECTOR('',#9930,10.);
#2828=VECTOR('',#9931,10.);
#2829=VECTOR('',#9932,10.);
#2830=VECTOR('',#9933,10.);
#2831=VECTOR('',#9936,10.);
#2832=VECTOR('',#9937,10.);
#2833=VECTOR('',#9938,10.);
#2834=VECTOR('',#9941,10.);
#2835=VECTOR('',#9942,10.);
#2836=VECTOR('',#9943,10.);
#2837=VECTOR('',#9946,10.);
#2838=VECTOR('',#9947,10.);
#2839=VECTOR('',#9954,10.);
#2840=VECTOR('',#9955,10.);
#2841=VECTOR('',#9956,10.);
#2842=VECTOR('',#9957,10.);
#2843=VECTOR('',#9960,10.);
#2844=VECTOR('',#9961,10.);
#2845=VECTOR('',#9962,10.);
#2846=VECTOR('',#9965,10.);
#2847=VECTOR('',#9966,10.);
#2848=VECTOR('',#9967,10.);
#2849=VECTOR('',#9970,10.);
#2850=VECTOR('',#9971,10.);
#2851=VECTOR('',#9978,10.);
#2852=VECTOR('',#9979,10.);
#2853=VECTOR('',#9980,10.);
#2854=VECTOR('',#9981,10.);
#2855=VECTOR('',#9984,10.);
#2856=VECTOR('',#9985,10.);
#2857=VECTOR('',#9986,10.);
#2858=VECTOR('',#9989,10.);
#2859=VECTOR('',#9990,10.);
#2860=VECTOR('',#9991,10.);
#2861=VECTOR('',#9994,10.);
#2862=VECTOR('',#9995,10.);
#2863=VECTOR('',#10002,10.);
#2864=VECTOR('',#10003,10.);
#2865=VECTOR('',#10004,10.);
#2866=VECTOR('',#10005,10.);
#2867=VECTOR('',#10006,10.);
#2868=VECTOR('',#10007,10.);
#2869=VECTOR('',#10008,10.);
#2870=VECTOR('',#10009,10.);
#2871=VECTOR('',#10010,10.);
#2872=VECTOR('',#10011,10.);
#2873=VECTOR('',#10012,10.);
#2874=VECTOR('',#10013,10.);
#2875=VECTOR('',#10016,10.);
#2876=VECTOR('',#10017,10.);
#2877=VECTOR('',#10018,10.);
#2878=VECTOR('',#10021,10.);
#2879=VECTOR('',#10022,10.);
#2880=VECTOR('',#10025,10.);
#2881=VECTOR('',#10026,10.);
#2882=VECTOR('',#10029,10.);
#2883=VECTOR('',#10030,10.);
#2884=VECTOR('',#10033,10.);
#2885=VECTOR('',#10034,10.);
#2886=VECTOR('',#10037,10.);
#2887=VECTOR('',#10038,10.);
#2888=VECTOR('',#10041,10.);
#2889=VECTOR('',#10042,10.);
#2890=VECTOR('',#10045,10.);
#2891=VECTOR('',#10046,10.);
#2892=VECTOR('',#10049,10.);
#2893=VECTOR('',#10050,10.);
#2894=VECTOR('',#10053,10.);
#2895=VECTOR('',#10054,10.);
#2896=VECTOR('',#10057,10.);
#2897=VECTOR('',#10058,10.);
#2898=VECTOR('',#10061,10.);
#2899=VECTOR('',#10066,10.);
#2900=VECTOR('',#10067,10.);
#2901=VECTOR('',#10068,10.);
#2902=VECTOR('',#10069,10.);
#2903=VECTOR('',#10070,10.);
#2904=VECTOR('',#10071,10.);
#2905=VECTOR('',#10072,10.);
#2906=VECTOR('',#10073,10.);
#2907=VECTOR('',#10074,10.);
#2908=VECTOR('',#10075,10.);
#2909=VECTOR('',#10076,10.);
#2910=VECTOR('',#10077,10.);
#2911=VECTOR('',#10078,10.);
#2912=VECTOR('',#10081,10.);
#2913=VECTOR('',#10082,10.);
#2914=VECTOR('',#10083,10.);
#2915=VECTOR('',#10086,10.);
#2916=VECTOR('',#10087,10.);
#2917=VECTOR('',#10090,10.);
#2918=VECTOR('',#10091,10.);
#2919=VECTOR('',#10094,10.);
#2920=VECTOR('',#10095,10.);
#2921=VECTOR('',#10098,10.);
#2922=VECTOR('',#10099,10.);
#2923=VECTOR('',#10102,10.);
#2924=VECTOR('',#10103,10.);
#2925=VECTOR('',#10106,10.);
#2926=VECTOR('',#10107,10.);
#2927=VECTOR('',#10110,10.);
#2928=VECTOR('',#10111,10.);
#2929=VECTOR('',#10114,10.);
#2930=VECTOR('',#10115,10.);
#2931=VECTOR('',#10118,10.);
#2932=VECTOR('',#10119,10.);
#2933=VECTOR('',#10122,10.);
#2934=VECTOR('',#10123,10.);
#2935=VECTOR('',#10126,10.);
#2936=VECTOR('',#10127,10.);
#2937=VECTOR('',#10130,10.);
#2938=VECTOR('',#10135,10.);
#2939=VECTOR('',#10136,10.);
#2940=VECTOR('',#10137,10.);
#2941=VECTOR('',#10138,10.);
#2942=VECTOR('',#10139,10.);
#2943=VECTOR('',#10140,10.);
#2944=VECTOR('',#10141,10.);
#2945=VECTOR('',#10142,10.);
#2946=VECTOR('',#10143,10.);
#2947=VECTOR('',#10144,10.);
#2948=VECTOR('',#10145,10.);
#2949=VECTOR('',#10148,10.);
#2950=VECTOR('',#10149,10.);
#2951=VECTOR('',#10150,10.);
#2952=VECTOR('',#10153,10.);
#2953=VECTOR('',#10154,10.);
#2954=VECTOR('',#10157,10.);
#2955=VECTOR('',#10160,10.);
#2956=VECTOR('',#10161,10.);
#2957=VECTOR('',#10162,10.);
#2958=VECTOR('',#10165,10.);
#2959=VECTOR('',#10166,10.);
#2960=VECTOR('',#10169,10.);
#2961=VECTOR('',#10170,10.);
#2962=VECTOR('',#10173,10.);
#2963=VECTOR('',#10174,10.);
#2964=VECTOR('',#10177,10.);
#2965=VECTOR('',#10178,10.);
#2966=VECTOR('',#10181,10.);
#2967=VECTOR('',#10182,10.);
#2968=VECTOR('',#10185,10.);
#2969=VECTOR('',#10186,10.);
#2970=VECTOR('',#10189,10.);
#2971=VECTOR('',#10194,10.);
#2972=VECTOR('',#10195,10.);
#2973=VECTOR('',#10196,10.);
#2974=VECTOR('',#10197,10.);
#2975=VECTOR('',#10198,10.);
#2976=VECTOR('',#10199,10.);
#2977=VECTOR('',#10202,10.);
#2978=VECTOR('',#10203,10.);
#2979=VECTOR('',#10204,10.);
#2980=VECTOR('',#10207,10.);
#2981=VECTOR('',#10208,10.);
#2982=VECTOR('',#10211,10.);
#2983=VECTOR('',#10212,10.);
#2984=VECTOR('',#10213,10.);
#2985=VECTOR('',#10214,10.);
#2986=VECTOR('',#10215,10.);
#2987=VECTOR('',#10216,10.);
#2988=VECTOR('',#10217,10.);
#2989=VECTOR('',#10218,10.);
#2990=VECTOR('',#10219,10.);
#2991=VECTOR('',#10220,10.);
#2992=VECTOR('',#10221,10.);
#2993=VECTOR('',#10222,10.);
#2994=VECTOR('',#10223,10.);
#2995=VECTOR('',#10226,10.);
#2996=VECTOR('',#10227,10.);
#2997=VECTOR('',#10228,10.);
#2998=VECTOR('',#10229,10.);
#2999=VECTOR('',#10230,10.);
#3000=VECTOR('',#10231,10.);
#3001=VECTOR('',#10232,10.);
#3002=VECTOR('',#10233,10.);
#3003=VECTOR('',#10234,10.);
#3004=VECTOR('',#10235,10.);
#3005=VECTOR('',#10238,10.);
#3006=VECTOR('',#10239,10.);
#3007=VECTOR('',#10242,10.);
#3008=VECTOR('',#10247,10.);
#3009=VECTOR('',#10248,10.);
#3010=VECTOR('',#10249,10.);
#3011=VECTOR('',#10250,10.);
#3012=VECTOR('',#10251,10.);
#3013=VECTOR('',#10252,10.);
#3014=VECTOR('',#10253,10.);
#3015=VECTOR('',#10254,10.);
#3016=VECTOR('',#10255,10.);
#3017=VECTOR('',#10256,10.);
#3018=VECTOR('',#10259,10.);
#3019=VECTOR('',#10260,10.);
#3020=VECTOR('',#10261,10.);
#3021=VECTOR('',#10264,10.);
#3022=VECTOR('',#10265,10.);
#3023=VECTOR('',#10268,10.);
#3024=VECTOR('',#10269,10.);
#3025=VECTOR('',#10272,10.);
#3026=VECTOR('',#10273,10.);
#3027=VECTOR('',#10276,10.);
#3028=VECTOR('',#10277,10.);
#3029=VECTOR('',#10280,10.);
#3030=VECTOR('',#10281,10.);
#3031=VECTOR('',#10284,10.);
#3032=VECTOR('',#10285,10.);
#3033=VECTOR('',#10288,10.);
#3034=VECTOR('',#10289,10.);
#3035=VECTOR('',#10292,10.);
#3036=VECTOR('',#10293,10.);
#3037=VECTOR('',#10296,10.);
#3038=VECTOR('',#10301,10.);
#3039=VECTOR('',#10302,10.);
#3040=VECTOR('',#10303,10.);
#3041=VECTOR('',#10304,10.);
#3042=VECTOR('',#10305,10.);
#3043=VECTOR('',#10306,10.);
#3044=VECTOR('',#10307,10.);
#3045=VECTOR('',#10308,10.);
#3046=VECTOR('',#10309,10.);
#3047=VECTOR('',#10310,10.);
#3048=VECTOR('',#10311,10.);
#3049=VECTOR('',#10314,10.);
#3050=VECTOR('',#10315,10.);
#3051=VECTOR('',#10316,10.);
#3052=VECTOR('',#10319,10.);
#3053=VECTOR('',#10320,10.);
#3054=VECTOR('',#10323,10.);
#3055=VECTOR('',#10326,10.);
#3056=VECTOR('',#10327,10.);
#3057=VECTOR('',#10328,10.);
#3058=VECTOR('',#10331,10.);
#3059=VECTOR('',#10332,10.);
#3060=VECTOR('',#10335,10.);
#3061=VECTOR('',#10336,10.);
#3062=VECTOR('',#10339,10.);
#3063=VECTOR('',#10340,10.);
#3064=VECTOR('',#10343,10.);
#3065=VECTOR('',#10344,10.);
#3066=VECTOR('',#10347,10.);
#3067=VECTOR('',#10348,10.);
#3068=VECTOR('',#10351,10.);
#3069=VECTOR('',#10352,10.);
#3070=VECTOR('',#10355,10.);
#3071=VECTOR('',#10360,10.);
#3072=VECTOR('',#10361,10.);
#3073=VECTOR('',#10362,10.);
#3074=VECTOR('',#10363,10.);
#3075=VECTOR('',#10364,10.);
#3076=VECTOR('',#10365,10.);
#3077=VECTOR('',#10366,10.);
#3078=VECTOR('',#10367,10.);
#3079=VECTOR('',#10368,10.);
#3080=VECTOR('',#10369,10.);
#3081=VECTOR('',#10370,10.);
#3082=VECTOR('',#10373,10.);
#3083=VECTOR('',#10374,10.);
#3084=VECTOR('',#10375,10.);
#3085=VECTOR('',#10376,10.);
#3086=VECTOR('',#10377,10.);
#3087=VECTOR('',#10378,10.);
#3088=VECTOR('',#10379,10.);
#3089=VECTOR('',#10380,10.);
#3090=VECTOR('',#10383,10.);
#3091=VECTOR('',#10384,10.);
#3092=VECTOR('',#10387,10.);
#3093=VECTOR('',#10390,10.);
#3094=VECTOR('',#10391,10.);
#3095=VECTOR('',#10392,10.);
#3096=VECTOR('',#10395,10.);
#3097=VECTOR('',#10396,10.);
#3098=VECTOR('',#10397,10.);
#3099=VECTOR('',#10398,10.);
#3100=VECTOR('',#10399,10.);
#3101=VECTOR('',#10400,10.);
#3102=VECTOR('',#10401,10.);
#3103=VECTOR('',#10402,10.);
#3104=VECTOR('',#10403,10.);
#3105=VECTOR('',#10404,10.);
#3106=VECTOR('',#10405,10.);
#3107=VECTOR('',#10408,10.);
#3108=VECTOR('',#10409,10.);
#3109=VECTOR('',#10412,10.);
#3110=VECTOR('',#10413,10.);
#3111=VECTOR('',#10416,10.);
#3112=VECTOR('',#10417,10.);
#3113=VECTOR('',#10418,10.);
#3114=VECTOR('',#10419,10.);
#3115=VECTOR('',#10422,10.);
#3116=VECTOR('',#10423,10.);
#3117=VECTOR('',#10426,10.);
#3118=VECTOR('',#10427,10.);
#3119=VECTOR('',#10430,10.);
#3120=VECTOR('',#10435,10.);
#3121=VECTOR('',#10436,10.);
#3122=VECTOR('',#10437,10.);
#3123=VECTOR('',#10438,10.);
#3124=VECTOR('',#10439,10.);
#3125=VECTOR('',#10440,10.);
#3126=VECTOR('',#10441,10.);
#3127=VECTOR('',#10442,10.);
#3128=VECTOR('',#10445,10.);
#3129=VECTOR('',#10446,10.);
#3130=VECTOR('',#10447,10.);
#3131=VECTOR('',#10450,10.);
#3132=VECTOR('',#10451,10.);
#3133=VECTOR('',#10454,10.);
#3134=VECTOR('',#10455,10.);
#3135=VECTOR('',#10458,10.);
#3136=VECTOR('',#10459,10.);
#3137=VECTOR('',#10462,10.);
#3138=VECTOR('',#10463,10.);
#3139=VECTOR('',#10466,10.);
#3140=VECTOR('',#10467,10.);
#3141=VECTOR('',#10470,10.);
#3142=VECTOR('',#10471,10.);
#3143=VECTOR('',#10474,10.);
#3144=VECTOR('',#10479,10.);
#3145=VECTOR('',#10480,10.);
#3146=VECTOR('',#10481,10.);
#3147=VECTOR('',#10482,10.);
#3148=VECTOR('',#10483,10.);
#3149=VECTOR('',#10484,10.);
#3150=VECTOR('',#10485,10.);
#3151=VECTOR('',#10486,10.);
#3152=VECTOR('',#10487,10.);
#3153=VECTOR('',#10488,10.);
#3154=VECTOR('',#10489,10.);
#3155=VECTOR('',#10492,10.);
#3156=VECTOR('',#10493,10.);
#3157=VECTOR('',#10494,10.);
#3158=VECTOR('',#10497,10.);
#3159=VECTOR('',#10498,10.);
#3160=VECTOR('',#10501,10.);
#3161=VECTOR('',#10504,10.);
#3162=VECTOR('',#10505,10.);
#3163=VECTOR('',#10506,10.);
#3164=VECTOR('',#10509,10.);
#3165=VECTOR('',#10510,10.);
#3166=VECTOR('',#10513,10.);
#3167=VECTOR('',#10514,10.);
#3168=VECTOR('',#10517,10.);
#3169=VECTOR('',#10518,10.);
#3170=VECTOR('',#10521,10.);
#3171=VECTOR('',#10522,10.);
#3172=VECTOR('',#10525,10.);
#3173=VECTOR('',#10526,10.);
#3174=VECTOR('',#10529,10.);
#3175=VECTOR('',#10530,10.);
#3176=VECTOR('',#10533,10.);
#3177=VECTOR('',#10538,10.);
#3178=VECTOR('',#10539,10.);
#3179=VECTOR('',#10540,10.);
#3180=VECTOR('',#10541,10.);
#3181=VECTOR('',#10542,10.);
#3182=VECTOR('',#10543,10.);
#3183=VECTOR('',#10544,10.);
#3184=VECTOR('',#10547,10.);
#3185=VECTOR('',#10548,10.);
#3186=VECTOR('',#10549,10.);
#3187=VECTOR('',#10552,10.);
#3188=VECTOR('',#10553,10.);
#3189=VECTOR('',#10556,10.);
#3190=VECTOR('',#10557,10.);
#3191=VECTOR('',#10560,10.);
#3192=VECTOR('',#10561,10.);
#3193=VECTOR('',#10564,10.);
#3194=VECTOR('',#10565,10.);
#3195=VECTOR('',#10568,10.);
#3196=VECTOR('',#10569,10.);
#3197=VECTOR('',#10572,10.);
#3198=VECTOR('',#10577,10.);
#3199=VECTOR('',#10578,10.);
#3200=VECTOR('',#10579,10.);
#3201=VECTOR('',#10580,10.);
#3202=VECTOR('',#10583,10.);
#3203=VECTOR('',#10584,10.);
#3204=VECTOR('',#10585,10.);
#3205=VECTOR('',#10588,10.);
#3206=VECTOR('',#10589,10.);
#3207=VECTOR('',#10592,10.);
#3208=VECTOR('',#10593,10.);
#3209=VECTOR('',#10596,10.);
#3210=VECTOR('',#10601,10.);
#3211=VECTOR('',#10602,10.);
#3212=VECTOR('',#10603,10.);
#3213=VECTOR('',#10604,10.);
#3214=VECTOR('',#10605,10.);
#3215=VECTOR('',#10606,10.);
#3216=VECTOR('',#10607,10.);
#3217=VECTOR('',#10608,10.);
#3218=VECTOR('',#10611,10.);
#3219=VECTOR('',#10612,10.);
#3220=VECTOR('',#10613,10.);
#3221=VECTOR('',#10616,10.);
#3222=VECTOR('',#10617,10.);
#3223=VECTOR('',#10620,10.);
#3224=VECTOR('',#10621,10.);
#3225=VECTOR('',#10624,10.);
#3226=VECTOR('',#10625,10.);
#3227=VECTOR('',#10628,10.);
#3228=VECTOR('',#10629,10.);
#3229=VECTOR('',#10632,10.);
#3230=VECTOR('',#10633,10.);
#3231=VECTOR('',#10636,10.);
#3232=VECTOR('',#10637,10.);
#3233=VECTOR('',#10640,10.);
#3234=VECTOR('',#10645,10.);
#3235=VECTOR('',#10646,10.);
#3236=VECTOR('',#10649,10.);
#3237=VECTOR('',#10650,10.);
#3238=VECTOR('',#10651,10.);
#3239=VECTOR('',#10652,10.);
#3240=VECTOR('',#10653,10.);
#3241=VECTOR('',#10654,10.);
#3242=VECTOR('',#10655,10.);
#3243=VECTOR('',#10656,10.);
#3244=VECTOR('',#10657,10.);
#3245=VECTOR('',#10658,10.);
#3246=VECTOR('',#10659,10.);
#3247=VECTOR('',#10660,10.);
#3248=VECTOR('',#10661,10.);
#3249=VECTOR('',#10662,10.);
#3250=VECTOR('',#10663,10.);
#3251=VECTOR('',#10664,10.);
#3252=VECTOR('',#10667,10.);
#3253=VECTOR('',#10668,10.);
#3254=VECTOR('',#10669,10.);
#3255=VECTOR('',#10670,10.);
#3256=VECTOR('',#10671,10.);
#3257=VECTOR('',#10672,10.);
#3258=VECTOR('',#10673,10.);
#3259=VECTOR('',#10674,10.);
#3260=VECTOR('',#10675,10.);
#3261=VECTOR('',#10676,10.);
#3262=VECTOR('',#10677,10.);
#3263=VECTOR('',#10678,10.);
#3264=VECTOR('',#10679,10.);
#3265=VECTOR('',#10680,10.);
#3266=VECTOR('',#10681,10.);
#3267=VECTOR('',#10686,10.);
#3268=VECTOR('',#10687,10.);
#3269=VECTOR('',#10690,10.);
#3270=VECTOR('',#10691,10.);
#3271=VECTOR('',#10692,10.);
#3272=VECTOR('',#10693,10.);
#3273=VECTOR('',#10694,10.);
#3274=VECTOR('',#10695,10.);
#3275=VECTOR('',#10696,10.);
#3276=VECTOR('',#10697,10.);
#3277=VECTOR('',#10698,10.);
#3278=VECTOR('',#10699,10.);
#3279=VECTOR('',#10700,10.);
#3280=VECTOR('',#10701,10.);
#3281=VECTOR('',#10702,10.);
#3282=VECTOR('',#10703,10.);
#3283=VECTOR('',#10704,10.);
#3284=VECTOR('',#10705,10.);
#3285=VECTOR('',#10708,10.);
#3286=VECTOR('',#10709,10.);
#3287=VECTOR('',#10710,10.);
#3288=VECTOR('',#10711,10.);
#3289=VECTOR('',#10712,10.);
#3290=VECTOR('',#10713,10.);
#3291=VECTOR('',#10714,10.);
#3292=VECTOR('',#10715,10.);
#3293=VECTOR('',#10716,10.);
#3294=VECTOR('',#10717,10.);
#3295=VECTOR('',#10718,10.);
#3296=VECTOR('',#10719,10.);
#3297=VECTOR('',#10720,10.);
#3298=VECTOR('',#10721,10.);
#3299=VECTOR('',#10722,10.);
#3300=VECTOR('',#10727,10.);
#3301=VECTOR('',#10728,10.);
#3302=VECTOR('',#10729,10.);
#3303=VECTOR('',#10730,10.);
#3304=VECTOR('',#10731,10.);
#3305=VECTOR('',#10734,10.);
#3306=VECTOR('',#10735,10.);
#3307=VECTOR('',#10736,10.);
#3308=VECTOR('',#10739,10.);
#3309=VECTOR('',#10740,10.);
#3310=VECTOR('',#10741,10.);
#3311=VECTOR('',#10742,10.);
#3312=VECTOR('',#10743,10.);
#3313=VECTOR('',#10744,10.);
#3314=VECTOR('',#10747,10.);
#3315=VECTOR('',#10748,10.);
#3316=VECTOR('',#10749,10.);
#3317=VECTOR('',#10750,10.);
#3318=VECTOR('',#10753,10.);
#3319=VECTOR('',#10754,10.);
#3320=VECTOR('',#10755,10.);
#3321=VECTOR('',#10758,10.);
#3322=VECTOR('',#10759,10.);
#3323=VECTOR('',#10762,10.);
#3324=VECTOR('',#10763,10.);
#3325=VECTOR('',#10764,10.);
#3326=VECTOR('',#10767,10.);
#3327=VECTOR('',#10768,10.);
#3328=VECTOR('',#10769,10.);
#3329=VECTOR('',#10772,10.);
#3330=VECTOR('',#10775,10.);
#3331=VECTOR('',#10778,10.);
#3332=VECTOR('',#10781,10.);
#3333=VECTOR('',#10784,10.);
#3334=VECTOR('',#10789,10.);
#3335=VECTOR('',#10790,10.);
#3336=VECTOR('',#10791,10.);
#3337=VECTOR('',#10792,10.);
#3338=VECTOR('',#10795,10.);
#3339=VECTOR('',#10796,10.);
#3340=VECTOR('',#10797,10.);
#3341=VECTOR('',#10800,10.);
#3342=VECTOR('',#10801,10.);
#3343=VECTOR('',#10802,10.);
#3344=VECTOR('',#10805,10.);
#3345=VECTOR('',#10808,10.);
#3346=VECTOR('',#10811,10.);
#3347=VECTOR('',#10812,10.);
#3348=VECTOR('',#10813,10.);
#3349=VECTOR('',#10814,10.);
#3350=VECTOR('',#10817,10.);
#3351=VECTOR('',#10818,10.);
#3352=VECTOR('',#10819,10.);
#3353=VECTOR('',#10820,10.);
#3354=VECTOR('',#10823,10.);
#3355=VECTOR('',#10824,10.);
#3356=VECTOR('',#10827,10.);
#3357=VECTOR('',#10830,10.);
#3358=VECTOR('',#10833,10.);
#3359=VECTOR('',#10834,10.);
#3360=VECTOR('',#10835,10.);
#3361=VECTOR('',#10836,10.);
#3362=VECTOR('',#10839,10.);
#3363=VECTOR('',#10840,10.);
#3364=VECTOR('',#10841,10.);
#3365=VECTOR('',#10844,10.);
#3366=VECTOR('',#10845,10.);
#3367=VECTOR('',#10846,10.);
#3368=VECTOR('',#10849,10.);
#3369=VECTOR('',#10850,10.);
#3370=VECTOR('',#10857,10.);
#3371=VECTOR('',#10858,10.);
#3372=VECTOR('',#10859,10.);
#3373=VECTOR('',#10860,10.);
#3374=VECTOR('',#10863,10.);
#3375=VECTOR('',#10864,10.);
#3376=VECTOR('',#10865,10.);
#3377=VECTOR('',#10868,10.);
#3378=VECTOR('',#10869,10.);
#3379=VECTOR('',#10870,10.);
#3380=VECTOR('',#10873,10.);
#3381=VECTOR('',#10874,10.);
#3382=VECTOR('',#10881,10.);
#3383=VECTOR('',#10882,10.);
#3384=VECTOR('',#10883,10.);
#3385=VECTOR('',#10884,10.);
#3386=VECTOR('',#10887,10.);
#3387=VECTOR('',#10888,10.);
#3388=VECTOR('',#10889,10.);
#3389=VECTOR('',#10892,10.);
#3390=VECTOR('',#10893,10.);
#3391=VECTOR('',#10894,10.);
#3392=VECTOR('',#10897,10.);
#3393=VECTOR('',#10900,10.);
#3394=VECTOR('',#10903,10.);
#3395=VECTOR('',#10904,10.);
#3396=VECTOR('',#10905,10.);
#3397=VECTOR('',#10906,10.);
#3398=VECTOR('',#10909,10.);
#3399=VECTOR('',#10910,10.);
#3400=VECTOR('',#10911,10.);
#3401=VECTOR('',#10912,10.);
#3402=VECTOR('',#10915,10.);
#3403=VECTOR('',#10916,10.);
#3404=VECTOR('',#10919,10.);
#3405=VECTOR('',#10922,10.);
#3406=VECTOR('',#10925,10.);
#3407=VECTOR('',#10926,10.);
#3408=VECTOR('',#10927,10.);
#3409=VECTOR('',#10928,10.);
#3410=VECTOR('',#10931,10.);
#3411=VECTOR('',#10932,10.);
#3412=VECTOR('',#10933,10.);
#3413=VECTOR('',#10936,10.);
#3414=VECTOR('',#10937,10.);
#3415=VECTOR('',#10938,10.);
#3416=VECTOR('',#10941,10.);
#3417=VECTOR('',#10942,10.);
#3418=VERTEX_POINT('',#10949);
#3419=VERTEX_POINT('',#10950);
#3420=VERTEX_POINT('',#10952);
#3421=VERTEX_POINT('',#10954);
#3422=VERTEX_POINT('',#10958);
#3423=VERTEX_POINT('',#10960);
#3424=VERTEX_POINT('',#10964);
#3425=VERTEX_POINT('',#10966);
#3426=VERTEX_POINT('',#10974);
#3427=VERTEX_POINT('',#10975);
#3428=VERTEX_POINT('',#10977);
#3429=VERTEX_POINT('',#10979);
#3430=VERTEX_POINT('',#10983);
#3431=VERTEX_POINT('',#10985);
#3432=VERTEX_POINT('',#10989);
#3433=VERTEX_POINT('',#10991);
#3434=VERTEX_POINT('',#10999);
#3435=VERTEX_POINT('',#11000);
#3436=VERTEX_POINT('',#11002);
#3437=VERTEX_POINT('',#11004);
#3438=VERTEX_POINT('',#11008);
#3439=VERTEX_POINT('',#11010);
#3440=VERTEX_POINT('',#11014);
#3441=VERTEX_POINT('',#11016);
#3442=VERTEX_POINT('',#11024);
#3443=VERTEX_POINT('',#11025);
#3444=VERTEX_POINT('',#11027);
#3445=VERTEX_POINT('',#11029);
#3446=VERTEX_POINT('',#11033);
#3447=VERTEX_POINT('',#11035);
#3448=VERTEX_POINT('',#11039);
#3449=VERTEX_POINT('',#11041);
#3450=VERTEX_POINT('',#11049);
#3451=VERTEX_POINT('',#11050);
#3452=VERTEX_POINT('',#11052);
#3453=VERTEX_POINT('',#11054);
#3454=VERTEX_POINT('',#11058);
#3455=VERTEX_POINT('',#11060);
#3456=VERTEX_POINT('',#11064);
#3457=VERTEX_POINT('',#11066);
#3458=VERTEX_POINT('',#11074);
#3459=VERTEX_POINT('',#11075);
#3460=VERTEX_POINT('',#11077);
#3461=VERTEX_POINT('',#11079);
#3462=VERTEX_POINT('',#11083);
#3463=VERTEX_POINT('',#11085);
#3464=VERTEX_POINT('',#11089);
#3465=VERTEX_POINT('',#11091);
#3466=VERTEX_POINT('',#11099);
#3467=VERTEX_POINT('',#11100);
#3468=VERTEX_POINT('',#11102);
#3469=VERTEX_POINT('',#11104);
#3470=VERTEX_POINT('',#11108);
#3471=VERTEX_POINT('',#11110);
#3472=VERTEX_POINT('',#11114);
#3473=VERTEX_POINT('',#11116);
#3474=VERTEX_POINT('',#11120);
#3475=VERTEX_POINT('',#11122);
#3476=VERTEX_POINT('',#11131);
#3477=VERTEX_POINT('',#11132);
#3478=VERTEX_POINT('',#11134);
#3479=VERTEX_POINT('',#11136);
#3480=VERTEX_POINT('',#11140);
#3481=VERTEX_POINT('',#11142);
#3482=VERTEX_POINT('',#11146);
#3483=VERTEX_POINT('',#11148);
#3484=VERTEX_POINT('',#11156);
#3485=VERTEX_POINT('',#11157);
#3486=VERTEX_POINT('',#11159);
#3487=VERTEX_POINT('',#11161);
#3488=VERTEX_POINT('',#11165);
#3489=VERTEX_POINT('',#11167);
#3490=VERTEX_POINT('',#11171);
#3491=VERTEX_POINT('',#11173);
#3492=VERTEX_POINT('',#11181);
#3493=VERTEX_POINT('',#11182);
#3494=VERTEX_POINT('',#11184);
#3495=VERTEX_POINT('',#11186);
#3496=VERTEX_POINT('',#11190);
#3497=VERTEX_POINT('',#11192);
#3498=VERTEX_POINT('',#11196);
#3499=VERTEX_POINT('',#11198);
#3500=VERTEX_POINT('',#11206);
#3501=VERTEX_POINT('',#11207);
#3502=VERTEX_POINT('',#11209);
#3503=VERTEX_POINT('',#11211);
#3504=VERTEX_POINT('',#11215);
#3505=VERTEX_POINT('',#11217);
#3506=VERTEX_POINT('',#11221);
#3507=VERTEX_POINT('',#11223);
#3508=VERTEX_POINT('',#11231);
#3509=VERTEX_POINT('',#11232);
#3510=VERTEX_POINT('',#11234);
#3511=VERTEX_POINT('',#11236);
#3512=VERTEX_POINT('',#11240);
#3513=VERTEX_POINT('',#11242);
#3514=VERTEX_POINT('',#11246);
#3515=VERTEX_POINT('',#11248);
#3516=VERTEX_POINT('',#11256);
#3517=VERTEX_POINT('',#11257);
#3518=VERTEX_POINT('',#11259);
#3519=VERTEX_POINT('',#11261);
#3520=VERTEX_POINT('',#11265);
#3521=VERTEX_POINT('',#11267);
#3522=VERTEX_POINT('',#11271);
#3523=VERTEX_POINT('',#11273);
#3524=VERTEX_POINT('',#11281);
#3525=VERTEX_POINT('',#11282);
#3526=VERTEX_POINT('',#11284);
#3527=VERTEX_POINT('',#11286);
#3528=VERTEX_POINT('',#11290);
#3529=VERTEX_POINT('',#11292);
#3530=VERTEX_POINT('',#11296);
#3531=VERTEX_POINT('',#11298);
#3532=VERTEX_POINT('',#11302);
#3533=VERTEX_POINT('',#11304);
#3534=VERTEX_POINT('',#11313);
#3535=VERTEX_POINT('',#11314);
#3536=VERTEX_POINT('',#11316);
#3537=VERTEX_POINT('',#11318);
#3538=VERTEX_POINT('',#11322);
#3539=VERTEX_POINT('',#11324);
#3540=VERTEX_POINT('',#11328);
#3541=VERTEX_POINT('',#11330);
#3542=VERTEX_POINT('',#11339);
#3543=VERTEX_POINT('',#11340);
#3544=VERTEX_POINT('',#11342);
#3545=VERTEX_POINT('',#11344);
#3546=VERTEX_POINT('',#11348);
#3547=VERTEX_POINT('',#11350);
#3548=VERTEX_POINT('',#11354);
#3549=VERTEX_POINT('',#11356);
#3550=VERTEX_POINT('',#11365);
#3551=VERTEX_POINT('',#11366);
#3552=VERTEX_POINT('',#11368);
#3553=VERTEX_POINT('',#11370);
#3554=VERTEX_POINT('',#11374);
#3555=VERTEX_POINT('',#11376);
#3556=VERTEX_POINT('',#11380);
#3557=VERTEX_POINT('',#11382);
#3558=VERTEX_POINT('',#11391);
#3559=VERTEX_POINT('',#11392);
#3560=VERTEX_POINT('',#11394);
#3561=VERTEX_POINT('',#11396);
#3562=VERTEX_POINT('',#11400);
#3563=VERTEX_POINT('',#11402);
#3564=VERTEX_POINT('',#11406);
#3565=VERTEX_POINT('',#11408);
#3566=VERTEX_POINT('',#11417);
#3567=VERTEX_POINT('',#11418);
#3568=VERTEX_POINT('',#11420);
#3569=VERTEX_POINT('',#11422);
#3570=VERTEX_POINT('',#11426);
#3571=VERTEX_POINT('',#11428);
#3572=VERTEX_POINT('',#11432);
#3573=VERTEX_POINT('',#11434);
#3574=VERTEX_POINT('',#11443);
#3575=VERTEX_POINT('',#11444);
#3576=VERTEX_POINT('',#11446);
#3577=VERTEX_POINT('',#11448);
#3578=VERTEX_POINT('',#11452);
#3579=VERTEX_POINT('',#11454);
#3580=VERTEX_POINT('',#11458);
#3581=VERTEX_POINT('',#11460);
#3582=VERTEX_POINT('',#11469);
#3583=VERTEX_POINT('',#11470);
#3584=VERTEX_POINT('',#11472);
#3585=VERTEX_POINT('',#11474);
#3586=VERTEX_POINT('',#11478);
#3587=VERTEX_POINT('',#11480);
#3588=VERTEX_POINT('',#11484);
#3589=VERTEX_POINT('',#11486);
#3590=VERTEX_POINT('',#11495);
#3591=VERTEX_POINT('',#11496);
#3592=VERTEX_POINT('',#11498);
#3593=VERTEX_POINT('',#11500);
#3594=VERTEX_POINT('',#11504);
#3595=VERTEX_POINT('',#11506);
#3596=VERTEX_POINT('',#11510);
#3597=VERTEX_POINT('',#11512);
#3598=VERTEX_POINT('',#11521);
#3599=VERTEX_POINT('',#11522);
#3600=VERTEX_POINT('',#11524);
#3601=VERTEX_POINT('',#11526);
#3602=VERTEX_POINT('',#11530);
#3603=VERTEX_POINT('',#11532);
#3604=VERTEX_POINT('',#11536);
#3605=VERTEX_POINT('',#11538);
#3606=VERTEX_POINT('',#11547);
#3607=VERTEX_POINT('',#11548);
#3608=VERTEX_POINT('',#11550);
#3609=VERTEX_POINT('',#11552);
#3610=VERTEX_POINT('',#11556);
#3611=VERTEX_POINT('',#11558);
#3612=VERTEX_POINT('',#11562);
#3613=VERTEX_POINT('',#11564);
#3614=VERTEX_POINT('',#11573);
#3615=VERTEX_POINT('',#11574);
#3616=VERTEX_POINT('',#11576);
#3617=VERTEX_POINT('',#11578);
#3618=VERTEX_POINT('',#11582);
#3619=VERTEX_POINT('',#11584);
#3620=VERTEX_POINT('',#11588);
#3621=VERTEX_POINT('',#11590);
#3622=VERTEX_POINT('',#11599);
#3623=VERTEX_POINT('',#11600);
#3624=VERTEX_POINT('',#11602);
#3625=VERTEX_POINT('',#11604);
#3626=VERTEX_POINT('',#11608);
#3627=VERTEX_POINT('',#11610);
#3628=VERTEX_POINT('',#11614);
#3629=VERTEX_POINT('',#11616);
#3630=VERTEX_POINT('',#11625);
#3631=VERTEX_POINT('',#11626);
#3632=VERTEX_POINT('',#11628);
#3633=VERTEX_POINT('',#11630);
#3634=VERTEX_POINT('',#11634);
#3635=VERTEX_POINT('',#11636);
#3636=VERTEX_POINT('',#11640);
#3637=VERTEX_POINT('',#11642);
#3638=VERTEX_POINT('',#11651);
#3639=VERTEX_POINT('',#11652);
#3640=VERTEX_POINT('',#11654);
#3641=VERTEX_POINT('',#11656);
#3642=VERTEX_POINT('',#11660);
#3643=VERTEX_POINT('',#11662);
#3644=VERTEX_POINT('',#11666);
#3645=VERTEX_POINT('',#11668);
#3646=VERTEX_POINT('',#11677);
#3647=VERTEX_POINT('',#11678);
#3648=VERTEX_POINT('',#11680);
#3649=VERTEX_POINT('',#11682);
#3650=VERTEX_POINT('',#11686);
#3651=VERTEX_POINT('',#11688);
#3652=VERTEX_POINT('',#11692);
#3653=VERTEX_POINT('',#11694);
#3654=VERTEX_POINT('',#11703);
#3655=VERTEX_POINT('',#11704);
#3656=VERTEX_POINT('',#11706);
#3657=VERTEX_POINT('',#11708);
#3658=VERTEX_POINT('',#11712);
#3659=VERTEX_POINT('',#11714);
#3660=VERTEX_POINT('',#11718);
#3661=VERTEX_POINT('',#11720);
#3662=VERTEX_POINT('',#11729);
#3663=VERTEX_POINT('',#11730);
#3664=VERTEX_POINT('',#11732);
#3665=VERTEX_POINT('',#11734);
#3666=VERTEX_POINT('',#11738);
#3667=VERTEX_POINT('',#11740);
#3668=VERTEX_POINT('',#11744);
#3669=VERTEX_POINT('',#11746);
#3670=VERTEX_POINT('',#11755);
#3671=VERTEX_POINT('',#11756);
#3672=VERTEX_POINT('',#11758);
#3673=VERTEX_POINT('',#11760);
#3674=VERTEX_POINT('',#11764);
#3675=VERTEX_POINT('',#11766);
#3676=VERTEX_POINT('',#11770);
#3677=VERTEX_POINT('',#11772);
#3678=VERTEX_POINT('',#11781);
#3679=VERTEX_POINT('',#11782);
#3680=VERTEX_POINT('',#11784);
#3681=VERTEX_POINT('',#11786);
#3682=VERTEX_POINT('',#11790);
#3683=VERTEX_POINT('',#11792);
#3684=VERTEX_POINT('',#11796);
#3685=VERTEX_POINT('',#11798);
#3686=VERTEX_POINT('',#11807);
#3687=VERTEX_POINT('',#11808);
#3688=VERTEX_POINT('',#11810);
#3689=VERTEX_POINT('',#11812);
#3690=VERTEX_POINT('',#11816);
#3691=VERTEX_POINT('',#11818);
#3692=VERTEX_POINT('',#11822);
#3693=VERTEX_POINT('',#11824);
#3694=VERTEX_POINT('',#11833);
#3695=VERTEX_POINT('',#11834);
#3696=VERTEX_POINT('',#11836);
#3697=VERTEX_POINT('',#11838);
#3698=VERTEX_POINT('',#11842);
#3699=VERTEX_POINT('',#11844);
#3700=VERTEX_POINT('',#11848);
#3701=VERTEX_POINT('',#11850);
#3702=VERTEX_POINT('',#11859);
#3703=VERTEX_POINT('',#11860);
#3704=VERTEX_POINT('',#11862);
#3705=VERTEX_POINT('',#11864);
#3706=VERTEX_POINT('',#11868);
#3707=VERTEX_POINT('',#11870);
#3708=VERTEX_POINT('',#11874);
#3709=VERTEX_POINT('',#11876);
#3710=VERTEX_POINT('',#11885);
#3711=VERTEX_POINT('',#11886);
#3712=VERTEX_POINT('',#11888);
#3713=VERTEX_POINT('',#11890);
#3714=VERTEX_POINT('',#11894);
#3715=VERTEX_POINT('',#11896);
#3716=VERTEX_POINT('',#11900);
#3717=VERTEX_POINT('',#11902);
#3718=VERTEX_POINT('',#11911);
#3719=VERTEX_POINT('',#11912);
#3720=VERTEX_POINT('',#11914);
#3721=VERTEX_POINT('',#11916);
#3722=VERTEX_POINT('',#11918);
#3723=VERTEX_POINT('',#11920);
#3724=VERTEX_POINT('',#11922);
#3725=VERTEX_POINT('',#11924);
#3726=VERTEX_POINT('',#11926);
#3727=VERTEX_POINT('',#11928);
#3728=VERTEX_POINT('',#11930);
#3729=VERTEX_POINT('',#11932);
#3730=VERTEX_POINT('',#11936);
#3731=VERTEX_POINT('',#11938);
#3732=VERTEX_POINT('',#11942);
#3733=VERTEX_POINT('',#11946);
#3734=VERTEX_POINT('',#11950);
#3735=VERTEX_POINT('',#11954);
#3736=VERTEX_POINT('',#11958);
#3737=VERTEX_POINT('',#11962);
#3738=VERTEX_POINT('',#11966);
#3739=VERTEX_POINT('',#11970);
#3740=VERTEX_POINT('',#11974);
#3741=VERTEX_POINT('',#11978);
#3742=VERTEX_POINT('',#11985);
#3743=VERTEX_POINT('',#11986);
#3744=VERTEX_POINT('',#11988);
#3745=VERTEX_POINT('',#11990);
#3746=VERTEX_POINT('',#11992);
#3747=VERTEX_POINT('',#11994);
#3748=VERTEX_POINT('',#11996);
#3749=VERTEX_POINT('',#11998);
#3750=VERTEX_POINT('',#12000);
#3751=VERTEX_POINT('',#12002);
#3752=VERTEX_POINT('',#12004);
#3753=VERTEX_POINT('',#12006);
#3754=VERTEX_POINT('',#12008);
#3755=VERTEX_POINT('',#12012);
#3756=VERTEX_POINT('',#12014);
#3757=VERTEX_POINT('',#12018);
#3758=VERTEX_POINT('',#12022);
#3759=VERTEX_POINT('',#12026);
#3760=VERTEX_POINT('',#12030);
#3761=VERTEX_POINT('',#12034);
#3762=VERTEX_POINT('',#12038);
#3763=VERTEX_POINT('',#12042);
#3764=VERTEX_POINT('',#12046);
#3765=VERTEX_POINT('',#12050);
#3766=VERTEX_POINT('',#12054);
#3767=VERTEX_POINT('',#12058);
#3768=VERTEX_POINT('',#12065);
#3769=VERTEX_POINT('',#12066);
#3770=VERTEX_POINT('',#12068);
#3771=VERTEX_POINT('',#12070);
#3772=VERTEX_POINT('',#12072);
#3773=VERTEX_POINT('',#12074);
#3774=VERTEX_POINT('',#12076);
#3775=VERTEX_POINT('',#12078);
#3776=VERTEX_POINT('',#12081);
#3777=VERTEX_POINT('',#12082);
#3778=VERTEX_POINT('',#12084);
#3779=VERTEX_POINT('',#12088);
#3780=VERTEX_POINT('',#12090);
#3781=VERTEX_POINT('',#12094);
#3782=VERTEX_POINT('',#12100);
#3783=VERTEX_POINT('',#12102);
#3784=VERTEX_POINT('',#12106);
#3785=VERTEX_POINT('',#12110);
#3786=VERTEX_POINT('',#12114);
#3787=VERTEX_POINT('',#12118);
#3788=VERTEX_POINT('',#12122);
#3789=VERTEX_POINT('',#12126);
#3790=VERTEX_POINT('',#12133);
#3791=VERTEX_POINT('',#12134);
#3792=VERTEX_POINT('',#12136);
#3793=VERTEX_POINT('',#12138);
#3794=VERTEX_POINT('',#12140);
#3795=VERTEX_POINT('',#12142);
#3796=VERTEX_POINT('',#12148);
#3797=VERTEX_POINT('',#12154);
#3798=VERTEX_POINT('',#12160);
#3799=VERTEX_POINT('',#12166);
#3800=VERTEX_POINT('',#12172);
#3801=VERTEX_POINT('',#12178);
#3802=VERTEX_POINT('',#12184);
#3803=VERTEX_POINT('',#12190);
#3804=VERTEX_POINT('',#12196);
#3805=VERTEX_POINT('',#12202);
#3806=VERTEX_POINT('',#12208);
#3807=VERTEX_POINT('',#12210);
#3808=VERTEX_POINT('',#12216);
#3809=VERTEX_POINT('',#12222);
#3810=VERTEX_POINT('',#12228);
#3811=VERTEX_POINT('',#12234);
#3812=VERTEX_POINT('',#12240);
#3813=VERTEX_POINT('',#12246);
#3814=VERTEX_POINT('',#12252);
#3815=VERTEX_POINT('',#12260);
#3816=VERTEX_POINT('',#12262);
#3817=VERTEX_POINT('',#12266);
#3818=VERTEX_POINT('',#12270);
#3819=VERTEX_POINT('',#12283);
#3820=VERTEX_POINT('',#12300);
#3821=VERTEX_POINT('',#12317);
#3822=VERTEX_POINT('',#12334);
#3823=VERTEX_POINT('',#12351);
#3824=VERTEX_POINT('',#12368);
#3825=VERTEX_POINT('',#12385);
#3826=VERTEX_POINT('',#12402);
#3827=VERTEX_POINT('',#12419);
#3828=VERTEX_POINT('',#12436);
#3829=VERTEX_POINT('',#12453);
#3830=VERTEX_POINT('',#12461);
#3831=VERTEX_POINT('',#12474);
#3832=VERTEX_POINT('',#12491);
#3833=VERTEX_POINT('',#12508);
#3834=VERTEX_POINT('',#12525);
#3835=VERTEX_POINT('',#12542);
#3836=VERTEX_POINT('',#12559);
#3837=VERTEX_POINT('',#12576);
#3838=VERTEX_POINT('',#12593);
#3839=VERTEX_POINT('',#12601);
#3840=VERTEX_POINT('',#12608);
#3841=VERTEX_POINT('',#12609);
#3842=VERTEX_POINT('',#12611);
#3843=VERTEX_POINT('',#12613);
#3844=VERTEX_POINT('',#12615);
#3845=VERTEX_POINT('',#12617);
#3846=VERTEX_POINT('',#12619);
#3847=VERTEX_POINT('',#12621);
#3848=VERTEX_POINT('',#12623);
#3849=VERTEX_POINT('',#12625);
#3850=VERTEX_POINT('',#12629);
#3851=VERTEX_POINT('',#12631);
#3852=VERTEX_POINT('',#12635);
#3853=VERTEX_POINT('',#12639);
#3854=VERTEX_POINT('',#12643);
#3855=VERTEX_POINT('',#12647);
#3856=VERTEX_POINT('',#12651);
#3857=VERTEX_POINT('',#12655);
#3858=VERTEX_POINT('',#12659);
#3859=VERTEX_POINT('',#12663);
#3860=VERTEX_POINT('',#12670);
#3861=VERTEX_POINT('',#12671);
#3862=VERTEX_POINT('',#12673);
#3863=VERTEX_POINT('',#12675);
#3864=VERTEX_POINT('',#12677);
#3865=VERTEX_POINT('',#12679);
#3866=VERTEX_POINT('',#12681);
#3867=VERTEX_POINT('',#12683);
#3868=VERTEX_POINT('',#12686);
#3869=VERTEX_POINT('',#12687);
#3870=VERTEX_POINT('',#12689);
#3871=VERTEX_POINT('',#12693);
#3872=VERTEX_POINT('',#12695);
#3873=VERTEX_POINT('',#12699);
#3874=VERTEX_POINT('',#12705);
#3875=VERTEX_POINT('',#12707);
#3876=VERTEX_POINT('',#12711);
#3877=VERTEX_POINT('',#12715);
#3878=VERTEX_POINT('',#12719);
#3879=VERTEX_POINT('',#12723);
#3880=VERTEX_POINT('',#12727);
#3881=VERTEX_POINT('',#12731);
#3882=VERTEX_POINT('',#12738);
#3883=VERTEX_POINT('',#12739);
#3884=VERTEX_POINT('',#12741);
#3885=VERTEX_POINT('',#12743);
#3886=VERTEX_POINT('',#12745);
#3887=VERTEX_POINT('',#12751);
#3888=VERTEX_POINT('',#12757);
#3889=VERTEX_POINT('',#12763);
#3890=VERTEX_POINT('',#12769);
#3891=VERTEX_POINT('',#12775);
#3892=VERTEX_POINT('',#12781);
#3893=VERTEX_POINT('',#12787);
#3894=VERTEX_POINT('',#12793);
#3895=VERTEX_POINT('',#12799);
#3896=VERTEX_POINT('',#12801);
#3897=VERTEX_POINT('',#12803);
#3898=VERTEX_POINT('',#12805);
#3899=VERTEX_POINT('',#12811);
#3900=VERTEX_POINT('',#12817);
#3901=VERTEX_POINT('',#12820);
#3902=VERTEX_POINT('',#12821);
#3903=VERTEX_POINT('',#12823);
#3904=VERTEX_POINT('',#12825);
#3905=VERTEX_POINT('',#12831);
#3906=VERTEX_POINT('',#12837);
#3907=VERTEX_POINT('',#12843);
#3908=VERTEX_POINT('',#12849);
#3909=VERTEX_POINT('',#12857);
#3910=VERTEX_POINT('',#12859);
#3911=VERTEX_POINT('',#12872);
#3912=VERTEX_POINT('',#12889);
#3913=VERTEX_POINT('',#12906);
#3914=VERTEX_POINT('',#12923);
#3915=VERTEX_POINT('',#12940);
#3916=VERTEX_POINT('',#12948);
#3917=VERTEX_POINT('',#12954);
#3918=VERTEX_POINT('',#12956);
#3919=VERTEX_POINT('',#12960);
#3920=VERTEX_POINT('',#12973);
#3921=VERTEX_POINT('',#12990);
#3922=VERTEX_POINT('',#13007);
#3923=VERTEX_POINT('',#13024);
#3924=VERTEX_POINT('',#13041);
#3925=VERTEX_POINT('',#13058);
#3926=VERTEX_POINT('',#13075);
#3927=VERTEX_POINT('',#13092);
#3928=VERTEX_POINT('',#13109);
#3929=VERTEX_POINT('',#13117);
#3930=VERTEX_POINT('',#13121);
#3931=VERTEX_POINT('',#13125);
#3932=VERTEX_POINT('',#13138);
#3933=VERTEX_POINT('',#13155);
#3934=VERTEX_POINT('',#13163);
#3935=VERTEX_POINT('',#13167);
#3936=VERTEX_POINT('',#13174);
#3937=VERTEX_POINT('',#13175);
#3938=VERTEX_POINT('',#13177);
#3939=VERTEX_POINT('',#13179);
#3940=VERTEX_POINT('',#13181);
#3941=VERTEX_POINT('',#13183);
#3942=VERTEX_POINT('',#13185);
#3943=VERTEX_POINT('',#13187);
#3944=VERTEX_POINT('',#13191);
#3945=VERTEX_POINT('',#13193);
#3946=VERTEX_POINT('',#13197);
#3947=VERTEX_POINT('',#13201);
#3948=VERTEX_POINT('',#13205);
#3949=VERTEX_POINT('',#13209);
#3950=VERTEX_POINT('',#13213);
#3951=VERTEX_POINT('',#13217);
#3952=VERTEX_POINT('',#13224);
#3953=VERTEX_POINT('',#13225);
#3954=VERTEX_POINT('',#13227);
#3955=VERTEX_POINT('',#13229);
#3956=VERTEX_POINT('',#13231);
#3957=VERTEX_POINT('',#13233);
#3958=VERTEX_POINT('',#13235);
#3959=VERTEX_POINT('',#13237);
#3960=VERTEX_POINT('',#13240);
#3961=VERTEX_POINT('',#13241);
#3962=VERTEX_POINT('',#13243);
#3963=VERTEX_POINT('',#13247);
#3964=VERTEX_POINT('',#13249);
#3965=VERTEX_POINT('',#13253);
#3966=VERTEX_POINT('',#13259);
#3967=VERTEX_POINT('',#13261);
#3968=VERTEX_POINT('',#13265);
#3969=VERTEX_POINT('',#13269);
#3970=VERTEX_POINT('',#13273);
#3971=VERTEX_POINT('',#13277);
#3972=VERTEX_POINT('',#13281);
#3973=VERTEX_POINT('',#13285);
#3974=VERTEX_POINT('',#13292);
#3975=VERTEX_POINT('',#13293);
#3976=VERTEX_POINT('',#13295);
#3977=VERTEX_POINT('',#13297);
#3978=VERTEX_POINT('',#13299);
#3979=VERTEX_POINT('',#13301);
#3980=VERTEX_POINT('',#13303);
#3981=VERTEX_POINT('',#13307);
#3982=VERTEX_POINT('',#13309);
#3983=VERTEX_POINT('',#13313);
#3984=VERTEX_POINT('',#13317);
#3985=VERTEX_POINT('',#13321);
#3986=VERTEX_POINT('',#13325);
#3987=VERTEX_POINT('',#13329);
#3988=VERTEX_POINT('',#13336);
#3989=VERTEX_POINT('',#13337);
#3990=VERTEX_POINT('',#13339);
#3991=VERTEX_POINT('',#13341);
#3992=VERTEX_POINT('',#13345);
#3993=VERTEX_POINT('',#13347);
#3994=VERTEX_POINT('',#13351);
#3995=VERTEX_POINT('',#13355);
#3996=VERTEX_POINT('',#13362);
#3997=VERTEX_POINT('',#13363);
#3998=VERTEX_POINT('',#13365);
#3999=VERTEX_POINT('',#13367);
#4000=VERTEX_POINT('',#13369);
#4001=VERTEX_POINT('',#13371);
#4002=VERTEX_POINT('',#13373);
#4003=VERTEX_POINT('',#13375);
#4004=VERTEX_POINT('',#13379);
#4005=VERTEX_POINT('',#13381);
#4006=VERTEX_POINT('',#13385);
#4007=VERTEX_POINT('',#13389);
#4008=VERTEX_POINT('',#13393);
#4009=VERTEX_POINT('',#13397);
#4010=VERTEX_POINT('',#13401);
#4011=VERTEX_POINT('',#13405);
#4012=VERTEX_POINT('',#13412);
#4013=VERTEX_POINT('',#13413);
#4014=VERTEX_POINT('',#13419);
#4015=VERTEX_POINT('',#13421);
#4016=VERTEX_POINT('',#13427);
#4017=VERTEX_POINT('',#13433);
#4018=VERTEX_POINT('',#13439);
#4019=VERTEX_POINT('',#13445);
#4020=VERTEX_POINT('',#13451);
#4021=VERTEX_POINT('',#13457);
#4022=VERTEX_POINT('',#13463);
#4023=VERTEX_POINT('',#13469);
#4024=VERTEX_POINT('',#13475);
#4025=VERTEX_POINT('',#13481);
#4026=VERTEX_POINT('',#13487);
#4027=VERTEX_POINT('',#13493);
#4028=VERTEX_POINT('',#13499);
#4029=VERTEX_POINT('',#13501);
#4030=VERTEX_POINT('',#13507);
#4031=VERTEX_POINT('',#13513);
#4032=VERTEX_POINT('',#13519);
#4033=VERTEX_POINT('',#13525);
#4034=VERTEX_POINT('',#13531);
#4035=VERTEX_POINT('',#13537);
#4036=VERTEX_POINT('',#13543);
#4037=VERTEX_POINT('',#13549);
#4038=VERTEX_POINT('',#13555);
#4039=VERTEX_POINT('',#13561);
#4040=VERTEX_POINT('',#13567);
#4041=VERTEX_POINT('',#13579);
#4042=VERTEX_POINT('',#13581);
#4043=VERTEX_POINT('',#13594);
#4044=VERTEX_POINT('',#13611);
#4045=VERTEX_POINT('',#13628);
#4046=VERTEX_POINT('',#13645);
#4047=VERTEX_POINT('',#13662);
#4048=VERTEX_POINT('',#13679);
#4049=VERTEX_POINT('',#13696);
#4050=VERTEX_POINT('',#13713);
#4051=VERTEX_POINT('',#13730);
#4052=VERTEX_POINT('',#13747);
#4053=VERTEX_POINT('',#13764);
#4054=VERTEX_POINT('',#13781);
#4055=VERTEX_POINT('',#13798);
#4056=VERTEX_POINT('',#13806);
#4057=VERTEX_POINT('',#13819);
#4058=VERTEX_POINT('',#13836);
#4059=VERTEX_POINT('',#13853);
#4060=VERTEX_POINT('',#13870);
#4061=VERTEX_POINT('',#13887);
#4062=VERTEX_POINT('',#13904);
#4063=VERTEX_POINT('',#13921);
#4064=VERTEX_POINT('',#13938);
#4065=VERTEX_POINT('',#13955);
#4066=VERTEX_POINT('',#13972);
#4067=VERTEX_POINT('',#13989);
#4068=VERTEX_POINT('',#14006);
#4069=VERTEX_POINT('',#14023);
#4070=VERTEX_POINT('',#14047);
#4071=VERTEX_POINT('',#14048);
#4072=VERTEX_POINT('',#14054);
#4073=VERTEX_POINT('',#14056);
#4074=VERTEX_POINT('',#14062);
#4075=VERTEX_POINT('',#14068);
#4076=VERTEX_POINT('',#14074);
#4077=VERTEX_POINT('',#14080);
#4078=VERTEX_POINT('',#14086);
#4079=VERTEX_POINT('',#14092);
#4080=VERTEX_POINT('',#14098);
#4081=VERTEX_POINT('',#14104);
#4082=VERTEX_POINT('',#14110);
#4083=VERTEX_POINT('',#14116);
#4084=VERTEX_POINT('',#14122);
#4085=VERTEX_POINT('',#14128);
#4086=VERTEX_POINT('',#14134);
#4087=VERTEX_POINT('',#14136);
#4088=VERTEX_POINT('',#14142);
#4089=VERTEX_POINT('',#14148);
#4090=VERTEX_POINT('',#14154);
#4091=VERTEX_POINT('',#14160);
#4092=VERTEX_POINT('',#14166);
#4093=VERTEX_POINT('',#14172);
#4094=VERTEX_POINT('',#14178);
#4095=VERTEX_POINT('',#14184);
#4096=VERTEX_POINT('',#14190);
#4097=VERTEX_POINT('',#14196);
#4098=VERTEX_POINT('',#14202);
#4099=VERTEX_POINT('',#14214);
#4100=VERTEX_POINT('',#14216);
#4101=VERTEX_POINT('',#14229);
#4102=VERTEX_POINT('',#14246);
#4103=VERTEX_POINT('',#14263);
#4104=VERTEX_POINT('',#14280);
#4105=VERTEX_POINT('',#14297);
#4106=VERTEX_POINT('',#14314);
#4107=VERTEX_POINT('',#14331);
#4108=VERTEX_POINT('',#14348);
#4109=VERTEX_POINT('',#14365);
#4110=VERTEX_POINT('',#14382);
#4111=VERTEX_POINT('',#14399);
#4112=VERTEX_POINT('',#14416);
#4113=VERTEX_POINT('',#14433);
#4114=VERTEX_POINT('',#14441);
#4115=VERTEX_POINT('',#14454);
#4116=VERTEX_POINT('',#14471);
#4117=VERTEX_POINT('',#14488);
#4118=VERTEX_POINT('',#14505);
#4119=VERTEX_POINT('',#14522);
#4120=VERTEX_POINT('',#14539);
#4121=VERTEX_POINT('',#14556);
#4122=VERTEX_POINT('',#14573);
#4123=VERTEX_POINT('',#14590);
#4124=VERTEX_POINT('',#14607);
#4125=VERTEX_POINT('',#14624);
#4126=VERTEX_POINT('',#14641);
#4127=VERTEX_POINT('',#14658);
#4128=VERTEX_POINT('',#14682);
#4129=VERTEX_POINT('',#14683);
#4130=VERTEX_POINT('',#14685);
#4131=VERTEX_POINT('',#14687);
#4132=VERTEX_POINT('',#14689);
#4133=VERTEX_POINT('',#14693);
#4134=VERTEX_POINT('',#14695);
#4135=VERTEX_POINT('',#14699);
#4136=VERTEX_POINT('',#14701);
#4137=VERTEX_POINT('',#14703);
#4138=VERTEX_POINT('',#14705);
#4139=VERTEX_POINT('',#14707);
#4140=VERTEX_POINT('',#14711);
#4141=VERTEX_POINT('',#14713);
#4142=VERTEX_POINT('',#14715);
#4143=VERTEX_POINT('',#14719);
#4144=VERTEX_POINT('',#14721);
#4145=VERTEX_POINT('',#14725);
#4146=VERTEX_POINT('',#14729);
#4147=VERTEX_POINT('',#14731);
#4148=VERTEX_POINT('',#14735);
#4149=VERTEX_POINT('',#14737);
#4150=VERTEX_POINT('',#14752);
#4151=VERTEX_POINT('',#14753);
#4152=VERTEX_POINT('',#14755);
#4153=VERTEX_POINT('',#14757);
#4154=VERTEX_POINT('',#14761);
#4155=VERTEX_POINT('',#14763);
#4156=VERTEX_POINT('',#14767);
#4157=VERTEX_POINT('',#14769);
#4158=VERTEX_POINT('',#14777);
#4159=VERTEX_POINT('',#14778);
#4160=VERTEX_POINT('',#14780);
#4161=VERTEX_POINT('',#14782);
#4162=VERTEX_POINT('',#14786);
#4163=VERTEX_POINT('',#14787);
#4164=VERTEX_POINT('',#14789);
#4165=VERTEX_POINT('',#14791);
#4166=VERTEX_POINT('',#14802);
#4167=VERTEX_POINT('',#14803);
#4168=VERTEX_POINT('',#14805);
#4169=VERTEX_POINT('',#14807);
#4170=VERTEX_POINT('',#14811);
#4171=VERTEX_POINT('',#14813);
#4172=VERTEX_POINT('',#14817);
#4173=VERTEX_POINT('',#14819);
#4174=VERTEX_POINT('',#14828);
#4175=VERTEX_POINT('',#14829);
#4176=VERTEX_POINT('',#14831);
#4177=VERTEX_POINT('',#14833);
#4178=VERTEX_POINT('',#14837);
#4179=VERTEX_POINT('',#14839);
#4180=VERTEX_POINT('',#14843);
#4181=VERTEX_POINT('',#14845);
#4182=VERTEX_POINT('',#14854);
#4183=VERTEX_POINT('',#14855);
#4184=VERTEX_POINT('',#14857);
#4185=VERTEX_POINT('',#14859);
#4186=VERTEX_POINT('',#14863);
#4187=VERTEX_POINT('',#14865);
#4188=VERTEX_POINT('',#14869);
#4189=VERTEX_POINT('',#14871);
#4190=VERTEX_POINT('',#14879);
#4191=VERTEX_POINT('',#14880);
#4192=VERTEX_POINT('',#14882);
#4193=VERTEX_POINT('',#14884);
#4194=VERTEX_POINT('',#14888);
#4195=VERTEX_POINT('',#14889);
#4196=VERTEX_POINT('',#14891);
#4197=VERTEX_POINT('',#14893);
#4198=VERTEX_POINT('',#14904);
#4199=VERTEX_POINT('',#14905);
#4200=VERTEX_POINT('',#14907);
#4201=VERTEX_POINT('',#14909);
#4202=VERTEX_POINT('',#14913);
#4203=VERTEX_POINT('',#14915);
#4204=VERTEX_POINT('',#14919);
#4205=VERTEX_POINT('',#14921);
#4206=EDGE_CURVE('',#3418,#3419,#1408,.T.);
#4207=EDGE_CURVE('',#3418,#3420,#1409,.T.);
#4208=EDGE_CURVE('',#3421,#3420,#1410,.T.);
#4209=EDGE_CURVE('',#3419,#3421,#1411,.T.);
#4210=EDGE_CURVE('',#3419,#3422,#1412,.T.);
#4211=EDGE_CURVE('',#3423,#3421,#1413,.T.);
#4212=EDGE_CURVE('',#3422,#3423,#1414,.T.);
#4213=EDGE_CURVE('',#3422,#3424,#1415,.T.);
#4214=EDGE_CURVE('',#3425,#3423,#1416,.T.);
#4215=EDGE_CURVE('',#3424,#3425,#1417,.T.);
#4216=EDGE_CURVE('',#3424,#3418,#1418,.T.);
#4217=EDGE_CURVE('',#3420,#3425,#1419,.T.);
#4218=EDGE_CURVE('',#3426,#3427,#1420,.T.);
#4219=EDGE_CURVE('',#3426,#3428,#1421,.T.);
#4220=EDGE_CURVE('',#3429,#3428,#1422,.T.);
#4221=EDGE_CURVE('',#3427,#3429,#1423,.T.);
#4222=EDGE_CURVE('',#3427,#3430,#1424,.T.);
#4223=EDGE_CURVE('',#3431,#3429,#1425,.T.);
#4224=EDGE_CURVE('',#3430,#3431,#1426,.T.);
#4225=EDGE_CURVE('',#3430,#3432,#1427,.T.);
#4226=EDGE_CURVE('',#3433,#3431,#1428,.T.);
#4227=EDGE_CURVE('',#3432,#3433,#1429,.T.);
#4228=EDGE_CURVE('',#3432,#3426,#1430,.T.);
#4229=EDGE_CURVE('',#3428,#3433,#1431,.T.);
#4230=EDGE_CURVE('',#3434,#3435,#1432,.T.);
#4231=EDGE_CURVE('',#3434,#3436,#1433,.T.);
#4232=EDGE_CURVE('',#3437,#3436,#1434,.T.);
#4233=EDGE_CURVE('',#3435,#3437,#1435,.T.);
#4234=EDGE_CURVE('',#3435,#3438,#1436,.T.);
#4235=EDGE_CURVE('',#3439,#3437,#1437,.T.);
#4236=EDGE_CURVE('',#3438,#3439,#1438,.T.);
#4237=EDGE_CURVE('',#3438,#3440,#1439,.T.);
#4238=EDGE_CURVE('',#3441,#3439,#1440,.T.);
#4239=EDGE_CURVE('',#3440,#3441,#1441,.T.);
#4240=EDGE_CURVE('',#3440,#3434,#1442,.T.);
#4241=EDGE_CURVE('',#3436,#3441,#1443,.T.);
#4242=EDGE_CURVE('',#3442,#3443,#1444,.T.);
#4243=EDGE_CURVE('',#3442,#3444,#1445,.T.);
#4244=EDGE_CURVE('',#3445,#3444,#1446,.T.);
#4245=EDGE_CURVE('',#3443,#3445,#1447,.T.);
#4246=EDGE_CURVE('',#3443,#3446,#1448,.T.);
#4247=EDGE_CURVE('',#3447,#3445,#1449,.T.);
#4248=EDGE_CURVE('',#3446,#3447,#1450,.T.);
#4249=EDGE_CURVE('',#3446,#3448,#1451,.T.);
#4250=EDGE_CURVE('',#3449,#3447,#1452,.T.);
#4251=EDGE_CURVE('',#3448,#3449,#1453,.T.);
#4252=EDGE_CURVE('',#3448,#3442,#1454,.T.);
#4253=EDGE_CURVE('',#3444,#3449,#1455,.T.);
#4254=EDGE_CURVE('',#3450,#3451,#1456,.T.);
#4255=EDGE_CURVE('',#3450,#3452,#1457,.T.);
#4256=EDGE_CURVE('',#3453,#3452,#1458,.T.);
#4257=EDGE_CURVE('',#3451,#3453,#1459,.T.);
#4258=EDGE_CURVE('',#3451,#3454,#1460,.T.);
#4259=EDGE_CURVE('',#3455,#3453,#1461,.T.);
#4260=EDGE_CURVE('',#3454,#3455,#1462,.T.);
#4261=EDGE_CURVE('',#3454,#3456,#1463,.T.);
#4262=EDGE_CURVE('',#3457,#3455,#1464,.T.);
#4263=EDGE_CURVE('',#3456,#3457,#1465,.T.);
#4264=EDGE_CURVE('',#3456,#3450,#1466,.T.);
#4265=EDGE_CURVE('',#3452,#3457,#1467,.T.);
#4266=EDGE_CURVE('',#3458,#3459,#1468,.T.);
#4267=EDGE_CURVE('',#3458,#3460,#1469,.T.);
#4268=EDGE_CURVE('',#3461,#3460,#1470,.T.);
#4269=EDGE_CURVE('',#3459,#3461,#1471,.T.);
#4270=EDGE_CURVE('',#3459,#3462,#1472,.T.);
#4271=EDGE_CURVE('',#3463,#3461,#1473,.T.);
#4272=EDGE_CURVE('',#3462,#3463,#1474,.T.);
#4273=EDGE_CURVE('',#3462,#3464,#1475,.T.);
#4274=EDGE_CURVE('',#3465,#3463,#1476,.T.);
#4275=EDGE_CURVE('',#3464,#3465,#1477,.T.);
#4276=EDGE_CURVE('',#3464,#3458,#1478,.T.);
#4277=EDGE_CURVE('',#3460,#3465,#1479,.T.);
#4278=EDGE_CURVE('',#3466,#3467,#1480,.T.);
#4279=EDGE_CURVE('',#3467,#3468,#1481,.T.);
#4280=EDGE_CURVE('',#3469,#3468,#1482,.T.);
#4281=EDGE_CURVE('',#3466,#3469,#1483,.T.);
#4282=EDGE_CURVE('',#3470,#3466,#1484,.T.);
#4283=EDGE_CURVE('',#3471,#3469,#1485,.T.);
#4284=EDGE_CURVE('',#3470,#3471,#1486,.T.);
#4285=EDGE_CURVE('',#3472,#3470,#1487,.T.);
#4286=EDGE_CURVE('',#3473,#3471,#1488,.T.);
#4287=EDGE_CURVE('',#3472,#3473,#1489,.T.);
#4288=EDGE_CURVE('',#3474,#3472,#1490,.T.);
#4289=EDGE_CURVE('',#3475,#3473,#1491,.T.);
#4290=EDGE_CURVE('',#3474,#3475,#1492,.T.);
#4291=EDGE_CURVE('',#3467,#3474,#1493,.T.);
#4292=EDGE_CURVE('',#3468,#3475,#1494,.T.);
#4293=EDGE_CURVE('',#3476,#3477,#1495,.T.);
#4294=EDGE_CURVE('',#3477,#3478,#1496,.T.);
#4295=EDGE_CURVE('',#3479,#3478,#1497,.T.);
#4296=EDGE_CURVE('',#3476,#3479,#1498,.T.);
#4297=EDGE_CURVE('',#3480,#3476,#1499,.T.);
#4298=EDGE_CURVE('',#3481,#3479,#1500,.T.);
#4299=EDGE_CURVE('',#3480,#3481,#1501,.T.);
#4300=EDGE_CURVE('',#3482,#3480,#1502,.T.);
#4301=EDGE_CURVE('',#3483,#3481,#1503,.T.);
#4302=EDGE_CURVE('',#3482,#3483,#1504,.T.);
#4303=EDGE_CURVE('',#3477,#3482,#1505,.T.);
#4304=EDGE_CURVE('',#3478,#3483,#1506,.T.);
#4305=EDGE_CURVE('',#3484,#3485,#1507,.T.);
#4306=EDGE_CURVE('',#3485,#3486,#1508,.T.);
#4307=EDGE_CURVE('',#3487,#3486,#1509,.T.);
#4308=EDGE_CURVE('',#3484,#3487,#1510,.T.);
#4309=EDGE_CURVE('',#3488,#3484,#1511,.T.);
#4310=EDGE_CURVE('',#3489,#3487,#1512,.T.);
#4311=EDGE_CURVE('',#3488,#3489,#1513,.T.);
#4312=EDGE_CURVE('',#3490,#3488,#1514,.T.);
#4313=EDGE_CURVE('',#3491,#3489,#1515,.T.);
#4314=EDGE_CURVE('',#3490,#3491,#1516,.T.);
#4315=EDGE_CURVE('',#3485,#3490,#1517,.T.);
#4316=EDGE_CURVE('',#3486,#3491,#1518,.T.);
#4317=EDGE_CURVE('',#3492,#3493,#1519,.T.);
#4318=EDGE_CURVE('',#3493,#3494,#1520,.T.);
#4319=EDGE_CURVE('',#3495,#3494,#1521,.T.);
#4320=EDGE_CURVE('',#3492,#3495,#1522,.T.);
#4321=EDGE_CURVE('',#3496,#3492,#1523,.T.);
#4322=EDGE_CURVE('',#3497,#3495,#1524,.T.);
#4323=EDGE_CURVE('',#3496,#3497,#1525,.T.);
#4324=EDGE_CURVE('',#3498,#3496,#1526,.T.);
#4325=EDGE_CURVE('',#3499,#3497,#1527,.T.);
#4326=EDGE_CURVE('',#3498,#3499,#1528,.T.);
#4327=EDGE_CURVE('',#3493,#3498,#1529,.T.);
#4328=EDGE_CURVE('',#3494,#3499,#1530,.T.);
#4329=EDGE_CURVE('',#3500,#3501,#1531,.T.);
#4330=EDGE_CURVE('',#3501,#3502,#1532,.T.);
#4331=EDGE_CURVE('',#3503,#3502,#1533,.T.);
#4332=EDGE_CURVE('',#3500,#3503,#1534,.T.);
#4333=EDGE_CURVE('',#3504,#3500,#1535,.T.);
#4334=EDGE_CURVE('',#3505,#3503,#1536,.T.);
#4335=EDGE_CURVE('',#3504,#3505,#1537,.T.);
#4336=EDGE_CURVE('',#3506,#3504,#1538,.T.);
#4337=EDGE_CURVE('',#3507,#3505,#1539,.T.);
#4338=EDGE_CURVE('',#3506,#3507,#1540,.T.);
#4339=EDGE_CURVE('',#3501,#3506,#1541,.T.);
#4340=EDGE_CURVE('',#3502,#3507,#1542,.T.);
#4341=EDGE_CURVE('',#3508,#3509,#1543,.T.);
#4342=EDGE_CURVE('',#3509,#3510,#1544,.T.);
#4343=EDGE_CURVE('',#3511,#3510,#1545,.T.);
#4344=EDGE_CURVE('',#3508,#3511,#1546,.T.);
#4345=EDGE_CURVE('',#3512,#3508,#1547,.T.);
#4346=EDGE_CURVE('',#3513,#3511,#1548,.T.);
#4347=EDGE_CURVE('',#3512,#3513,#1549,.T.);
#4348=EDGE_CURVE('',#3514,#3512,#1550,.T.);
#4349=EDGE_CURVE('',#3515,#3513,#1551,.T.);
#4350=EDGE_CURVE('',#3514,#3515,#1552,.T.);
#4351=EDGE_CURVE('',#3509,#3514,#1553,.T.);
#4352=EDGE_CURVE('',#3510,#3515,#1554,.T.);
#4353=EDGE_CURVE('',#3516,#3517,#1555,.T.);
#4354=EDGE_CURVE('',#3517,#3518,#1556,.T.);
#4355=EDGE_CURVE('',#3519,#3518,#1557,.T.);
#4356=EDGE_CURVE('',#3516,#3519,#1558,.T.);
#4357=EDGE_CURVE('',#3520,#3516,#1559,.T.);
#4358=EDGE_CURVE('',#3521,#3519,#1560,.T.);
#4359=EDGE_CURVE('',#3520,#3521,#1561,.T.);
#4360=EDGE_CURVE('',#3522,#3520,#1562,.T.);
#4361=EDGE_CURVE('',#3523,#3521,#1563,.T.);
#4362=EDGE_CURVE('',#3522,#3523,#1564,.T.);
#4363=EDGE_CURVE('',#3517,#3522,#1565,.T.);
#4364=EDGE_CURVE('',#3518,#3523,#1566,.T.);
#4365=EDGE_CURVE('',#3524,#3525,#1567,.T.);
#4366=EDGE_CURVE('',#3525,#3526,#1568,.T.);
#4367=EDGE_CURVE('',#3527,#3526,#1569,.T.);
#4368=EDGE_CURVE('',#3524,#3527,#1570,.T.);
#4369=EDGE_CURVE('',#3528,#3524,#1571,.T.);
#4370=EDGE_CURVE('',#3529,#3527,#1572,.T.);
#4371=EDGE_CURVE('',#3528,#3529,#1573,.T.);
#4372=EDGE_CURVE('',#3530,#3528,#1574,.T.);
#4373=EDGE_CURVE('',#3531,#3529,#1575,.T.);
#4374=EDGE_CURVE('',#3530,#3531,#1576,.T.);
#4375=EDGE_CURVE('',#3532,#3530,#1577,.T.);
#4376=EDGE_CURVE('',#3533,#3531,#1578,.T.);
#4377=EDGE_CURVE('',#3532,#3533,#1579,.T.);
#4378=EDGE_CURVE('',#3525,#3532,#1580,.T.);
#4379=EDGE_CURVE('',#3526,#3533,#1581,.T.);
#4380=EDGE_CURVE('',#3534,#3535,#1582,.T.);
#4381=EDGE_CURVE('',#3535,#3536,#1583,.T.);
#4382=EDGE_CURVE('',#3537,#3536,#1584,.T.);
#4383=EDGE_CURVE('',#3534,#3537,#1585,.T.);
#4384=EDGE_CURVE('',#3538,#3534,#1586,.T.);
#4385=EDGE_CURVE('',#3539,#3537,#1587,.T.);
#4386=EDGE_CURVE('',#3538,#3539,#1588,.T.);
#4387=EDGE_CURVE('',#3540,#3538,#1589,.T.);
#4388=EDGE_CURVE('',#3541,#3539,#1590,.T.);
#4389=EDGE_CURVE('',#3540,#3541,#1591,.T.);
#4390=EDGE_CURVE('',#3535,#3540,#1592,.T.);
#4391=EDGE_CURVE('',#3536,#3541,#1593,.T.);
#4392=EDGE_CURVE('',#3542,#3543,#1594,.T.);
#4393=EDGE_CURVE('',#3543,#3544,#1595,.T.);
#4394=EDGE_CURVE('',#3545,#3544,#1596,.T.);
#4395=EDGE_CURVE('',#3542,#3545,#1597,.T.);
#4396=EDGE_CURVE('',#3546,#3542,#1598,.T.);
#4397=EDGE_CURVE('',#3547,#3545,#1599,.T.);
#4398=EDGE_CURVE('',#3546,#3547,#1600,.T.);
#4399=EDGE_CURVE('',#3548,#3546,#1601,.T.);
#4400=EDGE_CURVE('',#3549,#3547,#1602,.T.);
#4401=EDGE_CURVE('',#3548,#3549,#1603,.T.);
#4402=EDGE_CURVE('',#3543,#3548,#1604,.T.);
#4403=EDGE_CURVE('',#3544,#3549,#1605,.T.);
#4404=EDGE_CURVE('',#3550,#3551,#1606,.T.);
#4405=EDGE_CURVE('',#3551,#3552,#1607,.T.);
#4406=EDGE_CURVE('',#3553,#3552,#1608,.T.);
#4407=EDGE_CURVE('',#3550,#3553,#1609,.T.);
#4408=EDGE_CURVE('',#3554,#3550,#1610,.T.);
#4409=EDGE_CURVE('',#3555,#3553,#1611,.T.);
#4410=EDGE_CURVE('',#3554,#3555,#1612,.T.);
#4411=EDGE_CURVE('',#3556,#3554,#1613,.T.);
#4412=EDGE_CURVE('',#3557,#3555,#1614,.T.);
#4413=EDGE_CURVE('',#3556,#3557,#1615,.T.);
#4414=EDGE_CURVE('',#3551,#3556,#1616,.T.);
#4415=EDGE_CURVE('',#3552,#3557,#1617,.T.);
#4416=EDGE_CURVE('',#3558,#3559,#1618,.T.);
#4417=EDGE_CURVE('',#3559,#3560,#1619,.T.);
#4418=EDGE_CURVE('',#3561,#3560,#1620,.T.);
#4419=EDGE_CURVE('',#3558,#3561,#1621,.T.);
#4420=EDGE_CURVE('',#3562,#3558,#1622,.T.);
#4421=EDGE_CURVE('',#3563,#3561,#1623,.T.);
#4422=EDGE_CURVE('',#3562,#3563,#1624,.T.);
#4423=EDGE_CURVE('',#3564,#3562,#1625,.T.);
#4424=EDGE_CURVE('',#3565,#3563,#1626,.T.);
#4425=EDGE_CURVE('',#3564,#3565,#1627,.T.);
#4426=EDGE_CURVE('',#3559,#3564,#1628,.T.);
#4427=EDGE_CURVE('',#3560,#3565,#1629,.T.);
#4428=EDGE_CURVE('',#3566,#3567,#1630,.T.);
#4429=EDGE_CURVE('',#3567,#3568,#1631,.T.);
#4430=EDGE_CURVE('',#3569,#3568,#1632,.T.);
#4431=EDGE_CURVE('',#3566,#3569,#1633,.T.);
#4432=EDGE_CURVE('',#3570,#3566,#1634,.T.);
#4433=EDGE_CURVE('',#3571,#3569,#1635,.T.);
#4434=EDGE_CURVE('',#3570,#3571,#1636,.T.);
#4435=EDGE_CURVE('',#3572,#3570,#1637,.T.);
#4436=EDGE_CURVE('',#3573,#3571,#1638,.T.);
#4437=EDGE_CURVE('',#3572,#3573,#1639,.T.);
#4438=EDGE_CURVE('',#3567,#3572,#1640,.T.);
#4439=EDGE_CURVE('',#3568,#3573,#1641,.T.);
#4440=EDGE_CURVE('',#3574,#3575,#1642,.T.);
#4441=EDGE_CURVE('',#3575,#3576,#1643,.T.);
#4442=EDGE_CURVE('',#3577,#3576,#1644,.T.);
#4443=EDGE_CURVE('',#3574,#3577,#1645,.T.);
#4444=EDGE_CURVE('',#3578,#3574,#1646,.T.);
#4445=EDGE_CURVE('',#3579,#3577,#1647,.T.);
#4446=EDGE_CURVE('',#3578,#3579,#1648,.T.);
#4447=EDGE_CURVE('',#3580,#3578,#1649,.T.);
#4448=EDGE_CURVE('',#3581,#3579,#1650,.T.);
#4449=EDGE_CURVE('',#3580,#3581,#1651,.T.);
#4450=EDGE_CURVE('',#3575,#3580,#1652,.T.);
#4451=EDGE_CURVE('',#3576,#3581,#1653,.T.);
#4452=EDGE_CURVE('',#3582,#3583,#1654,.T.);
#4453=EDGE_CURVE('',#3583,#3584,#1655,.T.);
#4454=EDGE_CURVE('',#3585,#3584,#1656,.T.);
#4455=EDGE_CURVE('',#3582,#3585,#1657,.T.);
#4456=EDGE_CURVE('',#3586,#3582,#1658,.T.);
#4457=EDGE_CURVE('',#3587,#3585,#1659,.T.);
#4458=EDGE_CURVE('',#3586,#3587,#1660,.T.);
#4459=EDGE_CURVE('',#3588,#3586,#1661,.T.);
#4460=EDGE_CURVE('',#3589,#3587,#1662,.T.);
#4461=EDGE_CURVE('',#3588,#3589,#1663,.T.);
#4462=EDGE_CURVE('',#3583,#3588,#1664,.T.);
#4463=EDGE_CURVE('',#3584,#3589,#1665,.T.);
#4464=EDGE_CURVE('',#3590,#3591,#1666,.T.);
#4465=EDGE_CURVE('',#3591,#3592,#1667,.T.);
#4466=EDGE_CURVE('',#3593,#3592,#1668,.T.);
#4467=EDGE_CURVE('',#3590,#3593,#1669,.T.);
#4468=EDGE_CURVE('',#3594,#3590,#1670,.T.);
#4469=EDGE_CURVE('',#3595,#3593,#1671,.T.);
#4470=EDGE_CURVE('',#3594,#3595,#1672,.T.);
#4471=EDGE_CURVE('',#3596,#3594,#1673,.T.);
#4472=EDGE_CURVE('',#3597,#3595,#1674,.T.);
#4473=EDGE_CURVE('',#3596,#3597,#1675,.T.);
#4474=EDGE_CURVE('',#3591,#3596,#1676,.T.);
#4475=EDGE_CURVE('',#3592,#3597,#1677,.T.);
#4476=EDGE_CURVE('',#3598,#3599,#1678,.T.);
#4477=EDGE_CURVE('',#3599,#3600,#1679,.T.);
#4478=EDGE_CURVE('',#3601,#3600,#1680,.T.);
#4479=EDGE_CURVE('',#3598,#3601,#1681,.T.);
#4480=EDGE_CURVE('',#3602,#3598,#1682,.T.);
#4481=EDGE_CURVE('',#3603,#3601,#1683,.T.);
#4482=EDGE_CURVE('',#3602,#3603,#1684,.T.);
#4483=EDGE_CURVE('',#3604,#3602,#1685,.T.);
#4484=EDGE_CURVE('',#3605,#3603,#1686,.T.);
#4485=EDGE_CURVE('',#3604,#3605,#1687,.T.);
#4486=EDGE_CURVE('',#3599,#3604,#1688,.T.);
#4487=EDGE_CURVE('',#3600,#3605,#1689,.T.);
#4488=EDGE_CURVE('',#3606,#3607,#1690,.T.);
#4489=EDGE_CURVE('',#3607,#3608,#1691,.T.);
#4490=EDGE_CURVE('',#3609,#3608,#1692,.T.);
#4491=EDGE_CURVE('',#3606,#3609,#1693,.T.);
#4492=EDGE_CURVE('',#3610,#3606,#1694,.T.);
#4493=EDGE_CURVE('',#3611,#3609,#1695,.T.);
#4494=EDGE_CURVE('',#3610,#3611,#1696,.T.);
#4495=EDGE_CURVE('',#3612,#3610,#1697,.T.);
#4496=EDGE_CURVE('',#3613,#3611,#1698,.T.);
#4497=EDGE_CURVE('',#3612,#3613,#1699,.T.);
#4498=EDGE_CURVE('',#3607,#3612,#1700,.T.);
#4499=EDGE_CURVE('',#3608,#3613,#1701,.T.);
#4500=EDGE_CURVE('',#3614,#3615,#1702,.T.);
#4501=EDGE_CURVE('',#3615,#3616,#1703,.T.);
#4502=EDGE_CURVE('',#3617,#3616,#1704,.T.);
#4503=EDGE_CURVE('',#3614,#3617,#1705,.T.);
#4504=EDGE_CURVE('',#3618,#3614,#1706,.T.);
#4505=EDGE_CURVE('',#3619,#3617,#1707,.T.);
#4506=EDGE_CURVE('',#3618,#3619,#1708,.T.);
#4507=EDGE_CURVE('',#3620,#3618,#1709,.T.);
#4508=EDGE_CURVE('',#3621,#3619,#1710,.T.);
#4509=EDGE_CURVE('',#3620,#3621,#1711,.T.);
#4510=EDGE_CURVE('',#3615,#3620,#1712,.T.);
#4511=EDGE_CURVE('',#3616,#3621,#1713,.T.);
#4512=EDGE_CURVE('',#3622,#3623,#1714,.T.);
#4513=EDGE_CURVE('',#3623,#3624,#1715,.T.);
#4514=EDGE_CURVE('',#3625,#3624,#1716,.T.);
#4515=EDGE_CURVE('',#3622,#3625,#1717,.T.);
#4516=EDGE_CURVE('',#3626,#3622,#1718,.T.);
#4517=EDGE_CURVE('',#3627,#3625,#1719,.T.);
#4518=EDGE_CURVE('',#3626,#3627,#1720,.T.);
#4519=EDGE_CURVE('',#3628,#3626,#1721,.T.);
#4520=EDGE_CURVE('',#3629,#3627,#1722,.T.);
#4521=EDGE_CURVE('',#3628,#3629,#1723,.T.);
#4522=EDGE_CURVE('',#3623,#3628,#1724,.T.);
#4523=EDGE_CURVE('',#3624,#3629,#1725,.T.);
#4524=EDGE_CURVE('',#3630,#3631,#1726,.T.);
#4525=EDGE_CURVE('',#3631,#3632,#1727,.T.);
#4526=EDGE_CURVE('',#3633,#3632,#1728,.T.);
#4527=EDGE_CURVE('',#3630,#3633,#1729,.T.);
#4528=EDGE_CURVE('',#3634,#3630,#1730,.T.);
#4529=EDGE_CURVE('',#3635,#3633,#1731,.T.);
#4530=EDGE_CURVE('',#3634,#3635,#1732,.T.);
#4531=EDGE_CURVE('',#3636,#3634,#1733,.T.);
#4532=EDGE_CURVE('',#3637,#3635,#1734,.T.);
#4533=EDGE_CURVE('',#3636,#3637,#1735,.T.);
#4534=EDGE_CURVE('',#3631,#3636,#1736,.T.);
#4535=EDGE_CURVE('',#3632,#3637,#1737,.T.);
#4536=EDGE_CURVE('',#3638,#3639,#1738,.T.);
#4537=EDGE_CURVE('',#3639,#3640,#1739,.T.);
#4538=EDGE_CURVE('',#3641,#3640,#1740,.T.);
#4539=EDGE_CURVE('',#3638,#3641,#1741,.T.);
#4540=EDGE_CURVE('',#3642,#3638,#1742,.T.);
#4541=EDGE_CURVE('',#3643,#3641,#1743,.T.);
#4542=EDGE_CURVE('',#3642,#3643,#1744,.T.);
#4543=EDGE_CURVE('',#3644,#3642,#1745,.T.);
#4544=EDGE_CURVE('',#3645,#3643,#1746,.T.);
#4545=EDGE_CURVE('',#3644,#3645,#1747,.T.);
#4546=EDGE_CURVE('',#3639,#3644,#1748,.T.);
#4547=EDGE_CURVE('',#3640,#3645,#1749,.T.);
#4548=EDGE_CURVE('',#3646,#3647,#1750,.T.);
#4549=EDGE_CURVE('',#3647,#3648,#1751,.T.);
#4550=EDGE_CURVE('',#3649,#3648,#1752,.T.);
#4551=EDGE_CURVE('',#3646,#3649,#1753,.T.);
#4552=EDGE_CURVE('',#3650,#3646,#1754,.T.);
#4553=EDGE_CURVE('',#3651,#3649,#1755,.T.);
#4554=EDGE_CURVE('',#3650,#3651,#1756,.T.);
#4555=EDGE_CURVE('',#3652,#3650,#1757,.T.);
#4556=EDGE_CURVE('',#3653,#3651,#1758,.T.);
#4557=EDGE_CURVE('',#3652,#3653,#1759,.T.);
#4558=EDGE_CURVE('',#3647,#3652,#1760,.T.);
#4559=EDGE_CURVE('',#3648,#3653,#1761,.T.);
#4560=EDGE_CURVE('',#3654,#3655,#1762,.T.);
#4561=EDGE_CURVE('',#3655,#3656,#1763,.T.);
#4562=EDGE_CURVE('',#3657,#3656,#1764,.T.);
#4563=EDGE_CURVE('',#3654,#3657,#1765,.T.);
#4564=EDGE_CURVE('',#3658,#3654,#1766,.T.);
#4565=EDGE_CURVE('',#3659,#3657,#1767,.T.);
#4566=EDGE_CURVE('',#3658,#3659,#1768,.T.);
#4567=EDGE_CURVE('',#3660,#3658,#1769,.T.);
#4568=EDGE_CURVE('',#3661,#3659,#1770,.T.);
#4569=EDGE_CURVE('',#3660,#3661,#1771,.T.);
#4570=EDGE_CURVE('',#3655,#3660,#1772,.T.);
#4571=EDGE_CURVE('',#3656,#3661,#1773,.T.);
#4572=EDGE_CURVE('',#3662,#3663,#1774,.T.);
#4573=EDGE_CURVE('',#3663,#3664,#1775,.T.);
#4574=EDGE_CURVE('',#3665,#3664,#1776,.T.);
#4575=EDGE_CURVE('',#3662,#3665,#1777,.T.);
#4576=EDGE_CURVE('',#3666,#3662,#1778,.T.);
#4577=EDGE_CURVE('',#3667,#3665,#1779,.T.);
#4578=EDGE_CURVE('',#3666,#3667,#1780,.T.);
#4579=EDGE_CURVE('',#3668,#3666,#1781,.T.);
#4580=EDGE_CURVE('',#3669,#3667,#1782,.T.);
#4581=EDGE_CURVE('',#3668,#3669,#1783,.T.);
#4582=EDGE_CURVE('',#3663,#3668,#1784,.T.);
#4583=EDGE_CURVE('',#3664,#3669,#1785,.T.);
#4584=EDGE_CURVE('',#3670,#3671,#1786,.T.);
#4585=EDGE_CURVE('',#3671,#3672,#1787,.T.);
#4586=EDGE_CURVE('',#3673,#3672,#1788,.T.);
#4587=EDGE_CURVE('',#3670,#3673,#1789,.T.);
#4588=EDGE_CURVE('',#3674,#3670,#1790,.T.);
#4589=EDGE_CURVE('',#3675,#3673,#1791,.T.);
#4590=EDGE_CURVE('',#3674,#3675,#1792,.T.);
#4591=EDGE_CURVE('',#3676,#3674,#1793,.T.);
#4592=EDGE_CURVE('',#3677,#3675,#1794,.T.);
#4593=EDGE_CURVE('',#3676,#3677,#1795,.T.);
#4594=EDGE_CURVE('',#3671,#3676,#1796,.T.);
#4595=EDGE_CURVE('',#3672,#3677,#1797,.T.);
#4596=EDGE_CURVE('',#3678,#3679,#1798,.T.);
#4597=EDGE_CURVE('',#3679,#3680,#1799,.T.);
#4598=EDGE_CURVE('',#3681,#3680,#1800,.T.);
#4599=EDGE_CURVE('',#3678,#3681,#1801,.T.);
#4600=EDGE_CURVE('',#3682,#3678,#1802,.T.);
#4601=EDGE_CURVE('',#3683,#3681,#1803,.T.);
#4602=EDGE_CURVE('',#3682,#3683,#1804,.T.);
#4603=EDGE_CURVE('',#3684,#3682,#1805,.T.);
#4604=EDGE_CURVE('',#3685,#3683,#1806,.T.);
#4605=EDGE_CURVE('',#3684,#3685,#1807,.T.);
#4606=EDGE_CURVE('',#3679,#3684,#1808,.T.);
#4607=EDGE_CURVE('',#3680,#3685,#1809,.T.);
#4608=EDGE_CURVE('',#3686,#3687,#1810,.T.);
#4609=EDGE_CURVE('',#3687,#3688,#1811,.T.);
#4610=EDGE_CURVE('',#3689,#3688,#1812,.T.);
#4611=EDGE_CURVE('',#3686,#3689,#1813,.T.);
#4612=EDGE_CURVE('',#3690,#3686,#1814,.T.);
#4613=EDGE_CURVE('',#3691,#3689,#1815,.T.);
#4614=EDGE_CURVE('',#3690,#3691,#1816,.T.);
#4615=EDGE_CURVE('',#3692,#3690,#1817,.T.);
#4616=EDGE_CURVE('',#3693,#3691,#1818,.T.);
#4617=EDGE_CURVE('',#3692,#3693,#1819,.T.);
#4618=EDGE_CURVE('',#3687,#3692,#1820,.T.);
#4619=EDGE_CURVE('',#3688,#3693,#1821,.T.);
#4620=EDGE_CURVE('',#3694,#3695,#1822,.T.);
#4621=EDGE_CURVE('',#3695,#3696,#1823,.T.);
#4622=EDGE_CURVE('',#3697,#3696,#1824,.T.);
#4623=EDGE_CURVE('',#3694,#3697,#1825,.T.);
#4624=EDGE_CURVE('',#3698,#3694,#1826,.T.);
#4625=EDGE_CURVE('',#3699,#3697,#1827,.T.);
#4626=EDGE_CURVE('',#3698,#3699,#1828,.T.);
#4627=EDGE_CURVE('',#3700,#3698,#1829,.T.);
#4628=EDGE_CURVE('',#3701,#3699,#1830,.T.);
#4629=EDGE_CURVE('',#3700,#3701,#1831,.T.);
#4630=EDGE_CURVE('',#3695,#3700,#1832,.T.);
#4631=EDGE_CURVE('',#3696,#3701,#1833,.T.);
#4632=EDGE_CURVE('',#3702,#3703,#1834,.T.);
#4633=EDGE_CURVE('',#3703,#3704,#1835,.T.);
#4634=EDGE_CURVE('',#3705,#3704,#1836,.T.);
#4635=EDGE_CURVE('',#3702,#3705,#1837,.T.);
#4636=EDGE_CURVE('',#3706,#3702,#1838,.T.);
#4637=EDGE_CURVE('',#3707,#3705,#1839,.T.);
#4638=EDGE_CURVE('',#3706,#3707,#1840,.T.);
#4639=EDGE_CURVE('',#3708,#3706,#1841,.T.);
#4640=EDGE_CURVE('',#3709,#3707,#1842,.T.);
#4641=EDGE_CURVE('',#3708,#3709,#1843,.T.);
#4642=EDGE_CURVE('',#3703,#3708,#1844,.T.);
#4643=EDGE_CURVE('',#3704,#3709,#1845,.T.);
#4644=EDGE_CURVE('',#3710,#3711,#1846,.T.);
#4645=EDGE_CURVE('',#3711,#3712,#1847,.T.);
#4646=EDGE_CURVE('',#3713,#3712,#1848,.T.);
#4647=EDGE_CURVE('',#3710,#3713,#1849,.T.);
#4648=EDGE_CURVE('',#3714,#3710,#1850,.T.);
#4649=EDGE_CURVE('',#3715,#3713,#1851,.T.);
#4650=EDGE_CURVE('',#3714,#3715,#1852,.T.);
#4651=EDGE_CURVE('',#3716,#3714,#1853,.T.);
#4652=EDGE_CURVE('',#3717,#3715,#1854,.T.);
#4653=EDGE_CURVE('',#3716,#3717,#1855,.T.);
#4654=EDGE_CURVE('',#3711,#3716,#1856,.T.);
#4655=EDGE_CURVE('',#3712,#3717,#1857,.T.);
#4656=EDGE_CURVE('',#3718,#3719,#1858,.T.);
#4657=EDGE_CURVE('',#3719,#3720,#1859,.T.);
#4658=EDGE_CURVE('',#3720,#3721,#1860,.T.);
#4659=EDGE_CURVE('',#3721,#3722,#1861,.T.);
#4660=EDGE_CURVE('',#3722,#3723,#1862,.T.);
#4661=EDGE_CURVE('',#3723,#3724,#1863,.T.);
#4662=EDGE_CURVE('',#3724,#3725,#1864,.T.);
#4663=EDGE_CURVE('',#3725,#3726,#1865,.T.);
#4664=EDGE_CURVE('',#3726,#3727,#1866,.T.);
#4665=EDGE_CURVE('',#3727,#3728,#1867,.T.);
#4666=EDGE_CURVE('',#3728,#3729,#1868,.T.);
#4667=EDGE_CURVE('',#3729,#3718,#1869,.T.);
#4668=EDGE_CURVE('',#3730,#3719,#1870,.T.);
#4669=EDGE_CURVE('',#3731,#3730,#1871,.T.);
#4670=EDGE_CURVE('',#3720,#3731,#1872,.T.);
#4671=EDGE_CURVE('',#3732,#3731,#1873,.T.);
#4672=EDGE_CURVE('',#3721,#3732,#1874,.T.);
#4673=EDGE_CURVE('',#3733,#3732,#1875,.T.);
#4674=EDGE_CURVE('',#3722,#3733,#1876,.T.);
#4675=EDGE_CURVE('',#3734,#3733,#1877,.T.);
#4676=EDGE_CURVE('',#3723,#3734,#1878,.T.);
#4677=EDGE_CURVE('',#3735,#3734,#1879,.T.);
#4678=EDGE_CURVE('',#3724,#3735,#1880,.T.);
#4679=EDGE_CURVE('',#3736,#3735,#1881,.T.);
#4680=EDGE_CURVE('',#3725,#3736,#1882,.T.);
#4681=EDGE_CURVE('',#3737,#3736,#1883,.T.);
#4682=EDGE_CURVE('',#3726,#3737,#1884,.T.);
#4683=EDGE_CURVE('',#3738,#3737,#1885,.T.);
#4684=EDGE_CURVE('',#3727,#3738,#1886,.T.);
#4685=EDGE_CURVE('',#3739,#3738,#1887,.T.);
#4686=EDGE_CURVE('',#3728,#3739,#1888,.T.);
#4687=EDGE_CURVE('',#3740,#3739,#1889,.T.);
#4688=EDGE_CURVE('',#3729,#3740,#1890,.T.);
#4689=EDGE_CURVE('',#3741,#3740,#1891,.T.);
#4690=EDGE_CURVE('',#3718,#3741,#1892,.T.);
#4691=EDGE_CURVE('',#3730,#3741,#1893,.T.);
#4692=EDGE_CURVE('',#3742,#3743,#1894,.T.);
#4693=EDGE_CURVE('',#3743,#3744,#1895,.T.);
#4694=EDGE_CURVE('',#3744,#3745,#1896,.T.);
#4695=EDGE_CURVE('',#3745,#3746,#1897,.T.);
#4696=EDGE_CURVE('',#3746,#3747,#1898,.T.);
#4697=EDGE_CURVE('',#3747,#3748,#1899,.T.);
#4698=EDGE_CURVE('',#3748,#3749,#1900,.T.);
#4699=EDGE_CURVE('',#3749,#3750,#1901,.T.);
#4700=EDGE_CURVE('',#3750,#3751,#1902,.T.);
#4701=EDGE_CURVE('',#3751,#3752,#1903,.T.);
#4702=EDGE_CURVE('',#3752,#3753,#1904,.T.);
#4703=EDGE_CURVE('',#3753,#3754,#1905,.T.);
#4704=EDGE_CURVE('',#3754,#3742,#1906,.T.);
#4705=EDGE_CURVE('',#3755,#3743,#1907,.T.);
#4706=EDGE_CURVE('',#3756,#3755,#1908,.T.);
#4707=EDGE_CURVE('',#3744,#3756,#1909,.T.);
#4708=EDGE_CURVE('',#3757,#3756,#1910,.T.);
#4709=EDGE_CURVE('',#3745,#3757,#1911,.T.);
#4710=EDGE_CURVE('',#3758,#3757,#1912,.T.);
#4711=EDGE_CURVE('',#3746,#3758,#1913,.T.);
#4712=EDGE_CURVE('',#3759,#3758,#1914,.T.);
#4713=EDGE_CURVE('',#3747,#3759,#1915,.T.);
#4714=EDGE_CURVE('',#3760,#3759,#1916,.T.);
#4715=EDGE_CURVE('',#3748,#3760,#1917,.T.);
#4716=EDGE_CURVE('',#3761,#3760,#1918,.T.);
#4717=EDGE_CURVE('',#3749,#3761,#1919,.T.);
#4718=EDGE_CURVE('',#3762,#3761,#1920,.T.);
#4719=EDGE_CURVE('',#3750,#3762,#1921,.T.);
#4720=EDGE_CURVE('',#3763,#3762,#1922,.T.);
#4721=EDGE_CURVE('',#3751,#3763,#1923,.T.);
#4722=EDGE_CURVE('',#3764,#3763,#1924,.T.);
#4723=EDGE_CURVE('',#3752,#3764,#1925,.T.);
#4724=EDGE_CURVE('',#3765,#3764,#1926,.T.);
#4725=EDGE_CURVE('',#3753,#3765,#1927,.T.);
#4726=EDGE_CURVE('',#3766,#3765,#1928,.T.);
#4727=EDGE_CURVE('',#3754,#3766,#1929,.T.);
#4728=EDGE_CURVE('',#3767,#3766,#1930,.T.);
#4729=EDGE_CURVE('',#3742,#3767,#1931,.T.);
#4730=EDGE_CURVE('',#3755,#3767,#1932,.T.);
#4731=EDGE_CURVE('',#3768,#3769,#1933,.T.);
#4732=EDGE_CURVE('',#3769,#3770,#1934,.T.);
#4733=EDGE_CURVE('',#3770,#3771,#1935,.T.);
#4734=EDGE_CURVE('',#3771,#3772,#1936,.T.);
#4735=EDGE_CURVE('',#3772,#3773,#1937,.T.);
#4736=EDGE_CURVE('',#3773,#3774,#1938,.T.);
#4737=EDGE_CURVE('',#3774,#3775,#1939,.T.);
#4738=EDGE_CURVE('',#3775,#3768,#1940,.T.);
#4739=EDGE_CURVE('',#3776,#3777,#1941,.T.);
#4740=EDGE_CURVE('',#3777,#3778,#1942,.T.);
#4741=EDGE_CURVE('',#3778,#3776,#1943,.T.);
#4742=EDGE_CURVE('',#3779,#3777,#1944,.T.);
#4743=EDGE_CURVE('',#3780,#3779,#1945,.T.);
#4744=EDGE_CURVE('',#3778,#3780,#1946,.T.);
#4745=EDGE_CURVE('',#3781,#3780,#1947,.T.);
#4746=EDGE_CURVE('',#3776,#3781,#1948,.T.);
#4747=EDGE_CURVE('',#3779,#3781,#1949,.T.);
#4748=EDGE_CURVE('',#3782,#3769,#1950,.T.);
#4749=EDGE_CURVE('',#3783,#3782,#1951,.T.);
#4750=EDGE_CURVE('',#3770,#3783,#1952,.T.);
#4751=EDGE_CURVE('',#3784,#3783,#1953,.T.);
#4752=EDGE_CURVE('',#3771,#3784,#1954,.T.);
#4753=EDGE_CURVE('',#3785,#3784,#1955,.T.);
#4754=EDGE_CURVE('',#3772,#3785,#1956,.T.);
#4755=EDGE_CURVE('',#3786,#3785,#1957,.T.);
#4756=EDGE_CURVE('',#3773,#3786,#1958,.T.);
#4757=EDGE_CURVE('',#3787,#3786,#1959,.T.);
#4758=EDGE_CURVE('',#3774,#3787,#1960,.T.);
#4759=EDGE_CURVE('',#3788,#3787,#1961,.T.);
#4760=EDGE_CURVE('',#3775,#3788,#1962,.T.);
#4761=EDGE_CURVE('',#3789,#3788,#1963,.T.);
#4762=EDGE_CURVE('',#3768,#3789,#1964,.T.);
#4763=EDGE_CURVE('',#3782,#3789,#1965,.T.);
#4764=EDGE_CURVE('',#3790,#3791,#1966,.T.);
#4765=EDGE_CURVE('',#3791,#3792,#1967,.T.);
#4766=EDGE_CURVE('',#3792,#3793,#1968,.T.);
#4767=EDGE_CURVE('',#3793,#3794,#1969,.T.);
#4768=EDGE_CURVE('',#3794,#3795,#102,.T.);
#4769=EDGE_CURVE('',#3795,#3796,#103,.T.);
#4770=EDGE_CURVE('',#3796,#3797,#104,.T.);
#4771=EDGE_CURVE('',#3797,#3798,#105,.T.);
#4772=EDGE_CURVE('',#3798,#3799,#106,.T.);
#4773=EDGE_CURVE('',#3799,#3800,#107,.T.);
#4774=EDGE_CURVE('',#3800,#3801,#108,.T.);
#4775=EDGE_CURVE('',#3801,#3802,#109,.T.);
#4776=EDGE_CURVE('',#3802,#3803,#110,.T.);
#4777=EDGE_CURVE('',#3803,#3804,#111,.T.);
#4778=EDGE_CURVE('',#3804,#3805,#112,.T.);
#4779=EDGE_CURVE('',#3805,#3806,#1970,.T.);
#4780=EDGE_CURVE('',#3806,#3807,#113,.T.);
#4781=EDGE_CURVE('',#3807,#3808,#114,.T.);
#4782=EDGE_CURVE('',#3808,#3809,#115,.T.);
#4783=EDGE_CURVE('',#3809,#3810,#116,.T.);
#4784=EDGE_CURVE('',#3810,#3811,#117,.T.);
#4785=EDGE_CURVE('',#3811,#3812,#118,.T.);
#4786=EDGE_CURVE('',#3812,#3813,#119,.T.);
#4787=EDGE_CURVE('',#3813,#3814,#120,.T.);
#4788=EDGE_CURVE('',#3814,#3790,#1971,.T.);
#4789=EDGE_CURVE('',#3815,#3791,#1972,.T.);
#4790=EDGE_CURVE('',#3816,#3815,#1973,.T.);
#4791=EDGE_CURVE('',#3792,#3816,#1974,.T.);
#4792=EDGE_CURVE('',#3817,#3816,#1975,.T.);
#4793=EDGE_CURVE('',#3793,#3817,#1976,.T.);
#4794=EDGE_CURVE('',#3818,#3817,#1977,.T.);
#4795=EDGE_CURVE('',#3794,#3818,#1978,.T.);
#4796=EDGE_CURVE('',#3819,#3818,#121,.T.);
#4797=EDGE_CURVE('',#3795,#3819,#1979,.T.);
#4798=EDGE_CURVE('',#3820,#3819,#122,.T.);
#4799=EDGE_CURVE('',#3796,#3820,#1980,.T.);
#4800=EDGE_CURVE('',#3821,#3820,#123,.T.);
#4801=EDGE_CURVE('',#3797,#3821,#1981,.T.);
#4802=EDGE_CURVE('',#3822,#3821,#124,.T.);
#4803=EDGE_CURVE('',#3798,#3822,#1982,.T.);
#4804=EDGE_CURVE('',#3823,#3822,#125,.T.);
#4805=EDGE_CURVE('',#3799,#3823,#1983,.T.);
#4806=EDGE_CURVE('',#3824,#3823,#126,.T.);
#4807=EDGE_CURVE('',#3800,#3824,#1984,.T.);
#4808=EDGE_CURVE('',#3825,#3824,#127,.T.);
#4809=EDGE_CURVE('',#3801,#3825,#1985,.T.);
#4810=EDGE_CURVE('',#3826,#3825,#128,.T.);
#4811=EDGE_CURVE('',#3802,#3826,#1986,.T.);
#4812=EDGE_CURVE('',#3827,#3826,#129,.T.);
#4813=EDGE_CURVE('',#3803,#3827,#1987,.T.);
#4814=EDGE_CURVE('',#3828,#3827,#130,.T.);
#4815=EDGE_CURVE('',#3804,#3828,#1988,.T.);
#4816=EDGE_CURVE('',#3829,#3828,#131,.T.);
#4817=EDGE_CURVE('',#3805,#3829,#1989,.T.);
#4818=EDGE_CURVE('',#3830,#3829,#1990,.T.);
#4819=EDGE_CURVE('',#3806,#3830,#1991,.T.);
#4820=EDGE_CURVE('',#3831,#3830,#132,.T.);
#4821=EDGE_CURVE('',#3807,#3831,#1992,.T.);
#4822=EDGE_CURVE('',#3832,#3831,#133,.T.);
#4823=EDGE_CURVE('',#3808,#3832,#1993,.T.);
#4824=EDGE_CURVE('',#3833,#3832,#134,.T.);
#4825=EDGE_CURVE('',#3809,#3833,#1994,.T.);
#4826=EDGE_CURVE('',#3834,#3833,#135,.T.);
#4827=EDGE_CURVE('',#3810,#3834,#1995,.T.);
#4828=EDGE_CURVE('',#3835,#3834,#136,.T.);
#4829=EDGE_CURVE('',#3811,#3835,#1996,.T.);
#4830=EDGE_CURVE('',#3836,#3835,#137,.T.);
#4831=EDGE_CURVE('',#3812,#3836,#1997,.T.);
#4832=EDGE_CURVE('',#3837,#3836,#138,.T.);
#4833=EDGE_CURVE('',#3813,#3837,#1998,.T.);
#4834=EDGE_CURVE('',#3838,#3837,#139,.T.);
#4835=EDGE_CURVE('',#3814,#3838,#1999,.T.);
#4836=EDGE_CURVE('',#3839,#3838,#2000,.T.);
#4837=EDGE_CURVE('',#3790,#3839,#2001,.T.);
#4838=EDGE_CURVE('',#3815,#3839,#2002,.T.);
#4839=EDGE_CURVE('',#3840,#3841,#2003,.T.);
#4840=EDGE_CURVE('',#3841,#3842,#2004,.T.);
#4841=EDGE_CURVE('',#3842,#3843,#2005,.T.);
#4842=EDGE_CURVE('',#3843,#3844,#2006,.T.);
#4843=EDGE_CURVE('',#3844,#3845,#2007,.T.);
#4844=EDGE_CURVE('',#3845,#3846,#2008,.T.);
#4845=EDGE_CURVE('',#3846,#3847,#2009,.T.);
#4846=EDGE_CURVE('',#3847,#3848,#2010,.T.);
#4847=EDGE_CURVE('',#3848,#3849,#2011,.T.);
#4848=EDGE_CURVE('',#3849,#3840,#2012,.T.);
#4849=EDGE_CURVE('',#3850,#3841,#2013,.T.);
#4850=EDGE_CURVE('',#3851,#3850,#2014,.T.);
#4851=EDGE_CURVE('',#3842,#3851,#2015,.T.);
#4852=EDGE_CURVE('',#3852,#3851,#2016,.T.);
#4853=EDGE_CURVE('',#3843,#3852,#2017,.T.);
#4854=EDGE_CURVE('',#3853,#3852,#2018,.T.);
#4855=EDGE_CURVE('',#3844,#3853,#2019,.T.);
#4856=EDGE_CURVE('',#3854,#3853,#2020,.T.);
#4857=EDGE_CURVE('',#3845,#3854,#2021,.T.);
#4858=EDGE_CURVE('',#3855,#3854,#2022,.T.);
#4859=EDGE_CURVE('',#3846,#3855,#2023,.T.);
#4860=EDGE_CURVE('',#3856,#3855,#2024,.T.);
#4861=EDGE_CURVE('',#3847,#3856,#2025,.T.);
#4862=EDGE_CURVE('',#3857,#3856,#2026,.T.);
#4863=EDGE_CURVE('',#3848,#3857,#2027,.T.);
#4864=EDGE_CURVE('',#3858,#3857,#2028,.T.);
#4865=EDGE_CURVE('',#3849,#3858,#2029,.T.);
#4866=EDGE_CURVE('',#3859,#3858,#2030,.T.);
#4867=EDGE_CURVE('',#3840,#3859,#2031,.T.);
#4868=EDGE_CURVE('',#3850,#3859,#2032,.T.);
#4869=EDGE_CURVE('',#3860,#3861,#2033,.T.);
#4870=EDGE_CURVE('',#3861,#3862,#2034,.T.);
#4871=EDGE_CURVE('',#3862,#3863,#2035,.T.);
#4872=EDGE_CURVE('',#3863,#3864,#2036,.T.);
#4873=EDGE_CURVE('',#3864,#3865,#2037,.T.);
#4874=EDGE_CURVE('',#3865,#3866,#2038,.T.);
#4875=EDGE_CURVE('',#3866,#3867,#2039,.T.);
#4876=EDGE_CURVE('',#3867,#3860,#2040,.T.);
#4877=EDGE_CURVE('',#3868,#3869,#2041,.T.);
#4878=EDGE_CURVE('',#3869,#3870,#2042,.T.);
#4879=EDGE_CURVE('',#3870,#3868,#2043,.T.);
#4880=EDGE_CURVE('',#3871,#3869,#2044,.T.);
#4881=EDGE_CURVE('',#3872,#3871,#2045,.T.);
#4882=EDGE_CURVE('',#3870,#3872,#2046,.T.);
#4883=EDGE_CURVE('',#3873,#3872,#2047,.T.);
#4884=EDGE_CURVE('',#3868,#3873,#2048,.T.);
#4885=EDGE_CURVE('',#3871,#3873,#2049,.T.);
#4886=EDGE_CURVE('',#3874,#3861,#2050,.T.);
#4887=EDGE_CURVE('',#3875,#3874,#2051,.T.);
#4888=EDGE_CURVE('',#3862,#3875,#2052,.T.);
#4889=EDGE_CURVE('',#3876,#3875,#2053,.T.);
#4890=EDGE_CURVE('',#3863,#3876,#2054,.T.);
#4891=EDGE_CURVE('',#3877,#3876,#2055,.T.);
#4892=EDGE_CURVE('',#3864,#3877,#2056,.T.);
#4893=EDGE_CURVE('',#3878,#3877,#2057,.T.);
#4894=EDGE_CURVE('',#3865,#3878,#2058,.T.);
#4895=EDGE_CURVE('',#3879,#3878,#2059,.T.);
#4896=EDGE_CURVE('',#3866,#3879,#2060,.T.);
#4897=EDGE_CURVE('',#3880,#3879,#2061,.T.);
#4898=EDGE_CURVE('',#3867,#3880,#2062,.T.);
#4899=EDGE_CURVE('',#3881,#3880,#2063,.T.);
#4900=EDGE_CURVE('',#3860,#3881,#2064,.T.);
#4901=EDGE_CURVE('',#3874,#3881,#2065,.T.);
#4902=EDGE_CURVE('',#3882,#3883,#2066,.T.);
#4903=EDGE_CURVE('',#3883,#3884,#2067,.T.);
#4904=EDGE_CURVE('',#3884,#3885,#2068,.T.);
#4905=EDGE_CURVE('',#3885,#3886,#140,.T.);
#4906=EDGE_CURVE('',#3886,#3887,#141,.T.);
#4907=EDGE_CURVE('',#3887,#3888,#142,.T.);
#4908=EDGE_CURVE('',#3888,#3889,#143,.T.);
#4909=EDGE_CURVE('',#3889,#3890,#144,.T.);
#4910=EDGE_CURVE('',#3890,#3891,#145,.T.);
#4911=EDGE_CURVE('',#3891,#3892,#146,.T.);
#4912=EDGE_CURVE('',#3892,#3893,#147,.T.);
#4913=EDGE_CURVE('',#3893,#3894,#148,.T.);
#4914=EDGE_CURVE('',#3894,#3895,#2069,.T.);
#4915=EDGE_CURVE('',#3895,#3896,#2070,.T.);
#4916=EDGE_CURVE('',#3896,#3897,#2071,.T.);
#4917=EDGE_CURVE('',#3897,#3898,#149,.T.);
#4918=EDGE_CURVE('',#3898,#3899,#150,.T.);
#4919=EDGE_CURVE('',#3899,#3900,#2072,.T.);
#4920=EDGE_CURVE('',#3900,#3882,#2073,.T.);
#4921=EDGE_CURVE('',#3901,#3902,#2074,.T.);
#4922=EDGE_CURVE('',#3902,#3903,#2075,.T.);
#4923=EDGE_CURVE('',#3903,#3904,#151,.T.);
#4924=EDGE_CURVE('',#3904,#3905,#152,.T.);
#4925=EDGE_CURVE('',#3905,#3906,#153,.T.);
#4926=EDGE_CURVE('',#3906,#3907,#154,.T.);
#4927=EDGE_CURVE('',#3907,#3908,#155,.T.);
#4928=EDGE_CURVE('',#3908,#3901,#2076,.T.);
#4929=EDGE_CURVE('',#3909,#3902,#2077,.T.);
#4930=EDGE_CURVE('',#3910,#3909,#2078,.T.);
#4931=EDGE_CURVE('',#3903,#3910,#2079,.T.);
#4932=EDGE_CURVE('',#3911,#3910,#156,.T.);
#4933=EDGE_CURVE('',#3904,#3911,#2080,.T.);
#4934=EDGE_CURVE('',#3912,#3911,#157,.T.);
#4935=EDGE_CURVE('',#3905,#3912,#2081,.T.);
#4936=EDGE_CURVE('',#3913,#3912,#158,.T.);
#4937=EDGE_CURVE('',#3906,#3913,#2082,.T.);
#4938=EDGE_CURVE('',#3914,#3913,#159,.T.);
#4939=EDGE_CURVE('',#3907,#3914,#2083,.T.);
#4940=EDGE_CURVE('',#3915,#3914,#160,.T.);
#4941=EDGE_CURVE('',#3908,#3915,#2084,.T.);
#4942=EDGE_CURVE('',#3916,#3915,#2085,.T.);
#4943=EDGE_CURVE('',#3901,#3916,#2086,.T.);
#4944=EDGE_CURVE('',#3909,#3916,#2087,.T.);
#4945=EDGE_CURVE('',#3917,#3883,#2088,.T.);
#4946=EDGE_CURVE('',#3918,#3917,#2089,.T.);
#4947=EDGE_CURVE('',#3884,#3918,#2090,.T.);
#4948=EDGE_CURVE('',#3919,#3918,#2091,.T.);
#4949=EDGE_CURVE('',#3885,#3919,#2092,.T.);
#4950=EDGE_CURVE('',#3920,#3919,#161,.T.);
#4951=EDGE_CURVE('',#3886,#3920,#2093,.T.);
#4952=EDGE_CURVE('',#3921,#3920,#162,.T.);
#4953=EDGE_CURVE('',#3887,#3921,#2094,.T.);
#4954=EDGE_CURVE('',#3922,#3921,#163,.T.);
#4955=EDGE_CURVE('',#3888,#3922,#2095,.T.);
#4956=EDGE_CURVE('',#3923,#3922,#164,.T.);
#4957=EDGE_CURVE('',#3889,#3923,#2096,.T.);
#4958=EDGE_CURVE('',#3924,#3923,#165,.T.);
#4959=EDGE_CURVE('',#3890,#3924,#2097,.T.);
#4960=EDGE_CURVE('',#3925,#3924,#166,.T.);
#4961=EDGE_CURVE('',#3891,#3925,#2098,.T.);
#4962=EDGE_CURVE('',#3926,#3925,#167,.T.);
#4963=EDGE_CURVE('',#3892,#3926,#2099,.T.);
#4964=EDGE_CURVE('',#3927,#3926,#168,.T.);
#4965=EDGE_CURVE('',#3893,#3927,#2100,.T.);
#4966=EDGE_CURVE('',#3928,#3927,#169,.T.);
#4967=EDGE_CURVE('',#3894,#3928,#2101,.T.);
#4968=EDGE_CURVE('',#3929,#3928,#2102,.T.);
#4969=EDGE_CURVE('',#3895,#3929,#2103,.T.);
#4970=EDGE_CURVE('',#3930,#3929,#2104,.T.);
#4971=EDGE_CURVE('',#3896,#3930,#2105,.T.);
#4972=EDGE_CURVE('',#3931,#3930,#2106,.T.);
#4973=EDGE_CURVE('',#3897,#3931,#2107,.T.);
#4974=EDGE_CURVE('',#3932,#3931,#170,.T.);
#4975=EDGE_CURVE('',#3898,#3932,#2108,.T.);
#4976=EDGE_CURVE('',#3933,#3932,#171,.T.);
#4977=EDGE_CURVE('',#3899,#3933,#2109,.T.);
#4978=EDGE_CURVE('',#3934,#3933,#2110,.T.);
#4979=EDGE_CURVE('',#3900,#3934,#2111,.T.);
#4980=EDGE_CURVE('',#3935,#3934,#2112,.T.);
#4981=EDGE_CURVE('',#3882,#3935,#2113,.T.);
#4982=EDGE_CURVE('',#3917,#3935,#2114,.T.);
#4983=EDGE_CURVE('',#3936,#3937,#2115,.T.);
#4984=EDGE_CURVE('',#3937,#3938,#2116,.T.);
#4985=EDGE_CURVE('',#3938,#3939,#2117,.T.);
#4986=EDGE_CURVE('',#3939,#3940,#2118,.T.);
#4987=EDGE_CURVE('',#3940,#3941,#2119,.T.);
#4988=EDGE_CURVE('',#3941,#3942,#2120,.T.);
#4989=EDGE_CURVE('',#3942,#3943,#2121,.T.);
#4990=EDGE_CURVE('',#3943,#3936,#2122,.T.);
#4991=EDGE_CURVE('',#3944,#3937,#2123,.T.);
#4992=EDGE_CURVE('',#3945,#3944,#2124,.T.);
#4993=EDGE_CURVE('',#3938,#3945,#2125,.T.);
#4994=EDGE_CURVE('',#3946,#3945,#2126,.T.);
#4995=EDGE_CURVE('',#3939,#3946,#2127,.T.);
#4996=EDGE_CURVE('',#3947,#3946,#2128,.T.);
#4997=EDGE_CURVE('',#3940,#3947,#2129,.T.);
#4998=EDGE_CURVE('',#3948,#3947,#2130,.T.);
#4999=EDGE_CURVE('',#3941,#3948,#2131,.T.);
#5000=EDGE_CURVE('',#3949,#3948,#2132,.T.);
#5001=EDGE_CURVE('',#3942,#3949,#2133,.T.);
#5002=EDGE_CURVE('',#3950,#3949,#2134,.T.);
#5003=EDGE_CURVE('',#3943,#3950,#2135,.T.);
#5004=EDGE_CURVE('',#3951,#3950,#2136,.T.);
#5005=EDGE_CURVE('',#3936,#3951,#2137,.T.);
#5006=EDGE_CURVE('',#3944,#3951,#2138,.T.);
#5007=EDGE_CURVE('',#3952,#3953,#2139,.T.);
#5008=EDGE_CURVE('',#3953,#3954,#2140,.T.);
#5009=EDGE_CURVE('',#3954,#3955,#2141,.T.);
#5010=EDGE_CURVE('',#3955,#3956,#2142,.T.);
#5011=EDGE_CURVE('',#3956,#3957,#2143,.T.);
#5012=EDGE_CURVE('',#3957,#3958,#2144,.T.);
#5013=EDGE_CURVE('',#3958,#3959,#2145,.T.);
#5014=EDGE_CURVE('',#3959,#3952,#2146,.T.);
#5015=EDGE_CURVE('',#3960,#3961,#2147,.T.);
#5016=EDGE_CURVE('',#3961,#3962,#2148,.T.);
#5017=EDGE_CURVE('',#3962,#3960,#2149,.T.);
#5018=EDGE_CURVE('',#3963,#3961,#2150,.T.);
#5019=EDGE_CURVE('',#3964,#3963,#2151,.T.);
#5020=EDGE_CURVE('',#3962,#3964,#2152,.T.);
#5021=EDGE_CURVE('',#3965,#3964,#2153,.T.);
#5022=EDGE_CURVE('',#3960,#3965,#2154,.T.);
#5023=EDGE_CURVE('',#3963,#3965,#2155,.T.);
#5024=EDGE_CURVE('',#3966,#3953,#2156,.T.);
#5025=EDGE_CURVE('',#3967,#3966,#2157,.T.);
#5026=EDGE_CURVE('',#3954,#3967,#2158,.T.);
#5027=EDGE_CURVE('',#3968,#3967,#2159,.T.);
#5028=EDGE_CURVE('',#3955,#3968,#2160,.T.);
#5029=EDGE_CURVE('',#3969,#3968,#2161,.T.);
#5030=EDGE_CURVE('',#3956,#3969,#2162,.T.);
#5031=EDGE_CURVE('',#3970,#3969,#2163,.T.);
#5032=EDGE_CURVE('',#3957,#3970,#2164,.T.);
#5033=EDGE_CURVE('',#3971,#3970,#2165,.T.);
#5034=EDGE_CURVE('',#3958,#3971,#2166,.T.);
#5035=EDGE_CURVE('',#3972,#3971,#2167,.T.);
#5036=EDGE_CURVE('',#3959,#3972,#2168,.T.);
#5037=EDGE_CURVE('',#3973,#3972,#2169,.T.);
#5038=EDGE_CURVE('',#3952,#3973,#2170,.T.);
#5039=EDGE_CURVE('',#3966,#3973,#2171,.T.);
#5040=EDGE_CURVE('',#3974,#3975,#2172,.T.);
#5041=EDGE_CURVE('',#3975,#3976,#2173,.T.);
#5042=EDGE_CURVE('',#3976,#3977,#2174,.T.);
#5043=EDGE_CURVE('',#3977,#3978,#2175,.T.);
#5044=EDGE_CURVE('',#3978,#3979,#2176,.T.);
#5045=EDGE_CURVE('',#3979,#3980,#2177,.T.);
#5046=EDGE_CURVE('',#3980,#3974,#2178,.T.);
#5047=EDGE_CURVE('',#3981,#3975,#2179,.T.);
#5048=EDGE_CURVE('',#3982,#3981,#2180,.T.);
#5049=EDGE_CURVE('',#3976,#3982,#2181,.T.);
#5050=EDGE_CURVE('',#3983,#3982,#2182,.T.);
#5051=EDGE_CURVE('',#3977,#3983,#2183,.T.);
#5052=EDGE_CURVE('',#3984,#3983,#2184,.T.);
#5053=EDGE_CURVE('',#3978,#3984,#2185,.T.);
#5054=EDGE_CURVE('',#3985,#3984,#2186,.T.);
#5055=EDGE_CURVE('',#3979,#3985,#2187,.T.);
#5056=EDGE_CURVE('',#3986,#3985,#2188,.T.);
#5057=EDGE_CURVE('',#3980,#3986,#2189,.T.);
#5058=EDGE_CURVE('',#3987,#3986,#2190,.T.);
#5059=EDGE_CURVE('',#3974,#3987,#2191,.T.);
#5060=EDGE_CURVE('',#3981,#3987,#2192,.T.);
#5061=EDGE_CURVE('',#3988,#3989,#2193,.T.);
#5062=EDGE_CURVE('',#3989,#3990,#2194,.T.);
#5063=EDGE_CURVE('',#3990,#3991,#2195,.T.);
#5064=EDGE_CURVE('',#3991,#3988,#2196,.T.);
#5065=EDGE_CURVE('',#3992,#3989,#2197,.T.);
#5066=EDGE_CURVE('',#3993,#3992,#2198,.T.);
#5067=EDGE_CURVE('',#3990,#3993,#2199,.T.);
#5068=EDGE_CURVE('',#3994,#3993,#2200,.T.);
#5069=EDGE_CURVE('',#3991,#3994,#2201,.T.);
#5070=EDGE_CURVE('',#3995,#3994,#2202,.T.);
#5071=EDGE_CURVE('',#3988,#3995,#2203,.T.);
#5072=EDGE_CURVE('',#3992,#3995,#2204,.T.);
#5073=EDGE_CURVE('',#3996,#3997,#2205,.T.);
#5074=EDGE_CURVE('',#3997,#3998,#2206,.T.);
#5075=EDGE_CURVE('',#3998,#3999,#2207,.T.);
#5076=EDGE_CURVE('',#3999,#4000,#2208,.T.);
#5077=EDGE_CURVE('',#4000,#4001,#2209,.T.);
#5078=EDGE_CURVE('',#4001,#4002,#2210,.T.);
#5079=EDGE_CURVE('',#4002,#4003,#2211,.T.);
#5080=EDGE_CURVE('',#4003,#3996,#2212,.T.);
#5081=EDGE_CURVE('',#4004,#3997,#2213,.T.);
#5082=EDGE_CURVE('',#4005,#4004,#2214,.T.);
#5083=EDGE_CURVE('',#3998,#4005,#2215,.T.);
#5084=EDGE_CURVE('',#4006,#4005,#2216,.T.);
#5085=EDGE_CURVE('',#3999,#4006,#2217,.T.);
#5086=EDGE_CURVE('',#4007,#4006,#2218,.T.);
#5087=EDGE_CURVE('',#4000,#4007,#2219,.T.);
#5088=EDGE_CURVE('',#4008,#4007,#2220,.T.);
#5089=EDGE_CURVE('',#4001,#4008,#2221,.T.);
#5090=EDGE_CURVE('',#4009,#4008,#2222,.T.);
#5091=EDGE_CURVE('',#4002,#4009,#2223,.T.);
#5092=EDGE_CURVE('',#4010,#4009,#2224,.T.);
#5093=EDGE_CURVE('',#4003,#4010,#2225,.T.);
#5094=EDGE_CURVE('',#4011,#4010,#2226,.T.);
#5095=EDGE_CURVE('',#3996,#4011,#2227,.T.);
#5096=EDGE_CURVE('',#4004,#4011,#2228,.T.);
#5097=EDGE_CURVE('',#4012,#4013,#172,.T.);
#5098=EDGE_CURVE('',#4013,#4014,#2229,.T.);
#5099=EDGE_CURVE('',#4014,#4015,#173,.T.);
#5100=EDGE_CURVE('',#4015,#4016,#174,.T.);
#5101=EDGE_CURVE('',#4016,#4017,#175,.T.);
#5102=EDGE_CURVE('',#4017,#4018,#176,.T.);
#5103=EDGE_CURVE('',#4018,#4019,#177,.T.);
#5104=EDGE_CURVE('',#4019,#4020,#178,.T.);
#5105=EDGE_CURVE('',#4020,#4021,#179,.T.);
#5106=EDGE_CURVE('',#4021,#4022,#180,.T.);
#5107=EDGE_CURVE('',#4022,#4023,#181,.T.);
#5108=EDGE_CURVE('',#4023,#4024,#182,.T.);
#5109=EDGE_CURVE('',#4024,#4025,#183,.T.);
#5110=EDGE_CURVE('',#4025,#4026,#184,.T.);
#5111=EDGE_CURVE('',#4026,#4027,#185,.T.);
#5112=EDGE_CURVE('',#4027,#4028,#2230,.T.);
#5113=EDGE_CURVE('',#4028,#4029,#186,.T.);
#5114=EDGE_CURVE('',#4029,#4030,#187,.T.);
#5115=EDGE_CURVE('',#4030,#4031,#188,.T.);
#5116=EDGE_CURVE('',#4031,#4032,#189,.T.);
#5117=EDGE_CURVE('',#4032,#4033,#190,.T.);
#5118=EDGE_CURVE('',#4033,#4034,#191,.T.);
#5119=EDGE_CURVE('',#4034,#4035,#192,.T.);
#5120=EDGE_CURVE('',#4035,#4036,#193,.T.);
#5121=EDGE_CURVE('',#4036,#4037,#194,.T.);
#5122=EDGE_CURVE('',#4037,#4038,#195,.T.);
#5123=EDGE_CURVE('',#4038,#4039,#196,.T.);
#5124=EDGE_CURVE('',#4039,#4040,#197,.T.);
#5125=EDGE_CURVE('',#4040,#4012,#198,.T.);
#5126=EDGE_CURVE('',#4041,#4013,#2231,.T.);
#5127=EDGE_CURVE('',#4042,#4041,#2232,.T.);
#5128=EDGE_CURVE('',#4014,#4042,#2233,.T.);
#5129=EDGE_CURVE('',#4043,#4042,#199,.T.);
#5130=EDGE_CURVE('',#4015,#4043,#2234,.T.);
#5131=EDGE_CURVE('',#4044,#4043,#200,.T.);
#5132=EDGE_CURVE('',#4016,#4044,#2235,.T.);
#5133=EDGE_CURVE('',#4045,#4044,#201,.T.);
#5134=EDGE_CURVE('',#4017,#4045,#2236,.T.);
#5135=EDGE_CURVE('',#4046,#4045,#202,.T.);
#5136=EDGE_CURVE('',#4018,#4046,#2237,.T.);
#5137=EDGE_CURVE('',#4047,#4046,#203,.T.);
#5138=EDGE_CURVE('',#4019,#4047,#2238,.T.);
#5139=EDGE_CURVE('',#4048,#4047,#204,.T.);
#5140=EDGE_CURVE('',#4020,#4048,#2239,.T.);
#5141=EDGE_CURVE('',#4049,#4048,#205,.T.);
#5142=EDGE_CURVE('',#4021,#4049,#2240,.T.);
#5143=EDGE_CURVE('',#4050,#4049,#206,.T.);
#5144=EDGE_CURVE('',#4022,#4050,#2241,.T.);
#5145=EDGE_CURVE('',#4051,#4050,#207,.T.);
#5146=EDGE_CURVE('',#4023,#4051,#2242,.T.);
#5147=EDGE_CURVE('',#4052,#4051,#208,.T.);
#5148=EDGE_CURVE('',#4024,#4052,#2243,.T.);
#5149=EDGE_CURVE('',#4053,#4052,#209,.T.);
#5150=EDGE_CURVE('',#4025,#4053,#2244,.T.);
#5151=EDGE_CURVE('',#4054,#4053,#210,.T.);
#5152=EDGE_CURVE('',#4026,#4054,#2245,.T.);
#5153=EDGE_CURVE('',#4055,#4054,#211,.T.);
#5154=EDGE_CURVE('',#4027,#4055,#2246,.T.);
#5155=EDGE_CURVE('',#4056,#4055,#2247,.T.);
#5156=EDGE_CURVE('',#4028,#4056,#2248,.T.);
#5157=EDGE_CURVE('',#4057,#4056,#212,.T.);
#5158=EDGE_CURVE('',#4029,#4057,#2249,.T.);
#5159=EDGE_CURVE('',#4058,#4057,#213,.T.);
#5160=EDGE_CURVE('',#4030,#4058,#2250,.T.);
#5161=EDGE_CURVE('',#4059,#4058,#214,.T.);
#5162=EDGE_CURVE('',#4031,#4059,#2251,.T.);
#5163=EDGE_CURVE('',#4060,#4059,#215,.T.);
#5164=EDGE_CURVE('',#4032,#4060,#2252,.T.);
#5165=EDGE_CURVE('',#4061,#4060,#216,.T.);
#5166=EDGE_CURVE('',#4033,#4061,#2253,.T.);
#5167=EDGE_CURVE('',#4062,#4061,#217,.T.);
#5168=EDGE_CURVE('',#4034,#4062,#2254,.T.);
#5169=EDGE_CURVE('',#4063,#4062,#218,.T.);
#5170=EDGE_CURVE('',#4035,#4063,#2255,.T.);
#5171=EDGE_CURVE('',#4064,#4063,#219,.T.);
#5172=EDGE_CURVE('',#4036,#4064,#2256,.T.);
#5173=EDGE_CURVE('',#4065,#4064,#220,.T.);
#5174=EDGE_CURVE('',#4037,#4065,#2257,.T.);
#5175=EDGE_CURVE('',#4066,#4065,#221,.T.);
#5176=EDGE_CURVE('',#4038,#4066,#2258,.T.);
#5177=EDGE_CURVE('',#4067,#4066,#222,.T.);
#5178=EDGE_CURVE('',#4039,#4067,#2259,.T.);
#5179=EDGE_CURVE('',#4068,#4067,#223,.T.);
#5180=EDGE_CURVE('',#4040,#4068,#2260,.T.);
#5181=EDGE_CURVE('',#4069,#4068,#224,.T.);
#5182=EDGE_CURVE('',#4012,#4069,#2261,.T.);
#5183=EDGE_CURVE('',#4041,#4069,#225,.T.);
#5184=EDGE_CURVE('',#4070,#4071,#226,.T.);
#5185=EDGE_CURVE('',#4071,#4072,#2262,.T.);
#5186=EDGE_CURVE('',#4072,#4073,#227,.T.);
#5187=EDGE_CURVE('',#4073,#4074,#228,.T.);
#5188=EDGE_CURVE('',#4074,#4075,#229,.T.);
#5189=EDGE_CURVE('',#4075,#4076,#230,.T.);
#5190=EDGE_CURVE('',#4076,#4077,#231,.T.);
#5191=EDGE_CURVE('',#4077,#4078,#232,.T.);
#5192=EDGE_CURVE('',#4078,#4079,#233,.T.);
#5193=EDGE_CURVE('',#4079,#4080,#234,.T.);
#5194=EDGE_CURVE('',#4080,#4081,#235,.T.);
#5195=EDGE_CURVE('',#4081,#4082,#236,.T.);
#5196=EDGE_CURVE('',#4082,#4083,#237,.T.);
#5197=EDGE_CURVE('',#4083,#4084,#238,.T.);
#5198=EDGE_CURVE('',#4084,#4085,#239,.T.);
#5199=EDGE_CURVE('',#4085,#4086,#2263,.T.);
#5200=EDGE_CURVE('',#4086,#4087,#240,.T.);
#5201=EDGE_CURVE('',#4087,#4088,#241,.T.);
#5202=EDGE_CURVE('',#4088,#4089,#242,.T.);
#5203=EDGE_CURVE('',#4089,#4090,#243,.T.);
#5204=EDGE_CURVE('',#4090,#4091,#244,.T.);
#5205=EDGE_CURVE('',#4091,#4092,#245,.T.);
#5206=EDGE_CURVE('',#4092,#4093,#246,.T.);
#5207=EDGE_CURVE('',#4093,#4094,#247,.T.);
#5208=EDGE_CURVE('',#4094,#4095,#248,.T.);
#5209=EDGE_CURVE('',#4095,#4096,#249,.T.);
#5210=EDGE_CURVE('',#4096,#4097,#250,.T.);
#5211=EDGE_CURVE('',#4097,#4098,#251,.T.);
#5212=EDGE_CURVE('',#4098,#4070,#252,.T.);
#5213=EDGE_CURVE('',#4099,#4071,#2264,.T.);
#5214=EDGE_CURVE('',#4100,#4099,#2265,.T.);
#5215=EDGE_CURVE('',#4072,#4100,#2266,.T.);
#5216=EDGE_CURVE('',#4101,#4100,#253,.T.);
#5217=EDGE_CURVE('',#4073,#4101,#2267,.T.);
#5218=EDGE_CURVE('',#4102,#4101,#254,.T.);
#5219=EDGE_CURVE('',#4074,#4102,#2268,.T.);
#5220=EDGE_CURVE('',#4103,#4102,#255,.T.);
#5221=EDGE_CURVE('',#4075,#4103,#2269,.T.);
#5222=EDGE_CURVE('',#4104,#4103,#256,.T.);
#5223=EDGE_CURVE('',#4076,#4104,#2270,.T.);
#5224=EDGE_CURVE('',#4105,#4104,#257,.T.);
#5225=EDGE_CURVE('',#4077,#4105,#2271,.T.);
#5226=EDGE_CURVE('',#4106,#4105,#258,.T.);
#5227=EDGE_CURVE('',#4078,#4106,#2272,.T.);
#5228=EDGE_CURVE('',#4107,#4106,#259,.T.);
#5229=EDGE_CURVE('',#4079,#4107,#2273,.T.);
#5230=EDGE_CURVE('',#4108,#4107,#260,.T.);
#5231=EDGE_CURVE('',#4080,#4108,#2274,.T.);
#5232=EDGE_CURVE('',#4109,#4108,#261,.T.);
#5233=EDGE_CURVE('',#4081,#4109,#2275,.T.);
#5234=EDGE_CURVE('',#4110,#4109,#262,.T.);
#5235=EDGE_CURVE('',#4082,#4110,#2276,.T.);
#5236=EDGE_CURVE('',#4111,#4110,#263,.T.);
#5237=EDGE_CURVE('',#4083,#4111,#2277,.T.);
#5238=EDGE_CURVE('',#4112,#4111,#264,.T.);
#5239=EDGE_CURVE('',#4084,#4112,#2278,.T.);
#5240=EDGE_CURVE('',#4113,#4112,#265,.T.);
#5241=EDGE_CURVE('',#4085,#4113,#2279,.T.);
#5242=EDGE_CURVE('',#4114,#4113,#2280,.T.);
#5243=EDGE_CURVE('',#4086,#4114,#2281,.T.);
#5244=EDGE_CURVE('',#4115,#4114,#266,.T.);
#5245=EDGE_CURVE('',#4087,#4115,#2282,.T.);
#5246=EDGE_CURVE('',#4116,#4115,#267,.T.);
#5247=EDGE_CURVE('',#4088,#4116,#2283,.T.);
#5248=EDGE_CURVE('',#4117,#4116,#268,.T.);
#5249=EDGE_CURVE('',#4089,#4117,#2284,.T.);
#5250=EDGE_CURVE('',#4118,#4117,#269,.T.);
#5251=EDGE_CURVE('',#4090,#4118,#2285,.T.);
#5252=EDGE_CURVE('',#4119,#4118,#270,.T.);
#5253=EDGE_CURVE('',#4091,#4119,#2286,.T.);
#5254=EDGE_CURVE('',#4120,#4119,#271,.T.);
#5255=EDGE_CURVE('',#4092,#4120,#2287,.T.);
#5256=EDGE_CURVE('',#4121,#4120,#272,.T.);
#5257=EDGE_CURVE('',#4093,#4121,#2288,.T.);
#5258=EDGE_CURVE('',#4122,#4121,#273,.T.);
#5259=EDGE_CURVE('',#4094,#4122,#2289,.T.);
#5260=EDGE_CURVE('',#4123,#4122,#274,.T.);
#5261=EDGE_CURVE('',#4095,#4123,#2290,.T.);
#5262=EDGE_CURVE('',#4124,#4123,#275,.T.);
#5263=EDGE_CURVE('',#4096,#4124,#2291,.T.);
#5264=EDGE_CURVE('',#4125,#4124,#276,.T.);
#5265=EDGE_CURVE('',#4097,#4125,#2292,.T.);
#5266=EDGE_CURVE('',#4126,#4125,#277,.T.);
#5267=EDGE_CURVE('',#4098,#4126,#2293,.T.);
#5268=EDGE_CURVE('',#4127,#4126,#278,.T.);
#5269=EDGE_CURVE('',#4070,#4127,#2294,.T.);
#5270=EDGE_CURVE('',#4099,#4127,#279,.T.);
#5271=EDGE_CURVE('',#4128,#4129,#2295,.T.);
#5272=EDGE_CURVE('',#4130,#4128,#2296,.T.);
#5273=EDGE_CURVE('',#4131,#4130,#2297,.T.);
#5274=EDGE_CURVE('',#4132,#4131,#2298,.T.);
#5275=EDGE_CURVE('',#4129,#4132,#2299,.T.);
#5276=EDGE_CURVE('',#4129,#4133,#2300,.T.);
#5277=EDGE_CURVE('',#4132,#4134,#2301,.T.);
#5278=EDGE_CURVE('',#4133,#4134,#2302,.T.);
#5279=EDGE_CURVE('',#4135,#4133,#2303,.T.);
#5280=EDGE_CURVE('',#4136,#4135,#2304,.T.);
#5281=EDGE_CURVE('',#4136,#4137,#2305,.T.);
#5282=EDGE_CURVE('',#4137,#4138,#2306,.T.);
#5283=EDGE_CURVE('',#4138,#4139,#2307,.T.);
#5284=EDGE_CURVE('',#4128,#4139,#2308,.T.);
#5285=EDGE_CURVE('',#4140,#4135,#2309,.T.);
#5286=EDGE_CURVE('',#4134,#4141,#2310,.T.);
#5287=EDGE_CURVE('',#4141,#4142,#2311,.T.);
#5288=EDGE_CURVE('',#4142,#4140,#2312,.T.);
#5289=EDGE_CURVE('',#4143,#4142,#2313,.T.);
#5290=EDGE_CURVE('',#4143,#4144,#2314,.T.);
#5291=EDGE_CURVE('',#4144,#4140,#2315,.T.);
#5292=EDGE_CURVE('',#4145,#4141,#2316,.T.);
#5293=EDGE_CURVE('',#4145,#4143,#2317,.T.);
#5294=EDGE_CURVE('',#4137,#4146,#2318,.T.);
#5295=EDGE_CURVE('',#4146,#4147,#2319,.T.);
#5296=EDGE_CURVE('',#4138,#4147,#2320,.T.);
#5297=EDGE_CURVE('',#4148,#4147,#2321,.T.);
#5298=EDGE_CURVE('',#4149,#4148,#2322,.T.);
#5299=EDGE_CURVE('',#4139,#4149,#2323,.T.);
#5300=EDGE_CURVE('',#4149,#4130,#2324,.T.);
#5301=EDGE_CURVE('',#4148,#4131,#2325,.T.);
#5302=EDGE_CURVE('',#4147,#4132,#2326,.T.);
#5303=EDGE_CURVE('',#4144,#4136,#2327,.T.);
#5304=EDGE_CURVE('',#4146,#4145,#2328,.T.);
#5305=EDGE_CURVE('',#4150,#4151,#2329,.T.);
#5306=EDGE_CURVE('',#4152,#4151,#2330,.T.);
#5307=EDGE_CURVE('',#4153,#4152,#2331,.T.);
#5308=EDGE_CURVE('',#4150,#4153,#2332,.T.);
#5309=EDGE_CURVE('',#4154,#4150,#2333,.T.);
#5310=EDGE_CURVE('',#4155,#4153,#2334,.T.);
#5311=EDGE_CURVE('',#4154,#4155,#2335,.T.);
#5312=EDGE_CURVE('',#4156,#4154,#2336,.T.);
#5313=EDGE_CURVE('',#4157,#4155,#2337,.T.);
#5314=EDGE_CURVE('',#4156,#4157,#2338,.T.);
#5315=EDGE_CURVE('',#4157,#4152,#2339,.T.);
#5316=EDGE_CURVE('',#4151,#4156,#2340,.T.);
#5317=EDGE_CURVE('',#4158,#4159,#2341,.T.);
#5318=EDGE_CURVE('',#4159,#4160,#2342,.T.);
#5319=EDGE_CURVE('',#4161,#4160,#2343,.T.);
#5320=EDGE_CURVE('',#4158,#4161,#2344,.T.);
#5321=EDGE_CURVE('',#4162,#4163,#2345,.T.);
#5322=EDGE_CURVE('',#4164,#4163,#2346,.T.);
#5323=EDGE_CURVE('',#4165,#4164,#2347,.T.);
#5324=EDGE_CURVE('',#4162,#4165,#2348,.T.);
#5325=EDGE_CURVE('',#4159,#4162,#2349,.T.);
#5326=EDGE_CURVE('',#4160,#4165,#2350,.T.);
#5327=EDGE_CURVE('',#4161,#4164,#2351,.T.);
#5328=EDGE_CURVE('',#4163,#4158,#2352,.T.);
#5329=EDGE_CURVE('',#4166,#4167,#2353,.T.);
#5330=EDGE_CURVE('',#4167,#4168,#2354,.T.);
#5331=EDGE_CURVE('',#4169,#4168,#2355,.T.);
#5332=EDGE_CURVE('',#4166,#4169,#2356,.T.);
#5333=EDGE_CURVE('',#4170,#4166,#2357,.T.);
#5334=EDGE_CURVE('',#4171,#4169,#2358,.T.);
#5335=EDGE_CURVE('',#4170,#4171,#2359,.T.);
#5336=EDGE_CURVE('',#4172,#4170,#2360,.T.);
#5337=EDGE_CURVE('',#4173,#4171,#2361,.T.);
#5338=EDGE_CURVE('',#4172,#4173,#2362,.T.);
#5339=EDGE_CURVE('',#4167,#4172,#2363,.T.);
#5340=EDGE_CURVE('',#4168,#4173,#2364,.T.);
#5341=EDGE_CURVE('',#4174,#4175,#2365,.T.);
#5342=EDGE_CURVE('',#4175,#4176,#2366,.T.);
#5343=EDGE_CURVE('',#4177,#4176,#2367,.T.);
#5344=EDGE_CURVE('',#4174,#4177,#2368,.T.);
#5345=EDGE_CURVE('',#4178,#4174,#2369,.T.);
#5346=EDGE_CURVE('',#4179,#4177,#2370,.T.);
#5347=EDGE_CURVE('',#4178,#4179,#2371,.T.);
#5348=EDGE_CURVE('',#4180,#4178,#2372,.T.);
#5349=EDGE_CURVE('',#4181,#4179,#2373,.T.);
#5350=EDGE_CURVE('',#4180,#4181,#2374,.T.);
#5351=EDGE_CURVE('',#4175,#4180,#2375,.T.);
#5352=EDGE_CURVE('',#4176,#4181,#2376,.T.);
#5353=EDGE_CURVE('',#4182,#4183,#2377,.T.);
#5354=EDGE_CURVE('',#4184,#4183,#2378,.T.);
#5355=EDGE_CURVE('',#4185,#4184,#2379,.T.);
#5356=EDGE_CURVE('',#4182,#4185,#2380,.T.);
#5357=EDGE_CURVE('',#4186,#4182,#2381,.T.);
#5358=EDGE_CURVE('',#4187,#4185,#2382,.T.);
#5359=EDGE_CURVE('',#4186,#4187,#2383,.T.);
#5360=EDGE_CURVE('',#4188,#4186,#2384,.T.);
#5361=EDGE_CURVE('',#4189,#4187,#2385,.T.);
#5362=EDGE_CURVE('',#4188,#4189,#2386,.T.);
#5363=EDGE_CURVE('',#4189,#4184,#2387,.T.);
#5364=EDGE_CURVE('',#4183,#4188,#2388,.T.);
#5365=EDGE_CURVE('',#4190,#4191,#2389,.T.);
#5366=EDGE_CURVE('',#4191,#4192,#2390,.T.);
#5367=EDGE_CURVE('',#4193,#4192,#2391,.T.);
#5368=EDGE_CURVE('',#4190,#4193,#2392,.T.);
#5369=EDGE_CURVE('',#4194,#4195,#2393,.T.);
#5370=EDGE_CURVE('',#4196,#4195,#2394,.T.);
#5371=EDGE_CURVE('',#4197,#4196,#2395,.T.);
#5372=EDGE_CURVE('',#4194,#4197,#2396,.T.);
#5373=EDGE_CURVE('',#4191,#4194,#2397,.T.);
#5374=EDGE_CURVE('',#4192,#4197,#2398,.T.);
#5375=EDGE_CURVE('',#4193,#4196,#2399,.T.);
#5376=EDGE_CURVE('',#4195,#4190,#2400,.T.);
#5377=EDGE_CURVE('',#4198,#4199,#2401,.T.);
#5378=EDGE_CURVE('',#4199,#4200,#2402,.T.);
#5379=EDGE_CURVE('',#4201,#4200,#2403,.T.);
#5380=EDGE_CURVE('',#4198,#4201,#2404,.T.);
#5381=EDGE_CURVE('',#4202,#4198,#2405,.T.);
#5382=EDGE_CURVE('',#4203,#4201,#2406,.T.);
#5383=EDGE_CURVE('',#4202,#4203,#2407,.T.);
#5384=EDGE_CURVE('',#4204,#4202,#2408,.T.);
#5385=EDGE_CURVE('',#4205,#4203,#2409,.T.);
#5386=EDGE_CURVE('',#4204,#4205,#2410,.T.);
#5387=EDGE_CURVE('',#4199,#4204,#2411,.T.);
#5388=EDGE_CURVE('',#4200,#4205,#2412,.T.);
#5389=ORIENTED_EDGE('',*,*,#4206,.F.);
#5390=ORIENTED_EDGE('',*,*,#4207,.T.);
#5391=ORIENTED_EDGE('',*,*,#4208,.F.);
#5392=ORIENTED_EDGE('',*,*,#4209,.F.);
#5393=ORIENTED_EDGE('',*,*,#4210,.F.);
#5394=ORIENTED_EDGE('',*,*,#4209,.T.);
#5395=ORIENTED_EDGE('',*,*,#4211,.F.);
#5396=ORIENTED_EDGE('',*,*,#4212,.F.);
#5397=ORIENTED_EDGE('',*,*,#4213,.F.);
#5398=ORIENTED_EDGE('',*,*,#4212,.T.);
#5399=ORIENTED_EDGE('',*,*,#4214,.F.);
#5400=ORIENTED_EDGE('',*,*,#4215,.F.);
#5401=ORIENTED_EDGE('',*,*,#4216,.F.);
#5402=ORIENTED_EDGE('',*,*,#4215,.T.);
#5403=ORIENTED_EDGE('',*,*,#4217,.F.);
#5404=ORIENTED_EDGE('',*,*,#4207,.F.);
#5405=ORIENTED_EDGE('',*,*,#4217,.T.);
#5406=ORIENTED_EDGE('',*,*,#4214,.T.);
#5407=ORIENTED_EDGE('',*,*,#4211,.T.);
#5408=ORIENTED_EDGE('',*,*,#4208,.T.);
#5409=ORIENTED_EDGE('',*,*,#4218,.F.);
#5410=ORIENTED_EDGE('',*,*,#4219,.T.);
#5411=ORIENTED_EDGE('',*,*,#4220,.F.);
#5412=ORIENTED_EDGE('',*,*,#4221,.F.);
#5413=ORIENTED_EDGE('',*,*,#4222,.F.);
#5414=ORIENTED_EDGE('',*,*,#4221,.T.);
#5415=ORIENTED_EDGE('',*,*,#4223,.F.);
#5416=ORIENTED_EDGE('',*,*,#4224,.F.);
#5417=ORIENTED_EDGE('',*,*,#4225,.F.);
#5418=ORIENTED_EDGE('',*,*,#4224,.T.);
#5419=ORIENTED_EDGE('',*,*,#4226,.F.);
#5420=ORIENTED_EDGE('',*,*,#4227,.F.);
#5421=ORIENTED_EDGE('',*,*,#4228,.F.);
#5422=ORIENTED_EDGE('',*,*,#4227,.T.);
#5423=ORIENTED_EDGE('',*,*,#4229,.F.);
#5424=ORIENTED_EDGE('',*,*,#4219,.F.);
#5425=ORIENTED_EDGE('',*,*,#4229,.T.);
#5426=ORIENTED_EDGE('',*,*,#4226,.T.);
#5427=ORIENTED_EDGE('',*,*,#4223,.T.);
#5428=ORIENTED_EDGE('',*,*,#4220,.T.);
#5429=ORIENTED_EDGE('',*,*,#4230,.F.);
#5430=ORIENTED_EDGE('',*,*,#4231,.T.);
#5431=ORIENTED_EDGE('',*,*,#4232,.F.);
#5432=ORIENTED_EDGE('',*,*,#4233,.F.);
#5433=ORIENTED_EDGE('',*,*,#4234,.F.);
#5434=ORIENTED_EDGE('',*,*,#4233,.T.);
#5435=ORIENTED_EDGE('',*,*,#4235,.F.);
#5436=ORIENTED_EDGE('',*,*,#4236,.F.);
#5437=ORIENTED_EDGE('',*,*,#4237,.F.);
#5438=ORIENTED_EDGE('',*,*,#4236,.T.);
#5439=ORIENTED_EDGE('',*,*,#4238,.F.);
#5440=ORIENTED_EDGE('',*,*,#4239,.F.);
#5441=ORIENTED_EDGE('',*,*,#4240,.F.);
#5442=ORIENTED_EDGE('',*,*,#4239,.T.);
#5443=ORIENTED_EDGE('',*,*,#4241,.F.);
#5444=ORIENTED_EDGE('',*,*,#4231,.F.);
#5445=ORIENTED_EDGE('',*,*,#4241,.T.);
#5446=ORIENTED_EDGE('',*,*,#4238,.T.);
#5447=ORIENTED_EDGE('',*,*,#4235,.T.);
#5448=ORIENTED_EDGE('',*,*,#4232,.T.);
#5449=ORIENTED_EDGE('',*,*,#4242,.F.);
#5450=ORIENTED_EDGE('',*,*,#4243,.T.);
#5451=ORIENTED_EDGE('',*,*,#4244,.F.);
#5452=ORIENTED_EDGE('',*,*,#4245,.F.);
#5453=ORIENTED_EDGE('',*,*,#4246,.F.);
#5454=ORIENTED_EDGE('',*,*,#4245,.T.);
#5455=ORIENTED_EDGE('',*,*,#4247,.F.);
#5456=ORIENTED_EDGE('',*,*,#4248,.F.);
#5457=ORIENTED_EDGE('',*,*,#4249,.F.);
#5458=ORIENTED_EDGE('',*,*,#4248,.T.);
#5459=ORIENTED_EDGE('',*,*,#4250,.F.);
#5460=ORIENTED_EDGE('',*,*,#4251,.F.);
#5461=ORIENTED_EDGE('',*,*,#4252,.F.);
#5462=ORIENTED_EDGE('',*,*,#4251,.T.);
#5463=ORIENTED_EDGE('',*,*,#4253,.F.);
#5464=ORIENTED_EDGE('',*,*,#4243,.F.);
#5465=ORIENTED_EDGE('',*,*,#4253,.T.);
#5466=ORIENTED_EDGE('',*,*,#4250,.T.);
#5467=ORIENTED_EDGE('',*,*,#4247,.T.);
#5468=ORIENTED_EDGE('',*,*,#4244,.T.);
#5469=ORIENTED_EDGE('',*,*,#4254,.F.);
#5470=ORIENTED_EDGE('',*,*,#4255,.T.);
#5471=ORIENTED_EDGE('',*,*,#4256,.F.);
#5472=ORIENTED_EDGE('',*,*,#4257,.F.);
#5473=ORIENTED_EDGE('',*,*,#4258,.F.);
#5474=ORIENTED_EDGE('',*,*,#4257,.T.);
#5475=ORIENTED_EDGE('',*,*,#4259,.F.);
#5476=ORIENTED_EDGE('',*,*,#4260,.F.);
#5477=ORIENTED_EDGE('',*,*,#4261,.F.);
#5478=ORIENTED_EDGE('',*,*,#4260,.T.);
#5479=ORIENTED_EDGE('',*,*,#4262,.F.);
#5480=ORIENTED_EDGE('',*,*,#4263,.F.);
#5481=ORIENTED_EDGE('',*,*,#4264,.F.);
#5482=ORIENTED_EDGE('',*,*,#4263,.T.);
#5483=ORIENTED_EDGE('',*,*,#4265,.F.);
#5484=ORIENTED_EDGE('',*,*,#4255,.F.);
#5485=ORIENTED_EDGE('',*,*,#4265,.T.);
#5486=ORIENTED_EDGE('',*,*,#4262,.T.);
#5487=ORIENTED_EDGE('',*,*,#4259,.T.);
#5488=ORIENTED_EDGE('',*,*,#4256,.T.);
#5489=ORIENTED_EDGE('',*,*,#4266,.F.);
#5490=ORIENTED_EDGE('',*,*,#4267,.T.);
#5491=ORIENTED_EDGE('',*,*,#4268,.F.);
#5492=ORIENTED_EDGE('',*,*,#4269,.F.);
#5493=ORIENTED_EDGE('',*,*,#4270,.F.);
#5494=ORIENTED_EDGE('',*,*,#4269,.T.);
#5495=ORIENTED_EDGE('',*,*,#4271,.F.);
#5496=ORIENTED_EDGE('',*,*,#4272,.F.);
#5497=ORIENTED_EDGE('',*,*,#4273,.F.);
#5498=ORIENTED_EDGE('',*,*,#4272,.T.);
#5499=ORIENTED_EDGE('',*,*,#4274,.F.);
#5500=ORIENTED_EDGE('',*,*,#4275,.F.);
#5501=ORIENTED_EDGE('',*,*,#4276,.F.);
#5502=ORIENTED_EDGE('',*,*,#4275,.T.);
#5503=ORIENTED_EDGE('',*,*,#4277,.F.);
#5504=ORIENTED_EDGE('',*,*,#4267,.F.);
#5505=ORIENTED_EDGE('',*,*,#4277,.T.);
#5506=ORIENTED_EDGE('',*,*,#4274,.T.);
#5507=ORIENTED_EDGE('',*,*,#4271,.T.);
#5508=ORIENTED_EDGE('',*,*,#4268,.T.);
#5509=ORIENTED_EDGE('',*,*,#4278,.T.);
#5510=ORIENTED_EDGE('',*,*,#4279,.T.);
#5511=ORIENTED_EDGE('',*,*,#4280,.F.);
#5512=ORIENTED_EDGE('',*,*,#4281,.F.);
#5513=ORIENTED_EDGE('',*,*,#4282,.T.);
#5514=ORIENTED_EDGE('',*,*,#4281,.T.);
#5515=ORIENTED_EDGE('',*,*,#4283,.F.);
#5516=ORIENTED_EDGE('',*,*,#4284,.F.);
#5517=ORIENTED_EDGE('',*,*,#4285,.T.);
#5518=ORIENTED_EDGE('',*,*,#4284,.T.);
#5519=ORIENTED_EDGE('',*,*,#4286,.F.);
#5520=ORIENTED_EDGE('',*,*,#4287,.F.);
#5521=ORIENTED_EDGE('',*,*,#4288,.T.);
#5522=ORIENTED_EDGE('',*,*,#4287,.T.);
#5523=ORIENTED_EDGE('',*,*,#4289,.F.);
#5524=ORIENTED_EDGE('',*,*,#4290,.F.);
#5525=ORIENTED_EDGE('',*,*,#4291,.T.);
#5526=ORIENTED_EDGE('',*,*,#4290,.T.);
#5527=ORIENTED_EDGE('',*,*,#4292,.F.);
#5528=ORIENTED_EDGE('',*,*,#4279,.F.);
#5529=ORIENTED_EDGE('',*,*,#4292,.T.);
#5530=ORIENTED_EDGE('',*,*,#4289,.T.);
#5531=ORIENTED_EDGE('',*,*,#4286,.T.);
#5532=ORIENTED_EDGE('',*,*,#4283,.T.);
#5533=ORIENTED_EDGE('',*,*,#4280,.T.);
#5534=ORIENTED_EDGE('',*,*,#4206,.T.);
#5535=ORIENTED_EDGE('',*,*,#4210,.T.);
#5536=ORIENTED_EDGE('',*,*,#4213,.T.);
#5537=ORIENTED_EDGE('',*,*,#4216,.T.);
#5538=ORIENTED_EDGE('',*,*,#4218,.T.);
#5539=ORIENTED_EDGE('',*,*,#4222,.T.);
#5540=ORIENTED_EDGE('',*,*,#4225,.T.);
#5541=ORIENTED_EDGE('',*,*,#4228,.T.);
#5542=ORIENTED_EDGE('',*,*,#4230,.T.);
#5543=ORIENTED_EDGE('',*,*,#4234,.T.);
#5544=ORIENTED_EDGE('',*,*,#4237,.T.);
#5545=ORIENTED_EDGE('',*,*,#4240,.T.);
#5546=ORIENTED_EDGE('',*,*,#4242,.T.);
#5547=ORIENTED_EDGE('',*,*,#4246,.T.);
#5548=ORIENTED_EDGE('',*,*,#4249,.T.);
#5549=ORIENTED_EDGE('',*,*,#4252,.T.);
#5550=ORIENTED_EDGE('',*,*,#4254,.T.);
#5551=ORIENTED_EDGE('',*,*,#4258,.T.);
#5552=ORIENTED_EDGE('',*,*,#4261,.T.);
#5553=ORIENTED_EDGE('',*,*,#4264,.T.);
#5554=ORIENTED_EDGE('',*,*,#4266,.T.);
#5555=ORIENTED_EDGE('',*,*,#4270,.T.);
#5556=ORIENTED_EDGE('',*,*,#4273,.T.);
#5557=ORIENTED_EDGE('',*,*,#4276,.T.);
#5558=ORIENTED_EDGE('',*,*,#4291,.F.);
#5559=ORIENTED_EDGE('',*,*,#4278,.F.);
#5560=ORIENTED_EDGE('',*,*,#4282,.F.);
#5561=ORIENTED_EDGE('',*,*,#4285,.F.);
#5562=ORIENTED_EDGE('',*,*,#4288,.F.);
#5563=ORIENTED_EDGE('',*,*,#4293,.T.);
#5564=ORIENTED_EDGE('',*,*,#4294,.T.);
#5565=ORIENTED_EDGE('',*,*,#4295,.F.);
#5566=ORIENTED_EDGE('',*,*,#4296,.F.);
#5567=ORIENTED_EDGE('',*,*,#4297,.T.);
#5568=ORIENTED_EDGE('',*,*,#4296,.T.);
#5569=ORIENTED_EDGE('',*,*,#4298,.F.);
#5570=ORIENTED_EDGE('',*,*,#4299,.F.);
#5571=ORIENTED_EDGE('',*,*,#4300,.T.);
#5572=ORIENTED_EDGE('',*,*,#4299,.T.);
#5573=ORIENTED_EDGE('',*,*,#4301,.F.);
#5574=ORIENTED_EDGE('',*,*,#4302,.F.);
#5575=ORIENTED_EDGE('',*,*,#4303,.T.);
#5576=ORIENTED_EDGE('',*,*,#4302,.T.);
#5577=ORIENTED_EDGE('',*,*,#4304,.F.);
#5578=ORIENTED_EDGE('',*,*,#4294,.F.);
#5579=ORIENTED_EDGE('',*,*,#4303,.F.);
#5580=ORIENTED_EDGE('',*,*,#4293,.F.);
#5581=ORIENTED_EDGE('',*,*,#4297,.F.);
#5582=ORIENTED_EDGE('',*,*,#4300,.F.);
#5583=ORIENTED_EDGE('',*,*,#4305,.T.);
#5584=ORIENTED_EDGE('',*,*,#4306,.T.);
#5585=ORIENTED_EDGE('',*,*,#4307,.F.);
#5586=ORIENTED_EDGE('',*,*,#4308,.F.);
#5587=ORIENTED_EDGE('',*,*,#4309,.T.);
#5588=ORIENTED_EDGE('',*,*,#4308,.T.);
#5589=ORIENTED_EDGE('',*,*,#4310,.F.);
#5590=ORIENTED_EDGE('',*,*,#4311,.F.);
#5591=ORIENTED_EDGE('',*,*,#4312,.T.);
#5592=ORIENTED_EDGE('',*,*,#4311,.T.);
#5593=ORIENTED_EDGE('',*,*,#4313,.F.);
#5594=ORIENTED_EDGE('',*,*,#4314,.F.);
#5595=ORIENTED_EDGE('',*,*,#4315,.T.);
#5596=ORIENTED_EDGE('',*,*,#4314,.T.);
#5597=ORIENTED_EDGE('',*,*,#4316,.F.);
#5598=ORIENTED_EDGE('',*,*,#4306,.F.);
#5599=ORIENTED_EDGE('',*,*,#4315,.F.);
#5600=ORIENTED_EDGE('',*,*,#4305,.F.);
#5601=ORIENTED_EDGE('',*,*,#4309,.F.);
#5602=ORIENTED_EDGE('',*,*,#4312,.F.);
#5603=ORIENTED_EDGE('',*,*,#4317,.T.);
#5604=ORIENTED_EDGE('',*,*,#4318,.T.);
#5605=ORIENTED_EDGE('',*,*,#4319,.F.);
#5606=ORIENTED_EDGE('',*,*,#4320,.F.);
#5607=ORIENTED_EDGE('',*,*,#4321,.T.);
#5608=ORIENTED_EDGE('',*,*,#4320,.T.);
#5609=ORIENTED_EDGE('',*,*,#4322,.F.);
#5610=ORIENTED_EDGE('',*,*,#4323,.F.);
#5611=ORIENTED_EDGE('',*,*,#4324,.T.);
#5612=ORIENTED_EDGE('',*,*,#4323,.T.);
#5613=ORIENTED_EDGE('',*,*,#4325,.F.);
#5614=ORIENTED_EDGE('',*,*,#4326,.F.);
#5615=ORIENTED_EDGE('',*,*,#4327,.T.);
#5616=ORIENTED_EDGE('',*,*,#4326,.T.);
#5617=ORIENTED_EDGE('',*,*,#4328,.F.);
#5618=ORIENTED_EDGE('',*,*,#4318,.F.);
#5619=ORIENTED_EDGE('',*,*,#4327,.F.);
#5620=ORIENTED_EDGE('',*,*,#4317,.F.);
#5621=ORIENTED_EDGE('',*,*,#4321,.F.);
#5622=ORIENTED_EDGE('',*,*,#4324,.F.);
#5623=ORIENTED_EDGE('',*,*,#4329,.T.);
#5624=ORIENTED_EDGE('',*,*,#4330,.T.);
#5625=ORIENTED_EDGE('',*,*,#4331,.F.);
#5626=ORIENTED_EDGE('',*,*,#4332,.F.);
#5627=ORIENTED_EDGE('',*,*,#4333,.T.);
#5628=ORIENTED_EDGE('',*,*,#4332,.T.);
#5629=ORIENTED_EDGE('',*,*,#4334,.F.);
#5630=ORIENTED_EDGE('',*,*,#4335,.F.);
#5631=ORIENTED_EDGE('',*,*,#4336,.T.);
#5632=ORIENTED_EDGE('',*,*,#4335,.T.);
#5633=ORIENTED_EDGE('',*,*,#4337,.F.);
#5634=ORIENTED_EDGE('',*,*,#4338,.F.);
#5635=ORIENTED_EDGE('',*,*,#4339,.T.);
#5636=ORIENTED_EDGE('',*,*,#4338,.T.);
#5637=ORIENTED_EDGE('',*,*,#4340,.F.);
#5638=ORIENTED_EDGE('',*,*,#4330,.F.);
#5639=ORIENTED_EDGE('',*,*,#4339,.F.);
#5640=ORIENTED_EDGE('',*,*,#4329,.F.);
#5641=ORIENTED_EDGE('',*,*,#4333,.F.);
#5642=ORIENTED_EDGE('',*,*,#4336,.F.);
#5643=ORIENTED_EDGE('',*,*,#4341,.T.);
#5644=ORIENTED_EDGE('',*,*,#4342,.T.);
#5645=ORIENTED_EDGE('',*,*,#4343,.F.);
#5646=ORIENTED_EDGE('',*,*,#4344,.F.);
#5647=ORIENTED_EDGE('',*,*,#4345,.T.);
#5648=ORIENTED_EDGE('',*,*,#4344,.T.);
#5649=ORIENTED_EDGE('',*,*,#4346,.F.);
#5650=ORIENTED_EDGE('',*,*,#4347,.F.);
#5651=ORIENTED_EDGE('',*,*,#4348,.T.);
#5652=ORIENTED_EDGE('',*,*,#4347,.T.);
#5653=ORIENTED_EDGE('',*,*,#4349,.F.);
#5654=ORIENTED_EDGE('',*,*,#4350,.F.);
#5655=ORIENTED_EDGE('',*,*,#4351,.T.);
#5656=ORIENTED_EDGE('',*,*,#4350,.T.);
#5657=ORIENTED_EDGE('',*,*,#4352,.F.);
#5658=ORIENTED_EDGE('',*,*,#4342,.F.);
#5659=ORIENTED_EDGE('',*,*,#4351,.F.);
#5660=ORIENTED_EDGE('',*,*,#4341,.F.);
#5661=ORIENTED_EDGE('',*,*,#4345,.F.);
#5662=ORIENTED_EDGE('',*,*,#4348,.F.);
#5663=ORIENTED_EDGE('',*,*,#4353,.T.);
#5664=ORIENTED_EDGE('',*,*,#4354,.T.);
#5665=ORIENTED_EDGE('',*,*,#4355,.F.);
#5666=ORIENTED_EDGE('',*,*,#4356,.F.);
#5667=ORIENTED_EDGE('',*,*,#4357,.T.);
#5668=ORIENTED_EDGE('',*,*,#4356,.T.);
#5669=ORIENTED_EDGE('',*,*,#4358,.F.);
#5670=ORIENTED_EDGE('',*,*,#4359,.F.);
#5671=ORIENTED_EDGE('',*,*,#4360,.T.);
#5672=ORIENTED_EDGE('',*,*,#4359,.T.);
#5673=ORIENTED_EDGE('',*,*,#4361,.F.);
#5674=ORIENTED_EDGE('',*,*,#4362,.F.);
#5675=ORIENTED_EDGE('',*,*,#4363,.T.);
#5676=ORIENTED_EDGE('',*,*,#4362,.T.);
#5677=ORIENTED_EDGE('',*,*,#4364,.F.);
#5678=ORIENTED_EDGE('',*,*,#4354,.F.);
#5679=ORIENTED_EDGE('',*,*,#4363,.F.);
#5680=ORIENTED_EDGE('',*,*,#4353,.F.);
#5681=ORIENTED_EDGE('',*,*,#4357,.F.);
#5682=ORIENTED_EDGE('',*,*,#4360,.F.);
#5683=ORIENTED_EDGE('',*,*,#4365,.T.);
#5684=ORIENTED_EDGE('',*,*,#4366,.T.);
#5685=ORIENTED_EDGE('',*,*,#4367,.F.);
#5686=ORIENTED_EDGE('',*,*,#4368,.F.);
#5687=ORIENTED_EDGE('',*,*,#4369,.T.);
#5688=ORIENTED_EDGE('',*,*,#4368,.T.);
#5689=ORIENTED_EDGE('',*,*,#4370,.F.);
#5690=ORIENTED_EDGE('',*,*,#4371,.F.);
#5691=ORIENTED_EDGE('',*,*,#4372,.T.);
#5692=ORIENTED_EDGE('',*,*,#4371,.T.);
#5693=ORIENTED_EDGE('',*,*,#4373,.F.);
#5694=ORIENTED_EDGE('',*,*,#4374,.F.);
#5695=ORIENTED_EDGE('',*,*,#4375,.T.);
#5696=ORIENTED_EDGE('',*,*,#4374,.T.);
#5697=ORIENTED_EDGE('',*,*,#4376,.F.);
#5698=ORIENTED_EDGE('',*,*,#4377,.F.);
#5699=ORIENTED_EDGE('',*,*,#4378,.T.);
#5700=ORIENTED_EDGE('',*,*,#4377,.T.);
#5701=ORIENTED_EDGE('',*,*,#4379,.F.);
#5702=ORIENTED_EDGE('',*,*,#4366,.F.);
#5703=ORIENTED_EDGE('',*,*,#4379,.T.);
#5704=ORIENTED_EDGE('',*,*,#4376,.T.);
#5705=ORIENTED_EDGE('',*,*,#4373,.T.);
#5706=ORIENTED_EDGE('',*,*,#4370,.T.);
#5707=ORIENTED_EDGE('',*,*,#4367,.T.);
#5708=ORIENTED_EDGE('',*,*,#4378,.F.);
#5709=ORIENTED_EDGE('',*,*,#4365,.F.);
#5710=ORIENTED_EDGE('',*,*,#4369,.F.);
#5711=ORIENTED_EDGE('',*,*,#4372,.F.);
#5712=ORIENTED_EDGE('',*,*,#4375,.F.);
#5713=ORIENTED_EDGE('',*,*,#4295,.T.);
#5714=ORIENTED_EDGE('',*,*,#4304,.T.);
#5715=ORIENTED_EDGE('',*,*,#4301,.T.);
#5716=ORIENTED_EDGE('',*,*,#4298,.T.);
#5717=ORIENTED_EDGE('',*,*,#4307,.T.);
#5718=ORIENTED_EDGE('',*,*,#4316,.T.);
#5719=ORIENTED_EDGE('',*,*,#4313,.T.);
#5720=ORIENTED_EDGE('',*,*,#4310,.T.);
#5721=ORIENTED_EDGE('',*,*,#4319,.T.);
#5722=ORIENTED_EDGE('',*,*,#4328,.T.);
#5723=ORIENTED_EDGE('',*,*,#4325,.T.);
#5724=ORIENTED_EDGE('',*,*,#4322,.T.);
#5725=ORIENTED_EDGE('',*,*,#4331,.T.);
#5726=ORIENTED_EDGE('',*,*,#4340,.T.);
#5727=ORIENTED_EDGE('',*,*,#4337,.T.);
#5728=ORIENTED_EDGE('',*,*,#4334,.T.);
#5729=ORIENTED_EDGE('',*,*,#4343,.T.);
#5730=ORIENTED_EDGE('',*,*,#4352,.T.);
#5731=ORIENTED_EDGE('',*,*,#4349,.T.);
#5732=ORIENTED_EDGE('',*,*,#4346,.T.);
#5733=ORIENTED_EDGE('',*,*,#4355,.T.);
#5734=ORIENTED_EDGE('',*,*,#4364,.T.);
#5735=ORIENTED_EDGE('',*,*,#4361,.T.);
#5736=ORIENTED_EDGE('',*,*,#4358,.T.);
#5737=ORIENTED_EDGE('',*,*,#4380,.T.);
#5738=ORIENTED_EDGE('',*,*,#4381,.T.);
#5739=ORIENTED_EDGE('',*,*,#4382,.F.);
#5740=ORIENTED_EDGE('',*,*,#4383,.F.);
#5741=ORIENTED_EDGE('',*,*,#4384,.T.);
#5742=ORIENTED_EDGE('',*,*,#4383,.T.);
#5743=ORIENTED_EDGE('',*,*,#4385,.F.);
#5744=ORIENTED_EDGE('',*,*,#4386,.F.);
#5745=ORIENTED_EDGE('',*,*,#4387,.T.);
#5746=ORIENTED_EDGE('',*,*,#4386,.T.);
#5747=ORIENTED_EDGE('',*,*,#4388,.F.);
#5748=ORIENTED_EDGE('',*,*,#4389,.F.);
#5749=ORIENTED_EDGE('',*,*,#4390,.T.);
#5750=ORIENTED_EDGE('',*,*,#4389,.T.);
#5751=ORIENTED_EDGE('',*,*,#4391,.F.);
#5752=ORIENTED_EDGE('',*,*,#4381,.F.);
#5753=ORIENTED_EDGE('',*,*,#4391,.T.);
#5754=ORIENTED_EDGE('',*,*,#4388,.T.);
#5755=ORIENTED_EDGE('',*,*,#4385,.T.);
#5756=ORIENTED_EDGE('',*,*,#4382,.T.);
#5757=ORIENTED_EDGE('',*,*,#4390,.F.);
#5758=ORIENTED_EDGE('',*,*,#4380,.F.);
#5759=ORIENTED_EDGE('',*,*,#4384,.F.);
#5760=ORIENTED_EDGE('',*,*,#4387,.F.);
#5761=ORIENTED_EDGE('',*,*,#4392,.T.);
#5762=ORIENTED_EDGE('',*,*,#4393,.T.);
#5763=ORIENTED_EDGE('',*,*,#4394,.F.);
#5764=ORIENTED_EDGE('',*,*,#4395,.F.);
#5765=ORIENTED_EDGE('',*,*,#4396,.T.);
#5766=ORIENTED_EDGE('',*,*,#4395,.T.);
#5767=ORIENTED_EDGE('',*,*,#4397,.F.);
#5768=ORIENTED_EDGE('',*,*,#4398,.F.);
#5769=ORIENTED_EDGE('',*,*,#4399,.T.);
#5770=ORIENTED_EDGE('',*,*,#4398,.T.);
#5771=ORIENTED_EDGE('',*,*,#4400,.F.);
#5772=ORIENTED_EDGE('',*,*,#4401,.F.);
#5773=ORIENTED_EDGE('',*,*,#4402,.T.);
#5774=ORIENTED_EDGE('',*,*,#4401,.T.);
#5775=ORIENTED_EDGE('',*,*,#4403,.F.);
#5776=ORIENTED_EDGE('',*,*,#4393,.F.);
#5777=ORIENTED_EDGE('',*,*,#4403,.T.);
#5778=ORIENTED_EDGE('',*,*,#4400,.T.);
#5779=ORIENTED_EDGE('',*,*,#4397,.T.);
#5780=ORIENTED_EDGE('',*,*,#4394,.T.);
#5781=ORIENTED_EDGE('',*,*,#4402,.F.);
#5782=ORIENTED_EDGE('',*,*,#4392,.F.);
#5783=ORIENTED_EDGE('',*,*,#4396,.F.);
#5784=ORIENTED_EDGE('',*,*,#4399,.F.);
#5785=ORIENTED_EDGE('',*,*,#4404,.T.);
#5786=ORIENTED_EDGE('',*,*,#4405,.T.);
#5787=ORIENTED_EDGE('',*,*,#4406,.F.);
#5788=ORIENTED_EDGE('',*,*,#4407,.F.);
#5789=ORIENTED_EDGE('',*,*,#4408,.T.);
#5790=ORIENTED_EDGE('',*,*,#4407,.T.);
#5791=ORIENTED_EDGE('',*,*,#4409,.F.);
#5792=ORIENTED_EDGE('',*,*,#4410,.F.);
#5793=ORIENTED_EDGE('',*,*,#4411,.T.);
#5794=ORIENTED_EDGE('',*,*,#4410,.T.);
#5795=ORIENTED_EDGE('',*,*,#4412,.F.);
#5796=ORIENTED_EDGE('',*,*,#4413,.F.);
#5797=ORIENTED_EDGE('',*,*,#4414,.T.);
#5798=ORIENTED_EDGE('',*,*,#4413,.T.);
#5799=ORIENTED_EDGE('',*,*,#4415,.F.);
#5800=ORIENTED_EDGE('',*,*,#4405,.F.);
#5801=ORIENTED_EDGE('',*,*,#4415,.T.);
#5802=ORIENTED_EDGE('',*,*,#4412,.T.);
#5803=ORIENTED_EDGE('',*,*,#4409,.T.);
#5804=ORIENTED_EDGE('',*,*,#4406,.T.);
#5805=ORIENTED_EDGE('',*,*,#4414,.F.);
#5806=ORIENTED_EDGE('',*,*,#4404,.F.);
#5807=ORIENTED_EDGE('',*,*,#4408,.F.);
#5808=ORIENTED_EDGE('',*,*,#4411,.F.);
#5809=ORIENTED_EDGE('',*,*,#4416,.T.);
#5810=ORIENTED_EDGE('',*,*,#4417,.T.);
#5811=ORIENTED_EDGE('',*,*,#4418,.F.);
#5812=ORIENTED_EDGE('',*,*,#4419,.F.);
#5813=ORIENTED_EDGE('',*,*,#4420,.T.);
#5814=ORIENTED_EDGE('',*,*,#4419,.T.);
#5815=ORIENTED_EDGE('',*,*,#4421,.F.);
#5816=ORIENTED_EDGE('',*,*,#4422,.F.);
#5817=ORIENTED_EDGE('',*,*,#4423,.T.);
#5818=ORIENTED_EDGE('',*,*,#4422,.T.);
#5819=ORIENTED_EDGE('',*,*,#4424,.F.);
#5820=ORIENTED_EDGE('',*,*,#4425,.F.);
#5821=ORIENTED_EDGE('',*,*,#4426,.T.);
#5822=ORIENTED_EDGE('',*,*,#4425,.T.);
#5823=ORIENTED_EDGE('',*,*,#4427,.F.);
#5824=ORIENTED_EDGE('',*,*,#4417,.F.);
#5825=ORIENTED_EDGE('',*,*,#4427,.T.);
#5826=ORIENTED_EDGE('',*,*,#4424,.T.);
#5827=ORIENTED_EDGE('',*,*,#4421,.T.);
#5828=ORIENTED_EDGE('',*,*,#4418,.T.);
#5829=ORIENTED_EDGE('',*,*,#4426,.F.);
#5830=ORIENTED_EDGE('',*,*,#4416,.F.);
#5831=ORIENTED_EDGE('',*,*,#4420,.F.);
#5832=ORIENTED_EDGE('',*,*,#4423,.F.);
#5833=ORIENTED_EDGE('',*,*,#4428,.T.);
#5834=ORIENTED_EDGE('',*,*,#4429,.T.);
#5835=ORIENTED_EDGE('',*,*,#4430,.F.);
#5836=ORIENTED_EDGE('',*,*,#4431,.F.);
#5837=ORIENTED_EDGE('',*,*,#4432,.T.);
#5838=ORIENTED_EDGE('',*,*,#4431,.T.);
#5839=ORIENTED_EDGE('',*,*,#4433,.F.);
#5840=ORIENTED_EDGE('',*,*,#4434,.F.);
#5841=ORIENTED_EDGE('',*,*,#4435,.T.);
#5842=ORIENTED_EDGE('',*,*,#4434,.T.);
#5843=ORIENTED_EDGE('',*,*,#4436,.F.);
#5844=ORIENTED_EDGE('',*,*,#4437,.F.);
#5845=ORIENTED_EDGE('',*,*,#4438,.T.);
#5846=ORIENTED_EDGE('',*,*,#4437,.T.);
#5847=ORIENTED_EDGE('',*,*,#4439,.F.);
#5848=ORIENTED_EDGE('',*,*,#4429,.F.);
#5849=ORIENTED_EDGE('',*,*,#4439,.T.);
#5850=ORIENTED_EDGE('',*,*,#4436,.T.);
#5851=ORIENTED_EDGE('',*,*,#4433,.T.);
#5852=ORIENTED_EDGE('',*,*,#4430,.T.);
#5853=ORIENTED_EDGE('',*,*,#4438,.F.);
#5854=ORIENTED_EDGE('',*,*,#4428,.F.);
#5855=ORIENTED_EDGE('',*,*,#4432,.F.);
#5856=ORIENTED_EDGE('',*,*,#4435,.F.);
#5857=ORIENTED_EDGE('',*,*,#4440,.T.);
#5858=ORIENTED_EDGE('',*,*,#4441,.T.);
#5859=ORIENTED_EDGE('',*,*,#4442,.F.);
#5860=ORIENTED_EDGE('',*,*,#4443,.F.);
#5861=ORIENTED_EDGE('',*,*,#4444,.T.);
#5862=ORIENTED_EDGE('',*,*,#4443,.T.);
#5863=ORIENTED_EDGE('',*,*,#4445,.F.);
#5864=ORIENTED_EDGE('',*,*,#4446,.F.);
#5865=ORIENTED_EDGE('',*,*,#4447,.T.);
#5866=ORIENTED_EDGE('',*,*,#4446,.T.);
#5867=ORIENTED_EDGE('',*,*,#4448,.F.);
#5868=ORIENTED_EDGE('',*,*,#4449,.F.);
#5869=ORIENTED_EDGE('',*,*,#4450,.T.);
#5870=ORIENTED_EDGE('',*,*,#4449,.T.);
#5871=ORIENTED_EDGE('',*,*,#4451,.F.);
#5872=ORIENTED_EDGE('',*,*,#4441,.F.);
#5873=ORIENTED_EDGE('',*,*,#4451,.T.);
#5874=ORIENTED_EDGE('',*,*,#4448,.T.);
#5875=ORIENTED_EDGE('',*,*,#4445,.T.);
#5876=ORIENTED_EDGE('',*,*,#4442,.T.);
#5877=ORIENTED_EDGE('',*,*,#4450,.F.);
#5878=ORIENTED_EDGE('',*,*,#4440,.F.);
#5879=ORIENTED_EDGE('',*,*,#4444,.F.);
#5880=ORIENTED_EDGE('',*,*,#4447,.F.);
#5881=ORIENTED_EDGE('',*,*,#4452,.T.);
#5882=ORIENTED_EDGE('',*,*,#4453,.T.);
#5883=ORIENTED_EDGE('',*,*,#4454,.F.);
#5884=ORIENTED_EDGE('',*,*,#4455,.F.);
#5885=ORIENTED_EDGE('',*,*,#4456,.T.);
#5886=ORIENTED_EDGE('',*,*,#4455,.T.);
#5887=ORIENTED_EDGE('',*,*,#4457,.F.);
#5888=ORIENTED_EDGE('',*,*,#4458,.F.);
#5889=ORIENTED_EDGE('',*,*,#4459,.T.);
#5890=ORIENTED_EDGE('',*,*,#4458,.T.);
#5891=ORIENTED_EDGE('',*,*,#4460,.F.);
#5892=ORIENTED_EDGE('',*,*,#4461,.F.);
#5893=ORIENTED_EDGE('',*,*,#4462,.T.);
#5894=ORIENTED_EDGE('',*,*,#4461,.T.);
#5895=ORIENTED_EDGE('',*,*,#4463,.F.);
#5896=ORIENTED_EDGE('',*,*,#4453,.F.);
#5897=ORIENTED_EDGE('',*,*,#4463,.T.);
#5898=ORIENTED_EDGE('',*,*,#4460,.T.);
#5899=ORIENTED_EDGE('',*,*,#4457,.T.);
#5900=ORIENTED_EDGE('',*,*,#4454,.T.);
#5901=ORIENTED_EDGE('',*,*,#4462,.F.);
#5902=ORIENTED_EDGE('',*,*,#4452,.F.);
#5903=ORIENTED_EDGE('',*,*,#4456,.F.);
#5904=ORIENTED_EDGE('',*,*,#4459,.F.);
#5905=ORIENTED_EDGE('',*,*,#4464,.T.);
#5906=ORIENTED_EDGE('',*,*,#4465,.T.);
#5907=ORIENTED_EDGE('',*,*,#4466,.F.);
#5908=ORIENTED_EDGE('',*,*,#4467,.F.);
#5909=ORIENTED_EDGE('',*,*,#4468,.T.);
#5910=ORIENTED_EDGE('',*,*,#4467,.T.);
#5911=ORIENTED_EDGE('',*,*,#4469,.F.);
#5912=ORIENTED_EDGE('',*,*,#4470,.F.);
#5913=ORIENTED_EDGE('',*,*,#4471,.T.);
#5914=ORIENTED_EDGE('',*,*,#4470,.T.);
#5915=ORIENTED_EDGE('',*,*,#4472,.F.);
#5916=ORIENTED_EDGE('',*,*,#4473,.F.);
#5917=ORIENTED_EDGE('',*,*,#4474,.T.);
#5918=ORIENTED_EDGE('',*,*,#4473,.T.);
#5919=ORIENTED_EDGE('',*,*,#4475,.F.);
#5920=ORIENTED_EDGE('',*,*,#4465,.F.);
#5921=ORIENTED_EDGE('',*,*,#4475,.T.);
#5922=ORIENTED_EDGE('',*,*,#4472,.T.);
#5923=ORIENTED_EDGE('',*,*,#4469,.T.);
#5924=ORIENTED_EDGE('',*,*,#4466,.T.);
#5925=ORIENTED_EDGE('',*,*,#4474,.F.);
#5926=ORIENTED_EDGE('',*,*,#4464,.F.);
#5927=ORIENTED_EDGE('',*,*,#4468,.F.);
#5928=ORIENTED_EDGE('',*,*,#4471,.F.);
#5929=ORIENTED_EDGE('',*,*,#4476,.T.);
#5930=ORIENTED_EDGE('',*,*,#4477,.T.);
#5931=ORIENTED_EDGE('',*,*,#4478,.F.);
#5932=ORIENTED_EDGE('',*,*,#4479,.F.);
#5933=ORIENTED_EDGE('',*,*,#4480,.T.);
#5934=ORIENTED_EDGE('',*,*,#4479,.T.);
#5935=ORIENTED_EDGE('',*,*,#4481,.F.);
#5936=ORIENTED_EDGE('',*,*,#4482,.F.);
#5937=ORIENTED_EDGE('',*,*,#4483,.T.);
#5938=ORIENTED_EDGE('',*,*,#4482,.T.);
#5939=ORIENTED_EDGE('',*,*,#4484,.F.);
#5940=ORIENTED_EDGE('',*,*,#4485,.F.);
#5941=ORIENTED_EDGE('',*,*,#4486,.T.);
#5942=ORIENTED_EDGE('',*,*,#4485,.T.);
#5943=ORIENTED_EDGE('',*,*,#4487,.F.);
#5944=ORIENTED_EDGE('',*,*,#4477,.F.);
#5945=ORIENTED_EDGE('',*,*,#4487,.T.);
#5946=ORIENTED_EDGE('',*,*,#4484,.T.);
#5947=ORIENTED_EDGE('',*,*,#4481,.T.);
#5948=ORIENTED_EDGE('',*,*,#4478,.T.);
#5949=ORIENTED_EDGE('',*,*,#4486,.F.);
#5950=ORIENTED_EDGE('',*,*,#4476,.F.);
#5951=ORIENTED_EDGE('',*,*,#4480,.F.);
#5952=ORIENTED_EDGE('',*,*,#4483,.F.);
#5953=ORIENTED_EDGE('',*,*,#4488,.T.);
#5954=ORIENTED_EDGE('',*,*,#4489,.T.);
#5955=ORIENTED_EDGE('',*,*,#4490,.F.);
#5956=ORIENTED_EDGE('',*,*,#4491,.F.);
#5957=ORIENTED_EDGE('',*,*,#4492,.T.);
#5958=ORIENTED_EDGE('',*,*,#4491,.T.);
#5959=ORIENTED_EDGE('',*,*,#4493,.F.);
#5960=ORIENTED_EDGE('',*,*,#4494,.F.);
#5961=ORIENTED_EDGE('',*,*,#4495,.T.);
#5962=ORIENTED_EDGE('',*,*,#4494,.T.);
#5963=ORIENTED_EDGE('',*,*,#4496,.F.);
#5964=ORIENTED_EDGE('',*,*,#4497,.F.);
#5965=ORIENTED_EDGE('',*,*,#4498,.T.);
#5966=ORIENTED_EDGE('',*,*,#4497,.T.);
#5967=ORIENTED_EDGE('',*,*,#4499,.F.);
#5968=ORIENTED_EDGE('',*,*,#4489,.F.);
#5969=ORIENTED_EDGE('',*,*,#4499,.T.);
#5970=ORIENTED_EDGE('',*,*,#4496,.T.);
#5971=ORIENTED_EDGE('',*,*,#4493,.T.);
#5972=ORIENTED_EDGE('',*,*,#4490,.T.);
#5973=ORIENTED_EDGE('',*,*,#4498,.F.);
#5974=ORIENTED_EDGE('',*,*,#4488,.F.);
#5975=ORIENTED_EDGE('',*,*,#4492,.F.);
#5976=ORIENTED_EDGE('',*,*,#4495,.F.);
#5977=ORIENTED_EDGE('',*,*,#4500,.T.);
#5978=ORIENTED_EDGE('',*,*,#4501,.T.);
#5979=ORIENTED_EDGE('',*,*,#4502,.F.);
#5980=ORIENTED_EDGE('',*,*,#4503,.F.);
#5981=ORIENTED_EDGE('',*,*,#4504,.T.);
#5982=ORIENTED_EDGE('',*,*,#4503,.T.);
#5983=ORIENTED_EDGE('',*,*,#4505,.F.);
#5984=ORIENTED_EDGE('',*,*,#4506,.F.);
#5985=ORIENTED_EDGE('',*,*,#4507,.T.);
#5986=ORIENTED_EDGE('',*,*,#4506,.T.);
#5987=ORIENTED_EDGE('',*,*,#4508,.F.);
#5988=ORIENTED_EDGE('',*,*,#4509,.F.);
#5989=ORIENTED_EDGE('',*,*,#4510,.T.);
#5990=ORIENTED_EDGE('',*,*,#4509,.T.);
#5991=ORIENTED_EDGE('',*,*,#4511,.F.);
#5992=ORIENTED_EDGE('',*,*,#4501,.F.);
#5993=ORIENTED_EDGE('',*,*,#4511,.T.);
#5994=ORIENTED_EDGE('',*,*,#4508,.T.);
#5995=ORIENTED_EDGE('',*,*,#4505,.T.);
#5996=ORIENTED_EDGE('',*,*,#4502,.T.);
#5997=ORIENTED_EDGE('',*,*,#4510,.F.);
#5998=ORIENTED_EDGE('',*,*,#4500,.F.);
#5999=ORIENTED_EDGE('',*,*,#4504,.F.);
#6000=ORIENTED_EDGE('',*,*,#4507,.F.);
#6001=ORIENTED_EDGE('',*,*,#4512,.T.);
#6002=ORIENTED_EDGE('',*,*,#4513,.T.);
#6003=ORIENTED_EDGE('',*,*,#4514,.F.);
#6004=ORIENTED_EDGE('',*,*,#4515,.F.);
#6005=ORIENTED_EDGE('',*,*,#4516,.T.);
#6006=ORIENTED_EDGE('',*,*,#4515,.T.);
#6007=ORIENTED_EDGE('',*,*,#4517,.F.);
#6008=ORIENTED_EDGE('',*,*,#4518,.F.);
#6009=ORIENTED_EDGE('',*,*,#4519,.T.);
#6010=ORIENTED_EDGE('',*,*,#4518,.T.);
#6011=ORIENTED_EDGE('',*,*,#4520,.F.);
#6012=ORIENTED_EDGE('',*,*,#4521,.F.);
#6013=ORIENTED_EDGE('',*,*,#4522,.T.);
#6014=ORIENTED_EDGE('',*,*,#4521,.T.);
#6015=ORIENTED_EDGE('',*,*,#4523,.F.);
#6016=ORIENTED_EDGE('',*,*,#4513,.F.);
#6017=ORIENTED_EDGE('',*,*,#4523,.T.);
#6018=ORIENTED_EDGE('',*,*,#4520,.T.);
#6019=ORIENTED_EDGE('',*,*,#4517,.T.);
#6020=ORIENTED_EDGE('',*,*,#4514,.T.);
#6021=ORIENTED_EDGE('',*,*,#4522,.F.);
#6022=ORIENTED_EDGE('',*,*,#4512,.F.);
#6023=ORIENTED_EDGE('',*,*,#4516,.F.);
#6024=ORIENTED_EDGE('',*,*,#4519,.F.);
#6025=ORIENTED_EDGE('',*,*,#4524,.T.);
#6026=ORIENTED_EDGE('',*,*,#4525,.T.);
#6027=ORIENTED_EDGE('',*,*,#4526,.F.);
#6028=ORIENTED_EDGE('',*,*,#4527,.F.);
#6029=ORIENTED_EDGE('',*,*,#4528,.T.);
#6030=ORIENTED_EDGE('',*,*,#4527,.T.);
#6031=ORIENTED_EDGE('',*,*,#4529,.F.);
#6032=ORIENTED_EDGE('',*,*,#4530,.F.);
#6033=ORIENTED_EDGE('',*,*,#4531,.T.);
#6034=ORIENTED_EDGE('',*,*,#4530,.T.);
#6035=ORIENTED_EDGE('',*,*,#4532,.F.);
#6036=ORIENTED_EDGE('',*,*,#4533,.F.);
#6037=ORIENTED_EDGE('',*,*,#4534,.T.);
#6038=ORIENTED_EDGE('',*,*,#4533,.T.);
#6039=ORIENTED_EDGE('',*,*,#4535,.F.);
#6040=ORIENTED_EDGE('',*,*,#4525,.F.);
#6041=ORIENTED_EDGE('',*,*,#4535,.T.);
#6042=ORIENTED_EDGE('',*,*,#4532,.T.);
#6043=ORIENTED_EDGE('',*,*,#4529,.T.);
#6044=ORIENTED_EDGE('',*,*,#4526,.T.);
#6045=ORIENTED_EDGE('',*,*,#4534,.F.);
#6046=ORIENTED_EDGE('',*,*,#4524,.F.);
#6047=ORIENTED_EDGE('',*,*,#4528,.F.);
#6048=ORIENTED_EDGE('',*,*,#4531,.F.);
#6049=ORIENTED_EDGE('',*,*,#4536,.T.);
#6050=ORIENTED_EDGE('',*,*,#4537,.T.);
#6051=ORIENTED_EDGE('',*,*,#4538,.F.);
#6052=ORIENTED_EDGE('',*,*,#4539,.F.);
#6053=ORIENTED_EDGE('',*,*,#4540,.T.);
#6054=ORIENTED_EDGE('',*,*,#4539,.T.);
#6055=ORIENTED_EDGE('',*,*,#4541,.F.);
#6056=ORIENTED_EDGE('',*,*,#4542,.F.);
#6057=ORIENTED_EDGE('',*,*,#4543,.T.);
#6058=ORIENTED_EDGE('',*,*,#4542,.T.);
#6059=ORIENTED_EDGE('',*,*,#4544,.F.);
#6060=ORIENTED_EDGE('',*,*,#4545,.F.);
#6061=ORIENTED_EDGE('',*,*,#4546,.T.);
#6062=ORIENTED_EDGE('',*,*,#4545,.T.);
#6063=ORIENTED_EDGE('',*,*,#4547,.F.);
#6064=ORIENTED_EDGE('',*,*,#4537,.F.);
#6065=ORIENTED_EDGE('',*,*,#4547,.T.);
#6066=ORIENTED_EDGE('',*,*,#4544,.T.);
#6067=ORIENTED_EDGE('',*,*,#4541,.T.);
#6068=ORIENTED_EDGE('',*,*,#4538,.T.);
#6069=ORIENTED_EDGE('',*,*,#4546,.F.);
#6070=ORIENTED_EDGE('',*,*,#4536,.F.);
#6071=ORIENTED_EDGE('',*,*,#4540,.F.);
#6072=ORIENTED_EDGE('',*,*,#4543,.F.);
#6073=ORIENTED_EDGE('',*,*,#4548,.T.);
#6074=ORIENTED_EDGE('',*,*,#4549,.T.);
#6075=ORIENTED_EDGE('',*,*,#4550,.F.);
#6076=ORIENTED_EDGE('',*,*,#4551,.F.);
#6077=ORIENTED_EDGE('',*,*,#4552,.T.);
#6078=ORIENTED_EDGE('',*,*,#4551,.T.);
#6079=ORIENTED_EDGE('',*,*,#4553,.F.);
#6080=ORIENTED_EDGE('',*,*,#4554,.F.);
#6081=ORIENTED_EDGE('',*,*,#4555,.T.);
#6082=ORIENTED_EDGE('',*,*,#4554,.T.);
#6083=ORIENTED_EDGE('',*,*,#4556,.F.);
#6084=ORIENTED_EDGE('',*,*,#4557,.F.);
#6085=ORIENTED_EDGE('',*,*,#4558,.T.);
#6086=ORIENTED_EDGE('',*,*,#4557,.T.);
#6087=ORIENTED_EDGE('',*,*,#4559,.F.);
#6088=ORIENTED_EDGE('',*,*,#4549,.F.);
#6089=ORIENTED_EDGE('',*,*,#4559,.T.);
#6090=ORIENTED_EDGE('',*,*,#4556,.T.);
#6091=ORIENTED_EDGE('',*,*,#4553,.T.);
#6092=ORIENTED_EDGE('',*,*,#4550,.T.);
#6093=ORIENTED_EDGE('',*,*,#4558,.F.);
#6094=ORIENTED_EDGE('',*,*,#4548,.F.);
#6095=ORIENTED_EDGE('',*,*,#4552,.F.);
#6096=ORIENTED_EDGE('',*,*,#4555,.F.);
#6097=ORIENTED_EDGE('',*,*,#4560,.T.);
#6098=ORIENTED_EDGE('',*,*,#4561,.T.);
#6099=ORIENTED_EDGE('',*,*,#4562,.F.);
#6100=ORIENTED_EDGE('',*,*,#4563,.F.);
#6101=ORIENTED_EDGE('',*,*,#4564,.T.);
#6102=ORIENTED_EDGE('',*,*,#4563,.T.);
#6103=ORIENTED_EDGE('',*,*,#4565,.F.);
#6104=ORIENTED_EDGE('',*,*,#4566,.F.);
#6105=ORIENTED_EDGE('',*,*,#4567,.T.);
#6106=ORIENTED_EDGE('',*,*,#4566,.T.);
#6107=ORIENTED_EDGE('',*,*,#4568,.F.);
#6108=ORIENTED_EDGE('',*,*,#4569,.F.);
#6109=ORIENTED_EDGE('',*,*,#4570,.T.);
#6110=ORIENTED_EDGE('',*,*,#4569,.T.);
#6111=ORIENTED_EDGE('',*,*,#4571,.F.);
#6112=ORIENTED_EDGE('',*,*,#4561,.F.);
#6113=ORIENTED_EDGE('',*,*,#4571,.T.);
#6114=ORIENTED_EDGE('',*,*,#4568,.T.);
#6115=ORIENTED_EDGE('',*,*,#4565,.T.);
#6116=ORIENTED_EDGE('',*,*,#4562,.T.);
#6117=ORIENTED_EDGE('',*,*,#4570,.F.);
#6118=ORIENTED_EDGE('',*,*,#4560,.F.);
#6119=ORIENTED_EDGE('',*,*,#4564,.F.);
#6120=ORIENTED_EDGE('',*,*,#4567,.F.);
#6121=ORIENTED_EDGE('',*,*,#4572,.T.);
#6122=ORIENTED_EDGE('',*,*,#4573,.T.);
#6123=ORIENTED_EDGE('',*,*,#4574,.F.);
#6124=ORIENTED_EDGE('',*,*,#4575,.F.);
#6125=ORIENTED_EDGE('',*,*,#4576,.T.);
#6126=ORIENTED_EDGE('',*,*,#4575,.T.);
#6127=ORIENTED_EDGE('',*,*,#4577,.F.);
#6128=ORIENTED_EDGE('',*,*,#4578,.F.);
#6129=ORIENTED_EDGE('',*,*,#4579,.T.);
#6130=ORIENTED_EDGE('',*,*,#4578,.T.);
#6131=ORIENTED_EDGE('',*,*,#4580,.F.);
#6132=ORIENTED_EDGE('',*,*,#4581,.F.);
#6133=ORIENTED_EDGE('',*,*,#4582,.T.);
#6134=ORIENTED_EDGE('',*,*,#4581,.T.);
#6135=ORIENTED_EDGE('',*,*,#4583,.F.);
#6136=ORIENTED_EDGE('',*,*,#4573,.F.);
#6137=ORIENTED_EDGE('',*,*,#4583,.T.);
#6138=ORIENTED_EDGE('',*,*,#4580,.T.);
#6139=ORIENTED_EDGE('',*,*,#4577,.T.);
#6140=ORIENTED_EDGE('',*,*,#4574,.T.);
#6141=ORIENTED_EDGE('',*,*,#4582,.F.);
#6142=ORIENTED_EDGE('',*,*,#4572,.F.);
#6143=ORIENTED_EDGE('',*,*,#4576,.F.);
#6144=ORIENTED_EDGE('',*,*,#4579,.F.);
#6145=ORIENTED_EDGE('',*,*,#4584,.T.);
#6146=ORIENTED_EDGE('',*,*,#4585,.T.);
#6147=ORIENTED_EDGE('',*,*,#4586,.F.);
#6148=ORIENTED_EDGE('',*,*,#4587,.F.);
#6149=ORIENTED_EDGE('',*,*,#4588,.T.);
#6150=ORIENTED_EDGE('',*,*,#4587,.T.);
#6151=ORIENTED_EDGE('',*,*,#4589,.F.);
#6152=ORIENTED_EDGE('',*,*,#4590,.F.);
#6153=ORIENTED_EDGE('',*,*,#4591,.T.);
#6154=ORIENTED_EDGE('',*,*,#4590,.T.);
#6155=ORIENTED_EDGE('',*,*,#4592,.F.);
#6156=ORIENTED_EDGE('',*,*,#4593,.F.);
#6157=ORIENTED_EDGE('',*,*,#4594,.T.);
#6158=ORIENTED_EDGE('',*,*,#4593,.T.);
#6159=ORIENTED_EDGE('',*,*,#4595,.F.);
#6160=ORIENTED_EDGE('',*,*,#4585,.F.);
#6161=ORIENTED_EDGE('',*,*,#4595,.T.);
#6162=ORIENTED_EDGE('',*,*,#4592,.T.);
#6163=ORIENTED_EDGE('',*,*,#4589,.T.);
#6164=ORIENTED_EDGE('',*,*,#4586,.T.);
#6165=ORIENTED_EDGE('',*,*,#4594,.F.);
#6166=ORIENTED_EDGE('',*,*,#4584,.F.);
#6167=ORIENTED_EDGE('',*,*,#4588,.F.);
#6168=ORIENTED_EDGE('',*,*,#4591,.F.);
#6169=ORIENTED_EDGE('',*,*,#4596,.T.);
#6170=ORIENTED_EDGE('',*,*,#4597,.T.);
#6171=ORIENTED_EDGE('',*,*,#4598,.F.);
#6172=ORIENTED_EDGE('',*,*,#4599,.F.);
#6173=ORIENTED_EDGE('',*,*,#4600,.T.);
#6174=ORIENTED_EDGE('',*,*,#4599,.T.);
#6175=ORIENTED_EDGE('',*,*,#4601,.F.);
#6176=ORIENTED_EDGE('',*,*,#4602,.F.);
#6177=ORIENTED_EDGE('',*,*,#4603,.T.);
#6178=ORIENTED_EDGE('',*,*,#4602,.T.);
#6179=ORIENTED_EDGE('',*,*,#4604,.F.);
#6180=ORIENTED_EDGE('',*,*,#4605,.F.);
#6181=ORIENTED_EDGE('',*,*,#4606,.T.);
#6182=ORIENTED_EDGE('',*,*,#4605,.T.);
#6183=ORIENTED_EDGE('',*,*,#4607,.F.);
#6184=ORIENTED_EDGE('',*,*,#4597,.F.);
#6185=ORIENTED_EDGE('',*,*,#4607,.T.);
#6186=ORIENTED_EDGE('',*,*,#4604,.T.);
#6187=ORIENTED_EDGE('',*,*,#4601,.T.);
#6188=ORIENTED_EDGE('',*,*,#4598,.T.);
#6189=ORIENTED_EDGE('',*,*,#4606,.F.);
#6190=ORIENTED_EDGE('',*,*,#4596,.F.);
#6191=ORIENTED_EDGE('',*,*,#4600,.F.);
#6192=ORIENTED_EDGE('',*,*,#4603,.F.);
#6193=ORIENTED_EDGE('',*,*,#4608,.T.);
#6194=ORIENTED_EDGE('',*,*,#4609,.T.);
#6195=ORIENTED_EDGE('',*,*,#4610,.F.);
#6196=ORIENTED_EDGE('',*,*,#4611,.F.);
#6197=ORIENTED_EDGE('',*,*,#4612,.T.);
#6198=ORIENTED_EDGE('',*,*,#4611,.T.);
#6199=ORIENTED_EDGE('',*,*,#4613,.F.);
#6200=ORIENTED_EDGE('',*,*,#4614,.F.);
#6201=ORIENTED_EDGE('',*,*,#4615,.T.);
#6202=ORIENTED_EDGE('',*,*,#4614,.T.);
#6203=ORIENTED_EDGE('',*,*,#4616,.F.);
#6204=ORIENTED_EDGE('',*,*,#4617,.F.);
#6205=ORIENTED_EDGE('',*,*,#4618,.T.);
#6206=ORIENTED_EDGE('',*,*,#4617,.T.);
#6207=ORIENTED_EDGE('',*,*,#4619,.F.);
#6208=ORIENTED_EDGE('',*,*,#4609,.F.);
#6209=ORIENTED_EDGE('',*,*,#4619,.T.);
#6210=ORIENTED_EDGE('',*,*,#4616,.T.);
#6211=ORIENTED_EDGE('',*,*,#4613,.T.);
#6212=ORIENTED_EDGE('',*,*,#4610,.T.);
#6213=ORIENTED_EDGE('',*,*,#4618,.F.);
#6214=ORIENTED_EDGE('',*,*,#4608,.F.);
#6215=ORIENTED_EDGE('',*,*,#4612,.F.);
#6216=ORIENTED_EDGE('',*,*,#4615,.F.);
#6217=ORIENTED_EDGE('',*,*,#4620,.T.);
#6218=ORIENTED_EDGE('',*,*,#4621,.T.);
#6219=ORIENTED_EDGE('',*,*,#4622,.F.);
#6220=ORIENTED_EDGE('',*,*,#4623,.F.);
#6221=ORIENTED_EDGE('',*,*,#4624,.T.);
#6222=ORIENTED_EDGE('',*,*,#4623,.T.);
#6223=ORIENTED_EDGE('',*,*,#4625,.F.);
#6224=ORIENTED_EDGE('',*,*,#4626,.F.);
#6225=ORIENTED_EDGE('',*,*,#4627,.T.);
#6226=ORIENTED_EDGE('',*,*,#4626,.T.);
#6227=ORIENTED_EDGE('',*,*,#4628,.F.);
#6228=ORIENTED_EDGE('',*,*,#4629,.F.);
#6229=ORIENTED_EDGE('',*,*,#4630,.T.);
#6230=ORIENTED_EDGE('',*,*,#4629,.T.);
#6231=ORIENTED_EDGE('',*,*,#4631,.F.);
#6232=ORIENTED_EDGE('',*,*,#4621,.F.);
#6233=ORIENTED_EDGE('',*,*,#4631,.T.);
#6234=ORIENTED_EDGE('',*,*,#4628,.T.);
#6235=ORIENTED_EDGE('',*,*,#4625,.T.);
#6236=ORIENTED_EDGE('',*,*,#4622,.T.);
#6237=ORIENTED_EDGE('',*,*,#4630,.F.);
#6238=ORIENTED_EDGE('',*,*,#4620,.F.);
#6239=ORIENTED_EDGE('',*,*,#4624,.F.);
#6240=ORIENTED_EDGE('',*,*,#4627,.F.);
#6241=ORIENTED_EDGE('',*,*,#4632,.T.);
#6242=ORIENTED_EDGE('',*,*,#4633,.T.);
#6243=ORIENTED_EDGE('',*,*,#4634,.F.);
#6244=ORIENTED_EDGE('',*,*,#4635,.F.);
#6245=ORIENTED_EDGE('',*,*,#4636,.T.);
#6246=ORIENTED_EDGE('',*,*,#4635,.T.);
#6247=ORIENTED_EDGE('',*,*,#4637,.F.);
#6248=ORIENTED_EDGE('',*,*,#4638,.F.);
#6249=ORIENTED_EDGE('',*,*,#4639,.T.);
#6250=ORIENTED_EDGE('',*,*,#4638,.T.);
#6251=ORIENTED_EDGE('',*,*,#4640,.F.);
#6252=ORIENTED_EDGE('',*,*,#4641,.F.);
#6253=ORIENTED_EDGE('',*,*,#4642,.T.);
#6254=ORIENTED_EDGE('',*,*,#4641,.T.);
#6255=ORIENTED_EDGE('',*,*,#4643,.F.);
#6256=ORIENTED_EDGE('',*,*,#4633,.F.);
#6257=ORIENTED_EDGE('',*,*,#4643,.T.);
#6258=ORIENTED_EDGE('',*,*,#4640,.T.);
#6259=ORIENTED_EDGE('',*,*,#4637,.T.);
#6260=ORIENTED_EDGE('',*,*,#4634,.T.);
#6261=ORIENTED_EDGE('',*,*,#4642,.F.);
#6262=ORIENTED_EDGE('',*,*,#4632,.F.);
#6263=ORIENTED_EDGE('',*,*,#4636,.F.);
#6264=ORIENTED_EDGE('',*,*,#4639,.F.);
#6265=ORIENTED_EDGE('',*,*,#4644,.T.);
#6266=ORIENTED_EDGE('',*,*,#4645,.T.);
#6267=ORIENTED_EDGE('',*,*,#4646,.F.);
#6268=ORIENTED_EDGE('',*,*,#4647,.F.);
#6269=ORIENTED_EDGE('',*,*,#4648,.T.);
#6270=ORIENTED_EDGE('',*,*,#4647,.T.);
#6271=ORIENTED_EDGE('',*,*,#4649,.F.);
#6272=ORIENTED_EDGE('',*,*,#4650,.F.);
#6273=ORIENTED_EDGE('',*,*,#4651,.T.);
#6274=ORIENTED_EDGE('',*,*,#4650,.T.);
#6275=ORIENTED_EDGE('',*,*,#4652,.F.);
#6276=ORIENTED_EDGE('',*,*,#4653,.F.);
#6277=ORIENTED_EDGE('',*,*,#4654,.T.);
#6278=ORIENTED_EDGE('',*,*,#4653,.T.);
#6279=ORIENTED_EDGE('',*,*,#4655,.F.);
#6280=ORIENTED_EDGE('',*,*,#4645,.F.);
#6281=ORIENTED_EDGE('',*,*,#4655,.T.);
#6282=ORIENTED_EDGE('',*,*,#4652,.T.);
#6283=ORIENTED_EDGE('',*,*,#4649,.T.);
#6284=ORIENTED_EDGE('',*,*,#4646,.T.);
#6285=ORIENTED_EDGE('',*,*,#4654,.F.);
#6286=ORIENTED_EDGE('',*,*,#4644,.F.);
#6287=ORIENTED_EDGE('',*,*,#4648,.F.);
#6288=ORIENTED_EDGE('',*,*,#4651,.F.);
#6289=ORIENTED_EDGE('',*,*,#4656,.T.);
#6290=ORIENTED_EDGE('',*,*,#4657,.T.);
#6291=ORIENTED_EDGE('',*,*,#4658,.T.);
#6292=ORIENTED_EDGE('',*,*,#4659,.T.);
#6293=ORIENTED_EDGE('',*,*,#4660,.T.);
#6294=ORIENTED_EDGE('',*,*,#4661,.T.);
#6295=ORIENTED_EDGE('',*,*,#4662,.T.);
#6296=ORIENTED_EDGE('',*,*,#4663,.T.);
#6297=ORIENTED_EDGE('',*,*,#4664,.T.);
#6298=ORIENTED_EDGE('',*,*,#4665,.T.);
#6299=ORIENTED_EDGE('',*,*,#4666,.T.);
#6300=ORIENTED_EDGE('',*,*,#4667,.T.);
#6301=ORIENTED_EDGE('',*,*,#4668,.F.);
#6302=ORIENTED_EDGE('',*,*,#4669,.F.);
#6303=ORIENTED_EDGE('',*,*,#4670,.F.);
#6304=ORIENTED_EDGE('',*,*,#4657,.F.);
#6305=ORIENTED_EDGE('',*,*,#4670,.T.);
#6306=ORIENTED_EDGE('',*,*,#4671,.F.);
#6307=ORIENTED_EDGE('',*,*,#4672,.F.);
#6308=ORIENTED_EDGE('',*,*,#4658,.F.);
#6309=ORIENTED_EDGE('',*,*,#4672,.T.);
#6310=ORIENTED_EDGE('',*,*,#4673,.F.);
#6311=ORIENTED_EDGE('',*,*,#4674,.F.);
#6312=ORIENTED_EDGE('',*,*,#4659,.F.);
#6313=ORIENTED_EDGE('',*,*,#4674,.T.);
#6314=ORIENTED_EDGE('',*,*,#4675,.F.);
#6315=ORIENTED_EDGE('',*,*,#4676,.F.);
#6316=ORIENTED_EDGE('',*,*,#4660,.F.);
#6317=ORIENTED_EDGE('',*,*,#4676,.T.);
#6318=ORIENTED_EDGE('',*,*,#4677,.F.);
#6319=ORIENTED_EDGE('',*,*,#4678,.F.);
#6320=ORIENTED_EDGE('',*,*,#4661,.F.);
#6321=ORIENTED_EDGE('',*,*,#4678,.T.);
#6322=ORIENTED_EDGE('',*,*,#4679,.F.);
#6323=ORIENTED_EDGE('',*,*,#4680,.F.);
#6324=ORIENTED_EDGE('',*,*,#4662,.F.);
#6325=ORIENTED_EDGE('',*,*,#4680,.T.);
#6326=ORIENTED_EDGE('',*,*,#4681,.F.);
#6327=ORIENTED_EDGE('',*,*,#4682,.F.);
#6328=ORIENTED_EDGE('',*,*,#4663,.F.);
#6329=ORIENTED_EDGE('',*,*,#4682,.T.);
#6330=ORIENTED_EDGE('',*,*,#4683,.F.);
#6331=ORIENTED_EDGE('',*,*,#4684,.F.);
#6332=ORIENTED_EDGE('',*,*,#4664,.F.);
#6333=ORIENTED_EDGE('',*,*,#4684,.T.);
#6334=ORIENTED_EDGE('',*,*,#4685,.F.);
#6335=ORIENTED_EDGE('',*,*,#4686,.F.);
#6336=ORIENTED_EDGE('',*,*,#4665,.F.);
#6337=ORIENTED_EDGE('',*,*,#4686,.T.);
#6338=ORIENTED_EDGE('',*,*,#4687,.F.);
#6339=ORIENTED_EDGE('',*,*,#4688,.F.);
#6340=ORIENTED_EDGE('',*,*,#4666,.F.);
#6341=ORIENTED_EDGE('',*,*,#4688,.T.);
#6342=ORIENTED_EDGE('',*,*,#4689,.F.);
#6343=ORIENTED_EDGE('',*,*,#4690,.F.);
#6344=ORIENTED_EDGE('',*,*,#4667,.F.);
#6345=ORIENTED_EDGE('',*,*,#4690,.T.);
#6346=ORIENTED_EDGE('',*,*,#4691,.F.);
#6347=ORIENTED_EDGE('',*,*,#4668,.T.);
#6348=ORIENTED_EDGE('',*,*,#4656,.F.);
#6349=ORIENTED_EDGE('',*,*,#4691,.T.);
#6350=ORIENTED_EDGE('',*,*,#4689,.T.);
#6351=ORIENTED_EDGE('',*,*,#4687,.T.);
#6352=ORIENTED_EDGE('',*,*,#4685,.T.);
#6353=ORIENTED_EDGE('',*,*,#4683,.T.);
#6354=ORIENTED_EDGE('',*,*,#4681,.T.);
#6355=ORIENTED_EDGE('',*,*,#4679,.T.);
#6356=ORIENTED_EDGE('',*,*,#4677,.T.);
#6357=ORIENTED_EDGE('',*,*,#4675,.T.);
#6358=ORIENTED_EDGE('',*,*,#4673,.T.);
#6359=ORIENTED_EDGE('',*,*,#4671,.T.);
#6360=ORIENTED_EDGE('',*,*,#4669,.T.);
#6361=ORIENTED_EDGE('',*,*,#4692,.T.);
#6362=ORIENTED_EDGE('',*,*,#4693,.T.);
#6363=ORIENTED_EDGE('',*,*,#4694,.T.);
#6364=ORIENTED_EDGE('',*,*,#4695,.T.);
#6365=ORIENTED_EDGE('',*,*,#4696,.T.);
#6366=ORIENTED_EDGE('',*,*,#4697,.T.);
#6367=ORIENTED_EDGE('',*,*,#4698,.T.);
#6368=ORIENTED_EDGE('',*,*,#4699,.T.);
#6369=ORIENTED_EDGE('',*,*,#4700,.T.);
#6370=ORIENTED_EDGE('',*,*,#4701,.T.);
#6371=ORIENTED_EDGE('',*,*,#4702,.T.);
#6372=ORIENTED_EDGE('',*,*,#4703,.T.);
#6373=ORIENTED_EDGE('',*,*,#4704,.T.);
#6374=ORIENTED_EDGE('',*,*,#4705,.F.);
#6375=ORIENTED_EDGE('',*,*,#4706,.F.);
#6376=ORIENTED_EDGE('',*,*,#4707,.F.);
#6377=ORIENTED_EDGE('',*,*,#4693,.F.);
#6378=ORIENTED_EDGE('',*,*,#4707,.T.);
#6379=ORIENTED_EDGE('',*,*,#4708,.F.);
#6380=ORIENTED_EDGE('',*,*,#4709,.F.);
#6381=ORIENTED_EDGE('',*,*,#4694,.F.);
#6382=ORIENTED_EDGE('',*,*,#4709,.T.);
#6383=ORIENTED_EDGE('',*,*,#4710,.F.);
#6384=ORIENTED_EDGE('',*,*,#4711,.F.);
#6385=ORIENTED_EDGE('',*,*,#4695,.F.);
#6386=ORIENTED_EDGE('',*,*,#4711,.T.);
#6387=ORIENTED_EDGE('',*,*,#4712,.F.);
#6388=ORIENTED_EDGE('',*,*,#4713,.F.);
#6389=ORIENTED_EDGE('',*,*,#4696,.F.);
#6390=ORIENTED_EDGE('',*,*,#4713,.T.);
#6391=ORIENTED_EDGE('',*,*,#4714,.F.);
#6392=ORIENTED_EDGE('',*,*,#4715,.F.);
#6393=ORIENTED_EDGE('',*,*,#4697,.F.);
#6394=ORIENTED_EDGE('',*,*,#4715,.T.);
#6395=ORIENTED_EDGE('',*,*,#4716,.F.);
#6396=ORIENTED_EDGE('',*,*,#4717,.F.);
#6397=ORIENTED_EDGE('',*,*,#4698,.F.);
#6398=ORIENTED_EDGE('',*,*,#4717,.T.);
#6399=ORIENTED_EDGE('',*,*,#4718,.F.);
#6400=ORIENTED_EDGE('',*,*,#4719,.F.);
#6401=ORIENTED_EDGE('',*,*,#4699,.F.);
#6402=ORIENTED_EDGE('',*,*,#4719,.T.);
#6403=ORIENTED_EDGE('',*,*,#4720,.F.);
#6404=ORIENTED_EDGE('',*,*,#4721,.F.);
#6405=ORIENTED_EDGE('',*,*,#4700,.F.);
#6406=ORIENTED_EDGE('',*,*,#4721,.T.);
#6407=ORIENTED_EDGE('',*,*,#4722,.F.);
#6408=ORIENTED_EDGE('',*,*,#4723,.F.);
#6409=ORIENTED_EDGE('',*,*,#4701,.F.);
#6410=ORIENTED_EDGE('',*,*,#4723,.T.);
#6411=ORIENTED_EDGE('',*,*,#4724,.F.);
#6412=ORIENTED_EDGE('',*,*,#4725,.F.);
#6413=ORIENTED_EDGE('',*,*,#4702,.F.);
#6414=ORIENTED_EDGE('',*,*,#4725,.T.);
#6415=ORIENTED_EDGE('',*,*,#4726,.F.);
#6416=ORIENTED_EDGE('',*,*,#4727,.F.);
#6417=ORIENTED_EDGE('',*,*,#4703,.F.);
#6418=ORIENTED_EDGE('',*,*,#4727,.T.);
#6419=ORIENTED_EDGE('',*,*,#4728,.F.);
#6420=ORIENTED_EDGE('',*,*,#4729,.F.);
#6421=ORIENTED_EDGE('',*,*,#4704,.F.);
#6422=ORIENTED_EDGE('',*,*,#4729,.T.);
#6423=ORIENTED_EDGE('',*,*,#4730,.F.);
#6424=ORIENTED_EDGE('',*,*,#4705,.T.);
#6425=ORIENTED_EDGE('',*,*,#4692,.F.);
#6426=ORIENTED_EDGE('',*,*,#4730,.T.);
#6427=ORIENTED_EDGE('',*,*,#4728,.T.);
#6428=ORIENTED_EDGE('',*,*,#4726,.T.);
#6429=ORIENTED_EDGE('',*,*,#4724,.T.);
#6430=ORIENTED_EDGE('',*,*,#4722,.T.);
#6431=ORIENTED_EDGE('',*,*,#4720,.T.);
#6432=ORIENTED_EDGE('',*,*,#4718,.T.);
#6433=ORIENTED_EDGE('',*,*,#4716,.T.);
#6434=ORIENTED_EDGE('',*,*,#4714,.T.);
#6435=ORIENTED_EDGE('',*,*,#4712,.T.);
#6436=ORIENTED_EDGE('',*,*,#4710,.T.);
#6437=ORIENTED_EDGE('',*,*,#4708,.T.);
#6438=ORIENTED_EDGE('',*,*,#4706,.T.);
#6439=ORIENTED_EDGE('',*,*,#4731,.T.);
#6440=ORIENTED_EDGE('',*,*,#4732,.T.);
#6441=ORIENTED_EDGE('',*,*,#4733,.T.);
#6442=ORIENTED_EDGE('',*,*,#4734,.T.);
#6443=ORIENTED_EDGE('',*,*,#4735,.T.);
#6444=ORIENTED_EDGE('',*,*,#4736,.T.);
#6445=ORIENTED_EDGE('',*,*,#4737,.T.);
#6446=ORIENTED_EDGE('',*,*,#4738,.T.);
#6447=ORIENTED_EDGE('',*,*,#4739,.T.);
#6448=ORIENTED_EDGE('',*,*,#4740,.T.);
#6449=ORIENTED_EDGE('',*,*,#4741,.T.);
#6450=ORIENTED_EDGE('',*,*,#4742,.F.);
#6451=ORIENTED_EDGE('',*,*,#4743,.F.);
#6452=ORIENTED_EDGE('',*,*,#4744,.F.);
#6453=ORIENTED_EDGE('',*,*,#4740,.F.);
#6454=ORIENTED_EDGE('',*,*,#4744,.T.);
#6455=ORIENTED_EDGE('',*,*,#4745,.F.);
#6456=ORIENTED_EDGE('',*,*,#4746,.F.);
#6457=ORIENTED_EDGE('',*,*,#4741,.F.);
#6458=ORIENTED_EDGE('',*,*,#4746,.T.);
#6459=ORIENTED_EDGE('',*,*,#4747,.F.);
#6460=ORIENTED_EDGE('',*,*,#4742,.T.);
#6461=ORIENTED_EDGE('',*,*,#4739,.F.);
#6462=ORIENTED_EDGE('',*,*,#4748,.F.);
#6463=ORIENTED_EDGE('',*,*,#4749,.F.);
#6464=ORIENTED_EDGE('',*,*,#4750,.F.);
#6465=ORIENTED_EDGE('',*,*,#4732,.F.);
#6466=ORIENTED_EDGE('',*,*,#4750,.T.);
#6467=ORIENTED_EDGE('',*,*,#4751,.F.);
#6468=ORIENTED_EDGE('',*,*,#4752,.F.);
#6469=ORIENTED_EDGE('',*,*,#4733,.F.);
#6470=ORIENTED_EDGE('',*,*,#4752,.T.);
#6471=ORIENTED_EDGE('',*,*,#4753,.F.);
#6472=ORIENTED_EDGE('',*,*,#4754,.F.);
#6473=ORIENTED_EDGE('',*,*,#4734,.F.);
#6474=ORIENTED_EDGE('',*,*,#4754,.T.);
#6475=ORIENTED_EDGE('',*,*,#4755,.F.);
#6476=ORIENTED_EDGE('',*,*,#4756,.F.);
#6477=ORIENTED_EDGE('',*,*,#4735,.F.);
#6478=ORIENTED_EDGE('',*,*,#4756,.T.);
#6479=ORIENTED_EDGE('',*,*,#4757,.F.);
#6480=ORIENTED_EDGE('',*,*,#4758,.F.);
#6481=ORIENTED_EDGE('',*,*,#4736,.F.);
#6482=ORIENTED_EDGE('',*,*,#4758,.T.);
#6483=ORIENTED_EDGE('',*,*,#4759,.F.);
#6484=ORIENTED_EDGE('',*,*,#4760,.F.);
#6485=ORIENTED_EDGE('',*,*,#4737,.F.);
#6486=ORIENTED_EDGE('',*,*,#4760,.T.);
#6487=ORIENTED_EDGE('',*,*,#4761,.F.);
#6488=ORIENTED_EDGE('',*,*,#4762,.F.);
#6489=ORIENTED_EDGE('',*,*,#4738,.F.);
#6490=ORIENTED_EDGE('',*,*,#4762,.T.);
#6491=ORIENTED_EDGE('',*,*,#4763,.F.);
#6492=ORIENTED_EDGE('',*,*,#4748,.T.);
#6493=ORIENTED_EDGE('',*,*,#4731,.F.);
#6494=ORIENTED_EDGE('',*,*,#4763,.T.);
#6495=ORIENTED_EDGE('',*,*,#4761,.T.);
#6496=ORIENTED_EDGE('',*,*,#4759,.T.);
#6497=ORIENTED_EDGE('',*,*,#4757,.T.);
#6498=ORIENTED_EDGE('',*,*,#4755,.T.);
#6499=ORIENTED_EDGE('',*,*,#4753,.T.);
#6500=ORIENTED_EDGE('',*,*,#4751,.T.);
#6501=ORIENTED_EDGE('',*,*,#4749,.T.);
#6502=ORIENTED_EDGE('',*,*,#4747,.T.);
#6503=ORIENTED_EDGE('',*,*,#4745,.T.);
#6504=ORIENTED_EDGE('',*,*,#4743,.T.);
#6505=ORIENTED_EDGE('',*,*,#4764,.T.);
#6506=ORIENTED_EDGE('',*,*,#4765,.T.);
#6507=ORIENTED_EDGE('',*,*,#4766,.T.);
#6508=ORIENTED_EDGE('',*,*,#4767,.T.);
#6509=ORIENTED_EDGE('',*,*,#4768,.T.);
#6510=ORIENTED_EDGE('',*,*,#4769,.T.);
#6511=ORIENTED_EDGE('',*,*,#4770,.T.);
#6512=ORIENTED_EDGE('',*,*,#4771,.T.);
#6513=ORIENTED_EDGE('',*,*,#4772,.T.);
#6514=ORIENTED_EDGE('',*,*,#4773,.T.);
#6515=ORIENTED_EDGE('',*,*,#4774,.T.);
#6516=ORIENTED_EDGE('',*,*,#4775,.T.);
#6517=ORIENTED_EDGE('',*,*,#4776,.T.);
#6518=ORIENTED_EDGE('',*,*,#4777,.T.);
#6519=ORIENTED_EDGE('',*,*,#4778,.T.);
#6520=ORIENTED_EDGE('',*,*,#4779,.T.);
#6521=ORIENTED_EDGE('',*,*,#4780,.T.);
#6522=ORIENTED_EDGE('',*,*,#4781,.T.);
#6523=ORIENTED_EDGE('',*,*,#4782,.T.);
#6524=ORIENTED_EDGE('',*,*,#4783,.T.);
#6525=ORIENTED_EDGE('',*,*,#4784,.T.);
#6526=ORIENTED_EDGE('',*,*,#4785,.T.);
#6527=ORIENTED_EDGE('',*,*,#4786,.T.);
#6528=ORIENTED_EDGE('',*,*,#4787,.T.);
#6529=ORIENTED_EDGE('',*,*,#4788,.T.);
#6530=ORIENTED_EDGE('',*,*,#4789,.F.);
#6531=ORIENTED_EDGE('',*,*,#4790,.F.);
#6532=ORIENTED_EDGE('',*,*,#4791,.F.);
#6533=ORIENTED_EDGE('',*,*,#4765,.F.);
#6534=ORIENTED_EDGE('',*,*,#4791,.T.);
#6535=ORIENTED_EDGE('',*,*,#4792,.F.);
#6536=ORIENTED_EDGE('',*,*,#4793,.F.);
#6537=ORIENTED_EDGE('',*,*,#4766,.F.);
#6538=ORIENTED_EDGE('',*,*,#4793,.T.);
#6539=ORIENTED_EDGE('',*,*,#4794,.F.);
#6540=ORIENTED_EDGE('',*,*,#4795,.F.);
#6541=ORIENTED_EDGE('',*,*,#4767,.F.);
#6542=ORIENTED_EDGE('',*,*,#4795,.T.);
#6543=ORIENTED_EDGE('',*,*,#4796,.F.);
#6544=ORIENTED_EDGE('',*,*,#4797,.F.);
#6545=ORIENTED_EDGE('',*,*,#4768,.F.);
#6546=ORIENTED_EDGE('',*,*,#4797,.T.);
#6547=ORIENTED_EDGE('',*,*,#4798,.F.);
#6548=ORIENTED_EDGE('',*,*,#4799,.F.);
#6549=ORIENTED_EDGE('',*,*,#4769,.F.);
#6550=ORIENTED_EDGE('',*,*,#4799,.T.);
#6551=ORIENTED_EDGE('',*,*,#4800,.F.);
#6552=ORIENTED_EDGE('',*,*,#4801,.F.);
#6553=ORIENTED_EDGE('',*,*,#4770,.F.);
#6554=ORIENTED_EDGE('',*,*,#4801,.T.);
#6555=ORIENTED_EDGE('',*,*,#4802,.F.);
#6556=ORIENTED_EDGE('',*,*,#4803,.F.);
#6557=ORIENTED_EDGE('',*,*,#4771,.F.);
#6558=ORIENTED_EDGE('',*,*,#4803,.T.);
#6559=ORIENTED_EDGE('',*,*,#4804,.F.);
#6560=ORIENTED_EDGE('',*,*,#4805,.F.);
#6561=ORIENTED_EDGE('',*,*,#4772,.F.);
#6562=ORIENTED_EDGE('',*,*,#4805,.T.);
#6563=ORIENTED_EDGE('',*,*,#4806,.F.);
#6564=ORIENTED_EDGE('',*,*,#4807,.F.);
#6565=ORIENTED_EDGE('',*,*,#4773,.F.);
#6566=ORIENTED_EDGE('',*,*,#4807,.T.);
#6567=ORIENTED_EDGE('',*,*,#4808,.F.);
#6568=ORIENTED_EDGE('',*,*,#4809,.F.);
#6569=ORIENTED_EDGE('',*,*,#4774,.F.);
#6570=ORIENTED_EDGE('',*,*,#4809,.T.);
#6571=ORIENTED_EDGE('',*,*,#4810,.F.);
#6572=ORIENTED_EDGE('',*,*,#4811,.F.);
#6573=ORIENTED_EDGE('',*,*,#4775,.F.);
#6574=ORIENTED_EDGE('',*,*,#4811,.T.);
#6575=ORIENTED_EDGE('',*,*,#4812,.F.);
#6576=ORIENTED_EDGE('',*,*,#4813,.F.);
#6577=ORIENTED_EDGE('',*,*,#4776,.F.);
#6578=ORIENTED_EDGE('',*,*,#4813,.T.);
#6579=ORIENTED_EDGE('',*,*,#4814,.F.);
#6580=ORIENTED_EDGE('',*,*,#4815,.F.);
#6581=ORIENTED_EDGE('',*,*,#4777,.F.);
#6582=ORIENTED_EDGE('',*,*,#4815,.T.);
#6583=ORIENTED_EDGE('',*,*,#4816,.F.);
#6584=ORIENTED_EDGE('',*,*,#4817,.F.);
#6585=ORIENTED_EDGE('',*,*,#4778,.F.);
#6586=ORIENTED_EDGE('',*,*,#4817,.T.);
#6587=ORIENTED_EDGE('',*,*,#4818,.F.);
#6588=ORIENTED_EDGE('',*,*,#4819,.F.);
#6589=ORIENTED_EDGE('',*,*,#4779,.F.);
#6590=ORIENTED_EDGE('',*,*,#4819,.T.);
#6591=ORIENTED_EDGE('',*,*,#4820,.F.);
#6592=ORIENTED_EDGE('',*,*,#4821,.F.);
#6593=ORIENTED_EDGE('',*,*,#4780,.F.);
#6594=ORIENTED_EDGE('',*,*,#4821,.T.);
#6595=ORIENTED_EDGE('',*,*,#4822,.F.);
#6596=ORIENTED_EDGE('',*,*,#4823,.F.);
#6597=ORIENTED_EDGE('',*,*,#4781,.F.);
#6598=ORIENTED_EDGE('',*,*,#4823,.T.);
#6599=ORIENTED_EDGE('',*,*,#4824,.F.);
#6600=ORIENTED_EDGE('',*,*,#4825,.F.);
#6601=ORIENTED_EDGE('',*,*,#4782,.F.);
#6602=ORIENTED_EDGE('',*,*,#4825,.T.);
#6603=ORIENTED_EDGE('',*,*,#4826,.F.);
#6604=ORIENTED_EDGE('',*,*,#4827,.F.);
#6605=ORIENTED_EDGE('',*,*,#4783,.F.);
#6606=ORIENTED_EDGE('',*,*,#4827,.T.);
#6607=ORIENTED_EDGE('',*,*,#4828,.F.);
#6608=ORIENTED_EDGE('',*,*,#4829,.F.);
#6609=ORIENTED_EDGE('',*,*,#4784,.F.);
#6610=ORIENTED_EDGE('',*,*,#4829,.T.);
#6611=ORIENTED_EDGE('',*,*,#4830,.F.);
#6612=ORIENTED_EDGE('',*,*,#4831,.F.);
#6613=ORIENTED_EDGE('',*,*,#4785,.F.);
#6614=ORIENTED_EDGE('',*,*,#4831,.T.);
#6615=ORIENTED_EDGE('',*,*,#4832,.F.);
#6616=ORIENTED_EDGE('',*,*,#4833,.F.);
#6617=ORIENTED_EDGE('',*,*,#4786,.F.);
#6618=ORIENTED_EDGE('',*,*,#4833,.T.);
#6619=ORIENTED_EDGE('',*,*,#4834,.F.);
#6620=ORIENTED_EDGE('',*,*,#4835,.F.);
#6621=ORIENTED_EDGE('',*,*,#4787,.F.);
#6622=ORIENTED_EDGE('',*,*,#4835,.T.);
#6623=ORIENTED_EDGE('',*,*,#4836,.F.);
#6624=ORIENTED_EDGE('',*,*,#4837,.F.);
#6625=ORIENTED_EDGE('',*,*,#4788,.F.);
#6626=ORIENTED_EDGE('',*,*,#4837,.T.);
#6627=ORIENTED_EDGE('',*,*,#4838,.F.);
#6628=ORIENTED_EDGE('',*,*,#4789,.T.);
#6629=ORIENTED_EDGE('',*,*,#4764,.F.);
#6630=ORIENTED_EDGE('',*,*,#4838,.T.);
#6631=ORIENTED_EDGE('',*,*,#4836,.T.);
#6632=ORIENTED_EDGE('',*,*,#4834,.T.);
#6633=ORIENTED_EDGE('',*,*,#4832,.T.);
#6634=ORIENTED_EDGE('',*,*,#4830,.T.);
#6635=ORIENTED_EDGE('',*,*,#4828,.T.);
#6636=ORIENTED_EDGE('',*,*,#4826,.T.);
#6637=ORIENTED_EDGE('',*,*,#4824,.T.);
#6638=ORIENTED_EDGE('',*,*,#4822,.T.);
#6639=ORIENTED_EDGE('',*,*,#4820,.T.);
#6640=ORIENTED_EDGE('',*,*,#4818,.T.);
#6641=ORIENTED_EDGE('',*,*,#4816,.T.);
#6642=ORIENTED_EDGE('',*,*,#4814,.T.);
#6643=ORIENTED_EDGE('',*,*,#4812,.T.);
#6644=ORIENTED_EDGE('',*,*,#4810,.T.);
#6645=ORIENTED_EDGE('',*,*,#4808,.T.);
#6646=ORIENTED_EDGE('',*,*,#4806,.T.);
#6647=ORIENTED_EDGE('',*,*,#4804,.T.);
#6648=ORIENTED_EDGE('',*,*,#4802,.T.);
#6649=ORIENTED_EDGE('',*,*,#4800,.T.);
#6650=ORIENTED_EDGE('',*,*,#4798,.T.);
#6651=ORIENTED_EDGE('',*,*,#4796,.T.);
#6652=ORIENTED_EDGE('',*,*,#4794,.T.);
#6653=ORIENTED_EDGE('',*,*,#4792,.T.);
#6654=ORIENTED_EDGE('',*,*,#4790,.T.);
#6655=ORIENTED_EDGE('',*,*,#4839,.T.);
#6656=ORIENTED_EDGE('',*,*,#4840,.T.);
#6657=ORIENTED_EDGE('',*,*,#4841,.T.);
#6658=ORIENTED_EDGE('',*,*,#4842,.T.);
#6659=ORIENTED_EDGE('',*,*,#4843,.T.);
#6660=ORIENTED_EDGE('',*,*,#4844,.T.);
#6661=ORIENTED_EDGE('',*,*,#4845,.T.);
#6662=ORIENTED_EDGE('',*,*,#4846,.T.);
#6663=ORIENTED_EDGE('',*,*,#4847,.T.);
#6664=ORIENTED_EDGE('',*,*,#4848,.T.);
#6665=ORIENTED_EDGE('',*,*,#4849,.F.);
#6666=ORIENTED_EDGE('',*,*,#4850,.F.);
#6667=ORIENTED_EDGE('',*,*,#4851,.F.);
#6668=ORIENTED_EDGE('',*,*,#4840,.F.);
#6669=ORIENTED_EDGE('',*,*,#4851,.T.);
#6670=ORIENTED_EDGE('',*,*,#4852,.F.);
#6671=ORIENTED_EDGE('',*,*,#4853,.F.);
#6672=ORIENTED_EDGE('',*,*,#4841,.F.);
#6673=ORIENTED_EDGE('',*,*,#4853,.T.);
#6674=ORIENTED_EDGE('',*,*,#4854,.F.);
#6675=ORIENTED_EDGE('',*,*,#4855,.F.);
#6676=ORIENTED_EDGE('',*,*,#4842,.F.);
#6677=ORIENTED_EDGE('',*,*,#4855,.T.);
#6678=ORIENTED_EDGE('',*,*,#4856,.F.);
#6679=ORIENTED_EDGE('',*,*,#4857,.F.);
#6680=ORIENTED_EDGE('',*,*,#4843,.F.);
#6681=ORIENTED_EDGE('',*,*,#4857,.T.);
#6682=ORIENTED_EDGE('',*,*,#4858,.F.);
#6683=ORIENTED_EDGE('',*,*,#4859,.F.);
#6684=ORIENTED_EDGE('',*,*,#4844,.F.);
#6685=ORIENTED_EDGE('',*,*,#4859,.T.);
#6686=ORIENTED_EDGE('',*,*,#4860,.F.);
#6687=ORIENTED_EDGE('',*,*,#4861,.F.);
#6688=ORIENTED_EDGE('',*,*,#4845,.F.);
#6689=ORIENTED_EDGE('',*,*,#4861,.T.);
#6690=ORIENTED_EDGE('',*,*,#4862,.F.);
#6691=ORIENTED_EDGE('',*,*,#4863,.F.);
#6692=ORIENTED_EDGE('',*,*,#4846,.F.);
#6693=ORIENTED_EDGE('',*,*,#4863,.T.);
#6694=ORIENTED_EDGE('',*,*,#4864,.F.);
#6695=ORIENTED_EDGE('',*,*,#4865,.F.);
#6696=ORIENTED_EDGE('',*,*,#4847,.F.);
#6697=ORIENTED_EDGE('',*,*,#4865,.T.);
#6698=ORIENTED_EDGE('',*,*,#4866,.F.);
#6699=ORIENTED_EDGE('',*,*,#4867,.F.);
#6700=ORIENTED_EDGE('',*,*,#4848,.F.);
#6701=ORIENTED_EDGE('',*,*,#4867,.T.);
#6702=ORIENTED_EDGE('',*,*,#4868,.F.);
#6703=ORIENTED_EDGE('',*,*,#4849,.T.);
#6704=ORIENTED_EDGE('',*,*,#4839,.F.);
#6705=ORIENTED_EDGE('',*,*,#4868,.T.);
#6706=ORIENTED_EDGE('',*,*,#4866,.T.);
#6707=ORIENTED_EDGE('',*,*,#4864,.T.);
#6708=ORIENTED_EDGE('',*,*,#4862,.T.);
#6709=ORIENTED_EDGE('',*,*,#4860,.T.);
#6710=ORIENTED_EDGE('',*,*,#4858,.T.);
#6711=ORIENTED_EDGE('',*,*,#4856,.T.);
#6712=ORIENTED_EDGE('',*,*,#4854,.T.);
#6713=ORIENTED_EDGE('',*,*,#4852,.T.);
#6714=ORIENTED_EDGE('',*,*,#4850,.T.);
#6715=ORIENTED_EDGE('',*,*,#4869,.T.);
#6716=ORIENTED_EDGE('',*,*,#4870,.T.);
#6717=ORIENTED_EDGE('',*,*,#4871,.T.);
#6718=ORIENTED_EDGE('',*,*,#4872,.T.);
#6719=ORIENTED_EDGE('',*,*,#4873,.T.);
#6720=ORIENTED_EDGE('',*,*,#4874,.T.);
#6721=ORIENTED_EDGE('',*,*,#4875,.T.);
#6722=ORIENTED_EDGE('',*,*,#4876,.T.);
#6723=ORIENTED_EDGE('',*,*,#4877,.T.);
#6724=ORIENTED_EDGE('',*,*,#4878,.T.);
#6725=ORIENTED_EDGE('',*,*,#4879,.T.);
#6726=ORIENTED_EDGE('',*,*,#4880,.F.);
#6727=ORIENTED_EDGE('',*,*,#4881,.F.);
#6728=ORIENTED_EDGE('',*,*,#4882,.F.);
#6729=ORIENTED_EDGE('',*,*,#4878,.F.);
#6730=ORIENTED_EDGE('',*,*,#4882,.T.);
#6731=ORIENTED_EDGE('',*,*,#4883,.F.);
#6732=ORIENTED_EDGE('',*,*,#4884,.F.);
#6733=ORIENTED_EDGE('',*,*,#4879,.F.);
#6734=ORIENTED_EDGE('',*,*,#4884,.T.);
#6735=ORIENTED_EDGE('',*,*,#4885,.F.);
#6736=ORIENTED_EDGE('',*,*,#4880,.T.);
#6737=ORIENTED_EDGE('',*,*,#4877,.F.);
#6738=ORIENTED_EDGE('',*,*,#4886,.F.);
#6739=ORIENTED_EDGE('',*,*,#4887,.F.);
#6740=ORIENTED_EDGE('',*,*,#4888,.F.);
#6741=ORIENTED_EDGE('',*,*,#4870,.F.);
#6742=ORIENTED_EDGE('',*,*,#4888,.T.);
#6743=ORIENTED_EDGE('',*,*,#4889,.F.);
#6744=ORIENTED_EDGE('',*,*,#4890,.F.);
#6745=ORIENTED_EDGE('',*,*,#4871,.F.);
#6746=ORIENTED_EDGE('',*,*,#4890,.T.);
#6747=ORIENTED_EDGE('',*,*,#4891,.F.);
#6748=ORIENTED_EDGE('',*,*,#4892,.F.);
#6749=ORIENTED_EDGE('',*,*,#4872,.F.);
#6750=ORIENTED_EDGE('',*,*,#4892,.T.);
#6751=ORIENTED_EDGE('',*,*,#4893,.F.);
#6752=ORIENTED_EDGE('',*,*,#4894,.F.);
#6753=ORIENTED_EDGE('',*,*,#4873,.F.);
#6754=ORIENTED_EDGE('',*,*,#4894,.T.);
#6755=ORIENTED_EDGE('',*,*,#4895,.F.);
#6756=ORIENTED_EDGE('',*,*,#4896,.F.);
#6757=ORIENTED_EDGE('',*,*,#4874,.F.);
#6758=ORIENTED_EDGE('',*,*,#4896,.T.);
#6759=ORIENTED_EDGE('',*,*,#4897,.F.);
#6760=ORIENTED_EDGE('',*,*,#4898,.F.);
#6761=ORIENTED_EDGE('',*,*,#4875,.F.);
#6762=ORIENTED_EDGE('',*,*,#4898,.T.);
#6763=ORIENTED_EDGE('',*,*,#4899,.F.);
#6764=ORIENTED_EDGE('',*,*,#4900,.F.);
#6765=ORIENTED_EDGE('',*,*,#4876,.F.);
#6766=ORIENTED_EDGE('',*,*,#4900,.T.);
#6767=ORIENTED_EDGE('',*,*,#4901,.F.);
#6768=ORIENTED_EDGE('',*,*,#4886,.T.);
#6769=ORIENTED_EDGE('',*,*,#4869,.F.);
#6770=ORIENTED_EDGE('',*,*,#4901,.T.);
#6771=ORIENTED_EDGE('',*,*,#4899,.T.);
#6772=ORIENTED_EDGE('',*,*,#4897,.T.);
#6773=ORIENTED_EDGE('',*,*,#4895,.T.);
#6774=ORIENTED_EDGE('',*,*,#4893,.T.);
#6775=ORIENTED_EDGE('',*,*,#4891,.T.);
#6776=ORIENTED_EDGE('',*,*,#4889,.T.);
#6777=ORIENTED_EDGE('',*,*,#4887,.T.);
#6778=ORIENTED_EDGE('',*,*,#4885,.T.);
#6779=ORIENTED_EDGE('',*,*,#4883,.T.);
#6780=ORIENTED_EDGE('',*,*,#4881,.T.);
#6781=ORIENTED_EDGE('',*,*,#4902,.T.);
#6782=ORIENTED_EDGE('',*,*,#4903,.T.);
#6783=ORIENTED_EDGE('',*,*,#4904,.T.);
#6784=ORIENTED_EDGE('',*,*,#4905,.T.);
#6785=ORIENTED_EDGE('',*,*,#4906,.T.);
#6786=ORIENTED_EDGE('',*,*,#4907,.T.);
#6787=ORIENTED_EDGE('',*,*,#4908,.T.);
#6788=ORIENTED_EDGE('',*,*,#4909,.T.);
#6789=ORIENTED_EDGE('',*,*,#4910,.T.);
#6790=ORIENTED_EDGE('',*,*,#4911,.T.);
#6791=ORIENTED_EDGE('',*,*,#4912,.T.);
#6792=ORIENTED_EDGE('',*,*,#4913,.T.);
#6793=ORIENTED_EDGE('',*,*,#4914,.T.);
#6794=ORIENTED_EDGE('',*,*,#4915,.T.);
#6795=ORIENTED_EDGE('',*,*,#4916,.T.);
#6796=ORIENTED_EDGE('',*,*,#4917,.T.);
#6797=ORIENTED_EDGE('',*,*,#4918,.T.);
#6798=ORIENTED_EDGE('',*,*,#4919,.T.);
#6799=ORIENTED_EDGE('',*,*,#4920,.T.);
#6800=ORIENTED_EDGE('',*,*,#4921,.T.);
#6801=ORIENTED_EDGE('',*,*,#4922,.T.);
#6802=ORIENTED_EDGE('',*,*,#4923,.T.);
#6803=ORIENTED_EDGE('',*,*,#4924,.T.);
#6804=ORIENTED_EDGE('',*,*,#4925,.T.);
#6805=ORIENTED_EDGE('',*,*,#4926,.T.);
#6806=ORIENTED_EDGE('',*,*,#4927,.T.);
#6807=ORIENTED_EDGE('',*,*,#4928,.T.);
#6808=ORIENTED_EDGE('',*,*,#4929,.F.);
#6809=ORIENTED_EDGE('',*,*,#4930,.F.);
#6810=ORIENTED_EDGE('',*,*,#4931,.F.);
#6811=ORIENTED_EDGE('',*,*,#4922,.F.);
#6812=ORIENTED_EDGE('',*,*,#4931,.T.);
#6813=ORIENTED_EDGE('',*,*,#4932,.F.);
#6814=ORIENTED_EDGE('',*,*,#4933,.F.);
#6815=ORIENTED_EDGE('',*,*,#4923,.F.);
#6816=ORIENTED_EDGE('',*,*,#4933,.T.);
#6817=ORIENTED_EDGE('',*,*,#4934,.F.);
#6818=ORIENTED_EDGE('',*,*,#4935,.F.);
#6819=ORIENTED_EDGE('',*,*,#4924,.F.);
#6820=ORIENTED_EDGE('',*,*,#4935,.T.);
#6821=ORIENTED_EDGE('',*,*,#4936,.F.);
#6822=ORIENTED_EDGE('',*,*,#4937,.F.);
#6823=ORIENTED_EDGE('',*,*,#4925,.F.);
#6824=ORIENTED_EDGE('',*,*,#4937,.T.);
#6825=ORIENTED_EDGE('',*,*,#4938,.F.);
#6826=ORIENTED_EDGE('',*,*,#4939,.F.);
#6827=ORIENTED_EDGE('',*,*,#4926,.F.);
#6828=ORIENTED_EDGE('',*,*,#4939,.T.);
#6829=ORIENTED_EDGE('',*,*,#4940,.F.);
#6830=ORIENTED_EDGE('',*,*,#4941,.F.);
#6831=ORIENTED_EDGE('',*,*,#4927,.F.);
#6832=ORIENTED_EDGE('',*,*,#4941,.T.);
#6833=ORIENTED_EDGE('',*,*,#4942,.F.);
#6834=ORIENTED_EDGE('',*,*,#4943,.F.);
#6835=ORIENTED_EDGE('',*,*,#4928,.F.);
#6836=ORIENTED_EDGE('',*,*,#4943,.T.);
#6837=ORIENTED_EDGE('',*,*,#4944,.F.);
#6838=ORIENTED_EDGE('',*,*,#4929,.T.);
#6839=ORIENTED_EDGE('',*,*,#4921,.F.);
#6840=ORIENTED_EDGE('',*,*,#4945,.F.);
#6841=ORIENTED_EDGE('',*,*,#4946,.F.);
#6842=ORIENTED_EDGE('',*,*,#4947,.F.);
#6843=ORIENTED_EDGE('',*,*,#4903,.F.);
#6844=ORIENTED_EDGE('',*,*,#4947,.T.);
#6845=ORIENTED_EDGE('',*,*,#4948,.F.);
#6846=ORIENTED_EDGE('',*,*,#4949,.F.);
#6847=ORIENTED_EDGE('',*,*,#4904,.F.);
#6848=ORIENTED_EDGE('',*,*,#4949,.T.);
#6849=ORIENTED_EDGE('',*,*,#4950,.F.);
#6850=ORIENTED_EDGE('',*,*,#4951,.F.);
#6851=ORIENTED_EDGE('',*,*,#4905,.F.);
#6852=ORIENTED_EDGE('',*,*,#4951,.T.);
#6853=ORIENTED_EDGE('',*,*,#4952,.F.);
#6854=ORIENTED_EDGE('',*,*,#4953,.F.);
#6855=ORIENTED_EDGE('',*,*,#4906,.F.);
#6856=ORIENTED_EDGE('',*,*,#4953,.T.);
#6857=ORIENTED_EDGE('',*,*,#4954,.F.);
#6858=ORIENTED_EDGE('',*,*,#4955,.F.);
#6859=ORIENTED_EDGE('',*,*,#4907,.F.);
#6860=ORIENTED_EDGE('',*,*,#4955,.T.);
#6861=ORIENTED_EDGE('',*,*,#4956,.F.);
#6862=ORIENTED_EDGE('',*,*,#4957,.F.);
#6863=ORIENTED_EDGE('',*,*,#4908,.F.);
#6864=ORIENTED_EDGE('',*,*,#4957,.T.);
#6865=ORIENTED_EDGE('',*,*,#4958,.F.);
#6866=ORIENTED_EDGE('',*,*,#4959,.F.);
#6867=ORIENTED_EDGE('',*,*,#4909,.F.);
#6868=ORIENTED_EDGE('',*,*,#4959,.T.);
#6869=ORIENTED_EDGE('',*,*,#4960,.F.);
#6870=ORIENTED_EDGE('',*,*,#4961,.F.);
#6871=ORIENTED_EDGE('',*,*,#4910,.F.);
#6872=ORIENTED_EDGE('',*,*,#4961,.T.);
#6873=ORIENTED_EDGE('',*,*,#4962,.F.);
#6874=ORIENTED_EDGE('',*,*,#4963,.F.);
#6875=ORIENTED_EDGE('',*,*,#4911,.F.);
#6876=ORIENTED_EDGE('',*,*,#4963,.T.);
#6877=ORIENTED_EDGE('',*,*,#4964,.F.);
#6878=ORIENTED_EDGE('',*,*,#4965,.F.);
#6879=ORIENTED_EDGE('',*,*,#4912,.F.);
#6880=ORIENTED_EDGE('',*,*,#4965,.T.);
#6881=ORIENTED_EDGE('',*,*,#4966,.F.);
#6882=ORIENTED_EDGE('',*,*,#4967,.F.);
#6883=ORIENTED_EDGE('',*,*,#4913,.F.);
#6884=ORIENTED_EDGE('',*,*,#4967,.T.);
#6885=ORIENTED_EDGE('',*,*,#4968,.F.);
#6886=ORIENTED_EDGE('',*,*,#4969,.F.);
#6887=ORIENTED_EDGE('',*,*,#4914,.F.);
#6888=ORIENTED_EDGE('',*,*,#4969,.T.);
#6889=ORIENTED_EDGE('',*,*,#4970,.F.);
#6890=ORIENTED_EDGE('',*,*,#4971,.F.);
#6891=ORIENTED_EDGE('',*,*,#4915,.F.);
#6892=ORIENTED_EDGE('',*,*,#4971,.T.);
#6893=ORIENTED_EDGE('',*,*,#4972,.F.);
#6894=ORIENTED_EDGE('',*,*,#4973,.F.);
#6895=ORIENTED_EDGE('',*,*,#4916,.F.);
#6896=ORIENTED_EDGE('',*,*,#4973,.T.);
#6897=ORIENTED_EDGE('',*,*,#4974,.F.);
#6898=ORIENTED_EDGE('',*,*,#4975,.F.);
#6899=ORIENTED_EDGE('',*,*,#4917,.F.);
#6900=ORIENTED_EDGE('',*,*,#4975,.T.);
#6901=ORIENTED_EDGE('',*,*,#4976,.F.);
#6902=ORIENTED_EDGE('',*,*,#4977,.F.);
#6903=ORIENTED_EDGE('',*,*,#4918,.F.);
#6904=ORIENTED_EDGE('',*,*,#4977,.T.);
#6905=ORIENTED_EDGE('',*,*,#4978,.F.);
#6906=ORIENTED_EDGE('',*,*,#4979,.F.);
#6907=ORIENTED_EDGE('',*,*,#4919,.F.);
#6908=ORIENTED_EDGE('',*,*,#4979,.T.);
#6909=ORIENTED_EDGE('',*,*,#4980,.F.);
#6910=ORIENTED_EDGE('',*,*,#4981,.F.);
#6911=ORIENTED_EDGE('',*,*,#4920,.F.);
#6912=ORIENTED_EDGE('',*,*,#4981,.T.);
#6913=ORIENTED_EDGE('',*,*,#4982,.F.);
#6914=ORIENTED_EDGE('',*,*,#4945,.T.);
#6915=ORIENTED_EDGE('',*,*,#4902,.F.);
#6916=ORIENTED_EDGE('',*,*,#4982,.T.);
#6917=ORIENTED_EDGE('',*,*,#4980,.T.);
#6918=ORIENTED_EDGE('',*,*,#4978,.T.);
#6919=ORIENTED_EDGE('',*,*,#4976,.T.);
#6920=ORIENTED_EDGE('',*,*,#4974,.T.);
#6921=ORIENTED_EDGE('',*,*,#4972,.T.);
#6922=ORIENTED_EDGE('',*,*,#4970,.T.);
#6923=ORIENTED_EDGE('',*,*,#4968,.T.);
#6924=ORIENTED_EDGE('',*,*,#4966,.T.);
#6925=ORIENTED_EDGE('',*,*,#4964,.T.);
#6926=ORIENTED_EDGE('',*,*,#4962,.T.);
#6927=ORIENTED_EDGE('',*,*,#4960,.T.);
#6928=ORIENTED_EDGE('',*,*,#4958,.T.);
#6929=ORIENTED_EDGE('',*,*,#4956,.T.);
#6930=ORIENTED_EDGE('',*,*,#4954,.T.);
#6931=ORIENTED_EDGE('',*,*,#4952,.T.);
#6932=ORIENTED_EDGE('',*,*,#4950,.T.);
#6933=ORIENTED_EDGE('',*,*,#4948,.T.);
#6934=ORIENTED_EDGE('',*,*,#4946,.T.);
#6935=ORIENTED_EDGE('',*,*,#4944,.T.);
#6936=ORIENTED_EDGE('',*,*,#4942,.T.);
#6937=ORIENTED_EDGE('',*,*,#4940,.T.);
#6938=ORIENTED_EDGE('',*,*,#4938,.T.);
#6939=ORIENTED_EDGE('',*,*,#4936,.T.);
#6940=ORIENTED_EDGE('',*,*,#4934,.T.);
#6941=ORIENTED_EDGE('',*,*,#4932,.T.);
#6942=ORIENTED_EDGE('',*,*,#4930,.T.);
#6943=ORIENTED_EDGE('',*,*,#4983,.T.);
#6944=ORIENTED_EDGE('',*,*,#4984,.T.);
#6945=ORIENTED_EDGE('',*,*,#4985,.T.);
#6946=ORIENTED_EDGE('',*,*,#4986,.T.);
#6947=ORIENTED_EDGE('',*,*,#4987,.T.);
#6948=ORIENTED_EDGE('',*,*,#4988,.T.);
#6949=ORIENTED_EDGE('',*,*,#4989,.T.);
#6950=ORIENTED_EDGE('',*,*,#4990,.T.);
#6951=ORIENTED_EDGE('',*,*,#4991,.F.);
#6952=ORIENTED_EDGE('',*,*,#4992,.F.);
#6953=ORIENTED_EDGE('',*,*,#4993,.F.);
#6954=ORIENTED_EDGE('',*,*,#4984,.F.);
#6955=ORIENTED_EDGE('',*,*,#4993,.T.);
#6956=ORIENTED_EDGE('',*,*,#4994,.F.);
#6957=ORIENTED_EDGE('',*,*,#4995,.F.);
#6958=ORIENTED_EDGE('',*,*,#4985,.F.);
#6959=ORIENTED_EDGE('',*,*,#4995,.T.);
#6960=ORIENTED_EDGE('',*,*,#4996,.F.);
#6961=ORIENTED_EDGE('',*,*,#4997,.F.);
#6962=ORIENTED_EDGE('',*,*,#4986,.F.);
#6963=ORIENTED_EDGE('',*,*,#4997,.T.);
#6964=ORIENTED_EDGE('',*,*,#4998,.F.);
#6965=ORIENTED_EDGE('',*,*,#4999,.F.);
#6966=ORIENTED_EDGE('',*,*,#4987,.F.);
#6967=ORIENTED_EDGE('',*,*,#4999,.T.);
#6968=ORIENTED_EDGE('',*,*,#5000,.F.);
#6969=ORIENTED_EDGE('',*,*,#5001,.F.);
#6970=ORIENTED_EDGE('',*,*,#4988,.F.);
#6971=ORIENTED_EDGE('',*,*,#5001,.T.);
#6972=ORIENTED_EDGE('',*,*,#5002,.F.);
#6973=ORIENTED_EDGE('',*,*,#5003,.F.);
#6974=ORIENTED_EDGE('',*,*,#4989,.F.);
#6975=ORIENTED_EDGE('',*,*,#5003,.T.);
#6976=ORIENTED_EDGE('',*,*,#5004,.F.);
#6977=ORIENTED_EDGE('',*,*,#5005,.F.);
#6978=ORIENTED_EDGE('',*,*,#4990,.F.);
#6979=ORIENTED_EDGE('',*,*,#5005,.T.);
#6980=ORIENTED_EDGE('',*,*,#5006,.F.);
#6981=ORIENTED_EDGE('',*,*,#4991,.T.);
#6982=ORIENTED_EDGE('',*,*,#4983,.F.);
#6983=ORIENTED_EDGE('',*,*,#5006,.T.);
#6984=ORIENTED_EDGE('',*,*,#5004,.T.);
#6985=ORIENTED_EDGE('',*,*,#5002,.T.);
#6986=ORIENTED_EDGE('',*,*,#5000,.T.);
#6987=ORIENTED_EDGE('',*,*,#4998,.T.);
#6988=ORIENTED_EDGE('',*,*,#4996,.T.);
#6989=ORIENTED_EDGE('',*,*,#4994,.T.);
#6990=ORIENTED_EDGE('',*,*,#4992,.T.);
#6991=ORIENTED_EDGE('',*,*,#5007,.T.);
#6992=ORIENTED_EDGE('',*,*,#5008,.T.);
#6993=ORIENTED_EDGE('',*,*,#5009,.T.);
#6994=ORIENTED_EDGE('',*,*,#5010,.T.);
#6995=ORIENTED_EDGE('',*,*,#5011,.T.);
#6996=ORIENTED_EDGE('',*,*,#5012,.T.);
#6997=ORIENTED_EDGE('',*,*,#5013,.T.);
#6998=ORIENTED_EDGE('',*,*,#5014,.T.);
#6999=ORIENTED_EDGE('',*,*,#5015,.T.);
#7000=ORIENTED_EDGE('',*,*,#5016,.T.);
#7001=ORIENTED_EDGE('',*,*,#5017,.T.);
#7002=ORIENTED_EDGE('',*,*,#5018,.F.);
#7003=ORIENTED_EDGE('',*,*,#5019,.F.);
#7004=ORIENTED_EDGE('',*,*,#5020,.F.);
#7005=ORIENTED_EDGE('',*,*,#5016,.F.);
#7006=ORIENTED_EDGE('',*,*,#5020,.T.);
#7007=ORIENTED_EDGE('',*,*,#5021,.F.);
#7008=ORIENTED_EDGE('',*,*,#5022,.F.);
#7009=ORIENTED_EDGE('',*,*,#5017,.F.);
#7010=ORIENTED_EDGE('',*,*,#5022,.T.);
#7011=ORIENTED_EDGE('',*,*,#5023,.F.);
#7012=ORIENTED_EDGE('',*,*,#5018,.T.);
#7013=ORIENTED_EDGE('',*,*,#5015,.F.);
#7014=ORIENTED_EDGE('',*,*,#5024,.F.);
#7015=ORIENTED_EDGE('',*,*,#5025,.F.);
#7016=ORIENTED_EDGE('',*,*,#5026,.F.);
#7017=ORIENTED_EDGE('',*,*,#5008,.F.);
#7018=ORIENTED_EDGE('',*,*,#5026,.T.);
#7019=ORIENTED_EDGE('',*,*,#5027,.F.);
#7020=ORIENTED_EDGE('',*,*,#5028,.F.);
#7021=ORIENTED_EDGE('',*,*,#5009,.F.);
#7022=ORIENTED_EDGE('',*,*,#5028,.T.);
#7023=ORIENTED_EDGE('',*,*,#5029,.F.);
#7024=ORIENTED_EDGE('',*,*,#5030,.F.);
#7025=ORIENTED_EDGE('',*,*,#5010,.F.);
#7026=ORIENTED_EDGE('',*,*,#5030,.T.);
#7027=ORIENTED_EDGE('',*,*,#5031,.F.);
#7028=ORIENTED_EDGE('',*,*,#5032,.F.);
#7029=ORIENTED_EDGE('',*,*,#5011,.F.);
#7030=ORIENTED_EDGE('',*,*,#5032,.T.);
#7031=ORIENTED_EDGE('',*,*,#5033,.F.);
#7032=ORIENTED_EDGE('',*,*,#5034,.F.);
#7033=ORIENTED_EDGE('',*,*,#5012,.F.);
#7034=ORIENTED_EDGE('',*,*,#5034,.T.);
#7035=ORIENTED_EDGE('',*,*,#5035,.F.);
#7036=ORIENTED_EDGE('',*,*,#5036,.F.);
#7037=ORIENTED_EDGE('',*,*,#5013,.F.);
#7038=ORIENTED_EDGE('',*,*,#5036,.T.);
#7039=ORIENTED_EDGE('',*,*,#5037,.F.);
#7040=ORIENTED_EDGE('',*,*,#5038,.F.);
#7041=ORIENTED_EDGE('',*,*,#5014,.F.);
#7042=ORIENTED_EDGE('',*,*,#5038,.T.);
#7043=ORIENTED_EDGE('',*,*,#5039,.F.);
#7044=ORIENTED_EDGE('',*,*,#5024,.T.);
#7045=ORIENTED_EDGE('',*,*,#5007,.F.);
#7046=ORIENTED_EDGE('',*,*,#5039,.T.);
#7047=ORIENTED_EDGE('',*,*,#5037,.T.);
#7048=ORIENTED_EDGE('',*,*,#5035,.T.);
#7049=ORIENTED_EDGE('',*,*,#5033,.T.);
#7050=ORIENTED_EDGE('',*,*,#5031,.T.);
#7051=ORIENTED_EDGE('',*,*,#5029,.T.);
#7052=ORIENTED_EDGE('',*,*,#5027,.T.);
#7053=ORIENTED_EDGE('',*,*,#5025,.T.);
#7054=ORIENTED_EDGE('',*,*,#5023,.T.);
#7055=ORIENTED_EDGE('',*,*,#5021,.T.);
#7056=ORIENTED_EDGE('',*,*,#5019,.T.);
#7057=ORIENTED_EDGE('',*,*,#5040,.T.);
#7058=ORIENTED_EDGE('',*,*,#5041,.T.);
#7059=ORIENTED_EDGE('',*,*,#5042,.T.);
#7060=ORIENTED_EDGE('',*,*,#5043,.T.);
#7061=ORIENTED_EDGE('',*,*,#5044,.T.);
#7062=ORIENTED_EDGE('',*,*,#5045,.T.);
#7063=ORIENTED_EDGE('',*,*,#5046,.T.);
#7064=ORIENTED_EDGE('',*,*,#5047,.F.);
#7065=ORIENTED_EDGE('',*,*,#5048,.F.);
#7066=ORIENTED_EDGE('',*,*,#5049,.F.);
#7067=ORIENTED_EDGE('',*,*,#5041,.F.);
#7068=ORIENTED_EDGE('',*,*,#5049,.T.);
#7069=ORIENTED_EDGE('',*,*,#5050,.F.);
#7070=ORIENTED_EDGE('',*,*,#5051,.F.);
#7071=ORIENTED_EDGE('',*,*,#5042,.F.);
#7072=ORIENTED_EDGE('',*,*,#5051,.T.);
#7073=ORIENTED_EDGE('',*,*,#5052,.F.);
#7074=ORIENTED_EDGE('',*,*,#5053,.F.);
#7075=ORIENTED_EDGE('',*,*,#5043,.F.);
#7076=ORIENTED_EDGE('',*,*,#5053,.T.);
#7077=ORIENTED_EDGE('',*,*,#5054,.F.);
#7078=ORIENTED_EDGE('',*,*,#5055,.F.);
#7079=ORIENTED_EDGE('',*,*,#5044,.F.);
#7080=ORIENTED_EDGE('',*,*,#5055,.T.);
#7081=ORIENTED_EDGE('',*,*,#5056,.F.);
#7082=ORIENTED_EDGE('',*,*,#5057,.F.);
#7083=ORIENTED_EDGE('',*,*,#5045,.F.);
#7084=ORIENTED_EDGE('',*,*,#5057,.T.);
#7085=ORIENTED_EDGE('',*,*,#5058,.F.);
#7086=ORIENTED_EDGE('',*,*,#5059,.F.);
#7087=ORIENTED_EDGE('',*,*,#5046,.F.);
#7088=ORIENTED_EDGE('',*,*,#5059,.T.);
#7089=ORIENTED_EDGE('',*,*,#5060,.F.);
#7090=ORIENTED_EDGE('',*,*,#5047,.T.);
#7091=ORIENTED_EDGE('',*,*,#5040,.F.);
#7092=ORIENTED_EDGE('',*,*,#5060,.T.);
#7093=ORIENTED_EDGE('',*,*,#5058,.T.);
#7094=ORIENTED_EDGE('',*,*,#5056,.T.);
#7095=ORIENTED_EDGE('',*,*,#5054,.T.);
#7096=ORIENTED_EDGE('',*,*,#5052,.T.);
#7097=ORIENTED_EDGE('',*,*,#5050,.T.);
#7098=ORIENTED_EDGE('',*,*,#5048,.T.);
#7099=ORIENTED_EDGE('',*,*,#5061,.T.);
#7100=ORIENTED_EDGE('',*,*,#5062,.T.);
#7101=ORIENTED_EDGE('',*,*,#5063,.T.);
#7102=ORIENTED_EDGE('',*,*,#5064,.T.);
#7103=ORIENTED_EDGE('',*,*,#5065,.F.);
#7104=ORIENTED_EDGE('',*,*,#5066,.F.);
#7105=ORIENTED_EDGE('',*,*,#5067,.F.);
#7106=ORIENTED_EDGE('',*,*,#5062,.F.);
#7107=ORIENTED_EDGE('',*,*,#5067,.T.);
#7108=ORIENTED_EDGE('',*,*,#5068,.F.);
#7109=ORIENTED_EDGE('',*,*,#5069,.F.);
#7110=ORIENTED_EDGE('',*,*,#5063,.F.);
#7111=ORIENTED_EDGE('',*,*,#5069,.T.);
#7112=ORIENTED_EDGE('',*,*,#5070,.F.);
#7113=ORIENTED_EDGE('',*,*,#5071,.F.);
#7114=ORIENTED_EDGE('',*,*,#5064,.F.);
#7115=ORIENTED_EDGE('',*,*,#5071,.T.);
#7116=ORIENTED_EDGE('',*,*,#5072,.F.);
#7117=ORIENTED_EDGE('',*,*,#5065,.T.);
#7118=ORIENTED_EDGE('',*,*,#5061,.F.);
#7119=ORIENTED_EDGE('',*,*,#5072,.T.);
#7120=ORIENTED_EDGE('',*,*,#5070,.T.);
#7121=ORIENTED_EDGE('',*,*,#5068,.T.);
#7122=ORIENTED_EDGE('',*,*,#5066,.T.);
#7123=ORIENTED_EDGE('',*,*,#5073,.T.);
#7124=ORIENTED_EDGE('',*,*,#5074,.T.);
#7125=ORIENTED_EDGE('',*,*,#5075,.T.);
#7126=ORIENTED_EDGE('',*,*,#5076,.T.);
#7127=ORIENTED_EDGE('',*,*,#5077,.T.);
#7128=ORIENTED_EDGE('',*,*,#5078,.T.);
#7129=ORIENTED_EDGE('',*,*,#5079,.T.);
#7130=ORIENTED_EDGE('',*,*,#5080,.T.);
#7131=ORIENTED_EDGE('',*,*,#5081,.F.);
#7132=ORIENTED_EDGE('',*,*,#5082,.F.);
#7133=ORIENTED_EDGE('',*,*,#5083,.F.);
#7134=ORIENTED_EDGE('',*,*,#5074,.F.);
#7135=ORIENTED_EDGE('',*,*,#5083,.T.);
#7136=ORIENTED_EDGE('',*,*,#5084,.F.);
#7137=ORIENTED_EDGE('',*,*,#5085,.F.);
#7138=ORIENTED_EDGE('',*,*,#5075,.F.);
#7139=ORIENTED_EDGE('',*,*,#5085,.T.);
#7140=ORIENTED_EDGE('',*,*,#5086,.F.);
#7141=ORIENTED_EDGE('',*,*,#5087,.F.);
#7142=ORIENTED_EDGE('',*,*,#5076,.F.);
#7143=ORIENTED_EDGE('',*,*,#5087,.T.);
#7144=ORIENTED_EDGE('',*,*,#5088,.F.);
#7145=ORIENTED_EDGE('',*,*,#5089,.F.);
#7146=ORIENTED_EDGE('',*,*,#5077,.F.);
#7147=ORIENTED_EDGE('',*,*,#5089,.T.);
#7148=ORIENTED_EDGE('',*,*,#5090,.F.);
#7149=ORIENTED_EDGE('',*,*,#5091,.F.);
#7150=ORIENTED_EDGE('',*,*,#5078,.F.);
#7151=ORIENTED_EDGE('',*,*,#5091,.T.);
#7152=ORIENTED_EDGE('',*,*,#5092,.F.);
#7153=ORIENTED_EDGE('',*,*,#5093,.F.);
#7154=ORIENTED_EDGE('',*,*,#5079,.F.);
#7155=ORIENTED_EDGE('',*,*,#5093,.T.);
#7156=ORIENTED_EDGE('',*,*,#5094,.F.);
#7157=ORIENTED_EDGE('',*,*,#5095,.F.);
#7158=ORIENTED_EDGE('',*,*,#5080,.F.);
#7159=ORIENTED_EDGE('',*,*,#5095,.T.);
#7160=ORIENTED_EDGE('',*,*,#5096,.F.);
#7161=ORIENTED_EDGE('',*,*,#5081,.T.);
#7162=ORIENTED_EDGE('',*,*,#5073,.F.);
#7163=ORIENTED_EDGE('',*,*,#5096,.T.);
#7164=ORIENTED_EDGE('',*,*,#5094,.T.);
#7165=ORIENTED_EDGE('',*,*,#5092,.T.);
#7166=ORIENTED_EDGE('',*,*,#5090,.T.);
#7167=ORIENTED_EDGE('',*,*,#5088,.T.);
#7168=ORIENTED_EDGE('',*,*,#5086,.T.);
#7169=ORIENTED_EDGE('',*,*,#5084,.T.);
#7170=ORIENTED_EDGE('',*,*,#5082,.T.);
#7171=ORIENTED_EDGE('',*,*,#5097,.T.);
#7172=ORIENTED_EDGE('',*,*,#5098,.T.);
#7173=ORIENTED_EDGE('',*,*,#5099,.T.);
#7174=ORIENTED_EDGE('',*,*,#5100,.T.);
#7175=ORIENTED_EDGE('',*,*,#5101,.T.);
#7176=ORIENTED_EDGE('',*,*,#5102,.T.);
#7177=ORIENTED_EDGE('',*,*,#5103,.T.);
#7178=ORIENTED_EDGE('',*,*,#5104,.T.);
#7179=ORIENTED_EDGE('',*,*,#5105,.T.);
#7180=ORIENTED_EDGE('',*,*,#5106,.T.);
#7181=ORIENTED_EDGE('',*,*,#5107,.T.);
#7182=ORIENTED_EDGE('',*,*,#5108,.T.);
#7183=ORIENTED_EDGE('',*,*,#5109,.T.);
#7184=ORIENTED_EDGE('',*,*,#5110,.T.);
#7185=ORIENTED_EDGE('',*,*,#5111,.T.);
#7186=ORIENTED_EDGE('',*,*,#5112,.T.);
#7187=ORIENTED_EDGE('',*,*,#5113,.T.);
#7188=ORIENTED_EDGE('',*,*,#5114,.T.);
#7189=ORIENTED_EDGE('',*,*,#5115,.T.);
#7190=ORIENTED_EDGE('',*,*,#5116,.T.);
#7191=ORIENTED_EDGE('',*,*,#5117,.T.);
#7192=ORIENTED_EDGE('',*,*,#5118,.T.);
#7193=ORIENTED_EDGE('',*,*,#5119,.T.);
#7194=ORIENTED_EDGE('',*,*,#5120,.T.);
#7195=ORIENTED_EDGE('',*,*,#5121,.T.);
#7196=ORIENTED_EDGE('',*,*,#5122,.T.);
#7197=ORIENTED_EDGE('',*,*,#5123,.T.);
#7198=ORIENTED_EDGE('',*,*,#5124,.T.);
#7199=ORIENTED_EDGE('',*,*,#5125,.T.);
#7200=ORIENTED_EDGE('',*,*,#5126,.F.);
#7201=ORIENTED_EDGE('',*,*,#5127,.F.);
#7202=ORIENTED_EDGE('',*,*,#5128,.F.);
#7203=ORIENTED_EDGE('',*,*,#5098,.F.);
#7204=ORIENTED_EDGE('',*,*,#5128,.T.);
#7205=ORIENTED_EDGE('',*,*,#5129,.F.);
#7206=ORIENTED_EDGE('',*,*,#5130,.F.);
#7207=ORIENTED_EDGE('',*,*,#5099,.F.);
#7208=ORIENTED_EDGE('',*,*,#5130,.T.);
#7209=ORIENTED_EDGE('',*,*,#5131,.F.);
#7210=ORIENTED_EDGE('',*,*,#5132,.F.);
#7211=ORIENTED_EDGE('',*,*,#5100,.F.);
#7212=ORIENTED_EDGE('',*,*,#5132,.T.);
#7213=ORIENTED_EDGE('',*,*,#5133,.F.);
#7214=ORIENTED_EDGE('',*,*,#5134,.F.);
#7215=ORIENTED_EDGE('',*,*,#5101,.F.);
#7216=ORIENTED_EDGE('',*,*,#5134,.T.);
#7217=ORIENTED_EDGE('',*,*,#5135,.F.);
#7218=ORIENTED_EDGE('',*,*,#5136,.F.);
#7219=ORIENTED_EDGE('',*,*,#5102,.F.);
#7220=ORIENTED_EDGE('',*,*,#5136,.T.);
#7221=ORIENTED_EDGE('',*,*,#5137,.F.);
#7222=ORIENTED_EDGE('',*,*,#5138,.F.);
#7223=ORIENTED_EDGE('',*,*,#5103,.F.);
#7224=ORIENTED_EDGE('',*,*,#5138,.T.);
#7225=ORIENTED_EDGE('',*,*,#5139,.F.);
#7226=ORIENTED_EDGE('',*,*,#5140,.F.);
#7227=ORIENTED_EDGE('',*,*,#5104,.F.);
#7228=ORIENTED_EDGE('',*,*,#5140,.T.);
#7229=ORIENTED_EDGE('',*,*,#5141,.F.);
#7230=ORIENTED_EDGE('',*,*,#5142,.F.);
#7231=ORIENTED_EDGE('',*,*,#5105,.F.);
#7232=ORIENTED_EDGE('',*,*,#5142,.T.);
#7233=ORIENTED_EDGE('',*,*,#5143,.F.);
#7234=ORIENTED_EDGE('',*,*,#5144,.F.);
#7235=ORIENTED_EDGE('',*,*,#5106,.F.);
#7236=ORIENTED_EDGE('',*,*,#5144,.T.);
#7237=ORIENTED_EDGE('',*,*,#5145,.F.);
#7238=ORIENTED_EDGE('',*,*,#5146,.F.);
#7239=ORIENTED_EDGE('',*,*,#5107,.F.);
#7240=ORIENTED_EDGE('',*,*,#5146,.T.);
#7241=ORIENTED_EDGE('',*,*,#5147,.F.);
#7242=ORIENTED_EDGE('',*,*,#5148,.F.);
#7243=ORIENTED_EDGE('',*,*,#5108,.F.);
#7244=ORIENTED_EDGE('',*,*,#5148,.T.);
#7245=ORIENTED_EDGE('',*,*,#5149,.F.);
#7246=ORIENTED_EDGE('',*,*,#5150,.F.);
#7247=ORIENTED_EDGE('',*,*,#5109,.F.);
#7248=ORIENTED_EDGE('',*,*,#5150,.T.);
#7249=ORIENTED_EDGE('',*,*,#5151,.F.);
#7250=ORIENTED_EDGE('',*,*,#5152,.F.);
#7251=ORIENTED_EDGE('',*,*,#5110,.F.);
#7252=ORIENTED_EDGE('',*,*,#5152,.T.);
#7253=ORIENTED_EDGE('',*,*,#5153,.F.);
#7254=ORIENTED_EDGE('',*,*,#5154,.F.);
#7255=ORIENTED_EDGE('',*,*,#5111,.F.);
#7256=ORIENTED_EDGE('',*,*,#5154,.T.);
#7257=ORIENTED_EDGE('',*,*,#5155,.F.);
#7258=ORIENTED_EDGE('',*,*,#5156,.F.);
#7259=ORIENTED_EDGE('',*,*,#5112,.F.);
#7260=ORIENTED_EDGE('',*,*,#5156,.T.);
#7261=ORIENTED_EDGE('',*,*,#5157,.F.);
#7262=ORIENTED_EDGE('',*,*,#5158,.F.);
#7263=ORIENTED_EDGE('',*,*,#5113,.F.);
#7264=ORIENTED_EDGE('',*,*,#5158,.T.);
#7265=ORIENTED_EDGE('',*,*,#5159,.F.);
#7266=ORIENTED_EDGE('',*,*,#5160,.F.);
#7267=ORIENTED_EDGE('',*,*,#5114,.F.);
#7268=ORIENTED_EDGE('',*,*,#5160,.T.);
#7269=ORIENTED_EDGE('',*,*,#5161,.F.);
#7270=ORIENTED_EDGE('',*,*,#5162,.F.);
#7271=ORIENTED_EDGE('',*,*,#5115,.F.);
#7272=ORIENTED_EDGE('',*,*,#5162,.T.);
#7273=ORIENTED_EDGE('',*,*,#5163,.F.);
#7274=ORIENTED_EDGE('',*,*,#5164,.F.);
#7275=ORIENTED_EDGE('',*,*,#5116,.F.);
#7276=ORIENTED_EDGE('',*,*,#5164,.T.);
#7277=ORIENTED_EDGE('',*,*,#5165,.F.);
#7278=ORIENTED_EDGE('',*,*,#5166,.F.);
#7279=ORIENTED_EDGE('',*,*,#5117,.F.);
#7280=ORIENTED_EDGE('',*,*,#5166,.T.);
#7281=ORIENTED_EDGE('',*,*,#5167,.F.);
#7282=ORIENTED_EDGE('',*,*,#5168,.F.);
#7283=ORIENTED_EDGE('',*,*,#5118,.F.);
#7284=ORIENTED_EDGE('',*,*,#5168,.T.);
#7285=ORIENTED_EDGE('',*,*,#5169,.F.);
#7286=ORIENTED_EDGE('',*,*,#5170,.F.);
#7287=ORIENTED_EDGE('',*,*,#5119,.F.);
#7288=ORIENTED_EDGE('',*,*,#5170,.T.);
#7289=ORIENTED_EDGE('',*,*,#5171,.F.);
#7290=ORIENTED_EDGE('',*,*,#5172,.F.);
#7291=ORIENTED_EDGE('',*,*,#5120,.F.);
#7292=ORIENTED_EDGE('',*,*,#5172,.T.);
#7293=ORIENTED_EDGE('',*,*,#5173,.F.);
#7294=ORIENTED_EDGE('',*,*,#5174,.F.);
#7295=ORIENTED_EDGE('',*,*,#5121,.F.);
#7296=ORIENTED_EDGE('',*,*,#5174,.T.);
#7297=ORIENTED_EDGE('',*,*,#5175,.F.);
#7298=ORIENTED_EDGE('',*,*,#5176,.F.);
#7299=ORIENTED_EDGE('',*,*,#5122,.F.);
#7300=ORIENTED_EDGE('',*,*,#5176,.T.);
#7301=ORIENTED_EDGE('',*,*,#5177,.F.);
#7302=ORIENTED_EDGE('',*,*,#5178,.F.);
#7303=ORIENTED_EDGE('',*,*,#5123,.F.);
#7304=ORIENTED_EDGE('',*,*,#5178,.T.);
#7305=ORIENTED_EDGE('',*,*,#5179,.F.);
#7306=ORIENTED_EDGE('',*,*,#5180,.F.);
#7307=ORIENTED_EDGE('',*,*,#5124,.F.);
#7308=ORIENTED_EDGE('',*,*,#5180,.T.);
#7309=ORIENTED_EDGE('',*,*,#5181,.F.);
#7310=ORIENTED_EDGE('',*,*,#5182,.F.);
#7311=ORIENTED_EDGE('',*,*,#5125,.F.);
#7312=ORIENTED_EDGE('',*,*,#5182,.T.);
#7313=ORIENTED_EDGE('',*,*,#5183,.F.);
#7314=ORIENTED_EDGE('',*,*,#5126,.T.);
#7315=ORIENTED_EDGE('',*,*,#5097,.F.);
#7316=ORIENTED_EDGE('',*,*,#5183,.T.);
#7317=ORIENTED_EDGE('',*,*,#5181,.T.);
#7318=ORIENTED_EDGE('',*,*,#5179,.T.);
#7319=ORIENTED_EDGE('',*,*,#5177,.T.);
#7320=ORIENTED_EDGE('',*,*,#5175,.T.);
#7321=ORIENTED_EDGE('',*,*,#5173,.T.);
#7322=ORIENTED_EDGE('',*,*,#5171,.T.);
#7323=ORIENTED_EDGE('',*,*,#5169,.T.);
#7324=ORIENTED_EDGE('',*,*,#5167,.T.);
#7325=ORIENTED_EDGE('',*,*,#5165,.T.);
#7326=ORIENTED_EDGE('',*,*,#5163,.T.);
#7327=ORIENTED_EDGE('',*,*,#5161,.T.);
#7328=ORIENTED_EDGE('',*,*,#5159,.T.);
#7329=ORIENTED_EDGE('',*,*,#5157,.T.);
#7330=ORIENTED_EDGE('',*,*,#5155,.T.);
#7331=ORIENTED_EDGE('',*,*,#5153,.T.);
#7332=ORIENTED_EDGE('',*,*,#5151,.T.);
#7333=ORIENTED_EDGE('',*,*,#5149,.T.);
#7334=ORIENTED_EDGE('',*,*,#5147,.T.);
#7335=ORIENTED_EDGE('',*,*,#5145,.T.);
#7336=ORIENTED_EDGE('',*,*,#5143,.T.);
#7337=ORIENTED_EDGE('',*,*,#5141,.T.);
#7338=ORIENTED_EDGE('',*,*,#5139,.T.);
#7339=ORIENTED_EDGE('',*,*,#5137,.T.);
#7340=ORIENTED_EDGE('',*,*,#5135,.T.);
#7341=ORIENTED_EDGE('',*,*,#5133,.T.);
#7342=ORIENTED_EDGE('',*,*,#5131,.T.);
#7343=ORIENTED_EDGE('',*,*,#5129,.T.);
#7344=ORIENTED_EDGE('',*,*,#5127,.T.);
#7345=ORIENTED_EDGE('',*,*,#5184,.T.);
#7346=ORIENTED_EDGE('',*,*,#5185,.T.);
#7347=ORIENTED_EDGE('',*,*,#5186,.T.);
#7348=ORIENTED_EDGE('',*,*,#5187,.T.);
#7349=ORIENTED_EDGE('',*,*,#5188,.T.);
#7350=ORIENTED_EDGE('',*,*,#5189,.T.);
#7351=ORIENTED_EDGE('',*,*,#5190,.T.);
#7352=ORIENTED_EDGE('',*,*,#5191,.T.);
#7353=ORIENTED_EDGE('',*,*,#5192,.T.);
#7354=ORIENTED_EDGE('',*,*,#5193,.T.);
#7355=ORIENTED_EDGE('',*,*,#5194,.T.);
#7356=ORIENTED_EDGE('',*,*,#5195,.T.);
#7357=ORIENTED_EDGE('',*,*,#5196,.T.);
#7358=ORIENTED_EDGE('',*,*,#5197,.T.);
#7359=ORIENTED_EDGE('',*,*,#5198,.T.);
#7360=ORIENTED_EDGE('',*,*,#5199,.T.);
#7361=ORIENTED_EDGE('',*,*,#5200,.T.);
#7362=ORIENTED_EDGE('',*,*,#5201,.T.);
#7363=ORIENTED_EDGE('',*,*,#5202,.T.);
#7364=ORIENTED_EDGE('',*,*,#5203,.T.);
#7365=ORIENTED_EDGE('',*,*,#5204,.T.);
#7366=ORIENTED_EDGE('',*,*,#5205,.T.);
#7367=ORIENTED_EDGE('',*,*,#5206,.T.);
#7368=ORIENTED_EDGE('',*,*,#5207,.T.);
#7369=ORIENTED_EDGE('',*,*,#5208,.T.);
#7370=ORIENTED_EDGE('',*,*,#5209,.T.);
#7371=ORIENTED_EDGE('',*,*,#5210,.T.);
#7372=ORIENTED_EDGE('',*,*,#5211,.T.);
#7373=ORIENTED_EDGE('',*,*,#5212,.T.);
#7374=ORIENTED_EDGE('',*,*,#5213,.F.);
#7375=ORIENTED_EDGE('',*,*,#5214,.F.);
#7376=ORIENTED_EDGE('',*,*,#5215,.F.);
#7377=ORIENTED_EDGE('',*,*,#5185,.F.);
#7378=ORIENTED_EDGE('',*,*,#5215,.T.);
#7379=ORIENTED_EDGE('',*,*,#5216,.F.);
#7380=ORIENTED_EDGE('',*,*,#5217,.F.);
#7381=ORIENTED_EDGE('',*,*,#5186,.F.);
#7382=ORIENTED_EDGE('',*,*,#5217,.T.);
#7383=ORIENTED_EDGE('',*,*,#5218,.F.);
#7384=ORIENTED_EDGE('',*,*,#5219,.F.);
#7385=ORIENTED_EDGE('',*,*,#5187,.F.);
#7386=ORIENTED_EDGE('',*,*,#5219,.T.);
#7387=ORIENTED_EDGE('',*,*,#5220,.F.);
#7388=ORIENTED_EDGE('',*,*,#5221,.F.);
#7389=ORIENTED_EDGE('',*,*,#5188,.F.);
#7390=ORIENTED_EDGE('',*,*,#5221,.T.);
#7391=ORIENTED_EDGE('',*,*,#5222,.F.);
#7392=ORIENTED_EDGE('',*,*,#5223,.F.);
#7393=ORIENTED_EDGE('',*,*,#5189,.F.);
#7394=ORIENTED_EDGE('',*,*,#5223,.T.);
#7395=ORIENTED_EDGE('',*,*,#5224,.F.);
#7396=ORIENTED_EDGE('',*,*,#5225,.F.);
#7397=ORIENTED_EDGE('',*,*,#5190,.F.);
#7398=ORIENTED_EDGE('',*,*,#5225,.T.);
#7399=ORIENTED_EDGE('',*,*,#5226,.F.);
#7400=ORIENTED_EDGE('',*,*,#5227,.F.);
#7401=ORIENTED_EDGE('',*,*,#5191,.F.);
#7402=ORIENTED_EDGE('',*,*,#5227,.T.);
#7403=ORIENTED_EDGE('',*,*,#5228,.F.);
#7404=ORIENTED_EDGE('',*,*,#5229,.F.);
#7405=ORIENTED_EDGE('',*,*,#5192,.F.);
#7406=ORIENTED_EDGE('',*,*,#5229,.T.);
#7407=ORIENTED_EDGE('',*,*,#5230,.F.);
#7408=ORIENTED_EDGE('',*,*,#5231,.F.);
#7409=ORIENTED_EDGE('',*,*,#5193,.F.);
#7410=ORIENTED_EDGE('',*,*,#5231,.T.);
#7411=ORIENTED_EDGE('',*,*,#5232,.F.);
#7412=ORIENTED_EDGE('',*,*,#5233,.F.);
#7413=ORIENTED_EDGE('',*,*,#5194,.F.);
#7414=ORIENTED_EDGE('',*,*,#5233,.T.);
#7415=ORIENTED_EDGE('',*,*,#5234,.F.);
#7416=ORIENTED_EDGE('',*,*,#5235,.F.);
#7417=ORIENTED_EDGE('',*,*,#5195,.F.);
#7418=ORIENTED_EDGE('',*,*,#5235,.T.);
#7419=ORIENTED_EDGE('',*,*,#5236,.F.);
#7420=ORIENTED_EDGE('',*,*,#5237,.F.);
#7421=ORIENTED_EDGE('',*,*,#5196,.F.);
#7422=ORIENTED_EDGE('',*,*,#5237,.T.);
#7423=ORIENTED_EDGE('',*,*,#5238,.F.);
#7424=ORIENTED_EDGE('',*,*,#5239,.F.);
#7425=ORIENTED_EDGE('',*,*,#5197,.F.);
#7426=ORIENTED_EDGE('',*,*,#5239,.T.);
#7427=ORIENTED_EDGE('',*,*,#5240,.F.);
#7428=ORIENTED_EDGE('',*,*,#5241,.F.);
#7429=ORIENTED_EDGE('',*,*,#5198,.F.);
#7430=ORIENTED_EDGE('',*,*,#5241,.T.);
#7431=ORIENTED_EDGE('',*,*,#5242,.F.);
#7432=ORIENTED_EDGE('',*,*,#5243,.F.);
#7433=ORIENTED_EDGE('',*,*,#5199,.F.);
#7434=ORIENTED_EDGE('',*,*,#5243,.T.);
#7435=ORIENTED_EDGE('',*,*,#5244,.F.);
#7436=ORIENTED_EDGE('',*,*,#5245,.F.);
#7437=ORIENTED_EDGE('',*,*,#5200,.F.);
#7438=ORIENTED_EDGE('',*,*,#5245,.T.);
#7439=ORIENTED_EDGE('',*,*,#5246,.F.);
#7440=ORIENTED_EDGE('',*,*,#5247,.F.);
#7441=ORIENTED_EDGE('',*,*,#5201,.F.);
#7442=ORIENTED_EDGE('',*,*,#5247,.T.);
#7443=ORIENTED_EDGE('',*,*,#5248,.F.);
#7444=ORIENTED_EDGE('',*,*,#5249,.F.);
#7445=ORIENTED_EDGE('',*,*,#5202,.F.);
#7446=ORIENTED_EDGE('',*,*,#5249,.T.);
#7447=ORIENTED_EDGE('',*,*,#5250,.F.);
#7448=ORIENTED_EDGE('',*,*,#5251,.F.);
#7449=ORIENTED_EDGE('',*,*,#5203,.F.);
#7450=ORIENTED_EDGE('',*,*,#5251,.T.);
#7451=ORIENTED_EDGE('',*,*,#5252,.F.);
#7452=ORIENTED_EDGE('',*,*,#5253,.F.);
#7453=ORIENTED_EDGE('',*,*,#5204,.F.);
#7454=ORIENTED_EDGE('',*,*,#5253,.T.);
#7455=ORIENTED_EDGE('',*,*,#5254,.F.);
#7456=ORIENTED_EDGE('',*,*,#5255,.F.);
#7457=ORIENTED_EDGE('',*,*,#5205,.F.);
#7458=ORIENTED_EDGE('',*,*,#5255,.T.);
#7459=ORIENTED_EDGE('',*,*,#5256,.F.);
#7460=ORIENTED_EDGE('',*,*,#5257,.F.);
#7461=ORIENTED_EDGE('',*,*,#5206,.F.);
#7462=ORIENTED_EDGE('',*,*,#5257,.T.);
#7463=ORIENTED_EDGE('',*,*,#5258,.F.);
#7464=ORIENTED_EDGE('',*,*,#5259,.F.);
#7465=ORIENTED_EDGE('',*,*,#5207,.F.);
#7466=ORIENTED_EDGE('',*,*,#5259,.T.);
#7467=ORIENTED_EDGE('',*,*,#5260,.F.);
#7468=ORIENTED_EDGE('',*,*,#5261,.F.);
#7469=ORIENTED_EDGE('',*,*,#5208,.F.);
#7470=ORIENTED_EDGE('',*,*,#5261,.T.);
#7471=ORIENTED_EDGE('',*,*,#5262,.F.);
#7472=ORIENTED_EDGE('',*,*,#5263,.F.);
#7473=ORIENTED_EDGE('',*,*,#5209,.F.);
#7474=ORIENTED_EDGE('',*,*,#5263,.T.);
#7475=ORIENTED_EDGE('',*,*,#5264,.F.);
#7476=ORIENTED_EDGE('',*,*,#5265,.F.);
#7477=ORIENTED_EDGE('',*,*,#5210,.F.);
#7478=ORIENTED_EDGE('',*,*,#5265,.T.);
#7479=ORIENTED_EDGE('',*,*,#5266,.F.);
#7480=ORIENTED_EDGE('',*,*,#5267,.F.);
#7481=ORIENTED_EDGE('',*,*,#5211,.F.);
#7482=ORIENTED_EDGE('',*,*,#5267,.T.);
#7483=ORIENTED_EDGE('',*,*,#5268,.F.);
#7484=ORIENTED_EDGE('',*,*,#5269,.F.);
#7485=ORIENTED_EDGE('',*,*,#5212,.F.);
#7486=ORIENTED_EDGE('',*,*,#5269,.T.);
#7487=ORIENTED_EDGE('',*,*,#5270,.F.);
#7488=ORIENTED_EDGE('',*,*,#5213,.T.);
#7489=ORIENTED_EDGE('',*,*,#5184,.F.);
#7490=ORIENTED_EDGE('',*,*,#5270,.T.);
#7491=ORIENTED_EDGE('',*,*,#5268,.T.);
#7492=ORIENTED_EDGE('',*,*,#5266,.T.);
#7493=ORIENTED_EDGE('',*,*,#5264,.T.);
#7494=ORIENTED_EDGE('',*,*,#5262,.T.);
#7495=ORIENTED_EDGE('',*,*,#5260,.T.);
#7496=ORIENTED_EDGE('',*,*,#5258,.T.);
#7497=ORIENTED_EDGE('',*,*,#5256,.T.);
#7498=ORIENTED_EDGE('',*,*,#5254,.T.);
#7499=ORIENTED_EDGE('',*,*,#5252,.T.);
#7500=ORIENTED_EDGE('',*,*,#5250,.T.);
#7501=ORIENTED_EDGE('',*,*,#5248,.T.);
#7502=ORIENTED_EDGE('',*,*,#5246,.T.);
#7503=ORIENTED_EDGE('',*,*,#5244,.T.);
#7504=ORIENTED_EDGE('',*,*,#5242,.T.);
#7505=ORIENTED_EDGE('',*,*,#5240,.T.);
#7506=ORIENTED_EDGE('',*,*,#5238,.T.);
#7507=ORIENTED_EDGE('',*,*,#5236,.T.);
#7508=ORIENTED_EDGE('',*,*,#5234,.T.);
#7509=ORIENTED_EDGE('',*,*,#5232,.T.);
#7510=ORIENTED_EDGE('',*,*,#5230,.T.);
#7511=ORIENTED_EDGE('',*,*,#5228,.T.);
#7512=ORIENTED_EDGE('',*,*,#5226,.T.);
#7513=ORIENTED_EDGE('',*,*,#5224,.T.);
#7514=ORIENTED_EDGE('',*,*,#5222,.T.);
#7515=ORIENTED_EDGE('',*,*,#5220,.T.);
#7516=ORIENTED_EDGE('',*,*,#5218,.T.);
#7517=ORIENTED_EDGE('',*,*,#5216,.T.);
#7518=ORIENTED_EDGE('',*,*,#5214,.T.);
#7519=ORIENTED_EDGE('',*,*,#5271,.F.);
#7520=ORIENTED_EDGE('',*,*,#5272,.F.);
#7521=ORIENTED_EDGE('',*,*,#5273,.F.);
#7522=ORIENTED_EDGE('',*,*,#5274,.F.);
#7523=ORIENTED_EDGE('',*,*,#5275,.F.);
#7524=ORIENTED_EDGE('',*,*,#5276,.F.);
#7525=ORIENTED_EDGE('',*,*,#5275,.T.);
#7526=ORIENTED_EDGE('',*,*,#5277,.T.);
#7527=ORIENTED_EDGE('',*,*,#5278,.F.);
#7528=ORIENTED_EDGE('',*,*,#5271,.T.);
#7529=ORIENTED_EDGE('',*,*,#5276,.T.);
#7530=ORIENTED_EDGE('',*,*,#5279,.F.);
#7531=ORIENTED_EDGE('',*,*,#5280,.F.);
#7532=ORIENTED_EDGE('',*,*,#5281,.T.);
#7533=ORIENTED_EDGE('',*,*,#5282,.T.);
#7534=ORIENTED_EDGE('',*,*,#5283,.T.);
#7535=ORIENTED_EDGE('',*,*,#5284,.F.);
#7536=ORIENTED_EDGE('',*,*,#5285,.T.);
#7537=ORIENTED_EDGE('',*,*,#5279,.T.);
#7538=ORIENTED_EDGE('',*,*,#5278,.T.);
#7539=ORIENTED_EDGE('',*,*,#5286,.T.);
#7540=ORIENTED_EDGE('',*,*,#5287,.T.);
#7541=ORIENTED_EDGE('',*,*,#5288,.T.);
#7542=ORIENTED_EDGE('',*,*,#5289,.F.);
#7543=ORIENTED_EDGE('',*,*,#5290,.T.);
#7544=ORIENTED_EDGE('',*,*,#5291,.T.);
#7545=ORIENTED_EDGE('',*,*,#5288,.F.);
#7546=ORIENTED_EDGE('',*,*,#5292,.F.);
#7547=ORIENTED_EDGE('',*,*,#5293,.T.);
#7548=ORIENTED_EDGE('',*,*,#5289,.T.);
#7549=ORIENTED_EDGE('',*,*,#5287,.F.);
#7550=ORIENTED_EDGE('',*,*,#5282,.F.);
#7551=ORIENTED_EDGE('',*,*,#5294,.T.);
#7552=ORIENTED_EDGE('',*,*,#5295,.T.);
#7553=ORIENTED_EDGE('',*,*,#5296,.F.);
#7554=ORIENTED_EDGE('',*,*,#5283,.F.);
#7555=ORIENTED_EDGE('',*,*,#5296,.T.);
#7556=ORIENTED_EDGE('',*,*,#5297,.F.);
#7557=ORIENTED_EDGE('',*,*,#5298,.F.);
#7558=ORIENTED_EDGE('',*,*,#5299,.F.);
#7559=ORIENTED_EDGE('',*,*,#5272,.T.);
#7560=ORIENTED_EDGE('',*,*,#5284,.T.);
#7561=ORIENTED_EDGE('',*,*,#5299,.T.);
#7562=ORIENTED_EDGE('',*,*,#5300,.T.);
#7563=ORIENTED_EDGE('',*,*,#5273,.T.);
#7564=ORIENTED_EDGE('',*,*,#5300,.F.);
#7565=ORIENTED_EDGE('',*,*,#5298,.T.);
#7566=ORIENTED_EDGE('',*,*,#5301,.T.);
#7567=ORIENTED_EDGE('',*,*,#5274,.T.);
#7568=ORIENTED_EDGE('',*,*,#5301,.F.);
#7569=ORIENTED_EDGE('',*,*,#5297,.T.);
#7570=ORIENTED_EDGE('',*,*,#5302,.T.);
#7571=ORIENTED_EDGE('',*,*,#5303,.T.);
#7572=ORIENTED_EDGE('',*,*,#5280,.T.);
#7573=ORIENTED_EDGE('',*,*,#5285,.F.);
#7574=ORIENTED_EDGE('',*,*,#5291,.F.);
#7575=ORIENTED_EDGE('',*,*,#5281,.F.);
#7576=ORIENTED_EDGE('',*,*,#5303,.F.);
#7577=ORIENTED_EDGE('',*,*,#5290,.F.);
#7578=ORIENTED_EDGE('',*,*,#5293,.F.);
#7579=ORIENTED_EDGE('',*,*,#5304,.F.);
#7580=ORIENTED_EDGE('',*,*,#5294,.F.);
#7581=ORIENTED_EDGE('',*,*,#5302,.F.);
#7582=ORIENTED_EDGE('',*,*,#5295,.F.);
#7583=ORIENTED_EDGE('',*,*,#5304,.T.);
#7584=ORIENTED_EDGE('',*,*,#5292,.T.);
#7585=ORIENTED_EDGE('',*,*,#5286,.F.);
#7586=ORIENTED_EDGE('',*,*,#5277,.F.);
#7587=ORIENTED_EDGE('',*,*,#5305,.T.);
#7588=ORIENTED_EDGE('',*,*,#5306,.F.);
#7589=ORIENTED_EDGE('',*,*,#5307,.F.);
#7590=ORIENTED_EDGE('',*,*,#5308,.F.);
#7591=ORIENTED_EDGE('',*,*,#5309,.T.);
#7592=ORIENTED_EDGE('',*,*,#5308,.T.);
#7593=ORIENTED_EDGE('',*,*,#5310,.F.);
#7594=ORIENTED_EDGE('',*,*,#5311,.F.);
#7595=ORIENTED_EDGE('',*,*,#5312,.T.);
#7596=ORIENTED_EDGE('',*,*,#5311,.T.);
#7597=ORIENTED_EDGE('',*,*,#5313,.F.);
#7598=ORIENTED_EDGE('',*,*,#5314,.F.);
#7599=ORIENTED_EDGE('',*,*,#5315,.F.);
#7600=ORIENTED_EDGE('',*,*,#5313,.T.);
#7601=ORIENTED_EDGE('',*,*,#5310,.T.);
#7602=ORIENTED_EDGE('',*,*,#5307,.T.);
#7603=ORIENTED_EDGE('',*,*,#5316,.F.);
#7604=ORIENTED_EDGE('',*,*,#5305,.F.);
#7605=ORIENTED_EDGE('',*,*,#5309,.F.);
#7606=ORIENTED_EDGE('',*,*,#5312,.F.);
#7607=ORIENTED_EDGE('',*,*,#5317,.T.);
#7608=ORIENTED_EDGE('',*,*,#5318,.T.);
#7609=ORIENTED_EDGE('',*,*,#5319,.F.);
#7610=ORIENTED_EDGE('',*,*,#5320,.F.);
#7611=ORIENTED_EDGE('',*,*,#5321,.T.);
#7612=ORIENTED_EDGE('',*,*,#5322,.F.);
#7613=ORIENTED_EDGE('',*,*,#5323,.F.);
#7614=ORIENTED_EDGE('',*,*,#5324,.F.);
#7615=ORIENTED_EDGE('',*,*,#5325,.T.);
#7616=ORIENTED_EDGE('',*,*,#5324,.T.);
#7617=ORIENTED_EDGE('',*,*,#5326,.F.);
#7618=ORIENTED_EDGE('',*,*,#5318,.F.);
#7619=ORIENTED_EDGE('',*,*,#5326,.T.);
#7620=ORIENTED_EDGE('',*,*,#5323,.T.);
#7621=ORIENTED_EDGE('',*,*,#5327,.F.);
#7622=ORIENTED_EDGE('',*,*,#5319,.T.);
#7623=ORIENTED_EDGE('',*,*,#5325,.F.);
#7624=ORIENTED_EDGE('',*,*,#5317,.F.);
#7625=ORIENTED_EDGE('',*,*,#5328,.F.);
#7626=ORIENTED_EDGE('',*,*,#5321,.F.);
#7627=ORIENTED_EDGE('',*,*,#5329,.T.);
#7628=ORIENTED_EDGE('',*,*,#5330,.T.);
#7629=ORIENTED_EDGE('',*,*,#5331,.F.);
#7630=ORIENTED_EDGE('',*,*,#5332,.F.);
#7631=ORIENTED_EDGE('',*,*,#5333,.T.);
#7632=ORIENTED_EDGE('',*,*,#5332,.T.);
#7633=ORIENTED_EDGE('',*,*,#5334,.F.);
#7634=ORIENTED_EDGE('',*,*,#5335,.F.);
#7635=ORIENTED_EDGE('',*,*,#5314,.T.);
#7636=ORIENTED_EDGE('',*,*,#5315,.T.);
#7637=ORIENTED_EDGE('',*,*,#5306,.T.);
#7638=ORIENTED_EDGE('',*,*,#5316,.T.);
#7639=ORIENTED_EDGE('',*,*,#5336,.T.);
#7640=ORIENTED_EDGE('',*,*,#5335,.T.);
#7641=ORIENTED_EDGE('',*,*,#5337,.F.);
#7642=ORIENTED_EDGE('',*,*,#5338,.F.);
#7643=ORIENTED_EDGE('',*,*,#5339,.T.);
#7644=ORIENTED_EDGE('',*,*,#5338,.T.);
#7645=ORIENTED_EDGE('',*,*,#5340,.F.);
#7646=ORIENTED_EDGE('',*,*,#5330,.F.);
#7647=ORIENTED_EDGE('',*,*,#5322,.T.);
#7648=ORIENTED_EDGE('',*,*,#5328,.T.);
#7649=ORIENTED_EDGE('',*,*,#5320,.T.);
#7650=ORIENTED_EDGE('',*,*,#5327,.T.);
#7651=ORIENTED_EDGE('',*,*,#5340,.T.);
#7652=ORIENTED_EDGE('',*,*,#5337,.T.);
#7653=ORIENTED_EDGE('',*,*,#5334,.T.);
#7654=ORIENTED_EDGE('',*,*,#5331,.T.);
#7655=ORIENTED_EDGE('',*,*,#5339,.F.);
#7656=ORIENTED_EDGE('',*,*,#5329,.F.);
#7657=ORIENTED_EDGE('',*,*,#5333,.F.);
#7658=ORIENTED_EDGE('',*,*,#5336,.F.);
#7659=ORIENTED_EDGE('',*,*,#5341,.T.);
#7660=ORIENTED_EDGE('',*,*,#5342,.T.);
#7661=ORIENTED_EDGE('',*,*,#5343,.F.);
#7662=ORIENTED_EDGE('',*,*,#5344,.F.);
#7663=ORIENTED_EDGE('',*,*,#5345,.T.);
#7664=ORIENTED_EDGE('',*,*,#5344,.T.);
#7665=ORIENTED_EDGE('',*,*,#5346,.F.);
#7666=ORIENTED_EDGE('',*,*,#5347,.F.);
#7667=ORIENTED_EDGE('',*,*,#5348,.T.);
#7668=ORIENTED_EDGE('',*,*,#5347,.T.);
#7669=ORIENTED_EDGE('',*,*,#5349,.F.);
#7670=ORIENTED_EDGE('',*,*,#5350,.F.);
#7671=ORIENTED_EDGE('',*,*,#5351,.T.);
#7672=ORIENTED_EDGE('',*,*,#5350,.T.);
#7673=ORIENTED_EDGE('',*,*,#5352,.F.);
#7674=ORIENTED_EDGE('',*,*,#5342,.F.);
#7675=ORIENTED_EDGE('',*,*,#5352,.T.);
#7676=ORIENTED_EDGE('',*,*,#5349,.T.);
#7677=ORIENTED_EDGE('',*,*,#5346,.T.);
#7678=ORIENTED_EDGE('',*,*,#5343,.T.);
#7679=ORIENTED_EDGE('',*,*,#5351,.F.);
#7680=ORIENTED_EDGE('',*,*,#5341,.F.);
#7681=ORIENTED_EDGE('',*,*,#5345,.F.);
#7682=ORIENTED_EDGE('',*,*,#5348,.F.);
#7683=ORIENTED_EDGE('',*,*,#5353,.T.);
#7684=ORIENTED_EDGE('',*,*,#5354,.F.);
#7685=ORIENTED_EDGE('',*,*,#5355,.F.);
#7686=ORIENTED_EDGE('',*,*,#5356,.F.);
#7687=ORIENTED_EDGE('',*,*,#5357,.T.);
#7688=ORIENTED_EDGE('',*,*,#5356,.T.);
#7689=ORIENTED_EDGE('',*,*,#5358,.F.);
#7690=ORIENTED_EDGE('',*,*,#5359,.F.);
#7691=ORIENTED_EDGE('',*,*,#5360,.T.);
#7692=ORIENTED_EDGE('',*,*,#5359,.T.);
#7693=ORIENTED_EDGE('',*,*,#5361,.F.);
#7694=ORIENTED_EDGE('',*,*,#5362,.F.);
#7695=ORIENTED_EDGE('',*,*,#5363,.F.);
#7696=ORIENTED_EDGE('',*,*,#5361,.T.);
#7697=ORIENTED_EDGE('',*,*,#5358,.T.);
#7698=ORIENTED_EDGE('',*,*,#5355,.T.);
#7699=ORIENTED_EDGE('',*,*,#5364,.F.);
#7700=ORIENTED_EDGE('',*,*,#5353,.F.);
#7701=ORIENTED_EDGE('',*,*,#5357,.F.);
#7702=ORIENTED_EDGE('',*,*,#5360,.F.);
#7703=ORIENTED_EDGE('',*,*,#5365,.T.);
#7704=ORIENTED_EDGE('',*,*,#5366,.T.);
#7705=ORIENTED_EDGE('',*,*,#5367,.F.);
#7706=ORIENTED_EDGE('',*,*,#5368,.F.);
#7707=ORIENTED_EDGE('',*,*,#5369,.T.);
#7708=ORIENTED_EDGE('',*,*,#5370,.F.);
#7709=ORIENTED_EDGE('',*,*,#5371,.F.);
#7710=ORIENTED_EDGE('',*,*,#5372,.F.);
#7711=ORIENTED_EDGE('',*,*,#5373,.T.);
#7712=ORIENTED_EDGE('',*,*,#5372,.T.);
#7713=ORIENTED_EDGE('',*,*,#5374,.F.);
#7714=ORIENTED_EDGE('',*,*,#5366,.F.);
#7715=ORIENTED_EDGE('',*,*,#5374,.T.);
#7716=ORIENTED_EDGE('',*,*,#5371,.T.);
#7717=ORIENTED_EDGE('',*,*,#5375,.F.);
#7718=ORIENTED_EDGE('',*,*,#5367,.T.);
#7719=ORIENTED_EDGE('',*,*,#5373,.F.);
#7720=ORIENTED_EDGE('',*,*,#5365,.F.);
#7721=ORIENTED_EDGE('',*,*,#5376,.F.);
#7722=ORIENTED_EDGE('',*,*,#5369,.F.);
#7723=ORIENTED_EDGE('',*,*,#5377,.T.);
#7724=ORIENTED_EDGE('',*,*,#5378,.T.);
#7725=ORIENTED_EDGE('',*,*,#5379,.F.);
#7726=ORIENTED_EDGE('',*,*,#5380,.F.);
#7727=ORIENTED_EDGE('',*,*,#5381,.T.);
#7728=ORIENTED_EDGE('',*,*,#5380,.T.);
#7729=ORIENTED_EDGE('',*,*,#5382,.F.);
#7730=ORIENTED_EDGE('',*,*,#5383,.F.);
#7731=ORIENTED_EDGE('',*,*,#5362,.T.);
#7732=ORIENTED_EDGE('',*,*,#5363,.T.);
#7733=ORIENTED_EDGE('',*,*,#5354,.T.);
#7734=ORIENTED_EDGE('',*,*,#5364,.T.);
#7735=ORIENTED_EDGE('',*,*,#5384,.T.);
#7736=ORIENTED_EDGE('',*,*,#5383,.T.);
#7737=ORIENTED_EDGE('',*,*,#5385,.F.);
#7738=ORIENTED_EDGE('',*,*,#5386,.F.);
#7739=ORIENTED_EDGE('',*,*,#5387,.T.);
#7740=ORIENTED_EDGE('',*,*,#5386,.T.);
#7741=ORIENTED_EDGE('',*,*,#5388,.F.);
#7742=ORIENTED_EDGE('',*,*,#5378,.F.);
#7743=ORIENTED_EDGE('',*,*,#5370,.T.);
#7744=ORIENTED_EDGE('',*,*,#5376,.T.);
#7745=ORIENTED_EDGE('',*,*,#5368,.T.);
#7746=ORIENTED_EDGE('',*,*,#5375,.T.);
#7747=ORIENTED_EDGE('',*,*,#5388,.T.);
#7748=ORIENTED_EDGE('',*,*,#5385,.T.);
#7749=ORIENTED_EDGE('',*,*,#5382,.T.);
#7750=ORIENTED_EDGE('',*,*,#5379,.T.);
#7751=ORIENTED_EDGE('',*,*,#5387,.F.);
#7752=ORIENTED_EDGE('',*,*,#5377,.F.);
#7753=ORIENTED_EDGE('',*,*,#5381,.F.);
#7754=ORIENTED_EDGE('',*,*,#5384,.F.);
#7755=PLANE('',#8716);
#7756=PLANE('',#8717);
#7757=PLANE('',#8718);
#7758=PLANE('',#8719);
#7759=PLANE('',#8720);
#7760=PLANE('',#8721);
#7761=PLANE('',#8722);
#7762=PLANE('',#8723);
#7763=PLANE('',#8724);
#7764=PLANE('',#8725);
#7765=PLANE('',#8726);
#7766=PLANE('',#8727);
#7767=PLANE('',#8728);
#7768=PLANE('',#8729);
#7769=PLANE('',#8730);
#7770=PLANE('',#8731);
#7771=PLANE('',#8732);
#7772=PLANE('',#8733);
#7773=PLANE('',#8734);
#7774=PLANE('',#8735);
#7775=PLANE('',#8736);
#7776=PLANE('',#8737);
#7777=PLANE('',#8738);
#7778=PLANE('',#8739);
#7779=PLANE('',#8740);
#7780=PLANE('',#8741);
#7781=PLANE('',#8742);
#7782=PLANE('',#8743);
#7783=PLANE('',#8744);
#7784=PLANE('',#8745);
#7785=PLANE('',#8746);
#7786=PLANE('',#8747);
#7787=PLANE('',#8748);
#7788=PLANE('',#8749);
#7789=PLANE('',#8750);
#7790=PLANE('',#8751);
#7791=PLANE('',#8752);
#7792=PLANE('',#8753);
#7793=PLANE('',#8754);
#7794=PLANE('',#8755);
#7795=PLANE('',#8756);
#7796=PLANE('',#8757);
#7797=PLANE('',#8758);
#7798=PLANE('',#8759);
#7799=PLANE('',#8760);
#7800=PLANE('',#8761);
#7801=PLANE('',#8762);
#7802=PLANE('',#8763);
#7803=PLANE('',#8764);
#7804=PLANE('',#8765);
#7805=PLANE('',#8766);
#7806=PLANE('',#8767);
#7807=PLANE('',#8768);
#7808=PLANE('',#8769);
#7809=PLANE('',#8770);
#7810=PLANE('',#8771);
#7811=PLANE('',#8772);
#7812=PLANE('',#8773);
#7813=PLANE('',#8774);
#7814=PLANE('',#8775);
#7815=PLANE('',#8776);
#7816=PLANE('',#8777);
#7817=PLANE('',#8778);
#7818=PLANE('',#8779);
#7819=PLANE('',#8780);
#7820=PLANE('',#8781);
#7821=PLANE('',#8782);
#7822=PLANE('',#8783);
#7823=PLANE('',#8784);
#7824=PLANE('',#8785);
#7825=PLANE('',#8786);
#7826=PLANE('',#8787);
#7827=PLANE('',#8788);
#7828=PLANE('',#8789);
#7829=PLANE('',#8790);
#7830=PLANE('',#8791);
#7831=PLANE('',#8792);
#7832=PLANE('',#8793);
#7833=PLANE('',#8794);
#7834=PLANE('',#8795);
#7835=PLANE('',#8796);
#7836=PLANE('',#8797);
#7837=PLANE('',#8798);
#7838=PLANE('',#8799);
#7839=PLANE('',#8800);
#7840=PLANE('',#8801);
#7841=PLANE('',#8802);
#7842=PLANE('',#8803);
#7843=PLANE('',#8804);
#7844=PLANE('',#8805);
#7845=PLANE('',#8806);
#7846=PLANE('',#8807);
#7847=PLANE('',#8808);
#7848=PLANE('',#8809);
#7849=PLANE('',#8810);
#7850=PLANE('',#8811);
#7851=PLANE('',#8812);
#7852=PLANE('',#8813);
#7853=PLANE('',#8814);
#7854=PLANE('',#8815);
#7855=PLANE('',#8816);
#7856=PLANE('',#8817);
#7857=PLANE('',#8818);
#7858=PLANE('',#8819);
#7859=PLANE('',#8820);
#7860=PLANE('',#8821);
#7861=PLANE('',#8822);
#7862=PLANE('',#8823);
#7863=PLANE('',#8824);
#7864=PLANE('',#8825);
#7865=PLANE('',#8826);
#7866=PLANE('',#8827);
#7867=PLANE('',#8828);
#7868=PLANE('',#8829);
#7869=PLANE('',#8830);
#7870=PLANE('',#8831);
#7871=PLANE('',#8832);
#7872=PLANE('',#8833);
#7873=PLANE('',#8834);
#7874=PLANE('',#8835);
#7875=PLANE('',#8836);
#7876=PLANE('',#8837);
#7877=PLANE('',#8838);
#7878=PLANE('',#8839);
#7879=PLANE('',#8840);
#7880=PLANE('',#8841);
#7881=PLANE('',#8842);
#7882=PLANE('',#8843);
#7883=PLANE('',#8844);
#7884=PLANE('',#8845);
#7885=PLANE('',#8846);
#7886=PLANE('',#8847);
#7887=PLANE('',#8848);
#7888=PLANE('',#8849);
#7889=PLANE('',#8850);
#7890=PLANE('',#8851);
#7891=PLANE('',#8852);
#7892=PLANE('',#8853);
#7893=PLANE('',#8854);
#7894=PLANE('',#8855);
#7895=PLANE('',#8856);
#7896=PLANE('',#8857);
#7897=PLANE('',#8858);
#7898=PLANE('',#8859);
#7899=PLANE('',#8860);
#7900=PLANE('',#8861);
#7901=PLANE('',#8862);
#7902=PLANE('',#8863);
#7903=PLANE('',#8864);
#7904=PLANE('',#8865);
#7905=PLANE('',#8866);
#7906=PLANE('',#8867);
#7907=PLANE('',#8868);
#7908=PLANE('',#8869);
#7909=PLANE('',#8870);
#7910=PLANE('',#8871);
#7911=PLANE('',#8872);
#7912=PLANE('',#8873);
#7913=PLANE('',#8874);
#7914=PLANE('',#8875);
#7915=PLANE('',#8876);
#7916=PLANE('',#8877);
#7917=PLANE('',#8878);
#7918=PLANE('',#8879);
#7919=PLANE('',#8880);
#7920=PLANE('',#8881);
#7921=PLANE('',#8882);
#7922=PLANE('',#8883);
#7923=PLANE('',#8884);
#7924=PLANE('',#8885);
#7925=PLANE('',#8886);
#7926=PLANE('',#8887);
#7927=PLANE('',#8888);
#7928=PLANE('',#8889);
#7929=PLANE('',#8890);
#7930=PLANE('',#8891);
#7931=PLANE('',#8892);
#7932=PLANE('',#8893);
#7933=PLANE('',#8894);
#7934=PLANE('',#8895);
#7935=PLANE('',#8896);
#7936=PLANE('',#8897);
#7937=PLANE('',#8898);
#7938=PLANE('',#8899);
#7939=PLANE('',#8900);
#7940=PLANE('',#8901);
#7941=PLANE('',#8902);
#7942=PLANE('',#8903);
#7943=PLANE('',#8904);
#7944=PLANE('',#8905);
#7945=PLANE('',#8906);
#7946=PLANE('',#8907);
#7947=PLANE('',#8908);
#7948=PLANE('',#8909);
#7949=PLANE('',#8910);
#7950=PLANE('',#8911);
#7951=PLANE('',#8912);
#7952=PLANE('',#8913);
#7953=PLANE('',#8914);
#7954=PLANE('',#8915);
#7955=PLANE('',#8916);
#7956=PLANE('',#8917);
#7957=PLANE('',#8918);
#7958=PLANE('',#8919);
#7959=PLANE('',#8920);
#7960=PLANE('',#8921);
#7961=PLANE('',#8922);
#7962=PLANE('',#8923);
#7963=PLANE('',#8924);
#7964=PLANE('',#8925);
#7965=PLANE('',#8926);
#7966=PLANE('',#8927);
#7967=PLANE('',#8928);
#7968=PLANE('',#8929);
#7969=PLANE('',#8930);
#7970=PLANE('',#8931);
#7971=PLANE('',#8932);
#7972=PLANE('',#8933);
#7973=PLANE('',#8934);
#7974=PLANE('',#8935);
#7975=PLANE('',#8936);
#7976=PLANE('',#8937);
#7977=PLANE('',#8938);
#7978=PLANE('',#8939);
#7979=PLANE('',#8940);
#7980=PLANE('',#8941);
#7981=PLANE('',#8942);
#7982=PLANE('',#8943);
#7983=PLANE('',#8944);
#7984=PLANE('',#8945);
#7985=PLANE('',#8946);
#7986=PLANE('',#8947);
#7987=PLANE('',#8948);
#7988=PLANE('',#8949);
#7989=PLANE('',#8950);
#7990=PLANE('',#8951);
#7991=PLANE('',#8952);
#7992=PLANE('',#8953);
#7993=PLANE('',#8954);
#7994=PLANE('',#8955);
#7995=PLANE('',#8956);
#7996=PLANE('',#8957);
#7997=PLANE('',#8958);
#7998=PLANE('',#8959);
#7999=PLANE('',#8960);
#8000=PLANE('',#8961);
#8001=PLANE('',#8962);
#8002=PLANE('',#8963);
#8003=PLANE('',#8964);
#8004=PLANE('',#8965);
#8005=PLANE('',#8966);
#8006=PLANE('',#8967);
#8007=PLANE('',#8968);
#8008=PLANE('',#8969);
#8009=PLANE('',#8970);
#8010=PLANE('',#8971);
#8011=PLANE('',#8972);
#8012=PLANE('',#8973);
#8013=PLANE('',#8974);
#8014=PLANE('',#8975);
#8015=PLANE('',#8976);
#8016=PLANE('',#8977);
#8017=PLANE('',#8978);
#8018=PLANE('',#8979);
#8019=PLANE('',#8980);
#8020=PLANE('',#8981);
#8021=PLANE('',#8982);
#8022=PLANE('',#8983);
#8023=PLANE('',#8984);
#8024=PLANE('',#8985);
#8025=PLANE('',#8986);
#8026=PLANE('',#8987);
#8027=PLANE('',#8988);
#8028=PLANE('',#8989);
#8029=PLANE('',#8990);
#8030=PLANE('',#8991);
#8031=PLANE('',#8992);
#8032=PLANE('',#8993);
#8033=PLANE('',#8994);
#8034=PLANE('',#8995);
#8035=PLANE('',#8996);
#8036=PLANE('',#8997);
#8037=PLANE('',#8998);
#8038=PLANE('',#8999);
#8039=PLANE('',#9000);
#8040=PLANE('',#9001);
#8041=PLANE('',#9002);
#8042=PLANE('',#9003);
#8043=PLANE('',#9004);
#8044=PLANE('',#9005);
#8045=PLANE('',#9006);
#8046=PLANE('',#9007);
#8047=PLANE('',#9008);
#8048=PLANE('',#9009);
#8049=PLANE('',#9010);
#8050=PLANE('',#9011);
#8051=PLANE('',#9012);
#8052=PLANE('',#9013);
#8053=PLANE('',#9014);
#8054=PLANE('',#9015);
#8055=PLANE('',#9016);
#8056=PLANE('',#9017);
#8057=PLANE('',#9018);
#8058=PLANE('',#9019);
#8059=PLANE('',#9020);
#8060=PLANE('',#9021);
#8061=PLANE('',#9022);
#8062=PLANE('',#9023);
#8063=PLANE('',#9024);
#8064=PLANE('',#9025);
#8065=PLANE('',#9026);
#8066=PLANE('',#9027);
#8067=PLANE('',#9028);
#8068=PLANE('',#9029);
#8069=PLANE('',#9030);
#8070=PLANE('',#9031);
#8071=PLANE('',#9032);
#8072=PLANE('',#9033);
#8073=PLANE('',#9034);
#8074=PLANE('',#9035);
#8075=PLANE('',#9036);
#8076=PLANE('',#9037);
#8077=PLANE('',#9038);
#8078=PLANE('',#9039);
#8079=PLANE('',#9040);
#8080=PLANE('',#9041);
#8081=PLANE('',#9042);
#8082=PLANE('',#9043);
#8083=PLANE('',#9044);
#8084=PLANE('',#9045);
#8085=PLANE('',#9046);
#8086=PLANE('',#9047);
#8087=PLANE('',#9048);
#8088=PLANE('',#9049);
#8089=PLANE('',#9050);
#8090=PLANE('',#9051);
#8091=PLANE('',#9052);
#8092=PLANE('',#9053);
#8093=PLANE('',#9054);
#8094=PLANE('',#9055);
#8095=PLANE('',#9056);
#8096=PLANE('',#9057);
#8097=PLANE('',#9058);
#8098=PLANE('',#9059);
#8099=PLANE('',#9060);
#8100=PLANE('',#9061);
#8101=PLANE('',#9062);
#8102=PLANE('',#9063);
#8103=PLANE('',#9064);
#8104=PLANE('',#9065);
#8105=PLANE('',#9066);
#8106=PLANE('',#9067);
#8107=PLANE('',#9068);
#8108=PLANE('',#9069);
#8109=PLANE('',#9070);
#8110=PLANE('',#9071);
#8111=PLANE('',#9072);
#8112=PLANE('',#9073);
#8113=PLANE('',#9074);
#8114=PLANE('',#9075);
#8115=PLANE('',#9076);
#8116=PLANE('',#9077);
#8117=PLANE('',#9078);
#8118=PLANE('',#9079);
#8119=PLANE('',#9080);
#8120=PLANE('',#9081);
#8121=PLANE('',#9082);
#8122=PLANE('',#9083);
#8123=PLANE('',#9084);
#8124=PLANE('',#9085);
#8125=PLANE('',#9086);
#8126=PLANE('',#9087);
#8127=PLANE('',#9088);
#8128=PLANE('',#9089);
#8129=PLANE('',#9090);
#8130=PLANE('',#9091);
#8131=PLANE('',#9092);
#8132=PLANE('',#9093);
#8133=PLANE('',#9094);
#8134=PLANE('',#9095);
#8135=PLANE('',#9096);
#8136=PLANE('',#9097);
#8137=PLANE('',#9098);
#8138=PLANE('',#9099);
#8139=PLANE('',#9100);
#8140=PLANE('',#9101);
#8141=PLANE('',#9102);
#8142=PLANE('',#9103);
#8143=PLANE('',#9104);
#8144=PLANE('',#9105);
#8145=PLANE('',#9106);
#8146=PLANE('',#9107);
#8147=PLANE('',#9108);
#8148=PLANE('',#9109);
#8149=PLANE('',#9110);
#8150=PLANE('',#9111);
#8151=PLANE('',#9112);
#8152=PLANE('',#9113);
#8153=PLANE('',#9114);
#8154=PLANE('',#9115);
#8155=PLANE('',#9116);
#8156=PLANE('',#9117);
#8157=PLANE('',#9118);
#8158=PLANE('',#9119);
#8159=PLANE('',#9120);
#8160=PLANE('',#9121);
#8161=PLANE('',#9122);
#8162=PLANE('',#9123);
#8163=ADVANCED_FACE('',(#390),#7755,.T.);
#8164=ADVANCED_FACE('',(#391),#7756,.T.);
#8165=ADVANCED_FACE('',(#392),#7757,.T.);
#8166=ADVANCED_FACE('',(#393),#7758,.T.);
#8167=ADVANCED_FACE('',(#394),#7759,.T.);
#8168=ADVANCED_FACE('',(#395),#7760,.T.);
#8169=ADVANCED_FACE('',(#396),#7761,.T.);
#8170=ADVANCED_FACE('',(#397),#7762,.T.);
#8171=ADVANCED_FACE('',(#398),#7763,.T.);
#8172=ADVANCED_FACE('',(#399),#7764,.T.);
#8173=ADVANCED_FACE('',(#400),#7765,.T.);
#8174=ADVANCED_FACE('',(#401),#7766,.T.);
#8175=ADVANCED_FACE('',(#402),#7767,.T.);
#8176=ADVANCED_FACE('',(#403),#7768,.T.);
#8177=ADVANCED_FACE('',(#404),#7769,.T.);
#8178=ADVANCED_FACE('',(#405),#7770,.T.);
#8179=ADVANCED_FACE('',(#406),#7771,.T.);
#8180=ADVANCED_FACE('',(#407),#7772,.T.);
#8181=ADVANCED_FACE('',(#408),#7773,.T.);
#8182=ADVANCED_FACE('',(#409),#7774,.T.);
#8183=ADVANCED_FACE('',(#410),#7775,.T.);
#8184=ADVANCED_FACE('',(#411),#7776,.T.);
#8185=ADVANCED_FACE('',(#412),#7777,.T.);
#8186=ADVANCED_FACE('',(#413),#7778,.T.);
#8187=ADVANCED_FACE('',(#414),#7779,.T.);
#8188=ADVANCED_FACE('',(#415),#7780,.T.);
#8189=ADVANCED_FACE('',(#416),#7781,.T.);
#8190=ADVANCED_FACE('',(#417),#7782,.T.);
#8191=ADVANCED_FACE('',(#418),#7783,.T.);
#8192=ADVANCED_FACE('',(#419),#7784,.T.);
#8193=ADVANCED_FACE('',(#420),#7785,.T.);
#8194=ADVANCED_FACE('',(#421),#7786,.T.);
#8195=ADVANCED_FACE('',(#422),#7787,.T.);
#8196=ADVANCED_FACE('',(#423),#7788,.T.);
#8197=ADVANCED_FACE('',(#424),#7789,.T.);
#8198=ADVANCED_FACE('',(#425,#366,#367,#368,#369,#370,#371),#7790,.T.);
#8199=ADVANCED_FACE('',(#426),#7791,.F.);
#8200=ADVANCED_FACE('',(#427),#7792,.T.);
#8201=ADVANCED_FACE('',(#428),#7793,.T.);
#8202=ADVANCED_FACE('',(#429),#7794,.T.);
#8203=ADVANCED_FACE('',(#430),#7795,.T.);
#8204=ADVANCED_FACE('',(#431),#7796,.F.);
#8205=ADVANCED_FACE('',(#432),#7797,.T.);
#8206=ADVANCED_FACE('',(#433),#7798,.T.);
#8207=ADVANCED_FACE('',(#434),#7799,.T.);
#8208=ADVANCED_FACE('',(#435),#7800,.T.);
#8209=ADVANCED_FACE('',(#436),#7801,.F.);
#8210=ADVANCED_FACE('',(#437),#7802,.T.);
#8211=ADVANCED_FACE('',(#438),#7803,.T.);
#8212=ADVANCED_FACE('',(#439),#7804,.T.);
#8213=ADVANCED_FACE('',(#440),#7805,.T.);
#8214=ADVANCED_FACE('',(#441),#7806,.F.);
#8215=ADVANCED_FACE('',(#442),#7807,.T.);
#8216=ADVANCED_FACE('',(#443),#7808,.T.);
#8217=ADVANCED_FACE('',(#444),#7809,.T.);
#8218=ADVANCED_FACE('',(#445),#7810,.T.);
#8219=ADVANCED_FACE('',(#446),#7811,.F.);
#8220=ADVANCED_FACE('',(#447),#7812,.T.);
#8221=ADVANCED_FACE('',(#448),#7813,.T.);
#8222=ADVANCED_FACE('',(#449),#7814,.T.);
#8223=ADVANCED_FACE('',(#450),#7815,.T.);
#8224=ADVANCED_FACE('',(#451),#7816,.F.);
#8225=ADVANCED_FACE('',(#452),#7817,.T.);
#8226=ADVANCED_FACE('',(#453),#7818,.T.);
#8227=ADVANCED_FACE('',(#454),#7819,.T.);
#8228=ADVANCED_FACE('',(#455),#7820,.T.);
#8229=ADVANCED_FACE('',(#456),#7821,.F.);
#8230=ADVANCED_FACE('',(#457),#7822,.T.);
#8231=ADVANCED_FACE('',(#458),#7823,.T.);
#8232=ADVANCED_FACE('',(#459),#7824,.T.);
#8233=ADVANCED_FACE('',(#460),#7825,.T.);
#8234=ADVANCED_FACE('',(#461),#7826,.T.);
#8235=ADVANCED_FACE('',(#462),#7827,.T.);
#8236=ADVANCED_FACE('',(#463,#372,#373,#374,#375,#376,#377),#7828,.F.);
#8237=ADVANCED_FACE('',(#464),#7829,.T.);
#8238=ADVANCED_FACE('',(#465),#7830,.T.);
#8239=ADVANCED_FACE('',(#466),#7831,.T.);
#8240=ADVANCED_FACE('',(#467),#7832,.T.);
#8241=ADVANCED_FACE('',(#468),#7833,.T.);
#8242=ADVANCED_FACE('',(#469),#7834,.F.);
#8243=ADVANCED_FACE('',(#470),#7835,.T.);
#8244=ADVANCED_FACE('',(#471),#7836,.T.);
#8245=ADVANCED_FACE('',(#472),#7837,.T.);
#8246=ADVANCED_FACE('',(#473),#7838,.T.);
#8247=ADVANCED_FACE('',(#474),#7839,.T.);
#8248=ADVANCED_FACE('',(#475),#7840,.F.);
#8249=ADVANCED_FACE('',(#476),#7841,.T.);
#8250=ADVANCED_FACE('',(#477),#7842,.T.);
#8251=ADVANCED_FACE('',(#478),#7843,.T.);
#8252=ADVANCED_FACE('',(#479),#7844,.T.);
#8253=ADVANCED_FACE('',(#480),#7845,.T.);
#8254=ADVANCED_FACE('',(#481),#7846,.F.);
#8255=ADVANCED_FACE('',(#482),#7847,.T.);
#8256=ADVANCED_FACE('',(#483),#7848,.T.);
#8257=ADVANCED_FACE('',(#484),#7849,.T.);
#8258=ADVANCED_FACE('',(#485),#7850,.T.);
#8259=ADVANCED_FACE('',(#486),#7851,.T.);
#8260=ADVANCED_FACE('',(#487),#7852,.F.);
#8261=ADVANCED_FACE('',(#488),#7853,.T.);
#8262=ADVANCED_FACE('',(#489),#7854,.T.);
#8263=ADVANCED_FACE('',(#490),#7855,.T.);
#8264=ADVANCED_FACE('',(#491),#7856,.T.);
#8265=ADVANCED_FACE('',(#492),#7857,.T.);
#8266=ADVANCED_FACE('',(#493),#7858,.F.);
#8267=ADVANCED_FACE('',(#494),#7859,.T.);
#8268=ADVANCED_FACE('',(#495),#7860,.T.);
#8269=ADVANCED_FACE('',(#496),#7861,.T.);
#8270=ADVANCED_FACE('',(#497),#7862,.T.);
#8271=ADVANCED_FACE('',(#498),#7863,.T.);
#8272=ADVANCED_FACE('',(#499),#7864,.F.);
#8273=ADVANCED_FACE('',(#500),#7865,.T.);
#8274=ADVANCED_FACE('',(#501),#7866,.T.);
#8275=ADVANCED_FACE('',(#502),#7867,.T.);
#8276=ADVANCED_FACE('',(#503),#7868,.T.);
#8277=ADVANCED_FACE('',(#504),#7869,.T.);
#8278=ADVANCED_FACE('',(#505),#7870,.F.);
#8279=ADVANCED_FACE('',(#506),#7871,.T.);
#8280=ADVANCED_FACE('',(#507),#7872,.T.);
#8281=ADVANCED_FACE('',(#508),#7873,.T.);
#8282=ADVANCED_FACE('',(#509),#7874,.T.);
#8283=ADVANCED_FACE('',(#510),#7875,.T.);
#8284=ADVANCED_FACE('',(#511),#7876,.F.);
#8285=ADVANCED_FACE('',(#512),#7877,.T.);
#8286=ADVANCED_FACE('',(#513),#7878,.T.);
#8287=ADVANCED_FACE('',(#514),#7879,.T.);
#8288=ADVANCED_FACE('',(#515),#7880,.T.);
#8289=ADVANCED_FACE('',(#516),#7881,.T.);
#8290=ADVANCED_FACE('',(#517),#7882,.F.);
#8291=ADVANCED_FACE('',(#518),#7883,.T.);
#8292=ADVANCED_FACE('',(#519),#7884,.T.);
#8293=ADVANCED_FACE('',(#520),#7885,.T.);
#8294=ADVANCED_FACE('',(#521),#7886,.T.);
#8295=ADVANCED_FACE('',(#522),#7887,.T.);
#8296=ADVANCED_FACE('',(#523),#7888,.F.);
#8297=ADVANCED_FACE('',(#524),#7889,.T.);
#8298=ADVANCED_FACE('',(#525),#7890,.T.);
#8299=ADVANCED_FACE('',(#526),#7891,.T.);
#8300=ADVANCED_FACE('',(#527),#7892,.T.);
#8301=ADVANCED_FACE('',(#528),#7893,.T.);
#8302=ADVANCED_FACE('',(#529),#7894,.F.);
#8303=ADVANCED_FACE('',(#530),#7895,.T.);
#8304=ADVANCED_FACE('',(#531),#7896,.T.);
#8305=ADVANCED_FACE('',(#532),#7897,.T.);
#8306=ADVANCED_FACE('',(#533),#7898,.T.);
#8307=ADVANCED_FACE('',(#534),#7899,.T.);
#8308=ADVANCED_FACE('',(#535),#7900,.F.);
#8309=ADVANCED_FACE('',(#536),#7901,.T.);
#8310=ADVANCED_FACE('',(#537),#7902,.T.);
#8311=ADVANCED_FACE('',(#538),#7903,.T.);
#8312=ADVANCED_FACE('',(#539),#7904,.T.);
#8313=ADVANCED_FACE('',(#540),#7905,.T.);
#8314=ADVANCED_FACE('',(#541),#7906,.F.);
#8315=ADVANCED_FACE('',(#542),#7907,.T.);
#8316=ADVANCED_FACE('',(#543),#7908,.T.);
#8317=ADVANCED_FACE('',(#544),#7909,.T.);
#8318=ADVANCED_FACE('',(#545),#7910,.T.);
#8319=ADVANCED_FACE('',(#546),#7911,.T.);
#8320=ADVANCED_FACE('',(#547),#7912,.F.);
#8321=ADVANCED_FACE('',(#548),#7913,.T.);
#8322=ADVANCED_FACE('',(#549),#7914,.T.);
#8323=ADVANCED_FACE('',(#550),#7915,.T.);
#8324=ADVANCED_FACE('',(#551),#7916,.T.);
#8325=ADVANCED_FACE('',(#552),#7917,.T.);
#8326=ADVANCED_FACE('',(#553),#7918,.F.);
#8327=ADVANCED_FACE('',(#554),#7919,.T.);
#8328=ADVANCED_FACE('',(#555),#7920,.T.);
#8329=ADVANCED_FACE('',(#556),#7921,.T.);
#8330=ADVANCED_FACE('',(#557),#7922,.T.);
#8331=ADVANCED_FACE('',(#558),#7923,.T.);
#8332=ADVANCED_FACE('',(#559),#7924,.F.);
#8333=ADVANCED_FACE('',(#560),#7925,.T.);
#8334=ADVANCED_FACE('',(#561),#7926,.T.);
#8335=ADVANCED_FACE('',(#562),#7927,.T.);
#8336=ADVANCED_FACE('',(#563),#7928,.T.);
#8337=ADVANCED_FACE('',(#564),#7929,.T.);
#8338=ADVANCED_FACE('',(#565),#7930,.F.);
#8339=ADVANCED_FACE('',(#566),#7931,.T.);
#8340=ADVANCED_FACE('',(#567),#7932,.T.);
#8341=ADVANCED_FACE('',(#568),#7933,.T.);
#8342=ADVANCED_FACE('',(#569),#7934,.T.);
#8343=ADVANCED_FACE('',(#570),#7935,.T.);
#8344=ADVANCED_FACE('',(#571),#7936,.F.);
#8345=ADVANCED_FACE('',(#572),#7937,.T.);
#8346=ADVANCED_FACE('',(#573),#7938,.T.);
#8347=ADVANCED_FACE('',(#574),#7939,.T.);
#8348=ADVANCED_FACE('',(#575),#7940,.T.);
#8349=ADVANCED_FACE('',(#576),#7941,.T.);
#8350=ADVANCED_FACE('',(#577),#7942,.F.);
#8351=ADVANCED_FACE('',(#578),#7943,.T.);
#8352=ADVANCED_FACE('',(#579),#7944,.T.);
#8353=ADVANCED_FACE('',(#580),#7945,.T.);
#8354=ADVANCED_FACE('',(#581),#7946,.T.);
#8355=ADVANCED_FACE('',(#582),#7947,.T.);
#8356=ADVANCED_FACE('',(#583),#7948,.F.);
#8357=ADVANCED_FACE('',(#584),#7949,.T.);
#8358=ADVANCED_FACE('',(#585),#7950,.T.);
#8359=ADVANCED_FACE('',(#586),#7951,.T.);
#8360=ADVANCED_FACE('',(#587),#7952,.T.);
#8361=ADVANCED_FACE('',(#588),#7953,.T.);
#8362=ADVANCED_FACE('',(#589),#7954,.F.);
#8363=ADVANCED_FACE('',(#590),#7955,.T.);
#8364=ADVANCED_FACE('',(#591),#7956,.T.);
#8365=ADVANCED_FACE('',(#592),#7957,.T.);
#8366=ADVANCED_FACE('',(#593),#7958,.T.);
#8367=ADVANCED_FACE('',(#594),#7959,.T.);
#8368=ADVANCED_FACE('',(#595),#7960,.F.);
#8369=ADVANCED_FACE('',(#596),#7961,.T.);
#8370=ADVANCED_FACE('',(#597),#7962,.T.);
#8371=ADVANCED_FACE('',(#598),#7963,.T.);
#8372=ADVANCED_FACE('',(#599),#7964,.T.);
#8373=ADVANCED_FACE('',(#600),#7965,.T.);
#8374=ADVANCED_FACE('',(#601),#7966,.F.);
#8375=ADVANCED_FACE('',(#602),#7967,.T.);
#8376=ADVANCED_FACE('',(#603),#7968,.T.);
#8377=ADVANCED_FACE('',(#604),#7969,.T.);
#8378=ADVANCED_FACE('',(#605),#7970,.T.);
#8379=ADVANCED_FACE('',(#606),#7971,.T.);
#8380=ADVANCED_FACE('',(#607),#7972,.T.);
#8381=ADVANCED_FACE('',(#608),#7973,.T.);
#8382=ADVANCED_FACE('',(#609),#7974,.T.);
#8383=ADVANCED_FACE('',(#610),#7975,.T.);
#8384=ADVANCED_FACE('',(#611),#7976,.T.);
#8385=ADVANCED_FACE('',(#612),#7977,.T.);
#8386=ADVANCED_FACE('',(#613),#7978,.T.);
#8387=ADVANCED_FACE('',(#614),#7979,.T.);
#8388=ADVANCED_FACE('',(#615),#7980,.T.);
#8389=ADVANCED_FACE('',(#616),#7981,.T.);
#8390=ADVANCED_FACE('',(#617),#7982,.T.);
#8391=ADVANCED_FACE('',(#618),#7983,.T.);
#8392=ADVANCED_FACE('',(#619),#7984,.T.);
#8393=ADVANCED_FACE('',(#620),#7985,.T.);
#8394=ADVANCED_FACE('',(#621),#7986,.T.);
#8395=ADVANCED_FACE('',(#622),#7987,.T.);
#8396=ADVANCED_FACE('',(#623),#7988,.T.);
#8397=ADVANCED_FACE('',(#624),#7989,.T.);
#8398=ADVANCED_FACE('',(#625),#7990,.T.);
#8399=ADVANCED_FACE('',(#626),#7991,.T.);
#8400=ADVANCED_FACE('',(#627),#7992,.T.);
#8401=ADVANCED_FACE('',(#628),#7993,.T.);
#8402=ADVANCED_FACE('',(#629),#7994,.T.);
#8403=ADVANCED_FACE('',(#630),#7995,.T.);
#8404=ADVANCED_FACE('',(#631,#378),#7996,.T.);
#8405=ADVANCED_FACE('',(#632),#7997,.T.);
#8406=ADVANCED_FACE('',(#633),#7998,.T.);
#8407=ADVANCED_FACE('',(#634),#7999,.T.);
#8408=ADVANCED_FACE('',(#635),#8000,.T.);
#8409=ADVANCED_FACE('',(#636),#8001,.T.);
#8410=ADVANCED_FACE('',(#637),#8002,.T.);
#8411=ADVANCED_FACE('',(#638),#8003,.T.);
#8412=ADVANCED_FACE('',(#639),#8004,.T.);
#8413=ADVANCED_FACE('',(#640),#8005,.T.);
#8414=ADVANCED_FACE('',(#641),#8006,.T.);
#8415=ADVANCED_FACE('',(#642),#8007,.T.);
#8416=ADVANCED_FACE('',(#643,#379),#8008,.T.);
#8417=ADVANCED_FACE('',(#644),#8009,.F.);
#8418=ADVANCED_FACE('',(#645),#8010,.T.);
#8419=ADVANCED_FACE('',(#646),#8011,.T.);
#8420=ADVANCED_FACE('',(#647),#8012,.T.);
#8421=ADVANCED_FACE('',(#648),#13,.T.);
#8422=ADVANCED_FACE('',(#649),#14,.T.);
#8423=ADVANCED_FACE('',(#650),#15,.T.);
#8424=ADVANCED_FACE('',(#651),#16,.T.);
#8425=ADVANCED_FACE('',(#652),#17,.T.);
#8426=ADVANCED_FACE('',(#653),#18,.T.);
#8427=ADVANCED_FACE('',(#654),#19,.T.);
#8428=ADVANCED_FACE('',(#655),#20,.T.);
#8429=ADVANCED_FACE('',(#656),#21,.T.);
#8430=ADVANCED_FACE('',(#657),#22,.T.);
#8431=ADVANCED_FACE('',(#658),#23,.T.);
#8432=ADVANCED_FACE('',(#659),#8013,.T.);
#8433=ADVANCED_FACE('',(#660),#24,.T.);
#8434=ADVANCED_FACE('',(#661),#25,.T.);
#8435=ADVANCED_FACE('',(#662),#26,.T.);
#8436=ADVANCED_FACE('',(#663),#27,.T.);
#8437=ADVANCED_FACE('',(#664),#28,.T.);
#8438=ADVANCED_FACE('',(#665),#29,.T.);
#8439=ADVANCED_FACE('',(#666),#30,.T.);
#8440=ADVANCED_FACE('',(#667),#31,.T.);
#8441=ADVANCED_FACE('',(#668),#8014,.T.);
#8442=ADVANCED_FACE('',(#669),#8015,.T.);
#8443=ADVANCED_FACE('',(#670),#8016,.T.);
#8444=ADVANCED_FACE('',(#671),#8017,.T.);
#8445=ADVANCED_FACE('',(#672),#8018,.T.);
#8446=ADVANCED_FACE('',(#673),#8019,.T.);
#8447=ADVANCED_FACE('',(#674),#8020,.T.);
#8448=ADVANCED_FACE('',(#675),#8021,.T.);
#8449=ADVANCED_FACE('',(#676),#8022,.T.);
#8450=ADVANCED_FACE('',(#677),#8023,.T.);
#8451=ADVANCED_FACE('',(#678),#8024,.T.);
#8452=ADVANCED_FACE('',(#679),#8025,.T.);
#8453=ADVANCED_FACE('',(#680),#8026,.T.);
#8454=ADVANCED_FACE('',(#681),#8027,.T.);
#8455=ADVANCED_FACE('',(#682),#8028,.T.);
#8456=ADVANCED_FACE('',(#683,#380),#8029,.T.);
#8457=ADVANCED_FACE('',(#684),#8030,.T.);
#8458=ADVANCED_FACE('',(#685),#8031,.T.);
#8459=ADVANCED_FACE('',(#686),#8032,.T.);
#8460=ADVANCED_FACE('',(#687),#8033,.T.);
#8461=ADVANCED_FACE('',(#688),#8034,.T.);
#8462=ADVANCED_FACE('',(#689),#8035,.T.);
#8463=ADVANCED_FACE('',(#690),#8036,.T.);
#8464=ADVANCED_FACE('',(#691),#8037,.T.);
#8465=ADVANCED_FACE('',(#692),#8038,.T.);
#8466=ADVANCED_FACE('',(#693),#8039,.T.);
#8467=ADVANCED_FACE('',(#694),#8040,.T.);
#8468=ADVANCED_FACE('',(#695,#381),#8041,.T.);
#8469=ADVANCED_FACE('',(#696,#382),#8042,.F.);
#8470=ADVANCED_FACE('',(#697),#8043,.T.);
#8471=ADVANCED_FACE('',(#698),#32,.T.);
#8472=ADVANCED_FACE('',(#699),#33,.T.);
#8473=ADVANCED_FACE('',(#700),#34,.T.);
#8474=ADVANCED_FACE('',(#701),#35,.T.);
#8475=ADVANCED_FACE('',(#702),#36,.T.);
#8476=ADVANCED_FACE('',(#703),#8044,.T.);
#8477=ADVANCED_FACE('',(#704),#8045,.T.);
#8478=ADVANCED_FACE('',(#705),#8046,.T.);
#8479=ADVANCED_FACE('',(#706),#8047,.T.);
#8480=ADVANCED_FACE('',(#707),#37,.T.);
#8481=ADVANCED_FACE('',(#708),#38,.T.);
#8482=ADVANCED_FACE('',(#709),#39,.T.);
#8483=ADVANCED_FACE('',(#710),#40,.T.);
#8484=ADVANCED_FACE('',(#711),#41,.T.);
#8485=ADVANCED_FACE('',(#712),#42,.T.);
#8486=ADVANCED_FACE('',(#713),#43,.T.);
#8487=ADVANCED_FACE('',(#714),#44,.T.);
#8488=ADVANCED_FACE('',(#715),#45,.T.);
#8489=ADVANCED_FACE('',(#716),#8048,.T.);
#8490=ADVANCED_FACE('',(#717),#8049,.T.);
#8491=ADVANCED_FACE('',(#718),#8050,.T.);
#8492=ADVANCED_FACE('',(#719),#46,.T.);
#8493=ADVANCED_FACE('',(#720),#47,.T.);
#8494=ADVANCED_FACE('',(#721),#8051,.T.);
#8495=ADVANCED_FACE('',(#722),#8052,.T.);
#8496=ADVANCED_FACE('',(#723),#8053,.T.);
#8497=ADVANCED_FACE('',(#724,#383),#8054,.T.);
#8498=ADVANCED_FACE('',(#725),#8055,.T.);
#8499=ADVANCED_FACE('',(#726),#8056,.T.);
#8500=ADVANCED_FACE('',(#727),#8057,.T.);
#8501=ADVANCED_FACE('',(#728),#8058,.T.);
#8502=ADVANCED_FACE('',(#729),#8059,.T.);
#8503=ADVANCED_FACE('',(#730),#8060,.T.);
#8504=ADVANCED_FACE('',(#731),#8061,.T.);
#8505=ADVANCED_FACE('',(#732),#8062,.T.);
#8506=ADVANCED_FACE('',(#733),#8063,.T.);
#8507=ADVANCED_FACE('',(#734),#8064,.T.);
#8508=ADVANCED_FACE('',(#735,#384),#8065,.T.);
#8509=ADVANCED_FACE('',(#736),#8066,.T.);
#8510=ADVANCED_FACE('',(#737),#8067,.T.);
#8511=ADVANCED_FACE('',(#738),#8068,.T.);
#8512=ADVANCED_FACE('',(#739),#8069,.T.);
#8513=ADVANCED_FACE('',(#740),#8070,.T.);
#8514=ADVANCED_FACE('',(#741),#8071,.T.);
#8515=ADVANCED_FACE('',(#742),#8072,.T.);
#8516=ADVANCED_FACE('',(#743),#8073,.T.);
#8517=ADVANCED_FACE('',(#744),#8074,.T.);
#8518=ADVANCED_FACE('',(#745),#8075,.T.);
#8519=ADVANCED_FACE('',(#746),#8076,.T.);
#8520=ADVANCED_FACE('',(#747,#385),#8077,.T.);
#8521=ADVANCED_FACE('',(#748),#8078,.T.);
#8522=ADVANCED_FACE('',(#749),#8079,.T.);
#8523=ADVANCED_FACE('',(#750),#8080,.T.);
#8524=ADVANCED_FACE('',(#751),#8081,.T.);
#8525=ADVANCED_FACE('',(#752),#8082,.T.);
#8526=ADVANCED_FACE('',(#753),#8083,.T.);
#8527=ADVANCED_FACE('',(#754),#8084,.T.);
#8528=ADVANCED_FACE('',(#755),#8085,.T.);
#8529=ADVANCED_FACE('',(#756),#8086,.T.);
#8530=ADVANCED_FACE('',(#757),#8087,.T.);
#8531=ADVANCED_FACE('',(#758),#8088,.T.);
#8532=ADVANCED_FACE('',(#759),#8089,.T.);
#8533=ADVANCED_FACE('',(#760),#8090,.T.);
#8534=ADVANCED_FACE('',(#761),#8091,.T.);
#8535=ADVANCED_FACE('',(#762),#8092,.T.);
#8536=ADVANCED_FACE('',(#763),#8093,.T.);
#8537=ADVANCED_FACE('',(#764),#8094,.T.);
#8538=ADVANCED_FACE('',(#765),#8095,.T.);
#8539=ADVANCED_FACE('',(#766),#8096,.T.);
#8540=ADVANCED_FACE('',(#767),#8097,.T.);
#8541=ADVANCED_FACE('',(#768),#8098,.T.);
#8542=ADVANCED_FACE('',(#769),#8099,.T.);
#8543=ADVANCED_FACE('',(#770),#8100,.T.);
#8544=ADVANCED_FACE('',(#771),#8101,.T.);
#8545=ADVANCED_FACE('',(#772),#8102,.T.);
#8546=ADVANCED_FACE('',(#773),#8103,.F.);
#8547=ADVANCED_FACE('',(#774),#8104,.T.);
#8548=ADVANCED_FACE('',(#775),#48,.T.);
#8549=ADVANCED_FACE('',(#776),#49,.T.);
#8550=ADVANCED_FACE('',(#777),#50,.T.);
#8551=ADVANCED_FACE('',(#778),#51,.T.);
#8552=ADVANCED_FACE('',(#779),#52,.T.);
#8553=ADVANCED_FACE('',(#780),#53,.T.);
#8554=ADVANCED_FACE('',(#781),#54,.T.);
#8555=ADVANCED_FACE('',(#782),#55,.T.);
#8556=ADVANCED_FACE('',(#783),#56,.T.);
#8557=ADVANCED_FACE('',(#784),#57,.T.);
#8558=ADVANCED_FACE('',(#785),#58,.T.);
#8559=ADVANCED_FACE('',(#786),#59,.T.);
#8560=ADVANCED_FACE('',(#787),#60,.T.);
#8561=ADVANCED_FACE('',(#788),#8105,.T.);
#8562=ADVANCED_FACE('',(#789),#61,.T.);
#8563=ADVANCED_FACE('',(#790),#62,.T.);
#8564=ADVANCED_FACE('',(#791),#63,.T.);
#8565=ADVANCED_FACE('',(#792),#64,.T.);
#8566=ADVANCED_FACE('',(#793),#65,.T.);
#8567=ADVANCED_FACE('',(#794),#66,.T.);
#8568=ADVANCED_FACE('',(#795),#67,.T.);
#8569=ADVANCED_FACE('',(#796),#68,.T.);
#8570=ADVANCED_FACE('',(#797),#69,.T.);
#8571=ADVANCED_FACE('',(#798),#70,.T.);
#8572=ADVANCED_FACE('',(#799),#71,.T.);
#8573=ADVANCED_FACE('',(#800),#72,.T.);
#8574=ADVANCED_FACE('',(#801),#73,.T.);
#8575=ADVANCED_FACE('',(#802),#74,.T.);
#8576=ADVANCED_FACE('',(#803),#8106,.T.);
#8577=ADVANCED_FACE('',(#804),#8107,.F.);
#8578=ADVANCED_FACE('',(#805),#8108,.T.);
#8579=ADVANCED_FACE('',(#806),#75,.T.);
#8580=ADVANCED_FACE('',(#807),#76,.T.);
#8581=ADVANCED_FACE('',(#808),#77,.T.);
#8582=ADVANCED_FACE('',(#809),#78,.T.);
#8583=ADVANCED_FACE('',(#810),#79,.T.);
#8584=ADVANCED_FACE('',(#811),#80,.T.);
#8585=ADVANCED_FACE('',(#812),#81,.T.);
#8586=ADVANCED_FACE('',(#813),#82,.T.);
#8587=ADVANCED_FACE('',(#814),#83,.T.);
#8588=ADVANCED_FACE('',(#815),#84,.T.);
#8589=ADVANCED_FACE('',(#816),#85,.T.);
#8590=ADVANCED_FACE('',(#817),#86,.T.);
#8591=ADVANCED_FACE('',(#818),#87,.T.);
#8592=ADVANCED_FACE('',(#819),#8109,.T.);
#8593=ADVANCED_FACE('',(#820),#88,.T.);
#8594=ADVANCED_FACE('',(#821),#89,.T.);
#8595=ADVANCED_FACE('',(#822),#90,.T.);
#8596=ADVANCED_FACE('',(#823),#91,.T.);
#8597=ADVANCED_FACE('',(#824),#92,.T.);
#8598=ADVANCED_FACE('',(#825),#93,.T.);
#8599=ADVANCED_FACE('',(#826),#94,.T.);
#8600=ADVANCED_FACE('',(#827),#95,.T.);
#8601=ADVANCED_FACE('',(#828),#96,.T.);
#8602=ADVANCED_FACE('',(#829),#97,.T.);
#8603=ADVANCED_FACE('',(#830),#98,.T.);
#8604=ADVANCED_FACE('',(#831),#99,.T.);
#8605=ADVANCED_FACE('',(#832),#100,.T.);
#8606=ADVANCED_FACE('',(#833),#101,.T.);
#8607=ADVANCED_FACE('',(#834),#8110,.T.);
#8608=ADVANCED_FACE('',(#835),#8111,.F.);
#8609=ADVANCED_FACE('',(#836),#8112,.T.);
#8610=ADVANCED_FACE('',(#837),#8113,.T.);
#8611=ADVANCED_FACE('',(#838),#8114,.T.);
#8612=ADVANCED_FACE('',(#839),#8115,.T.);
#8613=ADVANCED_FACE('',(#840),#8116,.T.);
#8614=ADVANCED_FACE('',(#841),#8117,.T.);
#8615=ADVANCED_FACE('',(#842),#8118,.T.);
#8616=ADVANCED_FACE('',(#843),#8119,.T.);
#8617=ADVANCED_FACE('',(#844),#8120,.T.);
#8618=ADVANCED_FACE('',(#845),#8121,.T.);
#8619=ADVANCED_FACE('',(#846),#8122,.T.);
#8620=ADVANCED_FACE('',(#847),#8123,.F.);
#8621=ADVANCED_FACE('',(#848),#8124,.T.);
#8622=ADVANCED_FACE('',(#849),#8125,.T.);
#8623=ADVANCED_FACE('',(#850),#8126,.T.);
#8624=ADVANCED_FACE('',(#851),#8127,.T.);
#8625=ADVANCED_FACE('',(#852),#8128,.T.);
#8626=ADVANCED_FACE('',(#853),#8129,.F.);
#8627=ADVANCED_FACE('',(#854),#8130,.T.);
#8628=ADVANCED_FACE('',(#855),#8131,.T.);
#8629=ADVANCED_FACE('',(#856),#8132,.T.);
#8630=ADVANCED_FACE('',(#857),#8133,.T.);
#8631=ADVANCED_FACE('',(#858),#8134,.F.);
#8632=ADVANCED_FACE('',(#859),#8135,.T.);
#8633=ADVANCED_FACE('',(#860,#386),#8136,.T.);
#8634=ADVANCED_FACE('',(#861),#8137,.T.);
#8635=ADVANCED_FACE('',(#862,#387),#8138,.T.);
#8636=ADVANCED_FACE('',(#863),#8139,.T.);
#8637=ADVANCED_FACE('',(#864),#8140,.F.);
#8638=ADVANCED_FACE('',(#865),#8141,.T.);
#8639=ADVANCED_FACE('',(#866),#8142,.T.);
#8640=ADVANCED_FACE('',(#867),#8143,.T.);
#8641=ADVANCED_FACE('',(#868),#8144,.T.);
#8642=ADVANCED_FACE('',(#869),#8145,.T.);
#8643=ADVANCED_FACE('',(#870),#8146,.F.);
#8644=ADVANCED_FACE('',(#871),#8147,.T.);
#8645=ADVANCED_FACE('',(#872),#8148,.T.);
#8646=ADVANCED_FACE('',(#873),#8149,.T.);
#8647=ADVANCED_FACE('',(#874),#8150,.T.);
#8648=ADVANCED_FACE('',(#875),#8151,.F.);
#8649=ADVANCED_FACE('',(#876),#8152,.T.);
#8650=ADVANCED_FACE('',(#877),#8153,.T.);
#8651=ADVANCED_FACE('',(#878),#8154,.T.);
#8652=ADVANCED_FACE('',(#879),#8155,.T.);
#8653=ADVANCED_FACE('',(#880),#8156,.F.);
#8654=ADVANCED_FACE('',(#881),#8157,.T.);
#8655=ADVANCED_FACE('',(#882,#388),#8158,.T.);
#8656=ADVANCED_FACE('',(#883),#8159,.T.);
#8657=ADVANCED_FACE('',(#884,#389),#8160,.T.);
#8658=ADVANCED_FACE('',(#885),#8161,.T.);
#8659=ADVANCED_FACE('',(#886),#8162,.F.);
#8660=CLOSED_SHELL('',(#8163,#8164,#8165,#8166,#8167,#8168,#8169,#8170,
#8171,#8172,#8173,#8174,#8175,#8176,#8177,#8178,#8179,#8180,#8181,#8182,
#8183,#8184,#8185,#8186,#8187,#8188,#8189,#8190,#8191,#8192,#8193,#8194,
#8195,#8196,#8197,#8198,#8199));
#8661=CLOSED_SHELL('',(#8200,#8201,#8202,#8203,#8204,#8205,#8206,#8207,
#8208,#8209,#8210,#8211,#8212,#8213,#8214,#8215,#8216,#8217,#8218,#8219,
#8220,#8221,#8222,#8223,#8224,#8225,#8226,#8227,#8228,#8229,#8230,#8231,
#8232,#8233,#8234,#8235,#8236));
#8662=CLOSED_SHELL('',(#8237,#8238,#8239,#8240,#8241,#8242));
#8663=CLOSED_SHELL('',(#8243,#8244,#8245,#8246,#8247,#8248));
#8664=CLOSED_SHELL('',(#8249,#8250,#8251,#8252,#8253,#8254));
#8665=CLOSED_SHELL('',(#8255,#8256,#8257,#8258,#8259,#8260));
#8666=CLOSED_SHELL('',(#8261,#8262,#8263,#8264,#8265,#8266));
#8667=CLOSED_SHELL('',(#8267,#8268,#8269,#8270,#8271,#8272));
#8668=CLOSED_SHELL('',(#8273,#8274,#8275,#8276,#8277,#8278));
#8669=CLOSED_SHELL('',(#8279,#8280,#8281,#8282,#8283,#8284));
#8670=CLOSED_SHELL('',(#8285,#8286,#8287,#8288,#8289,#8290));
#8671=CLOSED_SHELL('',(#8291,#8292,#8293,#8294,#8295,#8296));
#8672=CLOSED_SHELL('',(#8297,#8298,#8299,#8300,#8301,#8302));
#8673=CLOSED_SHELL('',(#8303,#8304,#8305,#8306,#8307,#8308));
#8674=CLOSED_SHELL('',(#8309,#8310,#8311,#8312,#8313,#8314));
#8675=CLOSED_SHELL('',(#8315,#8316,#8317,#8318,#8319,#8320));
#8676=CLOSED_SHELL('',(#8321,#8322,#8323,#8324,#8325,#8326));
#8677=CLOSED_SHELL('',(#8327,#8328,#8329,#8330,#8331,#8332));
#8678=CLOSED_SHELL('',(#8333,#8334,#8335,#8336,#8337,#8338));
#8679=CLOSED_SHELL('',(#8339,#8340,#8341,#8342,#8343,#8344));
#8680=CLOSED_SHELL('',(#8345,#8346,#8347,#8348,#8349,#8350));
#8681=CLOSED_SHELL('',(#8351,#8352,#8353,#8354,#8355,#8356));
#8682=CLOSED_SHELL('',(#8357,#8358,#8359,#8360,#8361,#8362));
#8683=CLOSED_SHELL('',(#8363,#8364,#8365,#8366,#8367,#8368));
#8684=CLOSED_SHELL('',(#8369,#8370,#8371,#8372,#8373,#8374));
#8685=CLOSED_SHELL('',(#8375,#8376,#8377,#8378,#8379,#8380,#8381,#8382,
#8383,#8384,#8385,#8386,#8387,#8388));
#8686=CLOSED_SHELL('',(#8389,#8390,#8391,#8392,#8393,#8394,#8395,#8396,
#8397,#8398,#8399,#8400,#8401,#8402,#8403));
#8687=CLOSED_SHELL('',(#8404,#8405,#8406,#8407,#8408,#8409,#8410,#8411,
#8412,#8413,#8414,#8415,#8416));
#8688=CLOSED_SHELL('',(#8417,#8418,#8419,#8420,#8421,#8422,#8423,#8424,
#8425,#8426,#8427,#8428,#8429,#8430,#8431,#8432,#8433,#8434,#8435,#8436,
#8437,#8438,#8439,#8440,#8441,#8442,#8443));
#8689=CLOSED_SHELL('',(#8444,#8445,#8446,#8447,#8448,#8449,#8450,#8451,
#8452,#8453,#8454,#8455));
#8690=CLOSED_SHELL('',(#8456,#8457,#8458,#8459,#8460,#8461,#8462,#8463,
#8464,#8465,#8466,#8467,#8468));
#8691=CLOSED_SHELL('',(#8469,#8470,#8471,#8472,#8473,#8474,#8475,#8476,
#8477,#8478,#8479,#8480,#8481,#8482,#8483,#8484,#8485,#8486,#8487,#8488,
#8489,#8490,#8491,#8492,#8493,#8494,#8495,#8496,#8497));
#8692=CLOSED_SHELL('',(#8498,#8499,#8500,#8501,#8502,#8503,#8504,#8505,
#8506,#8507));
#8693=CLOSED_SHELL('',(#8508,#8509,#8510,#8511,#8512,#8513,#8514,#8515,
#8516,#8517,#8518,#8519,#8520));
#8694=CLOSED_SHELL('',(#8521,#8522,#8523,#8524,#8525,#8526,#8527,#8528,
#8529));
#8695=CLOSED_SHELL('',(#8530,#8531,#8532,#8533,#8534,#8535));
#8696=CLOSED_SHELL('',(#8536,#8537,#8538,#8539,#8540,#8541,#8542,#8543,
#8544,#8545));
#8697=CLOSED_SHELL('',(#8546,#8547,#8548,#8549,#8550,#8551,#8552,#8553,
#8554,#8555,#8556,#8557,#8558,#8559,#8560,#8561,#8562,#8563,#8564,#8565,
#8566,#8567,#8568,#8569,#8570,#8571,#8572,#8573,#8574,#8575,#8576));
#8698=CLOSED_SHELL('',(#8577,#8578,#8579,#8580,#8581,#8582,#8583,#8584,
#8585,#8586,#8587,#8588,#8589,#8590,#8591,#8592,#8593,#8594,#8595,#8596,
#8597,#8598,#8599,#8600,#8601,#8602,#8603,#8604,#8605,#8606,#8607));
#8699=CLOSED_SHELL('',(#8608,#8609,#8610,#8611,#8612,#8613,#8614,#8615,
#8616,#8617,#8618,#8619,#8620,#8621));
#8700=CLOSED_SHELL('',(#8622,#8623,#8624,#8625,#8626,#8627,#8628,#8629,
#8630,#8631,#8632,#8633,#8634,#8635,#8636,#8637));
#8701=CLOSED_SHELL('',(#8638,#8639,#8640,#8641,#8642,#8643));
#8702=CLOSED_SHELL('',(#8644,#8645,#8646,#8647,#8648,#8649,#8650,#8651,
#8652,#8653,#8654,#8655,#8656,#8657,#8658,#8659));
#8703=DERIVED_UNIT_ELEMENT(#8705,1.);
#8704=DERIVED_UNIT_ELEMENT(#14934,-3.);
#8705=(
MASS_UNIT()
NAMED_UNIT(*)
SI_UNIT(.KILO.,.GRAM.)
);
#8706=DERIVED_UNIT((#8703,#8704));
#8707=MEASURE_REPRESENTATION_ITEM('density measure',
POSITIVE_RATIO_MEASURE(7850.),#8706);
#8708=PROPERTY_DEFINITION_REPRESENTATION(#8713,#8710);
#8709=PROPERTY_DEFINITION_REPRESENTATION(#8714,#8711);
#8710=REPRESENTATION('material name',(#8712),#14931);
#8711=REPRESENTATION('density',(#8707),#14931);
#8712=DESCRIPTIVE_REPRESENTATION_ITEM('Steel','Steel');
#8713=PROPERTY_DEFINITION('material property','material name',#14941);
#8714=PROPERTY_DEFINITION('material property','density of part',#14941);
#8715=AXIS2_PLACEMENT_3D('',#10947,#9124,#9125);
#8716=AXIS2_PLACEMENT_3D('',#10948,#9126,#9127);
#8717=AXIS2_PLACEMENT_3D('',#10957,#9132,#9133);
#8718=AXIS2_PLACEMENT_3D('',#10963,#9137,#9138);
#8719=AXIS2_PLACEMENT_3D('',#10969,#9142,#9143);
#8720=AXIS2_PLACEMENT_3D('',#10972,#9146,#9147);
#8721=AXIS2_PLACEMENT_3D('',#10973,#9148,#9149);
#8722=AXIS2_PLACEMENT_3D('',#10982,#9154,#9155);
#8723=AXIS2_PLACEMENT_3D('',#10988,#9159,#9160);
#8724=AXIS2_PLACEMENT_3D('',#10994,#9164,#9165);
#8725=AXIS2_PLACEMENT_3D('',#10997,#9168,#9169);
#8726=AXIS2_PLACEMENT_3D('',#10998,#9170,#9171);
#8727=AXIS2_PLACEMENT_3D('',#11007,#9176,#9177);
#8728=AXIS2_PLACEMENT_3D('',#11013,#9181,#9182);
#8729=AXIS2_PLACEMENT_3D('',#11019,#9186,#9187);
#8730=AXIS2_PLACEMENT_3D('',#11022,#9190,#9191);
#8731=AXIS2_PLACEMENT_3D('',#11023,#9192,#9193);
#8732=AXIS2_PLACEMENT_3D('',#11032,#9198,#9199);
#8733=AXIS2_PLACEMENT_3D('',#11038,#9203,#9204);
#8734=AXIS2_PLACEMENT_3D('',#11044,#9208,#9209);
#8735=AXIS2_PLACEMENT_3D('',#11047,#9212,#9213);
#8736=AXIS2_PLACEMENT_3D('',#11048,#9214,#9215);
#8737=AXIS2_PLACEMENT_3D('',#11057,#9220,#9221);
#8738=AXIS2_PLACEMENT_3D('',#11063,#9225,#9226);
#8739=AXIS2_PLACEMENT_3D('',#11069,#9230,#9231);
#8740=AXIS2_PLACEMENT_3D('',#11072,#9234,#9235);
#8741=AXIS2_PLACEMENT_3D('',#11073,#9236,#9237);
#8742=AXIS2_PLACEMENT_3D('',#11082,#9242,#9243);
#8743=AXIS2_PLACEMENT_3D('',#11088,#9247,#9248);
#8744=AXIS2_PLACEMENT_3D('',#11094,#9252,#9253);
#8745=AXIS2_PLACEMENT_3D('',#11097,#9256,#9257);
#8746=AXIS2_PLACEMENT_3D('',#11098,#9258,#9259);
#8747=AXIS2_PLACEMENT_3D('',#11107,#9264,#9265);
#8748=AXIS2_PLACEMENT_3D('',#11113,#9269,#9270);
#8749=AXIS2_PLACEMENT_3D('',#11119,#9274,#9275);
#8750=AXIS2_PLACEMENT_3D('',#11125,#9279,#9280);
#8751=AXIS2_PLACEMENT_3D('',#11128,#9283,#9284);
#8752=AXIS2_PLACEMENT_3D('',#11129,#9285,#9286);
#8753=AXIS2_PLACEMENT_3D('',#11130,#9287,#9288);
#8754=AXIS2_PLACEMENT_3D('',#11139,#9293,#9294);
#8755=AXIS2_PLACEMENT_3D('',#11145,#9298,#9299);
#8756=AXIS2_PLACEMENT_3D('',#11151,#9303,#9304);
#8757=AXIS2_PLACEMENT_3D('',#11154,#9307,#9308);
#8758=AXIS2_PLACEMENT_3D('',#11155,#9309,#9310);
#8759=AXIS2_PLACEMENT_3D('',#11164,#9315,#9316);
#8760=AXIS2_PLACEMENT_3D('',#11170,#9320,#9321);
#8761=AXIS2_PLACEMENT_3D('',#11176,#9325,#9326);
#8762=AXIS2_PLACEMENT_3D('',#11179,#9329,#9330);
#8763=AXIS2_PLACEMENT_3D('',#11180,#9331,#9332);
#8764=AXIS2_PLACEMENT_3D('',#11189,#9337,#9338);
#8765=AXIS2_PLACEMENT_3D('',#11195,#9342,#9343);
#8766=AXIS2_PLACEMENT_3D('',#11201,#9347,#9348);
#8767=AXIS2_PLACEMENT_3D('',#11204,#9351,#9352);
#8768=AXIS2_PLACEMENT_3D('',#11205,#9353,#9354);
#8769=AXIS2_PLACEMENT_3D('',#11214,#9359,#9360);
#8770=AXIS2_PLACEMENT_3D('',#11220,#9364,#9365);
#8771=AXIS2_PLACEMENT_3D('',#11226,#9369,#9370);
#8772=AXIS2_PLACEMENT_3D('',#11229,#9373,#9374);
#8773=AXIS2_PLACEMENT_3D('',#11230,#9375,#9376);
#8774=AXIS2_PLACEMENT_3D('',#11239,#9381,#9382);
#8775=AXIS2_PLACEMENT_3D('',#11245,#9386,#9387);
#8776=AXIS2_PLACEMENT_3D('',#11251,#9391,#9392);
#8777=AXIS2_PLACEMENT_3D('',#11254,#9395,#9396);
#8778=AXIS2_PLACEMENT_3D('',#11255,#9397,#9398);
#8779=AXIS2_PLACEMENT_3D('',#11264,#9403,#9404);
#8780=AXIS2_PLACEMENT_3D('',#11270,#9408,#9409);
#8781=AXIS2_PLACEMENT_3D('',#11276,#9413,#9414);
#8782=AXIS2_PLACEMENT_3D('',#11279,#9417,#9418);
#8783=AXIS2_PLACEMENT_3D('',#11280,#9419,#9420);
#8784=AXIS2_PLACEMENT_3D('',#11289,#9425,#9426);
#8785=AXIS2_PLACEMENT_3D('',#11295,#9430,#9431);
#8786=AXIS2_PLACEMENT_3D('',#11301,#9435,#9436);
#8787=AXIS2_PLACEMENT_3D('',#11307,#9440,#9441);
#8788=AXIS2_PLACEMENT_3D('',#11310,#9444,#9445);
#8789=AXIS2_PLACEMENT_3D('',#11311,#9446,#9447);
#8790=AXIS2_PLACEMENT_3D('',#11312,#9448,#9449);
#8791=AXIS2_PLACEMENT_3D('',#11321,#9454,#9455);
#8792=AXIS2_PLACEMENT_3D('',#11327,#9459,#9460);
#8793=AXIS2_PLACEMENT_3D('',#11333,#9464,#9465);
#8794=AXIS2_PLACEMENT_3D('',#11336,#9468,#9469);
#8795=AXIS2_PLACEMENT_3D('',#11337,#9470,#9471);
#8796=AXIS2_PLACEMENT_3D('',#11338,#9472,#9473);
#8797=AXIS2_PLACEMENT_3D('',#11347,#9478,#9479);
#8798=AXIS2_PLACEMENT_3D('',#11353,#9483,#9484);
#8799=AXIS2_PLACEMENT_3D('',#11359,#9488,#9489);
#8800=AXIS2_PLACEMENT_3D('',#11362,#9492,#9493);
#8801=AXIS2_PLACEMENT_3D('',#11363,#9494,#9495);
#8802=AXIS2_PLACEMENT_3D('',#11364,#9496,#9497);
#8803=AXIS2_PLACEMENT_3D('',#11373,#9502,#9503);
#8804=AXIS2_PLACEMENT_3D('',#11379,#9507,#9508);
#8805=AXIS2_PLACEMENT_3D('',#11385,#9512,#9513);
#8806=AXIS2_PLACEMENT_3D('',#11388,#9516,#9517);
#8807=AXIS2_PLACEMENT_3D('',#11389,#9518,#9519);
#8808=AXIS2_PLACEMENT_3D('',#11390,#9520,#9521);
#8809=AXIS2_PLACEMENT_3D('',#11399,#9526,#9527);
#8810=AXIS2_PLACEMENT_3D('',#11405,#9531,#9532);
#8811=AXIS2_PLACEMENT_3D('',#11411,#9536,#9537);
#8812=AXIS2_PLACEMENT_3D('',#11414,#9540,#9541);
#8813=AXIS2_PLACEMENT_3D('',#11415,#9542,#9543);
#8814=AXIS2_PLACEMENT_3D('',#11416,#9544,#9545);
#8815=AXIS2_PLACEMENT_3D('',#11425,#9550,#9551);
#8816=AXIS2_PLACEMENT_3D('',#11431,#9555,#9556);
#8817=AXIS2_PLACEMENT_3D('',#11437,#9560,#9561);
#8818=AXIS2_PLACEMENT_3D('',#11440,#9564,#9565);
#8819=AXIS2_PLACEMENT_3D('',#11441,#9566,#9567);
#8820=AXIS2_PLACEMENT_3D('',#11442,#9568,#9569);
#8821=AXIS2_PLACEMENT_3D('',#11451,#9574,#9575);
#8822=AXIS2_PLACEMENT_3D('',#11457,#9579,#9580);
#8823=AXIS2_PLACEMENT_3D('',#11463,#9584,#9585);
#8824=AXIS2_PLACEMENT_3D('',#11466,#9588,#9589);
#8825=AXIS2_PLACEMENT_3D('',#11467,#9590,#9591);
#8826=AXIS2_PLACEMENT_3D('',#11468,#9592,#9593);
#8827=AXIS2_PLACEMENT_3D('',#11477,#9598,#9599);
#8828=AXIS2_PLACEMENT_3D('',#11483,#9603,#9604);
#8829=AXIS2_PLACEMENT_3D('',#11489,#9608,#9609);
#8830=AXIS2_PLACEMENT_3D('',#11492,#9612,#9613);
#8831=AXIS2_PLACEMENT_3D('',#11493,#9614,#9615);
#8832=AXIS2_PLACEMENT_3D('',#11494,#9616,#9617);
#8833=AXIS2_PLACEMENT_3D('',#11503,#9622,#9623);
#8834=AXIS2_PLACEMENT_3D('',#11509,#9627,#9628);
#8835=AXIS2_PLACEMENT_3D('',#11515,#9632,#9633);
#8836=AXIS2_PLACEMENT_3D('',#11518,#9636,#9637);
#8837=AXIS2_PLACEMENT_3D('',#11519,#9638,#9639);
#8838=AXIS2_PLACEMENT_3D('',#11520,#9640,#9641);
#8839=AXIS2_PLACEMENT_3D('',#11529,#9646,#9647);
#8840=AXIS2_PLACEMENT_3D('',#11535,#9651,#9652);
#8841=AXIS2_PLACEMENT_3D('',#11541,#9656,#9657);
#8842=AXIS2_PLACEMENT_3D('',#11544,#9660,#9661);
#8843=AXIS2_PLACEMENT_3D('',#11545,#9662,#9663);
#8844=AXIS2_PLACEMENT_3D('',#11546,#9664,#9665);
#8845=AXIS2_PLACEMENT_3D('',#11555,#9670,#9671);
#8846=AXIS2_PLACEMENT_3D('',#11561,#9675,#9676);
#8847=AXIS2_PLACEMENT_3D('',#11567,#9680,#9681);
#8848=AXIS2_PLACEMENT_3D('',#11570,#9684,#9685);
#8849=AXIS2_PLACEMENT_3D('',#11571,#9686,#9687);
#8850=AXIS2_PLACEMENT_3D('',#11572,#9688,#9689);
#8851=AXIS2_PLACEMENT_3D('',#11581,#9694,#9695);
#8852=AXIS2_PLACEMENT_3D('',#11587,#9699,#9700);
#8853=AXIS2_PLACEMENT_3D('',#11593,#9704,#9705);
#8854=AXIS2_PLACEMENT_3D('',#11596,#9708,#9709);
#8855=AXIS2_PLACEMENT_3D('',#11597,#9710,#9711);
#8856=AXIS2_PLACEMENT_3D('',#11598,#9712,#9713);
#8857=AXIS2_PLACEMENT_3D('',#11607,#9718,#9719);
#8858=AXIS2_PLACEMENT_3D('',#11613,#9723,#9724);
#8859=AXIS2_PLACEMENT_3D('',#11619,#9728,#9729);
#8860=AXIS2_PLACEMENT_3D('',#11622,#9732,#9733);
#8861=AXIS2_PLACEMENT_3D('',#11623,#9734,#9735);
#8862=AXIS2_PLACEMENT_3D('',#11624,#9736,#9737);
#8863=AXIS2_PLACEMENT_3D('',#11633,#9742,#9743);
#8864=AXIS2_PLACEMENT_3D('',#11639,#9747,#9748);
#8865=AXIS2_PLACEMENT_3D('',#11645,#9752,#9753);
#8866=AXIS2_PLACEMENT_3D('',#11648,#9756,#9757);
#8867=AXIS2_PLACEMENT_3D('',#11649,#9758,#9759);
#8868=AXIS2_PLACEMENT_3D('',#11650,#9760,#9761);
#8869=AXIS2_PLACEMENT_3D('',#11659,#9766,#9767);
#8870=AXIS2_PLACEMENT_3D('',#11665,#9771,#9772);
#8871=AXIS2_PLACEMENT_3D('',#11671,#9776,#9777);
#8872=AXIS2_PLACEMENT_3D('',#11674,#9780,#9781);
#8873=AXIS2_PLACEMENT_3D('',#11675,#9782,#9783);
#8874=AXIS2_PLACEMENT_3D('',#11676,#9784,#9785);
#8875=AXIS2_PLACEMENT_3D('',#11685,#9790,#9791);
#8876=AXIS2_PLACEMENT_3D('',#11691,#9795,#9796);
#8877=AXIS2_PLACEMENT_3D('',#11697,#9800,#9801);
#8878=AXIS2_PLACEMENT_3D('',#11700,#9804,#9805);
#8879=AXIS2_PLACEMENT_3D('',#11701,#9806,#9807);
#8880=AXIS2_PLACEMENT_3D('',#11702,#9808,#9809);
#8881=AXIS2_PLACEMENT_3D('',#11711,#9814,#9815);
#8882=AXIS2_PLACEMENT_3D('',#11717,#9819,#9820);
#8883=AXIS2_PLACEMENT_3D('',#11723,#9824,#9825);
#8884=AXIS2_PLACEMENT_3D('',#11726,#9828,#9829);
#8885=AXIS2_PLACEMENT_3D('',#11727,#9830,#9831);
#8886=AXIS2_PLACEMENT_3D('',#11728,#9832,#9833);
#8887=AXIS2_PLACEMENT_3D('',#11737,#9838,#9839);
#8888=AXIS2_PLACEMENT_3D('',#11743,#9843,#9844);
#8889=AXIS2_PLACEMENT_3D('',#11749,#9848,#9849);
#8890=AXIS2_PLACEMENT_3D('',#11752,#9852,#9853);
#8891=AXIS2_PLACEMENT_3D('',#11753,#9854,#9855);
#8892=AXIS2_PLACEMENT_3D('',#11754,#9856,#9857);
#8893=AXIS2_PLACEMENT_3D('',#11763,#9862,#9863);
#8894=AXIS2_PLACEMENT_3D('',#11769,#9867,#9868);
#8895=AXIS2_PLACEMENT_3D('',#11775,#9872,#9873);
#8896=AXIS2_PLACEMENT_3D('',#11778,#9876,#9877);
#8897=AXIS2_PLACEMENT_3D('',#11779,#9878,#9879);
#8898=AXIS2_PLACEMENT_3D('',#11780,#9880,#9881);
#8899=AXIS2_PLACEMENT_3D('',#11789,#9886,#9887);
#8900=AXIS2_PLACEMENT_3D('',#11795,#9891,#9892);
#8901=AXIS2_PLACEMENT_3D('',#11801,#9896,#9897);
#8902=AXIS2_PLACEMENT_3D('',#11804,#9900,#9901);
#8903=AXIS2_PLACEMENT_3D('',#11805,#9902,#9903);
#8904=AXIS2_PLACEMENT_3D('',#11806,#9904,#9905);
#8905=AXIS2_PLACEMENT_3D('',#11815,#9910,#9911);
#8906=AXIS2_PLACEMENT_3D('',#11821,#9915,#9916);
#8907=AXIS2_PLACEMENT_3D('',#11827,#9920,#9921);
#8908=AXIS2_PLACEMENT_3D('',#11830,#9924,#9925);
#8909=AXIS2_PLACEMENT_3D('',#11831,#9926,#9927);
#8910=AXIS2_PLACEMENT_3D('',#11832,#9928,#9929);
#8911=AXIS2_PLACEMENT_3D('',#11841,#9934,#9935);
#8912=AXIS2_PLACEMENT_3D('',#11847,#9939,#9940);
#8913=AXIS2_PLACEMENT_3D('',#11853,#9944,#9945);
#8914=AXIS2_PLACEMENT_3D('',#11856,#9948,#9949);
#8915=AXIS2_PLACEMENT_3D('',#11857,#9950,#9951);
#8916=AXIS2_PLACEMENT_3D('',#11858,#9952,#9953);
#8917=AXIS2_PLACEMENT_3D('',#11867,#9958,#9959);
#8918=AXIS2_PLACEMENT_3D('',#11873,#9963,#9964);
#8919=AXIS2_PLACEMENT_3D('',#11879,#9968,#9969);
#8920=AXIS2_PLACEMENT_3D('',#11882,#9972,#9973);
#8921=AXIS2_PLACEMENT_3D('',#11883,#9974,#9975);
#8922=AXIS2_PLACEMENT_3D('',#11884,#9976,#9977);
#8923=AXIS2_PLACEMENT_3D('',#11893,#9982,#9983);
#8924=AXIS2_PLACEMENT_3D('',#11899,#9987,#9988);
#8925=AXIS2_PLACEMENT_3D('',#11905,#9992,#9993);
#8926=AXIS2_PLACEMENT_3D('',#11908,#9996,#9997);
#8927=AXIS2_PLACEMENT_3D('',#11909,#9998,#9999);
#8928=AXIS2_PLACEMENT_3D('',#11910,#10000,#10001);
#8929=AXIS2_PLACEMENT_3D('',#11935,#10014,#10015);
#8930=AXIS2_PLACEMENT_3D('',#11941,#10019,#10020);
#8931=AXIS2_PLACEMENT_3D('',#11945,#10023,#10024);
#8932=AXIS2_PLACEMENT_3D('',#11949,#10027,#10028);
#8933=AXIS2_PLACEMENT_3D('',#11953,#10031,#10032);
#8934=AXIS2_PLACEMENT_3D('',#11957,#10035,#10036);
#8935=AXIS2_PLACEMENT_3D('',#11961,#10039,#10040);
#8936=AXIS2_PLACEMENT_3D('',#11965,#10043,#10044);
#8937=AXIS2_PLACEMENT_3D('',#11969,#10047,#10048);
#8938=AXIS2_PLACEMENT_3D('',#11973,#10051,#10052);
#8939=AXIS2_PLACEMENT_3D('',#11977,#10055,#10056);
#8940=AXIS2_PLACEMENT_3D('',#11981,#10059,#10060);
#8941=AXIS2_PLACEMENT_3D('',#11983,#10062,#10063);
#8942=AXIS2_PLACEMENT_3D('',#11984,#10064,#10065);
#8943=AXIS2_PLACEMENT_3D('',#12011,#10079,#10080);
#8944=AXIS2_PLACEMENT_3D('',#12017,#10084,#10085);
#8945=AXIS2_PLACEMENT_3D('',#12021,#10088,#10089);
#8946=AXIS2_PLACEMENT_3D('',#12025,#10092,#10093);
#8947=AXIS2_PLACEMENT_3D('',#12029,#10096,#10097);
#8948=AXIS2_PLACEMENT_3D('',#12033,#10100,#10101);
#8949=AXIS2_PLACEMENT_3D('',#12037,#10104,#10105);
#8950=AXIS2_PLACEMENT_3D('',#12041,#10108,#10109);
#8951=AXIS2_PLACEMENT_3D('',#12045,#10112,#10113);
#8952=AXIS2_PLACEMENT_3D('',#12049,#10116,#10117);
#8953=AXIS2_PLACEMENT_3D('',#12053,#10120,#10121);
#8954=AXIS2_PLACEMENT_3D('',#12057,#10124,#10125);
#8955=AXIS2_PLACEMENT_3D('',#12061,#10128,#10129);
#8956=AXIS2_PLACEMENT_3D('',#12063,#10131,#10132);
#8957=AXIS2_PLACEMENT_3D('',#12064,#10133,#10134);
#8958=AXIS2_PLACEMENT_3D('',#12087,#10146,#10147);
#8959=AXIS2_PLACEMENT_3D('',#12093,#10151,#10152);
#8960=AXIS2_PLACEMENT_3D('',#12097,#10155,#10156);
#8961=AXIS2_PLACEMENT_3D('',#12099,#10158,#10159);
#8962=AXIS2_PLACEMENT_3D('',#12105,#10163,#10164);
#8963=AXIS2_PLACEMENT_3D('',#12109,#10167,#10168);
#8964=AXIS2_PLACEMENT_3D('',#12113,#10171,#10172);
#8965=AXIS2_PLACEMENT_3D('',#12117,#10175,#10176);
#8966=AXIS2_PLACEMENT_3D('',#12121,#10179,#10180);
#8967=AXIS2_PLACEMENT_3D('',#12125,#10183,#10184);
#8968=AXIS2_PLACEMENT_3D('',#12129,#10187,#10188);
#8969=AXIS2_PLACEMENT_3D('',#12131,#10190,#10191);
#8970=AXIS2_PLACEMENT_3D('',#12132,#10192,#10193);
#8971=AXIS2_PLACEMENT_3D('',#12259,#10200,#10201);
#8972=AXIS2_PLACEMENT_3D('',#12265,#10205,#10206);
#8973=AXIS2_PLACEMENT_3D('',#12269,#10209,#10210);
#8974=AXIS2_PLACEMENT_3D('',#12460,#10224,#10225);
#8975=AXIS2_PLACEMENT_3D('',#12600,#10236,#10237);
#8976=AXIS2_PLACEMENT_3D('',#12604,#10240,#10241);
#8977=AXIS2_PLACEMENT_3D('',#12606,#10243,#10244);
#8978=AXIS2_PLACEMENT_3D('',#12607,#10245,#10246);
#8979=AXIS2_PLACEMENT_3D('',#12628,#10257,#10258);
#8980=AXIS2_PLACEMENT_3D('',#12634,#10262,#10263);
#8981=AXIS2_PLACEMENT_3D('',#12638,#10266,#10267);
#8982=AXIS2_PLACEMENT_3D('',#12642,#10270,#10271);
#8983=AXIS2_PLACEMENT_3D('',#12646,#10274,#10275);
#8984=AXIS2_PLACEMENT_3D('',#12650,#10278,#10279);
#8985=AXIS2_PLACEMENT_3D('',#12654,#10282,#10283);
#8986=AXIS2_PLACEMENT_3D('',#12658,#10286,#10287);
#8987=AXIS2_PLACEMENT_3D('',#12662,#10290,#10291);
#8988=AXIS2_PLACEMENT_3D('',#12666,#10294,#10295);
#8989=AXIS2_PLACEMENT_3D('',#12668,#10297,#10298);
#8990=AXIS2_PLACEMENT_3D('',#12669,#10299,#10300);
#8991=AXIS2_PLACEMENT_3D('',#12692,#10312,#10313);
#8992=AXIS2_PLACEMENT_3D('',#12698,#10317,#10318);
#8993=AXIS2_PLACEMENT_3D('',#12702,#10321,#10322);
#8994=AXIS2_PLACEMENT_3D('',#12704,#10324,#10325);
#8995=AXIS2_PLACEMENT_3D('',#12710,#10329,#10330);
#8996=AXIS2_PLACEMENT_3D('',#12714,#10333,#10334);
#8997=AXIS2_PLACEMENT_3D('',#12718,#10337,#10338);
#8998=AXIS2_PLACEMENT_3D('',#12722,#10341,#10342);
#8999=AXIS2_PLACEMENT_3D('',#12726,#10345,#10346);
#9000=AXIS2_PLACEMENT_3D('',#12730,#10349,#10350);
#9001=AXIS2_PLACEMENT_3D('',#12734,#10353,#10354);
#9002=AXIS2_PLACEMENT_3D('',#12736,#10356,#10357);
#9003=AXIS2_PLACEMENT_3D('',#12737,#10358,#10359);
#9004=AXIS2_PLACEMENT_3D('',#12856,#10371,#10372);
#9005=AXIS2_PLACEMENT_3D('',#12947,#10381,#10382);
#9006=AXIS2_PLACEMENT_3D('',#12951,#10385,#10386);
#9007=AXIS2_PLACEMENT_3D('',#12953,#10388,#10389);
#9008=AXIS2_PLACEMENT_3D('',#12959,#10393,#10394);
#9009=AXIS2_PLACEMENT_3D('',#13116,#10406,#10407);
#9010=AXIS2_PLACEMENT_3D('',#13120,#10410,#10411);
#9011=AXIS2_PLACEMENT_3D('',#13124,#10414,#10415);
#9012=AXIS2_PLACEMENT_3D('',#13162,#10420,#10421);
#9013=AXIS2_PLACEMENT_3D('',#13166,#10424,#10425);
#9014=AXIS2_PLACEMENT_3D('',#13170,#10428,#10429);
#9015=AXIS2_PLACEMENT_3D('',#13172,#10431,#10432);
#9016=AXIS2_PLACEMENT_3D('',#13173,#10433,#10434);
#9017=AXIS2_PLACEMENT_3D('',#13190,#10443,#10444);
#9018=AXIS2_PLACEMENT_3D('',#13196,#10448,#10449);
#9019=AXIS2_PLACEMENT_3D('',#13200,#10452,#10453);
#9020=AXIS2_PLACEMENT_3D('',#13204,#10456,#10457);
#9021=AXIS2_PLACEMENT_3D('',#13208,#10460,#10461);
#9022=AXIS2_PLACEMENT_3D('',#13212,#10464,#10465);
#9023=AXIS2_PLACEMENT_3D('',#13216,#10468,#10469);
#9024=AXIS2_PLACEMENT_3D('',#13220,#10472,#10473);
#9025=AXIS2_PLACEMENT_3D('',#13222,#10475,#10476);
#9026=AXIS2_PLACEMENT_3D('',#13223,#10477,#10478);
#9027=AXIS2_PLACEMENT_3D('',#13246,#10490,#10491);
#9028=AXIS2_PLACEMENT_3D('',#13252,#10495,#10496);
#9029=AXIS2_PLACEMENT_3D('',#13256,#10499,#10500);
#9030=AXIS2_PLACEMENT_3D('',#13258,#10502,#10503);
#9031=AXIS2_PLACEMENT_3D('',#13264,#10507,#10508);
#9032=AXIS2_PLACEMENT_3D('',#13268,#10511,#10512);
#9033=AXIS2_PLACEMENT_3D('',#13272,#10515,#10516);
#9034=AXIS2_PLACEMENT_3D('',#13276,#10519,#10520);
#9035=AXIS2_PLACEMENT_3D('',#13280,#10523,#10524);
#9036=AXIS2_PLACEMENT_3D('',#13284,#10527,#10528);
#9037=AXIS2_PLACEMENT_3D('',#13288,#10531,#10532);
#9038=AXIS2_PLACEMENT_3D('',#13290,#10534,#10535);
#9039=AXIS2_PLACEMENT_3D('',#13291,#10536,#10537);
#9040=AXIS2_PLACEMENT_3D('',#13306,#10545,#10546);
#9041=AXIS2_PLACEMENT_3D('',#13312,#10550,#10551);
#9042=AXIS2_PLACEMENT_3D('',#13316,#10554,#10555);
#9043=AXIS2_PLACEMENT_3D('',#13320,#10558,#10559);
#9044=AXIS2_PLACEMENT_3D('',#13324,#10562,#10563);
#9045=AXIS2_PLACEMENT_3D('',#13328,#10566,#10567);
#9046=AXIS2_PLACEMENT_3D('',#13332,#10570,#10571);
#9047=AXIS2_PLACEMENT_3D('',#13334,#10573,#10574);
#9048=AXIS2_PLACEMENT_3D('',#13335,#10575,#10576);
#9049=AXIS2_PLACEMENT_3D('',#13344,#10581,#10582);
#9050=AXIS2_PLACEMENT_3D('',#13350,#10586,#10587);
#9051=AXIS2_PLACEMENT_3D('',#13354,#10590,#10591);
#9052=AXIS2_PLACEMENT_3D('',#13358,#10594,#10595);
#9053=AXIS2_PLACEMENT_3D('',#13360,#10597,#10598);
#9054=AXIS2_PLACEMENT_3D('',#13361,#10599,#10600);
#9055=AXIS2_PLACEMENT_3D('',#13378,#10609,#10610);
#9056=AXIS2_PLACEMENT_3D('',#13384,#10614,#10615);
#9057=AXIS2_PLACEMENT_3D('',#13388,#10618,#10619);
#9058=AXIS2_PLACEMENT_3D('',#13392,#10622,#10623);
#9059=AXIS2_PLACEMENT_3D('',#13396,#10626,#10627);
#9060=AXIS2_PLACEMENT_3D('',#13400,#10630,#10631);
#9061=AXIS2_PLACEMENT_3D('',#13404,#10634,#10635);
#9062=AXIS2_PLACEMENT_3D('',#13408,#10638,#10639);
#9063=AXIS2_PLACEMENT_3D('',#13410,#10641,#10642);
#9064=AXIS2_PLACEMENT_3D('',#13411,#10643,#10644);
#9065=AXIS2_PLACEMENT_3D('',#13578,#10647,#10648);
#9066=AXIS2_PLACEMENT_3D('',#13805,#10665,#10666);
#9067=AXIS2_PLACEMENT_3D('',#14045,#10682,#10683);
#9068=AXIS2_PLACEMENT_3D('',#14046,#10684,#10685);
#9069=AXIS2_PLACEMENT_3D('',#14213,#10688,#10689);
#9070=AXIS2_PLACEMENT_3D('',#14440,#10706,#10707);
#9071=AXIS2_PLACEMENT_3D('',#14680,#10723,#10724);
#9072=AXIS2_PLACEMENT_3D('',#14681,#10725,#10726);
#9073=AXIS2_PLACEMENT_3D('',#14692,#10732,#10733);
#9074=AXIS2_PLACEMENT_3D('',#14698,#10737,#10738);
#9075=AXIS2_PLACEMENT_3D('',#14710,#10745,#10746);
#9076=AXIS2_PLACEMENT_3D('',#14718,#10751,#10752);
#9077=AXIS2_PLACEMENT_3D('',#14724,#10756,#10757);
#9078=AXIS2_PLACEMENT_3D('',#14728,#10760,#10761);
#9079=AXIS2_PLACEMENT_3D('',#14734,#10765,#10766);
#9080=AXIS2_PLACEMENT_3D('',#14740,#10770,#10771);
#9081=AXIS2_PLACEMENT_3D('',#14742,#10773,#10774);
#9082=AXIS2_PLACEMENT_3D('',#14744,#10776,#10777);
#9083=AXIS2_PLACEMENT_3D('',#14746,#10779,#10780);
#9084=AXIS2_PLACEMENT_3D('',#14748,#10782,#10783);
#9085=AXIS2_PLACEMENT_3D('',#14750,#10785,#10786);
#9086=AXIS2_PLACEMENT_3D('',#14751,#10787,#10788);
#9087=AXIS2_PLACEMENT_3D('',#14760,#10793,#10794);
#9088=AXIS2_PLACEMENT_3D('',#14766,#10798,#10799);
#9089=AXIS2_PLACEMENT_3D('',#14772,#10803,#10804);
#9090=AXIS2_PLACEMENT_3D('',#14774,#10806,#10807);
#9091=AXIS2_PLACEMENT_3D('',#14776,#10809,#10810);
#9092=AXIS2_PLACEMENT_3D('',#14785,#10815,#10816);
#9093=AXIS2_PLACEMENT_3D('',#14794,#10821,#10822);
#9094=AXIS2_PLACEMENT_3D('',#14797,#10825,#10826);
#9095=AXIS2_PLACEMENT_3D('',#14799,#10828,#10829);
#9096=AXIS2_PLACEMENT_3D('',#14801,#10831,#10832);
#9097=AXIS2_PLACEMENT_3D('',#14810,#10837,#10838);
#9098=AXIS2_PLACEMENT_3D('',#14816,#10842,#10843);
#9099=AXIS2_PLACEMENT_3D('',#14822,#10847,#10848);
#9100=AXIS2_PLACEMENT_3D('',#14825,#10851,#10852);
#9101=AXIS2_PLACEMENT_3D('',#14826,#10853,#10854);
#9102=AXIS2_PLACEMENT_3D('',#14827,#10855,#10856);
#9103=AXIS2_PLACEMENT_3D('',#14836,#10861,#10862);
#9104=AXIS2_PLACEMENT_3D('',#14842,#10866,#10867);
#9105=AXIS2_PLACEMENT_3D('',#14848,#10871,#10872);
#9106=AXIS2_PLACEMENT_3D('',#14851,#10875,#10876);
#9107=AXIS2_PLACEMENT_3D('',#14852,#10877,#10878);
#9108=AXIS2_PLACEMENT_3D('',#14853,#10879,#10880);
#9109=AXIS2_PLACEMENT_3D('',#14862,#10885,#10886);
#9110=AXIS2_PLACEMENT_3D('',#14868,#10890,#10891);
#9111=AXIS2_PLACEMENT_3D('',#14874,#10895,#10896);
#9112=AXIS2_PLACEMENT_3D('',#14876,#10898,#10899);
#9113=AXIS2_PLACEMENT_3D('',#14878,#10901,#10902);
#9114=AXIS2_PLACEMENT_3D('',#14887,#10907,#10908);
#9115=AXIS2_PLACEMENT_3D('',#14896,#10913,#10914);
#9116=AXIS2_PLACEMENT_3D('',#14899,#10917,#10918);
#9117=AXIS2_PLACEMENT_3D('',#14901,#10920,#10921);
#9118=AXIS2_PLACEMENT_3D('',#14903,#10923,#10924);
#9119=AXIS2_PLACEMENT_3D('',#14912,#10929,#10930);
#9120=AXIS2_PLACEMENT_3D('',#14918,#10934,#10935);
#9121=AXIS2_PLACEMENT_3D('',#14924,#10939,#10940);
#9122=AXIS2_PLACEMENT_3D('',#14927,#10943,#10944);
#9123=AXIS2_PLACEMENT_3D('',#14928,#10945,#10946);
#9124=DIRECTION('axis',(0.,0.,1.));
#9125=DIRECTION('refdir',(1.,0.,0.));
#9126=DIRECTION('center_axis',(0.,-0.196116135138184,0.98058067569092));
#9127=DIRECTION('ref_axis',(0.,-0.98058067569092,-0.196116135138184));
#9128=DIRECTION('',(0.,0.98058067569092,0.196116135138184));
#9129=DIRECTION('',(1.,0.,0.));
#9130=DIRECTION('',(0.,-0.98058067569092,-0.196116135138184));
#9131=DIRECTION('',(1.,0.,0.));
#9132=DIRECTION('center_axis',(0.,1.,0.));
#9133=DIRECTION('ref_axis',(0.,0.,1.));
#9134=DIRECTION('',(0.,0.,-1.));
#9135=DIRECTION('',(0.,0.,1.));
#9136=DIRECTION('',(1.,0.,0.));
#9137=DIRECTION('center_axis',(0.,0.196116135138184,-0.98058067569092));
#9138=DIRECTION('ref_axis',(0.,0.98058067569092,0.196116135138184));
#9139=DIRECTION('',(0.,-0.98058067569092,-0.196116135138184));
#9140=DIRECTION('',(0.,0.98058067569092,0.196116135138184));
#9141=DIRECTION('',(1.,0.,0.));
#9142=DIRECTION('center_axis',(0.,-1.,0.));
#9143=DIRECTION('ref_axis',(0.,0.,-1.));
#9144=DIRECTION('',(0.,0.,1.));
#9145=DIRECTION('',(0.,0.,-1.));
#9146=DIRECTION('center_axis',(1.,0.,0.));
#9147=DIRECTION('ref_axis',(0.,0.,-1.));
#9148=DIRECTION('center_axis',(0.,-0.196116135138184,0.98058067569092));
#9149=DIRECTION('ref_axis',(0.,-0.98058067569092,-0.196116135138184));
#9150=DIRECTION('',(0.,0.98058067569092,0.196116135138184));
#9151=DIRECTION('',(1.,0.,0.));
#9152=DIRECTION('',(0.,-0.98058067569092,-0.196116135138184));
#9153=DIRECTION('',(1.,0.,0.));
#9154=DIRECTION('center_axis',(0.,1.,0.));
#9155=DIRECTION('ref_axis',(0.,0.,1.));
#9156=DIRECTION('',(0.,0.,-1.));
#9157=DIRECTION('',(0.,0.,1.));
#9158=DIRECTION('',(1.,0.,0.));
#9159=DIRECTION('center_axis',(0.,0.196116135138184,-0.98058067569092));
#9160=DIRECTION('ref_axis',(0.,0.98058067569092,0.196116135138184));
#9161=DIRECTION('',(0.,-0.98058067569092,-0.196116135138184));
#9162=DIRECTION('',(0.,0.98058067569092,0.196116135138184));
#9163=DIRECTION('',(1.,0.,0.));
#9164=DIRECTION('center_axis',(0.,-1.,0.));
#9165=DIRECTION('ref_axis',(0.,0.,-1.));
#9166=DIRECTION('',(0.,0.,1.));
#9167=DIRECTION('',(0.,0.,-1.));
#9168=DIRECTION('center_axis',(1.,0.,0.));
#9169=DIRECTION('ref_axis',(0.,0.,-1.));
#9170=DIRECTION('center_axis',(0.,-0.196116135138184,0.98058067569092));
#9171=DIRECTION('ref_axis',(0.,-0.98058067569092,-0.196116135138184));
#9172=DIRECTION('',(0.,0.98058067569092,0.196116135138184));
#9173=DIRECTION('',(1.,0.,0.));
#9174=DIRECTION('',(0.,-0.98058067569092,-0.196116135138184));
#9175=DIRECTION('',(1.,0.,0.));
#9176=DIRECTION('center_axis',(0.,1.,0.));
#9177=DIRECTION('ref_axis',(0.,0.,1.));
#9178=DIRECTION('',(0.,0.,-1.));
#9179=DIRECTION('',(0.,0.,1.));
#9180=DIRECTION('',(1.,0.,0.));
#9181=DIRECTION('center_axis',(0.,0.196116135138184,-0.98058067569092));
#9182=DIRECTION('ref_axis',(0.,0.98058067569092,0.196116135138184));
#9183=DIRECTION('',(0.,-0.98058067569092,-0.196116135138184));
#9184=DIRECTION('',(0.,0.98058067569092,0.196116135138184));
#9185=DIRECTION('',(1.,0.,0.));
#9186=DIRECTION('center_axis',(0.,-1.,0.));
#9187=DIRECTION('ref_axis',(0.,0.,-1.));
#9188=DIRECTION('',(0.,0.,1.));
#9189=DIRECTION('',(0.,0.,-1.));
#9190=DIRECTION('center_axis',(1.,0.,0.));
#9191=DIRECTION('ref_axis',(0.,0.,-1.));
#9192=DIRECTION('center_axis',(0.,-0.196116135138184,0.98058067569092));
#9193=DIRECTION('ref_axis',(0.,-0.98058067569092,-0.196116135138184));
#9194=DIRECTION('',(0.,0.98058067569092,0.196116135138184));
#9195=DIRECTION('',(1.,0.,0.));
#9196=DIRECTION('',(0.,-0.98058067569092,-0.196116135138184));
#9197=DIRECTION('',(1.,0.,0.));
#9198=DIRECTION('center_axis',(0.,1.,0.));
#9199=DIRECTION('ref_axis',(0.,0.,1.));
#9200=DIRECTION('',(0.,0.,-1.));
#9201=DIRECTION('',(0.,0.,1.));
#9202=DIRECTION('',(1.,0.,0.));
#9203=DIRECTION('center_axis',(0.,0.196116135138184,-0.98058067569092));
#9204=DIRECTION('ref_axis',(0.,0.98058067569092,0.196116135138184));
#9205=DIRECTION('',(0.,-0.98058067569092,-0.196116135138184));
#9206=DIRECTION('',(0.,0.98058067569092,0.196116135138184));
#9207=DIRECTION('',(1.,0.,0.));
#9208=DIRECTION('center_axis',(0.,-1.,0.));
#9209=DIRECTION('ref_axis',(0.,0.,-1.));
#9210=DIRECTION('',(0.,0.,1.));
#9211=DIRECTION('',(0.,0.,-1.));
#9212=DIRECTION('center_axis',(1.,0.,0.));
#9213=DIRECTION('ref_axis',(0.,0.,-1.));
#9214=DIRECTION('center_axis',(0.,-0.196116135138184,0.98058067569092));
#9215=DIRECTION('ref_axis',(0.,-0.98058067569092,-0.196116135138184));
#9216=DIRECTION('',(0.,0.98058067569092,0.196116135138184));
#9217=DIRECTION('',(1.,0.,0.));
#9218=DIRECTION('',(0.,-0.98058067569092,-0.196116135138184));
#9219=DIRECTION('',(1.,0.,0.));
#9220=DIRECTION('center_axis',(0.,1.,0.));
#9221=DIRECTION('ref_axis',(0.,0.,1.));
#9222=DIRECTION('',(0.,0.,-1.));
#9223=DIRECTION('',(0.,0.,1.));
#9224=DIRECTION('',(1.,0.,0.));
#9225=DIRECTION('center_axis',(0.,0.196116135138184,-0.98058067569092));
#9226=DIRECTION('ref_axis',(0.,0.98058067569092,0.196116135138184));
#9227=DIRECTION('',(0.,-0.98058067569092,-0.196116135138184));
#9228=DIRECTION('',(0.,0.98058067569092,0.196116135138184));
#9229=DIRECTION('',(1.,0.,0.));
#9230=DIRECTION('center_axis',(0.,-1.,0.));
#9231=DIRECTION('ref_axis',(0.,0.,-1.));
#9232=DIRECTION('',(0.,0.,1.));
#9233=DIRECTION('',(0.,0.,-1.));
#9234=DIRECTION('center_axis',(1.,0.,0.));
#9235=DIRECTION('ref_axis',(0.,0.,-1.));
#9236=DIRECTION('center_axis',(0.,-0.196116135138184,0.98058067569092));
#9237=DIRECTION('ref_axis',(0.,-0.98058067569092,-0.196116135138184));
#9238=DIRECTION('',(0.,0.98058067569092,0.196116135138184));
#9239=DIRECTION('',(1.,0.,0.));
#9240=DIRECTION('',(0.,-0.98058067569092,-0.196116135138184));
#9241=DIRECTION('',(1.,0.,0.));
#9242=DIRECTION('center_axis',(0.,1.,0.));
#9243=DIRECTION('ref_axis',(0.,0.,1.));
#9244=DIRECTION('',(0.,0.,-1.));
#9245=DIRECTION('',(0.,0.,1.));
#9246=DIRECTION('',(1.,0.,0.));
#9247=DIRECTION('center_axis',(0.,0.196116135138184,-0.98058067569092));
#9248=DIRECTION('ref_axis',(0.,0.98058067569092,0.196116135138184));
#9249=DIRECTION('',(0.,-0.98058067569092,-0.196116135138184));
#9250=DIRECTION('',(0.,0.98058067569092,0.196116135138184));
#9251=DIRECTION('',(1.,0.,0.));
#9252=DIRECTION('center_axis',(0.,-1.,0.));
#9253=DIRECTION('ref_axis',(0.,0.,-1.));
#9254=DIRECTION('',(0.,0.,1.));
#9255=DIRECTION('',(0.,0.,-1.));
#9256=DIRECTION('center_axis',(1.,0.,0.));
#9257=DIRECTION('ref_axis',(0.,0.,-1.));
#9258=DIRECTION('center_axis',(0.,-0.672672793996313,0.739940073395944));
#9259=DIRECTION('ref_axis',(0.,-0.739940073395944,-0.672672793996312));
#9260=DIRECTION('',(0.,-0.739940073395944,-0.672672793996312));
#9261=DIRECTION('',(1.,0.,0.));
#9262=DIRECTION('',(0.,-0.739940073395944,-0.672672793996312));
#9263=DIRECTION('',(1.,0.,0.));
#9264=DIRECTION('center_axis',(0.,0.,1.));
#9265=DIRECTION('ref_axis',(0.,-1.,0.));
#9266=DIRECTION('',(0.,-1.,0.));
#9267=DIRECTION('',(0.,-1.,0.));
#9268=DIRECTION('',(1.,0.,0.));
#9269=DIRECTION('center_axis',(0.,1.,0.));
#9270=DIRECTION('ref_axis',(0.,0.,1.));
#9271=DIRECTION('',(0.,0.,1.));
#9272=DIRECTION('',(0.,0.,1.));
#9273=DIRECTION('',(1.,0.,0.));
#9274=DIRECTION('center_axis',(0.,0.,-1.));
#9275=DIRECTION('ref_axis',(0.,1.,0.));
#9276=DIRECTION('',(0.,1.,0.));
#9277=DIRECTION('',(0.,1.,0.));
#9278=DIRECTION('',(1.,0.,0.));
#9279=DIRECTION('center_axis',(0.,-1.,0.));
#9280=DIRECTION('ref_axis',(0.,0.,-1.));
#9281=DIRECTION('',(0.,0.,-1.));
#9282=DIRECTION('',(0.,0.,-1.));
#9283=DIRECTION('center_axis',(1.,0.,0.));
#9284=DIRECTION('ref_axis',(0.,0.,-1.));
#9285=DIRECTION('center_axis',(1.,0.,0.));
#9286=DIRECTION('ref_axis',(0.,0.,-1.));
#9287=DIRECTION('center_axis',(0.,-0.196116135138184,0.98058067569092));
#9288=DIRECTION('ref_axis',(0.,-0.98058067569092,-0.196116135138184));
#9289=DIRECTION('',(0.,-0.98058067569092,-0.196116135138184));
#9290=DIRECTION('',(1.,0.,0.));
#9291=DIRECTION('',(0.,-0.98058067569092,-0.196116135138184));
#9292=DIRECTION('',(1.,0.,0.));
#9293=DIRECTION('center_axis',(0.,1.,0.));
#9294=DIRECTION('ref_axis',(0.,0.,1.));
#9295=DIRECTION('',(0.,0.,1.));
#9296=DIRECTION('',(0.,0.,1.));
#9297=DIRECTION('',(1.,0.,0.));
#9298=DIRECTION('center_axis',(0.,0.196116135138184,-0.98058067569092));
#9299=DIRECTION('ref_axis',(0.,0.98058067569092,0.196116135138184));
#9300=DIRECTION('',(0.,0.98058067569092,0.196116135138184));
#9301=DIRECTION('',(0.,0.98058067569092,0.196116135138184));
#9302=DIRECTION('',(1.,0.,0.));
#9303=DIRECTION('center_axis',(0.,-1.,0.));
#9304=DIRECTION('ref_axis',(0.,0.,-1.));
#9305=DIRECTION('',(0.,0.,-1.));
#9306=DIRECTION('',(0.,0.,-1.));
#9307=DIRECTION('center_axis',(1.,0.,0.));
#9308=DIRECTION('ref_axis',(0.,0.,-1.));
#9309=DIRECTION('center_axis',(0.,-0.196116135138184,0.98058067569092));
#9310=DIRECTION('ref_axis',(0.,-0.98058067569092,-0.196116135138184));
#9311=DIRECTION('',(0.,-0.98058067569092,-0.196116135138184));
#9312=DIRECTION('',(1.,0.,0.));
#9313=DIRECTION('',(0.,-0.98058067569092,-0.196116135138184));
#9314=DIRECTION('',(1.,0.,0.));
#9315=DIRECTION('center_axis',(0.,1.,0.));
#9316=DIRECTION('ref_axis',(0.,0.,1.));
#9317=DIRECTION('',(0.,0.,1.));
#9318=DIRECTION('',(0.,0.,1.));
#9319=DIRECTION('',(1.,0.,0.));
#9320=DIRECTION('center_axis',(0.,0.196116135138184,-0.98058067569092));
#9321=DIRECTION('ref_axis',(0.,0.98058067569092,0.196116135138184));
#9322=DIRECTION('',(0.,0.98058067569092,0.196116135138184));
#9323=DIRECTION('',(0.,0.98058067569092,0.196116135138184));
#9324=DIRECTION('',(1.,0.,0.));
#9325=DIRECTION('center_axis',(0.,-1.,0.));
#9326=DIRECTION('ref_axis',(0.,0.,-1.));
#9327=DIRECTION('',(0.,0.,-1.));
#9328=DIRECTION('',(0.,0.,-1.));
#9329=DIRECTION('center_axis',(1.,0.,0.));
#9330=DIRECTION('ref_axis',(0.,0.,-1.));
#9331=DIRECTION('center_axis',(0.,-0.196116135138184,0.98058067569092));
#9332=DIRECTION('ref_axis',(0.,-0.98058067569092,-0.196116135138184));
#9333=DIRECTION('',(0.,-0.98058067569092,-0.196116135138184));
#9334=DIRECTION('',(1.,0.,0.));
#9335=DIRECTION('',(0.,-0.98058067569092,-0.196116135138184));
#9336=DIRECTION('',(1.,0.,0.));
#9337=DIRECTION('center_axis',(0.,1.,0.));
#9338=DIRECTION('ref_axis',(0.,0.,1.));
#9339=DIRECTION('',(0.,0.,1.));
#9340=DIRECTION('',(0.,0.,1.));
#9341=DIRECTION('',(1.,0.,0.));
#9342=DIRECTION('center_axis',(0.,0.196116135138184,-0.98058067569092));
#9343=DIRECTION('ref_axis',(0.,0.98058067569092,0.196116135138184));
#9344=DIRECTION('',(0.,0.98058067569092,0.196116135138184));
#9345=DIRECTION('',(0.,0.98058067569092,0.196116135138184));
#9346=DIRECTION('',(1.,0.,0.));
#9347=DIRECTION('center_axis',(0.,-1.,0.));
#9348=DIRECTION('ref_axis',(0.,0.,-1.));
#9349=DIRECTION('',(0.,0.,-1.));
#9350=DIRECTION('',(0.,0.,-1.));
#9351=DIRECTION('center_axis',(1.,0.,0.));
#9352=DIRECTION('ref_axis',(0.,0.,-1.));
#9353=DIRECTION('center_axis',(0.,-0.196116135138184,0.98058067569092));
#9354=DIRECTION('ref_axis',(0.,-0.98058067569092,-0.196116135138184));
#9355=DIRECTION('',(0.,-0.98058067569092,-0.196116135138184));
#9356=DIRECTION('',(1.,0.,0.));
#9357=DIRECTION('',(0.,-0.98058067569092,-0.196116135138184));
#9358=DIRECTION('',(1.,0.,0.));
#9359=DIRECTION('center_axis',(0.,1.,0.));
#9360=DIRECTION('ref_axis',(0.,0.,1.));
#9361=DIRECTION('',(0.,0.,1.));
#9362=DIRECTION('',(0.,0.,1.));
#9363=DIRECTION('',(1.,0.,0.));
#9364=DIRECTION('center_axis',(0.,0.196116135138184,-0.98058067569092));
#9365=DIRECTION('ref_axis',(0.,0.98058067569092,0.196116135138184));
#9366=DIRECTION('',(0.,0.98058067569092,0.196116135138184));
#9367=DIRECTION('',(0.,0.98058067569092,0.196116135138184));
#9368=DIRECTION('',(1.,0.,0.));
#9369=DIRECTION('center_axis',(0.,-1.,0.));
#9370=DIRECTION('ref_axis',(0.,0.,-1.));
#9371=DIRECTION('',(0.,0.,-1.));
#9372=DIRECTION('',(0.,0.,-1.));
#9373=DIRECTION('center_axis',(1.,0.,0.));
#9374=DIRECTION('ref_axis',(0.,0.,-1.));
#9375=DIRECTION('center_axis',(0.,-0.196116135138184,0.98058067569092));
#9376=DIRECTION('ref_axis',(0.,-0.98058067569092,-0.196116135138184));
#9377=DIRECTION('',(0.,-0.98058067569092,-0.196116135138184));
#9378=DIRECTION('',(1.,0.,0.));
#9379=DIRECTION('',(0.,-0.98058067569092,-0.196116135138184));
#9380=DIRECTION('',(1.,0.,0.));
#9381=DIRECTION('center_axis',(0.,1.,0.));
#9382=DIRECTION('ref_axis',(0.,0.,1.));
#9383=DIRECTION('',(0.,0.,1.));
#9384=DIRECTION('',(0.,0.,1.));
#9385=DIRECTION('',(1.,0.,0.));
#9386=DIRECTION('center_axis',(0.,0.196116135138184,-0.98058067569092));
#9387=DIRECTION('ref_axis',(0.,0.98058067569092,0.196116135138184));
#9388=DIRECTION('',(0.,0.98058067569092,0.196116135138184));
#9389=DIRECTION('',(0.,0.98058067569092,0.196116135138184));
#9390=DIRECTION('',(1.,0.,0.));
#9391=DIRECTION('center_axis',(0.,-1.,0.));
#9392=DIRECTION('ref_axis',(0.,0.,-1.));
#9393=DIRECTION('',(0.,0.,-1.));
#9394=DIRECTION('',(0.,0.,-1.));
#9395=DIRECTION('center_axis',(1.,0.,0.));
#9396=DIRECTION('ref_axis',(0.,0.,-1.));
#9397=DIRECTION('center_axis',(0.,-0.196116135138184,0.98058067569092));
#9398=DIRECTION('ref_axis',(0.,-0.98058067569092,-0.196116135138184));
#9399=DIRECTION('',(0.,-0.98058067569092,-0.196116135138184));
#9400=DIRECTION('',(1.,0.,0.));
#9401=DIRECTION('',(0.,-0.98058067569092,-0.196116135138184));
#9402=DIRECTION('',(1.,0.,0.));
#9403=DIRECTION('center_axis',(0.,1.,0.));
#9404=DIRECTION('ref_axis',(0.,0.,1.));
#9405=DIRECTION('',(0.,0.,1.));
#9406=DIRECTION('',(0.,0.,1.));
#9407=DIRECTION('',(1.,0.,0.));
#9408=DIRECTION('center_axis',(0.,0.196116135138184,-0.98058067569092));
#9409=DIRECTION('ref_axis',(0.,0.98058067569092,0.196116135138184));
#9410=DIRECTION('',(0.,0.98058067569092,0.196116135138184));
#9411=DIRECTION('',(0.,0.98058067569092,0.196116135138184));
#9412=DIRECTION('',(1.,0.,0.));
#9413=DIRECTION('center_axis',(0.,-1.,0.));
#9414=DIRECTION('ref_axis',(0.,0.,-1.));
#9415=DIRECTION('',(0.,0.,-1.));
#9416=DIRECTION('',(0.,0.,-1.));
#9417=DIRECTION('center_axis',(1.,0.,0.));
#9418=DIRECTION('ref_axis',(0.,0.,-1.));
#9419=DIRECTION('center_axis',(0.,-0.672672793996313,0.739940073395944));
#9420=DIRECTION('ref_axis',(0.,-0.739940073395944,-0.672672793996312));
#9421=DIRECTION('',(0.,-0.739940073395944,-0.672672793996312));
#9422=DIRECTION('',(1.,0.,0.));
#9423=DIRECTION('',(0.,-0.739940073395944,-0.672672793996312));
#9424=DIRECTION('',(1.,0.,0.));
#9425=DIRECTION('center_axis',(0.,0.,1.));
#9426=DIRECTION('ref_axis',(0.,-1.,0.));
#9427=DIRECTION('',(0.,-1.,0.));
#9428=DIRECTION('',(0.,-1.,0.));
#9429=DIRECTION('',(1.,0.,0.));
#9430=DIRECTION('center_axis',(0.,1.,0.));
#9431=DIRECTION('ref_axis',(0.,0.,1.));
#9432=DIRECTION('',(0.,0.,1.));
#9433=DIRECTION('',(0.,0.,1.));
#9434=DIRECTION('',(1.,0.,0.));
#9435=DIRECTION('center_axis',(0.,0.,-1.));
#9436=DIRECTION('ref_axis',(0.,1.,0.));
#9437=DIRECTION('',(0.,1.,0.));
#9438=DIRECTION('',(0.,1.,0.));
#9439=DIRECTION('',(1.,0.,0.));
#9440=DIRECTION('center_axis',(0.,-1.,0.));
#9441=DIRECTION('ref_axis',(0.,0.,-1.));
#9442=DIRECTION('',(0.,0.,-1.));
#9443=DIRECTION('',(0.,0.,-1.));
#9444=DIRECTION('center_axis',(1.,0.,0.));
#9445=DIRECTION('ref_axis',(0.,0.,-1.));
#9446=DIRECTION('center_axis',(1.,0.,0.));
#9447=DIRECTION('ref_axis',(0.,0.,-1.));
#9448=DIRECTION('center_axis',(0.,0.,1.));
#9449=DIRECTION('ref_axis',(0.,-1.,0.));
#9450=DIRECTION('',(0.,-1.,0.));
#9451=DIRECTION('',(1.,0.,0.));
#9452=DIRECTION('',(0.,-1.,0.));
#9453=DIRECTION('',(1.,0.,0.));
#9454=DIRECTION('center_axis',(0.,1.,0.));
#9455=DIRECTION('ref_axis',(0.,0.,1.));
#9456=DIRECTION('',(0.,0.,1.));
#9457=DIRECTION('',(0.,0.,1.));
#9458=DIRECTION('',(1.,0.,0.));
#9459=DIRECTION('center_axis',(0.,0.,-1.));
#9460=DIRECTION('ref_axis',(0.,1.,0.));
#9461=DIRECTION('',(0.,1.,0.));
#9462=DIRECTION('',(0.,1.,0.));
#9463=DIRECTION('',(1.,0.,0.));
#9464=DIRECTION('center_axis',(0.,-1.,0.));
#9465=DIRECTION('ref_axis',(0.,0.,-1.));
#9466=DIRECTION('',(0.,0.,-1.));
#9467=DIRECTION('',(0.,0.,-1.));
#9468=DIRECTION('center_axis',(1.,0.,0.));
#9469=DIRECTION('ref_axis',(0.,0.,-1.));
#9470=DIRECTION('center_axis',(1.,0.,0.));
#9471=DIRECTION('ref_axis',(0.,0.,-1.));
#9472=DIRECTION('center_axis',(0.,0.,1.));
#9473=DIRECTION('ref_axis',(0.,-1.,0.));
#9474=DIRECTION('',(0.,-1.,0.));
#9475=DIRECTION('',(1.,0.,0.));
#9476=DIRECTION('',(0.,-1.,0.));
#9477=DIRECTION('',(1.,0.,0.));
#9478=DIRECTION('center_axis',(0.,1.,0.));
#9479=DIRECTION('ref_axis',(0.,0.,1.));
#9480=DIRECTION('',(0.,0.,1.));
#9481=DIRECTION('',(0.,0.,1.));
#9482=DIRECTION('',(1.,0.,0.));
#9483=DIRECTION('center_axis',(0.,0.,-1.));
#9484=DIRECTION('ref_axis',(0.,1.,0.));
#9485=DIRECTION('',(0.,1.,0.));
#9486=DIRECTION('',(0.,1.,0.));
#9487=DIRECTION('',(1.,0.,0.));
#9488=DIRECTION('center_axis',(0.,-1.,0.));
#9489=DIRECTION('ref_axis',(0.,0.,-1.));
#9490=DIRECTION('',(0.,0.,-1.));
#9491=DIRECTION('',(0.,0.,-1.));
#9492=DIRECTION('center_axis',(1.,0.,0.));
#9493=DIRECTION('ref_axis',(0.,0.,-1.));
#9494=DIRECTION('center_axis',(1.,0.,0.));
#9495=DIRECTION('ref_axis',(0.,0.,-1.));
#9496=DIRECTION('center_axis',(0.,-0.208958240274382,0.977924564484109));
#9497=DIRECTION('ref_axis',(0.,-0.977924564484109,-0.208958240274382));
#9498=DIRECTION('',(0.,-0.977924564484109,-0.208958240274382));
#9499=DIRECTION('',(1.,0.,0.));
#9500=DIRECTION('',(0.,-0.977924564484109,-0.208958240274382));
#9501=DIRECTION('',(1.,0.,0.));
#9502=DIRECTION('center_axis',(0.,1.,0.));
#9503=DIRECTION('ref_axis',(0.,0.,1.));
#9504=DIRECTION('',(0.,0.,1.));
#9505=DIRECTION('',(0.,0.,1.));
#9506=DIRECTION('',(1.,0.,0.));
#9507=DIRECTION('center_axis',(0.,0.208958240274382,-0.977924564484109));
#9508=DIRECTION('ref_axis',(0.,0.977924564484109,0.208958240274382));
#9509=DIRECTION('',(0.,0.977924564484109,0.208958240274382));
#9510=DIRECTION('',(0.,0.977924564484109,0.208958240274382));
#9511=DIRECTION('',(1.,0.,0.));
#9512=DIRECTION('center_axis',(0.,-1.,0.));
#9513=DIRECTION('ref_axis',(0.,0.,-1.));
#9514=DIRECTION('',(0.,0.,-1.));
#9515=DIRECTION('',(0.,0.,-1.));
#9516=DIRECTION('center_axis',(1.,0.,0.));
#9517=DIRECTION('ref_axis',(0.,0.,-1.));
#9518=DIRECTION('center_axis',(1.,0.,0.));
#9519=DIRECTION('ref_axis',(0.,0.,-1.));
#9520=DIRECTION('center_axis',(0.,0.,1.));
#9521=DIRECTION('ref_axis',(0.,-1.,0.));
#9522=DIRECTION('',(0.,-1.,0.));
#9523=DIRECTION('',(1.,0.,0.));
#9524=DIRECTION('',(0.,-1.,0.));
#9525=DIRECTION('',(1.,0.,0.));
#9526=DIRECTION('center_axis',(0.,1.,0.));
#9527=DIRECTION('ref_axis',(0.,0.,1.));
#9528=DIRECTION('',(0.,0.,1.));
#9529=DIRECTION('',(0.,0.,1.));
#9530=DIRECTION('',(1.,0.,0.));
#9531=DIRECTION('center_axis',(0.,0.,-1.));
#9532=DIRECTION('ref_axis',(0.,1.,0.));
#9533=DIRECTION('',(0.,1.,0.));
#9534=DIRECTION('',(0.,1.,0.));
#9535=DIRECTION('',(1.,0.,0.));
#9536=DIRECTION('center_axis',(0.,-1.,0.));
#9537=DIRECTION('ref_axis',(0.,0.,-1.));
#9538=DIRECTION('',(0.,0.,-1.));
#9539=DIRECTION('',(0.,0.,-1.));
#9540=DIRECTION('center_axis',(1.,0.,0.));
#9541=DIRECTION('ref_axis',(0.,0.,-1.));
#9542=DIRECTION('center_axis',(1.,0.,0.));
#9543=DIRECTION('ref_axis',(0.,0.,-1.));
#9544=DIRECTION('center_axis',(0.,0.,1.));
#9545=DIRECTION('ref_axis',(0.,-1.,0.));
#9546=DIRECTION('',(0.,-1.,0.));
#9547=DIRECTION('',(1.,0.,0.));
#9548=DIRECTION('',(0.,-1.,0.));
#9549=DIRECTION('',(1.,0.,0.));
#9550=DIRECTION('center_axis',(0.,1.,0.));
#9551=DIRECTION('ref_axis',(0.,0.,1.));
#9552=DIRECTION('',(0.,0.,1.));
#9553=DIRECTION('',(0.,0.,1.));
#9554=DIRECTION('',(1.,0.,0.));
#9555=DIRECTION('center_axis',(0.,0.,-1.));
#9556=DIRECTION('ref_axis',(0.,1.,0.));
#9557=DIRECTION('',(0.,1.,0.));
#9558=DIRECTION('',(0.,1.,0.));
#9559=DIRECTION('',(1.,0.,0.));
#9560=DIRECTION('center_axis',(0.,-1.,0.));
#9561=DIRECTION('ref_axis',(0.,0.,-1.));
#9562=DIRECTION('',(0.,0.,-1.));
#9563=DIRECTION('',(0.,0.,-1.));
#9564=DIRECTION('center_axis',(1.,0.,0.));
#9565=DIRECTION('ref_axis',(0.,0.,-1.));
#9566=DIRECTION('center_axis',(1.,0.,0.));
#9567=DIRECTION('ref_axis',(0.,0.,-1.));
#9568=DIRECTION('center_axis',(0.,-0.337864753606767,0.941194670761707));
#9569=DIRECTION('ref_axis',(0.,-0.941194670761707,-0.337864753606767));
#9570=DIRECTION('',(0.,-0.941194670761707,-0.337864753606767));
#9571=DIRECTION('',(1.,0.,0.));
#9572=DIRECTION('',(0.,-0.941194670761707,-0.337864753606767));
#9573=DIRECTION('',(1.,0.,0.));
#9574=DIRECTION('center_axis',(0.,1.,0.));
#9575=DIRECTION('ref_axis',(0.,0.,1.));
#9576=DIRECTION('',(0.,0.,1.));
#9577=DIRECTION('',(0.,0.,1.));
#9578=DIRECTION('',(1.,0.,0.));
#9579=DIRECTION('center_axis',(0.,0.208958240274382,-0.977924564484109));
#9580=DIRECTION('ref_axis',(0.,0.977924564484109,0.208958240274382));
#9581=DIRECTION('',(0.,0.977924564484109,0.208958240274382));
#9582=DIRECTION('',(0.,0.977924564484109,0.208958240274382));
#9583=DIRECTION('',(1.,0.,0.));
#9584=DIRECTION('center_axis',(0.,-1.,0.));
#9585=DIRECTION('ref_axis',(0.,0.,-1.));
#9586=DIRECTION('',(0.,0.,-1.));
#9587=DIRECTION('',(0.,0.,-1.));
#9588=DIRECTION('center_axis',(1.,0.,0.));
#9589=DIRECTION('ref_axis',(0.,0.,-1.));
#9590=DIRECTION('center_axis',(1.,0.,0.));
#9591=DIRECTION('ref_axis',(0.,0.,-1.));
#9592=DIRECTION('center_axis',(0.,-0.337864753606767,0.941194670761707));
#9593=DIRECTION('ref_axis',(0.,-0.941194670761707,-0.337864753606767));
#9594=DIRECTION('',(0.,-0.941194670761707,-0.337864753606767));
#9595=DIRECTION('',(1.,0.,0.));
#9596=DIRECTION('',(0.,-0.941194670761707,-0.337864753606767));
#9597=DIRECTION('',(1.,0.,0.));
#9598=DIRECTION('center_axis',(0.,1.,0.));
#9599=DIRECTION('ref_axis',(0.,0.,1.));
#9600=DIRECTION('',(0.,0.,1.));
#9601=DIRECTION('',(0.,0.,1.));
#9602=DIRECTION('',(1.,0.,0.));
#9603=DIRECTION('center_axis',(0.,0.208958240274382,-0.977924564484109));
#9604=DIRECTION('ref_axis',(0.,0.977924564484109,0.208958240274382));
#9605=DIRECTION('',(0.,0.977924564484109,0.208958240274382));
#9606=DIRECTION('',(0.,0.977924564484109,0.208958240274382));
#9607=DIRECTION('',(1.,0.,0.));
#9608=DIRECTION('center_axis',(0.,-1.,0.));
#9609=DIRECTION('ref_axis',(0.,0.,-1.));
#9610=DIRECTION('',(0.,0.,-1.));
#9611=DIRECTION('',(0.,0.,-1.));
#9612=DIRECTION('center_axis',(1.,0.,0.));
#9613=DIRECTION('ref_axis',(0.,0.,-1.));
#9614=DIRECTION('center_axis',(1.,0.,0.));
#9615=DIRECTION('ref_axis',(0.,0.,-1.));
#9616=DIRECTION('center_axis',(0.,-0.348186529603627,0.937425272009765));
#9617=DIRECTION('ref_axis',(0.,-0.937425272009765,-0.348186529603627));
#9618=DIRECTION('',(0.,-0.937425272009765,-0.348186529603627));
#9619=DIRECTION('',(1.,0.,0.));
#9620=DIRECTION('',(0.,-0.937425272009765,-0.348186529603627));
#9621=DIRECTION('',(1.,0.,0.));
#9622=DIRECTION('center_axis',(0.,1.,0.));
#9623=DIRECTION('ref_axis',(0.,0.,1.));
#9624=DIRECTION('',(0.,0.,1.));
#9625=DIRECTION('',(0.,0.,1.));
#9626=DIRECTION('',(1.,0.,0.));
#9627=DIRECTION('center_axis',(0.,0.23162052730604,-0.972806214685367));
#9628=DIRECTION('ref_axis',(0.,0.972806214685367,0.23162052730604));
#9629=DIRECTION('',(0.,0.972806214685367,0.23162052730604));
#9630=DIRECTION('',(0.,0.972806214685367,0.23162052730604));
#9631=DIRECTION('',(1.,0.,0.));
#9632=DIRECTION('center_axis',(0.,-1.,0.));
#9633=DIRECTION('ref_axis',(0.,0.,-1.));
#9634=DIRECTION('',(0.,0.,-1.));
#9635=DIRECTION('',(0.,0.,-1.));
#9636=DIRECTION('center_axis',(1.,0.,0.));
#9637=DIRECTION('ref_axis',(0.,0.,-1.));
#9638=DIRECTION('center_axis',(1.,0.,0.));
#9639=DIRECTION('ref_axis',(0.,0.,-1.));
#9640=DIRECTION('center_axis',(0.,-0.348186529603627,0.937425272009765));
#9641=DIRECTION('ref_axis',(0.,-0.937425272009765,-0.348186529603627));
#9642=DIRECTION('',(0.,-0.937425272009765,-0.348186529603627));
#9643=DIRECTION('',(1.,0.,0.));
#9644=DIRECTION('',(0.,-0.937425272009765,-0.348186529603627));
#9645=DIRECTION('',(1.,0.,0.));
#9646=DIRECTION('center_axis',(0.,1.,0.));
#9647=DIRECTION('ref_axis',(0.,0.,1.));
#9648=DIRECTION('',(0.,0.,1.));
#9649=DIRECTION('',(0.,0.,1.));
#9650=DIRECTION('',(1.,0.,0.));
#9651=DIRECTION('center_axis',(0.,0.23162052730604,-0.972806214685367));
#9652=DIRECTION('ref_axis',(0.,0.972806214685367,0.23162052730604));
#9653=DIRECTION('',(0.,0.972806214685367,0.23162052730604));
#9654=DIRECTION('',(0.,0.972806214685367,0.23162052730604));
#9655=DIRECTION('',(1.,0.,0.));
#9656=DIRECTION('center_axis',(0.,-1.,0.));
#9657=DIRECTION('ref_axis',(0.,0.,-1.));
#9658=DIRECTION('',(0.,0.,-1.));
#9659=DIRECTION('',(0.,0.,-1.));
#9660=DIRECTION('center_axis',(1.,0.,0.));
#9661=DIRECTION('ref_axis',(0.,0.,-1.));
#9662=DIRECTION('center_axis',(1.,0.,0.));
#9663=DIRECTION('ref_axis',(0.,0.,-1.));
#9664=DIRECTION('center_axis',(0.,-0.208958240274382,0.977924564484109));
#9665=DIRECTION('ref_axis',(0.,-0.977924564484109,-0.208958240274382));
#9666=DIRECTION('',(0.,-0.977924564484109,-0.208958240274382));
#9667=DIRECTION('',(1.,0.,0.));
#9668=DIRECTION('',(0.,-0.977924564484109,-0.208958240274382));
#9669=DIRECTION('',(1.,0.,0.));
#9670=DIRECTION('center_axis',(0.,1.,0.));
#9671=DIRECTION('ref_axis',(0.,0.,1.));
#9672=DIRECTION('',(0.,0.,1.));
#9673=DIRECTION('',(0.,0.,1.));
#9674=DIRECTION('',(1.,0.,0.));
#9675=DIRECTION('center_axis',(0.,0.208958240274382,-0.977924564484109));
#9676=DIRECTION('ref_axis',(0.,0.977924564484109,0.208958240274382));
#9677=DIRECTION('',(0.,0.977924564484109,0.208958240274382));
#9678=DIRECTION('',(0.,0.977924564484109,0.208958240274382));
#9679=DIRECTION('',(1.,0.,0.));
#9680=DIRECTION('center_axis',(0.,-1.,0.));
#9681=DIRECTION('ref_axis',(0.,0.,-1.));
#9682=DIRECTION('',(0.,0.,-1.));
#9683=DIRECTION('',(0.,0.,-1.));
#9684=DIRECTION('center_axis',(1.,0.,0.));
#9685=DIRECTION('ref_axis',(0.,0.,-1.));
#9686=DIRECTION('center_axis',(1.,0.,0.));
#9687=DIRECTION('ref_axis',(0.,0.,-1.));
#9688=DIRECTION('center_axis',(0.,0.,1.));
#9689=DIRECTION('ref_axis',(0.,-1.,0.));
#9690=DIRECTION('',(0.,-1.,0.));
#9691=DIRECTION('',(1.,0.,0.));
#9692=DIRECTION('',(0.,-1.,0.));
#9693=DIRECTION('',(1.,0.,0.));
#9694=DIRECTION('center_axis',(0.,1.,0.));
#9695=DIRECTION('ref_axis',(0.,0.,1.));
#9696=DIRECTION('',(0.,0.,1.));
#9697=DIRECTION('',(0.,0.,1.));
#9698=DIRECTION('',(1.,0.,0.));
#9699=DIRECTION('center_axis',(0.,0.,-1.));
#9700=DIRECTION('ref_axis',(0.,1.,0.));
#9701=DIRECTION('',(0.,1.,0.));
#9702=DIRECTION('',(0.,1.,0.));
#9703=DIRECTION('',(1.,0.,0.));
#9704=DIRECTION('center_axis',(0.,-1.,0.));
#9705=DIRECTION('ref_axis',(0.,0.,-1.));
#9706=DIRECTION('',(0.,0.,-1.));
#9707=DIRECTION('',(0.,0.,-1.));
#9708=DIRECTION('center_axis',(1.,0.,0.));
#9709=DIRECTION('ref_axis',(0.,0.,-1.));
#9710=DIRECTION('center_axis',(1.,0.,0.));
#9711=DIRECTION('ref_axis',(0.,0.,-1.));
#9712=DIRECTION('center_axis',(0.,0.,1.));
#9713=DIRECTION('ref_axis',(0.,-1.,0.));
#9714=DIRECTION('',(0.,-1.,0.));
#9715=DIRECTION('',(1.,0.,0.));
#9716=DIRECTION('',(0.,-1.,0.));
#9717=DIRECTION('',(1.,0.,0.));
#9718=DIRECTION('center_axis',(0.,1.,0.));
#9719=DIRECTION('ref_axis',(0.,0.,1.));
#9720=DIRECTION('',(0.,0.,1.));
#9721=DIRECTION('',(0.,0.,1.));
#9722=DIRECTION('',(1.,0.,0.));
#9723=DIRECTION('center_axis',(0.,0.,-1.));
#9724=DIRECTION('ref_axis',(0.,1.,0.));
#9725=DIRECTION('',(0.,1.,0.));
#9726=DIRECTION('',(0.,1.,0.));
#9727=DIRECTION('',(1.,0.,0.));
#9728=DIRECTION('center_axis',(0.,-1.,0.));
#9729=DIRECTION('ref_axis',(0.,0.,-1.));
#9730=DIRECTION('',(0.,0.,-1.));
#9731=DIRECTION('',(0.,0.,-1.));
#9732=DIRECTION('center_axis',(1.,0.,0.));
#9733=DIRECTION('ref_axis',(0.,0.,-1.));
#9734=DIRECTION('center_axis',(1.,0.,0.));
#9735=DIRECTION('ref_axis',(0.,0.,-1.));
#9736=DIRECTION('center_axis',(0.,-0.337864753606767,0.941194670761707));
#9737=DIRECTION('ref_axis',(0.,-0.941194670761707,-0.337864753606767));
#9738=DIRECTION('',(0.,-0.941194670761707,-0.337864753606767));
#9739=DIRECTION('',(1.,0.,0.));
#9740=DIRECTION('',(0.,-0.941194670761707,-0.337864753606767));
#9741=DIRECTION('',(1.,0.,0.));
#9742=DIRECTION('center_axis',(0.,1.,0.));
#9743=DIRECTION('ref_axis',(0.,0.,1.));
#9744=DIRECTION('',(0.,0.,1.));
#9745=DIRECTION('',(0.,0.,1.));
#9746=DIRECTION('',(1.,0.,0.));
#9747=DIRECTION('center_axis',(0.,0.208958240274382,-0.977924564484109));
#9748=DIRECTION('ref_axis',(0.,0.977924564484109,0.208958240274382));
#9749=DIRECTION('',(0.,0.977924564484109,0.208958240274382));
#9750=DIRECTION('',(0.,0.977924564484109,0.208958240274382));
#9751=DIRECTION('',(1.,0.,0.));
#9752=DIRECTION('center_axis',(0.,-1.,0.));
#9753=DIRECTION('ref_axis',(0.,0.,-1.));
#9754=DIRECTION('',(0.,0.,-1.));
#9755=DIRECTION('',(0.,0.,-1.));
#9756=DIRECTION('center_axis',(1.,0.,0.));
#9757=DIRECTION('ref_axis',(0.,0.,-1.));
#9758=DIRECTION('center_axis',(1.,0.,0.));
#9759=DIRECTION('ref_axis',(0.,0.,-1.));
#9760=DIRECTION('center_axis',(0.,-0.337864753606767,0.941194670761707));
#9761=DIRECTION('ref_axis',(0.,-0.941194670761707,-0.337864753606767));
#9762=DIRECTION('',(0.,-0.941194670761707,-0.337864753606767));
#9763=DIRECTION('',(1.,0.,0.));
#9764=DIRECTION('',(0.,-0.941194670761707,-0.337864753606767));
#9765=DIRECTION('',(1.,0.,0.));
#9766=DIRECTION('center_axis',(0.,1.,0.));
#9767=DIRECTION('ref_axis',(0.,0.,1.));
#9768=DIRECTION('',(0.,0.,1.));
#9769=DIRECTION('',(0.,0.,1.));
#9770=DIRECTION('',(1.,0.,0.));
#9771=DIRECTION('center_axis',(0.,0.208958240274382,-0.977924564484109));
#9772=DIRECTION('ref_axis',(0.,0.977924564484109,0.208958240274382));
#9773=DIRECTION('',(0.,0.977924564484109,0.208958240274382));
#9774=DIRECTION('',(0.,0.977924564484109,0.208958240274382));
#9775=DIRECTION('',(1.,0.,0.));
#9776=DIRECTION('center_axis',(0.,-1.,0.));
#9777=DIRECTION('ref_axis',(0.,0.,-1.));
#9778=DIRECTION('',(0.,0.,-1.));
#9779=DIRECTION('',(0.,0.,-1.));
#9780=DIRECTION('center_axis',(1.,0.,0.));
#9781=DIRECTION('ref_axis',(0.,0.,-1.));
#9782=DIRECTION('center_axis',(1.,0.,0.));
#9783=DIRECTION('ref_axis',(0.,0.,-1.));
#9784=DIRECTION('center_axis',(0.,-0.348186529603627,0.937425272009765));
#9785=DIRECTION('ref_axis',(0.,-0.937425272009765,-0.348186529603627));
#9786=DIRECTION('',(0.,-0.937425272009765,-0.348186529603627));
#9787=DIRECTION('',(1.,0.,0.));
#9788=DIRECTION('',(0.,-0.937425272009765,-0.348186529603627));
#9789=DIRECTION('',(1.,0.,0.));
#9790=DIRECTION('center_axis',(0.,1.,0.));
#9791=DIRECTION('ref_axis',(0.,0.,1.));
#9792=DIRECTION('',(0.,0.,1.));
#9793=DIRECTION('',(0.,0.,1.));
#9794=DIRECTION('',(1.,0.,0.));
#9795=DIRECTION('center_axis',(0.,0.23162052730604,-0.972806214685367));
#9796=DIRECTION('ref_axis',(0.,0.972806214685367,0.23162052730604));
#9797=DIRECTION('',(0.,0.972806214685367,0.23162052730604));
#9798=DIRECTION('',(0.,0.972806214685367,0.23162052730604));
#9799=DIRECTION('',(1.,0.,0.));
#9800=DIRECTION('center_axis',(0.,-1.,0.));
#9801=DIRECTION('ref_axis',(0.,0.,-1.));
#9802=DIRECTION('',(0.,0.,-1.));
#9803=DIRECTION('',(0.,0.,-1.));
#9804=DIRECTION('center_axis',(1.,0.,0.));
#9805=DIRECTION('ref_axis',(0.,0.,-1.));
#9806=DIRECTION('center_axis',(1.,0.,0.));
#9807=DIRECTION('ref_axis',(0.,0.,-1.));
#9808=DIRECTION('center_axis',(0.,-0.348186529603627,0.937425272009765));
#9809=DIRECTION('ref_axis',(0.,-0.937425272009765,-0.348186529603627));
#9810=DIRECTION('',(0.,-0.937425272009765,-0.348186529603627));
#9811=DIRECTION('',(1.,0.,0.));
#9812=DIRECTION('',(0.,-0.937425272009765,-0.348186529603627));
#9813=DIRECTION('',(1.,0.,0.));
#9814=DIRECTION('center_axis',(0.,1.,0.));
#9815=DIRECTION('ref_axis',(0.,0.,1.));
#9816=DIRECTION('',(0.,0.,1.));
#9817=DIRECTION('',(0.,0.,1.));
#9818=DIRECTION('',(1.,0.,0.));
#9819=DIRECTION('center_axis',(0.,0.23162052730604,-0.972806214685367));
#9820=DIRECTION('ref_axis',(0.,0.972806214685367,0.23162052730604));
#9821=DIRECTION('',(0.,0.972806214685367,0.23162052730604));
#9822=DIRECTION('',(0.,0.972806214685367,0.23162052730604));
#9823=DIRECTION('',(1.,0.,0.));
#9824=DIRECTION('center_axis',(0.,-1.,0.));
#9825=DIRECTION('ref_axis',(0.,0.,-1.));
#9826=DIRECTION('',(0.,0.,-1.));
#9827=DIRECTION('',(0.,0.,-1.));
#9828=DIRECTION('center_axis',(1.,0.,0.));
#9829=DIRECTION('ref_axis',(0.,0.,-1.));
#9830=DIRECTION('center_axis',(1.,0.,0.));
#9831=DIRECTION('ref_axis',(0.,0.,-1.));
#9832=DIRECTION('center_axis',(0.,-0.208958240274382,0.977924564484109));
#9833=DIRECTION('ref_axis',(0.,-0.977924564484109,-0.208958240274382));
#9834=DIRECTION('',(0.,-0.977924564484109,-0.208958240274382));
#9835=DIRECTION('',(1.,0.,0.));
#9836=DIRECTION('',(0.,-0.977924564484109,-0.208958240274382));
#9837=DIRECTION('',(1.,0.,0.));
#9838=DIRECTION('center_axis',(0.,1.,0.));
#9839=DIRECTION('ref_axis',(0.,0.,1.));
#9840=DIRECTION('',(0.,0.,1.));
#9841=DIRECTION('',(0.,0.,1.));
#9842=DIRECTION('',(1.,0.,0.));
#9843=DIRECTION('center_axis',(0.,0.208958240274382,-0.977924564484109));
#9844=DIRECTION('ref_axis',(0.,0.977924564484109,0.208958240274382));
#9845=DIRECTION('',(0.,0.977924564484109,0.208958240274382));
#9846=DIRECTION('',(0.,0.977924564484109,0.208958240274382));
#9847=DIRECTION('',(1.,0.,0.));
#9848=DIRECTION('center_axis',(0.,-1.,0.));
#9849=DIRECTION('ref_axis',(0.,0.,-1.));
#9850=DIRECTION('',(0.,0.,-1.));
#9851=DIRECTION('',(0.,0.,-1.));
#9852=DIRECTION('center_axis',(1.,0.,0.));
#9853=DIRECTION('ref_axis',(0.,0.,-1.));
#9854=DIRECTION('center_axis',(1.,0.,0.));
#9855=DIRECTION('ref_axis',(0.,0.,-1.));
#9856=DIRECTION('center_axis',(0.,0.,1.));
#9857=DIRECTION('ref_axis',(0.,-1.,0.));
#9858=DIRECTION('',(0.,-1.,0.));
#9859=DIRECTION('',(1.,0.,0.));
#9860=DIRECTION('',(0.,-1.,0.));
#9861=DIRECTION('',(1.,0.,0.));
#9862=DIRECTION('center_axis',(0.,1.,0.));
#9863=DIRECTION('ref_axis',(0.,0.,1.));
#9864=DIRECTION('',(0.,0.,1.));
#9865=DIRECTION('',(0.,0.,1.));
#9866=DIRECTION('',(1.,0.,0.));
#9867=DIRECTION('center_axis',(0.,0.,-1.));
#9868=DIRECTION('ref_axis',(0.,1.,0.));
#9869=DIRECTION('',(0.,1.,0.));
#9870=DIRECTION('',(0.,1.,0.));
#9871=DIRECTION('',(1.,0.,0.));
#9872=DIRECTION('center_axis',(0.,-1.,0.));
#9873=DIRECTION('ref_axis',(0.,0.,-1.));
#9874=DIRECTION('',(0.,0.,-1.));
#9875=DIRECTION('',(0.,0.,-1.));
#9876=DIRECTION('center_axis',(1.,0.,0.));
#9877=DIRECTION('ref_axis',(0.,0.,-1.));
#9878=DIRECTION('center_axis',(1.,0.,0.));
#9879=DIRECTION('ref_axis',(0.,0.,-1.));
#9880=DIRECTION('center_axis',(0.,0.,1.));
#9881=DIRECTION('ref_axis',(0.,-1.,0.));
#9882=DIRECTION('',(0.,-1.,0.));
#9883=DIRECTION('',(1.,0.,0.));
#9884=DIRECTION('',(0.,-1.,0.));
#9885=DIRECTION('',(1.,0.,0.));
#9886=DIRECTION('center_axis',(0.,1.,0.));
#9887=DIRECTION('ref_axis',(0.,0.,1.));
#9888=DIRECTION('',(0.,0.,1.));
#9889=DIRECTION('',(0.,0.,1.));
#9890=DIRECTION('',(1.,0.,0.));
#9891=DIRECTION('center_axis',(0.,0.,-1.));
#9892=DIRECTION('ref_axis',(0.,1.,0.));
#9893=DIRECTION('',(0.,1.,0.));
#9894=DIRECTION('',(0.,1.,0.));
#9895=DIRECTION('',(1.,0.,0.));
#9896=DIRECTION('center_axis',(0.,-1.,0.));
#9897=DIRECTION('ref_axis',(0.,0.,-1.));
#9898=DIRECTION('',(0.,0.,-1.));
#9899=DIRECTION('',(0.,0.,-1.));
#9900=DIRECTION('center_axis',(1.,0.,0.));
#9901=DIRECTION('ref_axis',(0.,0.,-1.));
#9902=DIRECTION('center_axis',(1.,0.,0.));
#9903=DIRECTION('ref_axis',(0.,0.,-1.));
#9904=DIRECTION('center_axis',(0.,-0.337864753606767,0.941194670761707));
#9905=DIRECTION('ref_axis',(0.,-0.941194670761707,-0.337864753606767));
#9906=DIRECTION('',(0.,-0.941194670761707,-0.337864753606767));
#9907=DIRECTION('',(1.,0.,0.));
#9908=DIRECTION('',(0.,-0.941194670761707,-0.337864753606767));
#9909=DIRECTION('',(1.,0.,0.));
#9910=DIRECTION('center_axis',(0.,1.,0.));
#9911=DIRECTION('ref_axis',(0.,0.,1.));
#9912=DIRECTION('',(0.,0.,1.));
#9913=DIRECTION('',(0.,0.,1.));
#9914=DIRECTION('',(1.,0.,0.));
#9915=DIRECTION('center_axis',(0.,0.208958240274382,-0.977924564484109));
#9916=DIRECTION('ref_axis',(0.,0.977924564484109,0.208958240274382));
#9917=DIRECTION('',(0.,0.977924564484109,0.208958240274382));
#9918=DIRECTION('',(0.,0.977924564484109,0.208958240274382));
#9919=DIRECTION('',(1.,0.,0.));
#9920=DIRECTION('center_axis',(0.,-1.,0.));
#9921=DIRECTION('ref_axis',(0.,0.,-1.));
#9922=DIRECTION('',(0.,0.,-1.));
#9923=DIRECTION('',(0.,0.,-1.));
#9924=DIRECTION('center_axis',(1.,0.,0.));
#9925=DIRECTION('ref_axis',(0.,0.,-1.));
#9926=DIRECTION('center_axis',(1.,0.,0.));
#9927=DIRECTION('ref_axis',(0.,0.,-1.));
#9928=DIRECTION('center_axis',(0.,-0.337864753606767,0.941194670761707));
#9929=DIRECTION('ref_axis',(0.,-0.941194670761707,-0.337864753606767));
#9930=DIRECTION('',(0.,-0.941194670761707,-0.337864753606767));
#9931=DIRECTION('',(1.,0.,0.));
#9932=DIRECTION('',(0.,-0.941194670761707,-0.337864753606767));
#9933=DIRECTION('',(1.,0.,0.));
#9934=DIRECTION('center_axis',(0.,1.,0.));
#9935=DIRECTION('ref_axis',(0.,0.,1.));
#9936=DIRECTION('',(0.,0.,1.));
#9937=DIRECTION('',(0.,0.,1.));
#9938=DIRECTION('',(1.,0.,0.));
#9939=DIRECTION('center_axis',(0.,0.208958240274382,-0.977924564484109));
#9940=DIRECTION('ref_axis',(0.,0.977924564484109,0.208958240274382));
#9941=DIRECTION('',(0.,0.977924564484109,0.208958240274382));
#9942=DIRECTION('',(0.,0.977924564484109,0.208958240274382));
#9943=DIRECTION('',(1.,0.,0.));
#9944=DIRECTION('center_axis',(0.,-1.,0.));
#9945=DIRECTION('ref_axis',(0.,0.,-1.));
#9946=DIRECTION('',(0.,0.,-1.));
#9947=DIRECTION('',(0.,0.,-1.));
#9948=DIRECTION('center_axis',(1.,0.,0.));
#9949=DIRECTION('ref_axis',(0.,0.,-1.));
#9950=DIRECTION('center_axis',(1.,0.,0.));
#9951=DIRECTION('ref_axis',(0.,0.,-1.));
#9952=DIRECTION('center_axis',(0.,-0.348186529603627,0.937425272009765));
#9953=DIRECTION('ref_axis',(0.,-0.937425272009765,-0.348186529603627));
#9954=DIRECTION('',(0.,-0.937425272009765,-0.348186529603627));
#9955=DIRECTION('',(1.,0.,0.));
#9956=DIRECTION('',(0.,-0.937425272009765,-0.348186529603627));
#9957=DIRECTION('',(1.,0.,0.));
#9958=DIRECTION('center_axis',(0.,1.,0.));
#9959=DIRECTION('ref_axis',(0.,0.,1.));
#9960=DIRECTION('',(0.,0.,1.));
#9961=DIRECTION('',(0.,0.,1.));
#9962=DIRECTION('',(1.,0.,0.));
#9963=DIRECTION('center_axis',(0.,0.23162052730604,-0.972806214685367));
#9964=DIRECTION('ref_axis',(0.,0.972806214685367,0.23162052730604));
#9965=DIRECTION('',(0.,0.972806214685367,0.23162052730604));
#9966=DIRECTION('',(0.,0.972806214685367,0.23162052730604));
#9967=DIRECTION('',(1.,0.,0.));
#9968=DIRECTION('center_axis',(0.,-1.,0.));
#9969=DIRECTION('ref_axis',(0.,0.,-1.));
#9970=DIRECTION('',(0.,0.,-1.));
#9971=DIRECTION('',(0.,0.,-1.));
#9972=DIRECTION('center_axis',(1.,0.,0.));
#9973=DIRECTION('ref_axis',(0.,0.,-1.));
#9974=DIRECTION('center_axis',(1.,0.,0.));
#9975=DIRECTION('ref_axis',(0.,0.,-1.));
#9976=DIRECTION('center_axis',(0.,-0.348186529603627,0.937425272009765));
#9977=DIRECTION('ref_axis',(0.,-0.937425272009765,-0.348186529603627));
#9978=DIRECTION('',(0.,-0.937425272009765,-0.348186529603627));
#9979=DIRECTION('',(1.,0.,0.));
#9980=DIRECTION('',(0.,-0.937425272009765,-0.348186529603627));
#9981=DIRECTION('',(1.,0.,0.));
#9982=DIRECTION('center_axis',(0.,1.,0.));
#9983=DIRECTION('ref_axis',(0.,0.,1.));
#9984=DIRECTION('',(0.,0.,1.));
#9985=DIRECTION('',(0.,0.,1.));
#9986=DIRECTION('',(1.,0.,0.));
#9987=DIRECTION('center_axis',(0.,0.23162052730604,-0.972806214685367));
#9988=DIRECTION('ref_axis',(0.,0.972806214685367,0.23162052730604));
#9989=DIRECTION('',(0.,0.972806214685367,0.23162052730604));
#9990=DIRECTION('',(0.,0.972806214685367,0.23162052730604));
#9991=DIRECTION('',(1.,0.,0.));
#9992=DIRECTION('center_axis',(0.,-1.,0.));
#9993=DIRECTION('ref_axis',(0.,0.,-1.));
#9994=DIRECTION('',(0.,0.,-1.));
#9995=DIRECTION('',(0.,0.,-1.));
#9996=DIRECTION('center_axis',(1.,0.,0.));
#9997=DIRECTION('ref_axis',(0.,0.,-1.));
#9998=DIRECTION('center_axis',(1.,0.,0.));
#9999=DIRECTION('ref_axis',(0.,0.,-1.));
#10000=DIRECTION('center_axis',(0.,1.,0.));
#10001=DIRECTION('ref_axis',(0.,0.,1.));
#10002=DIRECTION('',(0.,0.,1.));
#10003=DIRECTION('',(1.,0.,0.));
#10004=DIRECTION('',(0.,0.,-1.));
#10005=DIRECTION('',(-1.,0.,0.));
#10006=DIRECTION('',(0.,0.,-1.));
#10007=DIRECTION('',(1.,0.,0.));
#10008=DIRECTION('',(0.,0.,-1.));
#10009=DIRECTION('',(-1.,0.,0.));
#10010=DIRECTION('',(0.,0.,-1.));
#10011=DIRECTION('',(1.,0.,0.));
#10012=DIRECTION('',(0.,0.,-1.));
#10013=DIRECTION('',(-1.,0.,0.));
#10014=DIRECTION('center_axis',(0.,0.,1.));
#10015=DIRECTION('ref_axis',(-1.,0.,0.));
#10016=DIRECTION('',(0.,1.,0.));
#10017=DIRECTION('',(-1.,0.,0.));
#10018=DIRECTION('',(0.,-1.,0.));
#10019=DIRECTION('center_axis',(1.,0.,0.));
#10020=DIRECTION('ref_axis',(0.,0.,1.));
#10021=DIRECTION('',(0.,0.,1.));
#10022=DIRECTION('',(0.,-1.,0.));
#10023=DIRECTION('center_axis',(0.,0.,-1.));
#10024=DIRECTION('ref_axis',(1.,0.,0.));
#10025=DIRECTION('',(1.,0.,0.));
#10026=DIRECTION('',(0.,-1.,0.));
#10027=DIRECTION('center_axis',(1.,0.,0.));
#10028=DIRECTION('ref_axis',(0.,0.,1.));
#10029=DIRECTION('',(0.,0.,1.));
#10030=DIRECTION('',(0.,-1.,0.));
#10031=DIRECTION('center_axis',(0.,0.,1.));
#10032=DIRECTION('ref_axis',(-1.,0.,0.));
#10033=DIRECTION('',(-1.,0.,0.));
#10034=DIRECTION('',(0.,-1.,0.));
#10035=DIRECTION('center_axis',(1.,0.,0.));
#10036=DIRECTION('ref_axis',(0.,0.,1.));
#10037=DIRECTION('',(0.,0.,1.));
#10038=DIRECTION('',(0.,-1.,0.));
#10039=DIRECTION('center_axis',(0.,0.,-1.));
#10040=DIRECTION('ref_axis',(1.,0.,0.));
#10041=DIRECTION('',(1.,0.,0.));
#10042=DIRECTION('',(0.,-1.,0.));
#10043=DIRECTION('center_axis',(1.,0.,0.));
#10044=DIRECTION('ref_axis',(0.,0.,1.));
#10045=DIRECTION('',(0.,0.,1.));
#10046=DIRECTION('',(0.,-1.,0.));
#10047=DIRECTION('center_axis',(0.,0.,1.));
#10048=DIRECTION('ref_axis',(-1.,0.,0.));
#10049=DIRECTION('',(-1.,0.,0.));
#10050=DIRECTION('',(0.,-1.,0.));
#10051=DIRECTION('center_axis',(1.,0.,0.));
#10052=DIRECTION('ref_axis',(0.,0.,1.));
#10053=DIRECTION('',(0.,0.,1.));
#10054=DIRECTION('',(0.,-1.,0.));
#10055=DIRECTION('center_axis',(0.,0.,-1.));
#10056=DIRECTION('ref_axis',(1.,0.,0.));
#10057=DIRECTION('',(1.,0.,0.));
#10058=DIRECTION('',(0.,-1.,0.));
#10059=DIRECTION('center_axis',(-1.,0.,0.));
#10060=DIRECTION('ref_axis',(0.,0.,-1.));
#10061=DIRECTION('',(0.,0.,-1.));
#10062=DIRECTION('center_axis',(0.,-1.,0.));
#10063=DIRECTION('ref_axis',(0.,0.,-1.));
#10064=DIRECTION('center_axis',(0.,1.,0.));
#10065=DIRECTION('ref_axis',(0.,0.,1.));
#10066=DIRECTION('',(0.,0.,1.));
#10067=DIRECTION('',(1.,0.,0.));
#10068=DIRECTION('',(0.249426502900124,0.,-0.968393731728482));
#10069=DIRECTION('',(0.247755064384623,0.,0.968822702083189));
#10070=DIRECTION('',(1.,0.,0.));
#10071=DIRECTION('',(0.,0.,-1.));
#10072=DIRECTION('',(-1.,0.,0.));
#10073=DIRECTION('',(0.,0.,1.));
#10074=DIRECTION('',(-0.247718883243043,0.,-0.968831953893357));
#10075=DIRECTION('',(-1.,0.,0.));
#10076=DIRECTION('',(-0.247286621804539,0.,0.968942375312639));
#10077=DIRECTION('',(0.,0.,-1.));
#10078=DIRECTION('',(-1.,0.,0.));
#10079=DIRECTION('center_axis',(0.,0.,1.));
#10080=DIRECTION('ref_axis',(-1.,0.,0.));
#10081=DIRECTION('',(0.,1.,0.));
#10082=DIRECTION('',(-1.,0.,0.));
#10083=DIRECTION('',(0.,-1.,0.));
#10084=DIRECTION('center_axis',(0.968393731728482,0.,0.249426502900124));
#10085=DIRECTION('ref_axis',(-0.249426502900124,0.,0.968393731728482));
#10086=DIRECTION('',(-0.249426502900124,0.,0.968393731728482));
#10087=DIRECTION('',(0.,-1.,0.));
#10088=DIRECTION('center_axis',(-0.968822702083189,0.,0.247755064384623));
#10089=DIRECTION('ref_axis',(-0.247755064384623,0.,-0.968822702083189));
#10090=DIRECTION('',(-0.247755064384623,0.,-0.968822702083189));
#10091=DIRECTION('',(0.,-1.,0.));
#10092=DIRECTION('center_axis',(0.,0.,1.));
#10093=DIRECTION('ref_axis',(-1.,0.,0.));
#10094=DIRECTION('',(-1.,0.,0.));
#10095=DIRECTION('',(0.,-1.,0.));
#10096=DIRECTION('center_axis',(1.,0.,0.));
#10097=DIRECTION('ref_axis',(0.,0.,1.));
#10098=DIRECTION('',(0.,0.,1.));
#10099=DIRECTION('',(0.,-1.,0.));
#10100=DIRECTION('center_axis',(0.,0.,-1.));
#10101=DIRECTION('ref_axis',(1.,0.,0.));
#10102=DIRECTION('',(1.,0.,0.));
#10103=DIRECTION('',(0.,-1.,0.));
#10104=DIRECTION('center_axis',(-1.,0.,0.));
#10105=DIRECTION('ref_axis',(0.,0.,-1.));
#10106=DIRECTION('',(0.,0.,-1.));
#10107=DIRECTION('',(0.,-1.,0.));
#10108=DIRECTION('center_axis',(0.968831953893357,0.,-0.247718883243043));
#10109=DIRECTION('ref_axis',(0.247718883243043,0.,0.968831953893357));
#10110=DIRECTION('',(0.247718883243043,0.,0.968831953893357));
#10111=DIRECTION('',(0.,-1.,0.));
#10112=DIRECTION('center_axis',(0.,0.,-1.));
#10113=DIRECTION('ref_axis',(1.,0.,0.));
#10114=DIRECTION('',(1.,0.,0.));
#10115=DIRECTION('',(0.,-1.,0.));
#10116=DIRECTION('center_axis',(-0.968942375312639,0.,-0.247286621804539));
#10117=DIRECTION('ref_axis',(0.247286621804539,0.,-0.968942375312639));
#10118=DIRECTION('',(0.247286621804539,0.,-0.968942375312639));
#10119=DIRECTION('',(0.,-1.,0.));
#10120=DIRECTION('center_axis',(1.,0.,0.));
#10121=DIRECTION('ref_axis',(0.,0.,1.));
#10122=DIRECTION('',(0.,0.,1.));
#10123=DIRECTION('',(0.,-1.,0.));
#10124=DIRECTION('center_axis',(0.,0.,-1.));
#10125=DIRECTION('ref_axis',(1.,0.,0.));
#10126=DIRECTION('',(1.,0.,0.));
#10127=DIRECTION('',(0.,-1.,0.));
#10128=DIRECTION('center_axis',(-1.,0.,0.));
#10129=DIRECTION('ref_axis',(0.,0.,-1.));
#10130=DIRECTION('',(0.,0.,-1.));
#10131=DIRECTION('center_axis',(0.,-1.,0.));
#10132=DIRECTION('ref_axis',(0.,0.,-1.));
#10133=DIRECTION('center_axis',(0.,1.,0.));
#10134=DIRECTION('ref_axis',(0.,0.,1.));
#10135=DIRECTION('',(-0.29004505895485,0.,0.957012990390348));
#10136=DIRECTION('',(-1.,0.,0.));
#10137=DIRECTION('',(-0.283175307881437,0.,-0.959068164942541));
#10138=DIRECTION('',(-1.,0.,0.));
#10139=DIRECTION('',(0.351823112607847,0.,0.936066502677521));
#10140=DIRECTION('',(1.,0.,0.));
#10141=DIRECTION('',(0.351753119531305,0.,-0.936092806777189));
#10142=DIRECTION('',(-1.,0.,0.));
#10143=DIRECTION('',(1.,0.,0.));
#10144=DIRECTION('',(-0.293520132396402,0.,0.955952892080985));
#10145=DIRECTION('',(-0.290719145504238,0.,-0.956808433510745));
#10146=DIRECTION('center_axis',(-0.955952892080985,0.,-0.293520132396402));
#10147=DIRECTION('ref_axis',(0.293520132396402,0.,-0.955952892080985));
#10148=DIRECTION('',(0.,1.,0.));
#10149=DIRECTION('',(0.293520132396402,0.,-0.955952892080985));
#10150=DIRECTION('',(0.,-1.,0.));
#10151=DIRECTION('center_axis',(0.956808433510745,0.,-0.290719145504238));
#10152=DIRECTION('ref_axis',(0.290719145504238,0.,0.956808433510745));
#10153=DIRECTION('',(0.290719145504238,0.,0.956808433510745));
#10154=DIRECTION('',(0.,-1.,0.));
#10155=DIRECTION('center_axis',(0.,0.,1.));
#10156=DIRECTION('ref_axis',(-1.,0.,0.));
#10157=DIRECTION('',(-1.,0.,0.));
#10158=DIRECTION('center_axis',(0.,0.,-1.));
#10159=DIRECTION('ref_axis',(1.,0.,0.));
#10160=DIRECTION('',(0.,1.,0.));
#10161=DIRECTION('',(1.,0.,0.));
#10162=DIRECTION('',(0.,-1.,0.));
#10163=DIRECTION('center_axis',(0.959068164942541,0.,-0.283175307881437));
#10164=DIRECTION('ref_axis',(0.283175307881437,0.,0.959068164942541));
#10165=DIRECTION('',(0.283175307881437,0.,0.959068164942541));
#10166=DIRECTION('',(0.,-1.,0.));
#10167=DIRECTION('center_axis',(0.,0.,-1.));
#10168=DIRECTION('ref_axis',(1.,0.,0.));
#10169=DIRECTION('',(1.,0.,0.));
#10170=DIRECTION('',(0.,-1.,0.));
#10171=DIRECTION('center_axis',(-0.936066502677521,0.,0.351823112607847));
#10172=DIRECTION('ref_axis',(-0.351823112607847,0.,-0.936066502677521));
#10173=DIRECTION('',(-0.351823112607847,0.,-0.936066502677521));
#10174=DIRECTION('',(0.,-1.,0.));
#10175=DIRECTION('center_axis',(0.,0.,1.));
#10176=DIRECTION('ref_axis',(-1.,0.,0.));
#10177=DIRECTION('',(-1.,0.,0.));
#10178=DIRECTION('',(0.,-1.,0.));
#10179=DIRECTION('center_axis',(0.936092806777189,0.,0.351753119531305));
#10180=DIRECTION('ref_axis',(-0.351753119531305,0.,0.936092806777189));
#10181=DIRECTION('',(-0.351753119531305,0.,0.936092806777189));
#10182=DIRECTION('',(0.,-1.,0.));
#10183=DIRECTION('center_axis',(0.,0.,-1.));
#10184=DIRECTION('ref_axis',(1.,0.,0.));
#10185=DIRECTION('',(1.,0.,0.));
#10186=DIRECTION('',(0.,-1.,0.));
#10187=DIRECTION('center_axis',(-0.957012990390349,0.,-0.29004505895485));
#10188=DIRECTION('ref_axis',(0.29004505895485,0.,-0.957012990390348));
#10189=DIRECTION('',(0.29004505895485,0.,-0.957012990390348));
#10190=DIRECTION('center_axis',(0.,-1.,0.));
#10191=DIRECTION('ref_axis',(0.,0.,-1.));
#10192=DIRECTION('center_axis',(0.,-1.,0.));
#10193=DIRECTION('ref_axis',(0.,0.,-1.));
#10194=DIRECTION('',(-1.,0.,0.));
#10195=DIRECTION('',(0.,0.,1.));
#10196=DIRECTION('',(1.,0.,0.));
#10197=DIRECTION('',(0.,0.,-1.));
#10198=DIRECTION('',(-0.984441490208711,0.,-0.175712698333537));
#10199=DIRECTION('',(0.,0.,1.));
#10200=DIRECTION('center_axis',(-1.,0.,0.));
#10201=DIRECTION('ref_axis',(0.,0.,-1.));
#10202=DIRECTION('',(0.,1.,0.));
#10203=DIRECTION('',(0.,0.,-1.));
#10204=DIRECTION('',(0.,-1.,0.));
#10205=DIRECTION('center_axis',(0.,0.,1.));
#10206=DIRECTION('ref_axis',(-1.,0.,0.));
#10207=DIRECTION('',(-1.,0.,0.));
#10208=DIRECTION('',(0.,-1.,0.));
#10209=DIRECTION('center_axis',(1.,0.,0.));
#10210=DIRECTION('ref_axis',(0.,0.,1.));
#10211=DIRECTION('',(0.,0.,1.));
#10212=DIRECTION('',(0.,-1.,0.));
#10213=DIRECTION('',(0.,-1.,0.));
#10214=DIRECTION('',(0.,-1.,0.));
#10215=DIRECTION('',(0.,-1.,0.));
#10216=DIRECTION('',(0.,-1.,0.));
#10217=DIRECTION('',(0.,-1.,0.));
#10218=DIRECTION('',(0.,-1.,0.));
#10219=DIRECTION('',(0.,-1.,0.));
#10220=DIRECTION('',(0.,-1.,0.));
#10221=DIRECTION('',(0.,-1.,0.));
#10222=DIRECTION('',(0.,-1.,0.));
#10223=DIRECTION('',(0.,-1.,0.));
#10224=DIRECTION('center_axis',(0.175712698333537,0.,-0.984441490208711));
#10225=DIRECTION('ref_axis',(0.984441490208711,0.,0.175712698333537));
#10226=DIRECTION('',(0.984441490208711,0.,0.175712698333537));
#10227=DIRECTION('',(0.,-1.,0.));
#10228=DIRECTION('',(0.,-1.,0.));
#10229=DIRECTION('',(0.,-1.,0.));
#10230=DIRECTION('',(0.,-1.,0.));
#10231=DIRECTION('',(0.,-1.,0.));
#10232=DIRECTION('',(0.,-1.,0.));
#10233=DIRECTION('',(0.,-1.,0.));
#10234=DIRECTION('',(0.,-1.,0.));
#10235=DIRECTION('',(0.,-1.,0.));
#10236=DIRECTION('center_axis',(-1.,0.,0.));
#10237=DIRECTION('ref_axis',(0.,0.,-1.));
#10238=DIRECTION('',(0.,0.,-1.));
#10239=DIRECTION('',(0.,-1.,0.));
#10240=DIRECTION('center_axis',(0.,0.,-1.));
#10241=DIRECTION('ref_axis',(1.,0.,0.));
#10242=DIRECTION('',(1.,0.,0.));
#10243=DIRECTION('center_axis',(0.,-1.,0.));
#10244=DIRECTION('ref_axis',(0.,0.,-1.));
#10245=DIRECTION('center_axis',(0.,1.,0.));
#10246=DIRECTION('ref_axis',(0.,0.,1.));
#10247=DIRECTION('',(0.,0.,1.));
#10248=DIRECTION('',(1.,0.,0.));
#10249=DIRECTION('',(0.562642719012407,0.,-0.826700169796962));
#10250=DIRECTION('',(0.,0.,1.));
#10251=DIRECTION('',(1.,0.,0.));
#10252=DIRECTION('',(0.,0.,-1.));
#10253=DIRECTION('',(-1.,0.,0.));
#10254=DIRECTION('',(-0.563462187562193,0.,0.826141854155585));
#10255=DIRECTION('',(0.,0.,-1.));
#10256=DIRECTION('',(-1.,0.,0.));
#10257=DIRECTION('center_axis',(0.,0.,1.));
#10258=DIRECTION('ref_axis',(-1.,0.,0.));
#10259=DIRECTION('',(0.,1.,0.));
#10260=DIRECTION('',(-1.,0.,0.));
#10261=DIRECTION('',(0.,-1.,0.));
#10262=DIRECTION('center_axis',(0.826700169796962,0.,0.562642719012407));
#10263=DIRECTION('ref_axis',(-0.562642719012407,0.,0.826700169796962));
#10264=DIRECTION('',(-0.562642719012407,0.,0.826700169796962));
#10265=DIRECTION('',(0.,-1.,0.));
#10266=DIRECTION('center_axis',(-1.,0.,0.));
#10267=DIRECTION('ref_axis',(0.,0.,-1.));
#10268=DIRECTION('',(0.,0.,-1.));
#10269=DIRECTION('',(0.,-1.,0.));
#10270=DIRECTION('center_axis',(0.,0.,1.));
#10271=DIRECTION('ref_axis',(-1.,0.,0.));
#10272=DIRECTION('',(-1.,0.,0.));
#10273=DIRECTION('',(0.,-1.,0.));
#10274=DIRECTION('center_axis',(1.,0.,0.));
#10275=DIRECTION('ref_axis',(0.,0.,1.));
#10276=DIRECTION('',(0.,0.,1.));
#10277=DIRECTION('',(0.,-1.,0.));
#10278=DIRECTION('center_axis',(0.,0.,-1.));
#10279=DIRECTION('ref_axis',(1.,0.,0.));
#10280=DIRECTION('',(1.,0.,0.));
#10281=DIRECTION('',(0.,-1.,0.));
#10282=DIRECTION('center_axis',(-0.826141854155585,0.,-0.563462187562193));
#10283=DIRECTION('ref_axis',(0.563462187562193,0.,-0.826141854155585));
#10284=DIRECTION('',(0.563462187562193,0.,-0.826141854155585));
#10285=DIRECTION('',(0.,-1.,0.));
#10286=DIRECTION('center_axis',(1.,0.,0.));
#10287=DIRECTION('ref_axis',(0.,0.,1.));
#10288=DIRECTION('',(0.,0.,1.));
#10289=DIRECTION('',(0.,-1.,0.));
#10290=DIRECTION('center_axis',(0.,0.,-1.));
#10291=DIRECTION('ref_axis',(1.,0.,0.));
#10292=DIRECTION('',(1.,0.,0.));
#10293=DIRECTION('',(0.,-1.,0.));
#10294=DIRECTION('center_axis',(-1.,0.,0.));
#10295=DIRECTION('ref_axis',(0.,0.,-1.));
#10296=DIRECTION('',(0.,0.,-1.));
#10297=DIRECTION('center_axis',(0.,-1.,0.));
#10298=DIRECTION('ref_axis',(0.,0.,-1.));
#10299=DIRECTION('center_axis',(0.,1.,0.));
#10300=DIRECTION('ref_axis',(0.,0.,1.));
#10301=DIRECTION('',(-0.29004505895485,0.,0.957012990390348));
#10302=DIRECTION('',(-1.,0.,0.));
#10303=DIRECTION('',(-0.283175307881437,0.,-0.959068164942541));
#10304=DIRECTION('',(-1.,0.,0.));
#10305=DIRECTION('',(0.351823112607847,0.,0.936066502677521));
#10306=DIRECTION('',(1.,0.,0.));
#10307=DIRECTION('',(0.351753119531305,0.,-0.936092806777189));
#10308=DIRECTION('',(-1.,0.,0.));
#10309=DIRECTION('',(1.,0.,0.));
#10310=DIRECTION('',(-0.293520132396402,0.,0.955952892080985));
#10311=DIRECTION('',(-0.290719145504238,0.,-0.956808433510745));
#10312=DIRECTION('center_axis',(-0.955952892080985,0.,-0.293520132396402));
#10313=DIRECTION('ref_axis',(0.293520132396402,0.,-0.955952892080985));
#10314=DIRECTION('',(0.,1.,0.));
#10315=DIRECTION('',(0.293520132396402,0.,-0.955952892080985));
#10316=DIRECTION('',(0.,-1.,0.));
#10317=DIRECTION('center_axis',(0.956808433510745,0.,-0.290719145504238));
#10318=DIRECTION('ref_axis',(0.290719145504238,0.,0.956808433510745));
#10319=DIRECTION('',(0.290719145504238,0.,0.956808433510745));
#10320=DIRECTION('',(0.,-1.,0.));
#10321=DIRECTION('center_axis',(0.,0.,1.));
#10322=DIRECTION('ref_axis',(-1.,0.,0.));
#10323=DIRECTION('',(-1.,0.,0.));
#10324=DIRECTION('center_axis',(0.,0.,-1.));
#10325=DIRECTION('ref_axis',(1.,0.,0.));
#10326=DIRECTION('',(0.,1.,0.));
#10327=DIRECTION('',(1.,0.,0.));
#10328=DIRECTION('',(0.,-1.,0.));
#10329=DIRECTION('center_axis',(0.959068164942541,0.,-0.283175307881437));
#10330=DIRECTION('ref_axis',(0.283175307881437,0.,0.959068164942541));
#10331=DIRECTION('',(0.283175307881437,0.,0.959068164942541));
#10332=DIRECTION('',(0.,-1.,0.));
#10333=DIRECTION('center_axis',(0.,0.,-1.));
#10334=DIRECTION('ref_axis',(1.,0.,0.));
#10335=DIRECTION('',(1.,0.,0.));
#10336=DIRECTION('',(0.,-1.,0.));
#10337=DIRECTION('center_axis',(-0.936066502677521,0.,0.351823112607847));
#10338=DIRECTION('ref_axis',(-0.351823112607847,0.,-0.936066502677521));
#10339=DIRECTION('',(-0.351823112607847,0.,-0.936066502677521));
#10340=DIRECTION('',(0.,-1.,0.));
#10341=DIRECTION('center_axis',(0.,0.,1.));
#10342=DIRECTION('ref_axis',(-1.,0.,0.));
#10343=DIRECTION('',(-1.,0.,0.));
#10344=DIRECTION('',(0.,-1.,0.));
#10345=DIRECTION('center_axis',(0.936092806777189,0.,0.351753119531305));
#10346=DIRECTION('ref_axis',(-0.351753119531305,0.,0.936092806777189));
#10347=DIRECTION('',(-0.351753119531305,0.,0.936092806777189));
#10348=DIRECTION('',(0.,-1.,0.));
#10349=DIRECTION('center_axis',(0.,0.,-1.));
#10350=DIRECTION('ref_axis',(1.,0.,0.));
#10351=DIRECTION('',(1.,0.,0.));
#10352=DIRECTION('',(0.,-1.,0.));
#10353=DIRECTION('center_axis',(-0.957012990390349,0.,-0.29004505895485));
#10354=DIRECTION('ref_axis',(0.29004505895485,0.,-0.957012990390348));
#10355=DIRECTION('',(0.29004505895485,0.,-0.957012990390348));
#10356=DIRECTION('center_axis',(0.,-1.,0.));
#10357=DIRECTION('ref_axis',(0.,0.,-1.));
#10358=DIRECTION('center_axis',(0.,-1.,0.));
#10359=DIRECTION('ref_axis',(0.,0.,-1.));
#10360=DIRECTION('',(-1.,0.,0.));
#10361=DIRECTION('',(0.,0.,1.));
#10362=DIRECTION('',(1.,0.,0.));
#10363=DIRECTION('',(0.458849386350742,0.,-0.888514063279557));
#10364=DIRECTION('',(-1.,0.,0.));
#10365=DIRECTION('',(-0.47548437797732,0.,0.879724164894611));
#10366=DIRECTION('',(-1.,0.,0.));
#10367=DIRECTION('',(0.,0.,-1.));
#10368=DIRECTION('',(0.,0.,-1.));
#10369=DIRECTION('',(1.,0.,0.));
#10370=DIRECTION('',(-1.,0.,0.));
#10371=DIRECTION('center_axis',(0.,0.,1.));
#10372=DIRECTION('ref_axis',(-1.,0.,0.));
#10373=DIRECTION('',(0.,1.,0.));
#10374=DIRECTION('',(-1.,0.,0.));
#10375=DIRECTION('',(0.,-1.,0.));
#10376=DIRECTION('',(0.,-1.,0.));
#10377=DIRECTION('',(0.,-1.,0.));
#10378=DIRECTION('',(0.,-1.,0.));
#10379=DIRECTION('',(0.,-1.,0.));
#10380=DIRECTION('',(0.,-1.,0.));
#10381=DIRECTION('center_axis',(0.,0.,-1.));
#10382=DIRECTION('ref_axis',(1.,0.,0.));
#10383=DIRECTION('',(1.,0.,0.));
#10384=DIRECTION('',(0.,-1.,0.));
#10385=DIRECTION('center_axis',(1.,0.,0.));
#10386=DIRECTION('ref_axis',(0.,0.,1.));
#10387=DIRECTION('',(0.,0.,1.));
#10388=DIRECTION('center_axis',(-1.,0.,0.));
#10389=DIRECTION('ref_axis',(0.,0.,-1.));
#10390=DIRECTION('',(0.,1.,0.));
#10391=DIRECTION('',(0.,0.,-1.));
#10392=DIRECTION('',(0.,-1.,0.));
#10393=DIRECTION('center_axis',(0.,0.,1.));
#10394=DIRECTION('ref_axis',(-1.,0.,0.));
#10395=DIRECTION('',(-1.,0.,0.));
#10396=DIRECTION('',(0.,-1.,0.));
#10397=DIRECTION('',(0.,-1.,0.));
#10398=DIRECTION('',(0.,-1.,0.));
#10399=DIRECTION('',(0.,-1.,0.));
#10400=DIRECTION('',(0.,-1.,0.));
#10401=DIRECTION('',(0.,-1.,0.));
#10402=DIRECTION('',(0.,-1.,0.));
#10403=DIRECTION('',(0.,-1.,0.));
#10404=DIRECTION('',(0.,-1.,0.));
#10405=DIRECTION('',(0.,-1.,0.));
#10406=DIRECTION('center_axis',(0.888514063279557,0.,0.458849386350742));
#10407=DIRECTION('ref_axis',(-0.458849386350742,0.,0.888514063279557));
#10408=DIRECTION('',(-0.458849386350742,0.,0.888514063279557));
#10409=DIRECTION('',(0.,-1.,0.));
#10410=DIRECTION('center_axis',(0.,0.,-1.));
#10411=DIRECTION('ref_axis',(1.,0.,0.));
#10412=DIRECTION('',(1.,0.,0.));
#10413=DIRECTION('',(0.,-1.,0.));
#10414=DIRECTION('center_axis',(-0.879724164894611,0.,-0.47548437797732));
#10415=DIRECTION('ref_axis',(0.47548437797732,0.,-0.879724164894611));
#10416=DIRECTION('',(0.47548437797732,0.,-0.879724164894611));
#10417=DIRECTION('',(0.,-1.,0.));
#10418=DIRECTION('',(0.,-1.,0.));
#10419=DIRECTION('',(0.,-1.,0.));
#10420=DIRECTION('center_axis',(0.,0.,-1.));
#10421=DIRECTION('ref_axis',(1.,0.,0.));
#10422=DIRECTION('',(1.,0.,0.));
#10423=DIRECTION('',(0.,-1.,0.));
#10424=DIRECTION('center_axis',(1.,0.,0.));
#10425=DIRECTION('ref_axis',(0.,0.,1.));
#10426=DIRECTION('',(0.,0.,1.));
#10427=DIRECTION('',(0.,-1.,0.));
#10428=DIRECTION('center_axis',(0.,0.,-1.));
#10429=DIRECTION('ref_axis',(1.,0.,0.));
#10430=DIRECTION('',(1.,0.,0.));
#10431=DIRECTION('center_axis',(0.,-1.,0.));
#10432=DIRECTION('ref_axis',(0.,0.,-1.));
#10433=DIRECTION('center_axis',(0.,1.,0.));
#10434=DIRECTION('ref_axis',(0.,0.,1.));
#10435=DIRECTION('',(0.,0.,1.));
#10436=DIRECTION('',(1.,0.,0.));
#10437=DIRECTION('',(0.,0.,-1.));
#10438=DIRECTION('',(-1.,0.,0.));
#10439=DIRECTION('',(0.,0.,-1.));
#10440=DIRECTION('',(-1.,0.,0.));
#10441=DIRECTION('',(0.,0.,1.));
#10442=DIRECTION('',(-1.,0.,0.));
#10443=DIRECTION('center_axis',(0.,0.,1.));
#10444=DIRECTION('ref_axis',(-1.,0.,0.));
#10445=DIRECTION('',(0.,1.,0.));
#10446=DIRECTION('',(-1.,0.,0.));
#10447=DIRECTION('',(0.,-1.,0.));
#10448=DIRECTION('center_axis',(1.,0.,0.));
#10449=DIRECTION('ref_axis',(0.,0.,1.));
#10450=DIRECTION('',(0.,0.,1.));
#10451=DIRECTION('',(0.,-1.,0.));
#10452=DIRECTION('center_axis',(0.,0.,-1.));
#10453=DIRECTION('ref_axis',(1.,0.,0.));
#10454=DIRECTION('',(1.,0.,0.));
#10455=DIRECTION('',(0.,-1.,0.));
#10456=DIRECTION('center_axis',(1.,0.,0.));
#10457=DIRECTION('ref_axis',(0.,0.,1.));
#10458=DIRECTION('',(0.,0.,1.));
#10459=DIRECTION('',(0.,-1.,0.));
#10460=DIRECTION('center_axis',(0.,0.,-1.));
#10461=DIRECTION('ref_axis',(1.,0.,0.));
#10462=DIRECTION('',(1.,0.,0.));
#10463=DIRECTION('',(0.,-1.,0.));
#10464=DIRECTION('center_axis',(-1.,0.,0.));
#10465=DIRECTION('ref_axis',(0.,0.,-1.));
#10466=DIRECTION('',(0.,0.,-1.));
#10467=DIRECTION('',(0.,-1.,0.));
#10468=DIRECTION('center_axis',(0.,0.,-1.));
#10469=DIRECTION('ref_axis',(1.,0.,0.));
#10470=DIRECTION('',(1.,0.,0.));
#10471=DIRECTION('',(0.,-1.,0.));
#10472=DIRECTION('center_axis',(-1.,0.,0.));
#10473=DIRECTION('ref_axis',(0.,0.,-1.));
#10474=DIRECTION('',(0.,0.,-1.));
#10475=DIRECTION('center_axis',(0.,-1.,0.));
#10476=DIRECTION('ref_axis',(0.,0.,-1.));
#10477=DIRECTION('center_axis',(0.,1.,0.));
#10478=DIRECTION('ref_axis',(0.,0.,1.));
#10479=DIRECTION('',(-0.29004505895485,0.,0.957012990390348));
#10480=DIRECTION('',(-1.,0.,0.));
#10481=DIRECTION('',(-0.283175307881437,0.,-0.959068164942541));
#10482=DIRECTION('',(-1.,0.,0.));
#10483=DIRECTION('',(0.351823112607847,0.,0.936066502677521));
#10484=DIRECTION('',(1.,0.,0.));
#10485=DIRECTION('',(0.351753119531305,0.,-0.936092806777189));
#10486=DIRECTION('',(-1.,0.,0.));
#10487=DIRECTION('',(1.,0.,0.));
#10488=DIRECTION('',(-0.293520132396402,0.,0.955952892080985));
#10489=DIRECTION('',(-0.290719145504238,0.,-0.956808433510745));
#10490=DIRECTION('center_axis',(-0.955952892080985,0.,-0.293520132396402));
#10491=DIRECTION('ref_axis',(0.293520132396402,0.,-0.955952892080985));
#10492=DIRECTION('',(0.,1.,0.));
#10493=DIRECTION('',(0.293520132396402,0.,-0.955952892080985));
#10494=DIRECTION('',(0.,-1.,0.));
#10495=DIRECTION('center_axis',(0.956808433510745,0.,-0.290719145504238));
#10496=DIRECTION('ref_axis',(0.290719145504238,0.,0.956808433510745));
#10497=DIRECTION('',(0.290719145504238,0.,0.956808433510745));
#10498=DIRECTION('',(0.,-1.,0.));
#10499=DIRECTION('center_axis',(0.,0.,1.));
#10500=DIRECTION('ref_axis',(-1.,0.,0.));
#10501=DIRECTION('',(-1.,0.,0.));
#10502=DIRECTION('center_axis',(0.,0.,-1.));
#10503=DIRECTION('ref_axis',(1.,0.,0.));
#10504=DIRECTION('',(0.,1.,0.));
#10505=DIRECTION('',(1.,0.,0.));
#10506=DIRECTION('',(0.,-1.,0.));
#10507=DIRECTION('center_axis',(0.959068164942541,0.,-0.283175307881437));
#10508=DIRECTION('ref_axis',(0.283175307881437,0.,0.959068164942541));
#10509=DIRECTION('',(0.283175307881437,0.,0.959068164942541));
#10510=DIRECTION('',(0.,-1.,0.));
#10511=DIRECTION('center_axis',(0.,0.,-1.));
#10512=DIRECTION('ref_axis',(1.,0.,0.));
#10513=DIRECTION('',(1.,0.,0.));
#10514=DIRECTION('',(0.,-1.,0.));
#10515=DIRECTION('center_axis',(-0.936066502677521,0.,0.351823112607847));
#10516=DIRECTION('ref_axis',(-0.351823112607847,0.,-0.936066502677521));
#10517=DIRECTION('',(-0.351823112607847,0.,-0.936066502677521));
#10518=DIRECTION('',(0.,-1.,0.));
#10519=DIRECTION('center_axis',(0.,0.,1.));
#10520=DIRECTION('ref_axis',(-1.,0.,0.));
#10521=DIRECTION('',(-1.,0.,0.));
#10522=DIRECTION('',(0.,-1.,0.));
#10523=DIRECTION('center_axis',(0.936092806777189,0.,0.351753119531305));
#10524=DIRECTION('ref_axis',(-0.351753119531305,0.,0.936092806777189));
#10525=DIRECTION('',(-0.351753119531305,0.,0.936092806777189));
#10526=DIRECTION('',(0.,-1.,0.));
#10527=DIRECTION('center_axis',(0.,0.,-1.));
#10528=DIRECTION('ref_axis',(1.,0.,0.));
#10529=DIRECTION('',(1.,0.,0.));
#10530=DIRECTION('',(0.,-1.,0.));
#10531=DIRECTION('center_axis',(-0.957012990390349,0.,-0.29004505895485));
#10532=DIRECTION('ref_axis',(0.29004505895485,0.,-0.957012990390348));
#10533=DIRECTION('',(0.29004505895485,0.,-0.957012990390348));
#10534=DIRECTION('center_axis',(0.,-1.,0.));
#10535=DIRECTION('ref_axis',(0.,0.,-1.));
#10536=DIRECTION('center_axis',(0.,1.,0.));
#10537=DIRECTION('ref_axis',(0.,0.,1.));
#10538=DIRECTION('',(-0.353307875877,0.,0.935507105715014));
#10539=DIRECTION('',(1.,0.,0.));
#10540=DIRECTION('',(0.298493869910953,0.,-0.954411551494209));
#10541=DIRECTION('',(0.295011571221755,0.,0.955493680170241));
#10542=DIRECTION('',(1.,0.,0.));
#10543=DIRECTION('',(-0.348090701095879,0.,-0.937460859881936));
#10544=DIRECTION('',(-1.,0.,0.));
#10545=DIRECTION('center_axis',(0.,0.,1.));
#10546=DIRECTION('ref_axis',(-1.,0.,0.));
#10547=DIRECTION('',(0.,1.,0.));
#10548=DIRECTION('',(-1.,0.,0.));
#10549=DIRECTION('',(0.,-1.,0.));
#10550=DIRECTION('center_axis',(0.954411551494209,0.,0.298493869910953));
#10551=DIRECTION('ref_axis',(-0.298493869910953,0.,0.954411551494209));
#10552=DIRECTION('',(-0.298493869910953,0.,0.954411551494209));
#10553=DIRECTION('',(0.,-1.,0.));
#10554=DIRECTION('center_axis',(-0.955493680170241,0.,0.295011571221755));
#10555=DIRECTION('ref_axis',(-0.295011571221755,0.,-0.955493680170241));
#10556=DIRECTION('',(-0.295011571221755,0.,-0.955493680170241));
#10557=DIRECTION('',(0.,-1.,0.));
#10558=DIRECTION('center_axis',(0.,0.,1.));
#10559=DIRECTION('ref_axis',(-1.,0.,0.));
#10560=DIRECTION('',(-1.,0.,0.));
#10561=DIRECTION('',(0.,-1.,0.));
#10562=DIRECTION('center_axis',(0.937460859881936,0.,-0.348090701095879));
#10563=DIRECTION('ref_axis',(0.348090701095879,0.,0.937460859881936));
#10564=DIRECTION('',(0.348090701095879,0.,0.937460859881936));
#10565=DIRECTION('',(0.,-1.,0.));
#10566=DIRECTION('center_axis',(0.,0.,-1.));
#10567=DIRECTION('ref_axis',(1.,0.,0.));
#10568=DIRECTION('',(1.,0.,0.));
#10569=DIRECTION('',(0.,-1.,0.));
#10570=DIRECTION('center_axis',(-0.935507105715014,0.,-0.353307875877));
#10571=DIRECTION('ref_axis',(0.353307875877,0.,-0.935507105715014));
#10572=DIRECTION('',(0.353307875877,0.,-0.935507105715014));
#10573=DIRECTION('center_axis',(0.,-1.,0.));
#10574=DIRECTION('ref_axis',(0.,0.,-1.));
#10575=DIRECTION('center_axis',(0.,1.,0.));
#10576=DIRECTION('ref_axis',(0.,0.,1.));
#10577=DIRECTION('',(0.,0.,1.));
#10578=DIRECTION('',(1.,0.,0.));
#10579=DIRECTION('',(0.,0.,-1.));
#10580=DIRECTION('',(-1.,0.,0.));
#10581=DIRECTION('center_axis',(0.,0.,1.));
#10582=DIRECTION('ref_axis',(-1.,0.,0.));
#10583=DIRECTION('',(0.,1.,0.));
#10584=DIRECTION('',(-1.,0.,0.));
#10585=DIRECTION('',(0.,-1.,0.));
#10586=DIRECTION('center_axis',(1.,0.,0.));
#10587=DIRECTION('ref_axis',(0.,0.,1.));
#10588=DIRECTION('',(0.,0.,1.));
#10589=DIRECTION('',(0.,-1.,0.));
#10590=DIRECTION('center_axis',(0.,0.,-1.));
#10591=DIRECTION('ref_axis',(1.,0.,0.));
#10592=DIRECTION('',(1.,0.,0.));
#10593=DIRECTION('',(0.,-1.,0.));
#10594=DIRECTION('center_axis',(-1.,0.,0.));
#10595=DIRECTION('ref_axis',(0.,0.,-1.));
#10596=DIRECTION('',(0.,0.,-1.));
#10597=DIRECTION('center_axis',(0.,-1.,0.));
#10598=DIRECTION('ref_axis',(0.,0.,-1.));
#10599=DIRECTION('center_axis',(0.,1.,0.));
#10600=DIRECTION('ref_axis',(0.,0.,1.));
#10601=DIRECTION('',(0.,0.,1.));
#10602=DIRECTION('',(1.,0.,0.));
#10603=DIRECTION('',(0.,0.,-1.));
#10604=DIRECTION('',(-1.,0.,0.));
#10605=DIRECTION('',(0.,0.,-1.));
#10606=DIRECTION('',(-1.,0.,0.));
#10607=DIRECTION('',(0.,0.,1.));
#10608=DIRECTION('',(-1.,0.,0.));
#10609=DIRECTION('center_axis',(0.,0.,1.));
#10610=DIRECTION('ref_axis',(-1.,0.,0.));
#10611=DIRECTION('',(0.,1.,0.));
#10612=DIRECTION('',(-1.,0.,0.));
#10613=DIRECTION('',(0.,-1.,0.));
#10614=DIRECTION('center_axis',(1.,0.,0.));
#10615=DIRECTION('ref_axis',(0.,0.,1.));
#10616=DIRECTION('',(0.,0.,1.));
#10617=DIRECTION('',(0.,-1.,0.));
#10618=DIRECTION('center_axis',(0.,0.,-1.));
#10619=DIRECTION('ref_axis',(1.,0.,0.));
#10620=DIRECTION('',(1.,0.,0.));
#10621=DIRECTION('',(0.,-1.,0.));
#10622=DIRECTION('center_axis',(1.,0.,0.));
#10623=DIRECTION('ref_axis',(0.,0.,1.));
#10624=DIRECTION('',(0.,0.,1.));
#10625=DIRECTION('',(0.,-1.,0.));
#10626=DIRECTION('center_axis',(0.,0.,-1.));
#10627=DIRECTION('ref_axis',(1.,0.,0.));
#10628=DIRECTION('',(1.,0.,0.));
#10629=DIRECTION('',(0.,-1.,0.));
#10630=DIRECTION('center_axis',(-1.,0.,0.));
#10631=DIRECTION('ref_axis',(0.,0.,-1.));
#10632=DIRECTION('',(0.,0.,-1.));
#10633=DIRECTION('',(0.,-1.,0.));
#10634=DIRECTION('center_axis',(0.,0.,-1.));
#10635=DIRECTION('ref_axis',(1.,0.,0.));
#10636=DIRECTION('',(1.,0.,0.));
#10637=DIRECTION('',(0.,-1.,0.));
#10638=DIRECTION('center_axis',(-1.,0.,0.));
#10639=DIRECTION('ref_axis',(0.,0.,-1.));
#10640=DIRECTION('',(0.,0.,-1.));
#10641=DIRECTION('center_axis',(0.,-1.,0.));
#10642=DIRECTION('ref_axis',(0.,0.,-1.));
#10643=DIRECTION('center_axis',(0.,-1.,0.));
#10644=DIRECTION('ref_axis',(0.,0.,-1.));
#10645=DIRECTION('',(0.998043551093638,0.,0.0625225568927068));
#10646=DIRECTION('',(-0.998290453704801,0.,-0.0584480114448993));
#10647=DIRECTION('center_axis',(-0.0625225568927068,0.,0.998043551093638));
#10648=DIRECTION('ref_axis',(-0.998043551093638,0.,-0.0625225568927068));
#10649=DIRECTION('',(0.,1.,0.));
#10650=DIRECTION('',(-0.998043551093638,0.,-0.0625225568927068));
#10651=DIRECTION('',(0.,-1.,0.));
#10652=DIRECTION('',(0.,-1.,0.));
#10653=DIRECTION('',(0.,-1.,0.));
#10654=DIRECTION('',(0.,-1.,0.));
#10655=DIRECTION('',(0.,-1.,0.));
#10656=DIRECTION('',(0.,-1.,0.));
#10657=DIRECTION('',(0.,-1.,0.));
#10658=DIRECTION('',(0.,-1.,0.));
#10659=DIRECTION('',(0.,-1.,0.));
#10660=DIRECTION('',(0.,-1.,0.));
#10661=DIRECTION('',(0.,-1.,0.));
#10662=DIRECTION('',(0.,-1.,0.));
#10663=DIRECTION('',(0.,-1.,0.));
#10664=DIRECTION('',(0.,-1.,0.));
#10665=DIRECTION('center_axis',(0.0584480114448993,0.,-0.998290453704801));
#10666=DIRECTION('ref_axis',(0.998290453704801,0.,0.0584480114448993));
#10667=DIRECTION('',(0.998290453704801,0.,0.0584480114448993));
#10668=DIRECTION('',(0.,-1.,0.));
#10669=DIRECTION('',(0.,-1.,0.));
#10670=DIRECTION('',(0.,-1.,0.));
#10671=DIRECTION('',(0.,-1.,0.));
#10672=DIRECTION('',(0.,-1.,0.));
#10673=DIRECTION('',(0.,-1.,0.));
#10674=DIRECTION('',(0.,-1.,0.));
#10675=DIRECTION('',(0.,-1.,0.));
#10676=DIRECTION('',(0.,-1.,0.));
#10677=DIRECTION('',(0.,-1.,0.));
#10678=DIRECTION('',(0.,-1.,0.));
#10679=DIRECTION('',(0.,-1.,0.));
#10680=DIRECTION('',(0.,-1.,0.));
#10681=DIRECTION('',(0.,-1.,0.));
#10682=DIRECTION('center_axis',(0.,-1.,0.));
#10683=DIRECTION('ref_axis',(0.,0.,-1.));
#10684=DIRECTION('center_axis',(0.,-1.,0.));
#10685=DIRECTION('ref_axis',(0.,0.,-1.));
#10686=DIRECTION('',(0.998043551093638,0.,0.0625225568927068));
#10687=DIRECTION('',(-0.998290453704801,0.,-0.0584480114448993));
#10688=DIRECTION('center_axis',(-0.0625225568927068,0.,0.998043551093638));
#10689=DIRECTION('ref_axis',(-0.998043551093638,0.,-0.0625225568927068));
#10690=DIRECTION('',(0.,1.,0.));
#10691=DIRECTION('',(-0.998043551093638,0.,-0.0625225568927068));
#10692=DIRECTION('',(0.,-1.,0.));
#10693=DIRECTION('',(0.,-1.,0.));
#10694=DIRECTION('',(0.,-1.,0.));
#10695=DIRECTION('',(0.,-1.,0.));
#10696=DIRECTION('',(0.,-1.,0.));
#10697=DIRECTION('',(0.,-1.,0.));
#10698=DIRECTION('',(0.,-1.,0.));
#10699=DIRECTION('',(0.,-1.,0.));
#10700=DIRECTION('',(0.,-1.,0.));
#10701=DIRECTION('',(0.,-1.,0.));
#10702=DIRECTION('',(0.,-1.,0.));
#10703=DIRECTION('',(0.,-1.,0.));
#10704=DIRECTION('',(0.,-1.,0.));
#10705=DIRECTION('',(0.,-1.,0.));
#10706=DIRECTION('center_axis',(0.0584480114448993,0.,-0.998290453704801));
#10707=DIRECTION('ref_axis',(0.998290453704801,0.,0.0584480114448993));
#10708=DIRECTION('',(0.998290453704801,0.,0.0584480114448993));
#10709=DIRECTION('',(0.,-1.,0.));
#10710=DIRECTION('',(0.,-1.,0.));
#10711=DIRECTION('',(0.,-1.,0.));
#10712=DIRECTION('',(0.,-1.,0.));
#10713=DIRECTION('',(0.,-1.,0.));
#10714=DIRECTION('',(0.,-1.,0.));
#10715=DIRECTION('',(0.,-1.,0.));
#10716=DIRECTION('',(0.,-1.,0.));
#10717=DIRECTION('',(0.,-1.,0.));
#10718=DIRECTION('',(0.,-1.,0.));
#10719=DIRECTION('',(0.,-1.,0.));
#10720=DIRECTION('',(0.,-1.,0.));
#10721=DIRECTION('',(0.,-1.,0.));
#10722=DIRECTION('',(0.,-1.,0.));
#10723=DIRECTION('center_axis',(0.,-1.,0.));
#10724=DIRECTION('ref_axis',(0.,0.,-1.));
#10725=DIRECTION('center_axis',(1.,0.,0.));
#10726=DIRECTION('ref_axis',(0.,0.,-1.));
#10727=DIRECTION('',(0.,0.,1.));
#10728=DIRECTION('',(0.,1.,0.));
#10729=DIRECTION('',(0.,0.,-1.));
#10730=DIRECTION('',(0.,1.,0.));
#10731=DIRECTION('',(0.,-0.989608333143059,-0.143789244986598));
#10732=DIRECTION('center_axis',(0.,-0.143789244986598,0.989608333143059));
#10733=DIRECTION('ref_axis',(0.,-0.989608333143059,-0.143789244986598));
#10734=DIRECTION('',(1.,0.,0.));
#10735=DIRECTION('',(1.,0.,0.));
#10736=DIRECTION('',(0.,-0.989608333143059,-0.143789244986598));
#10737=DIRECTION('center_axis',(0.,-1.,0.));
#10738=DIRECTION('ref_axis',(0.,0.,-1.));
#10739=DIRECTION('',(0.,0.,-1.));
#10740=DIRECTION('',(1.,0.,0.));
#10741=DIRECTION('',(0.,0.,-1.));
#10742=DIRECTION('',(1.,0.,0.));
#10743=DIRECTION('',(0.,0.,-1.));
#10744=DIRECTION('',(-1.,0.,0.));
#10745=DIRECTION('center_axis',(1.,0.,0.));
#10746=DIRECTION('ref_axis',(0.,0.,-1.));
#10747=DIRECTION('',(0.,-1.,0.));
#10748=DIRECTION('',(0.,0.,-1.));
#10749=DIRECTION('',(0.,1.,0.));
#10750=DIRECTION('',(0.,0.,1.));
#10751=DIRECTION('center_axis',(0.,1.,0.));
#10752=DIRECTION('ref_axis',(0.,0.,1.));
#10753=DIRECTION('',(1.,0.,0.));
#10754=DIRECTION('',(0.,0.,1.));
#10755=DIRECTION('',(1.,0.,0.));
#10756=DIRECTION('center_axis',(0.,0.,-1.));
#10757=DIRECTION('ref_axis',(0.,1.,0.));
#10758=DIRECTION('',(1.,0.,0.));
#10759=DIRECTION('',(0.,1.,0.));
#10760=DIRECTION('center_axis',(0.,-0.143789244986598,0.989608333143059));
#10761=DIRECTION('ref_axis',(0.,-0.989608333143059,-0.143789244986598));
#10762=DIRECTION('',(0.,-0.989608333143059,-0.143789244986598));
#10763=DIRECTION('',(1.,0.,0.));
#10764=DIRECTION('',(0.,-0.989608333143059,-0.143789244986598));
#10765=DIRECTION('center_axis',(1.,0.,0.));
#10766=DIRECTION('ref_axis',(0.,0.,-1.));
#10767=DIRECTION('',(0.,-1.,0.));
#10768=DIRECTION('',(0.,0.,1.));
#10769=DIRECTION('',(0.,-1.,0.));
#10770=DIRECTION('center_axis',(0.,0.,1.));
#10771=DIRECTION('ref_axis',(0.,-1.,0.));
#10772=DIRECTION('',(1.,0.,0.));
#10773=DIRECTION('center_axis',(0.,1.,0.));
#10774=DIRECTION('ref_axis',(0.,0.,1.));
#10775=DIRECTION('',(1.,0.,0.));
#10776=DIRECTION('center_axis',(0.,0.,1.));
#10777=DIRECTION('ref_axis',(0.,-1.,0.));
#10778=DIRECTION('',(1.,0.,0.));
#10779=DIRECTION('center_axis',(0.,0.,1.));
#10780=DIRECTION('ref_axis',(0.,-1.,0.));
#10781=DIRECTION('',(0.,-1.,0.));
#10782=DIRECTION('center_axis',(1.,0.,0.));
#10783=DIRECTION('ref_axis',(0.,0.,-1.));
#10784=DIRECTION('',(0.,0.,-1.));
#10785=DIRECTION('center_axis',(0.,-1.,0.));
#10786=DIRECTION('ref_axis',(0.,0.,-1.));
#10787=DIRECTION('center_axis',(0.,0.,1.));
#10788=DIRECTION('ref_axis',(0.,-1.,0.));
#10789=DIRECTION('',(0.,-1.,0.));
#10790=DIRECTION('',(-1.,0.,0.));
#10791=DIRECTION('',(0.,-1.,0.));
#10792=DIRECTION('',(1.,0.,0.));
#10793=DIRECTION('center_axis',(0.,1.,0.));
#10794=DIRECTION('ref_axis',(0.,0.,1.));
#10795=DIRECTION('',(0.,0.,1.));
#10796=DIRECTION('',(0.,0.,1.));
#10797=DIRECTION('',(1.,0.,0.));
#10798=DIRECTION('center_axis',(0.,0.,-1.));
#10799=DIRECTION('ref_axis',(0.,1.,0.));
#10800=DIRECTION('',(0.,1.,0.));
#10801=DIRECTION('',(0.,1.,0.));
#10802=DIRECTION('',(1.,0.,0.));
#10803=DIRECTION('center_axis',(1.,0.,0.));
#10804=DIRECTION('ref_axis',(0.,0.,-1.));
#10805=DIRECTION('',(0.,0.,1.));
#10806=DIRECTION('center_axis',(1.,0.,0.));
#10807=DIRECTION('ref_axis',(0.,0.,-1.));
#10808=DIRECTION('',(0.,0.,-1.));
#10809=DIRECTION('center_axis',(0.,0.,1.));
#10810=DIRECTION('ref_axis',(0.,-1.,0.));
#10811=DIRECTION('',(0.,-1.,0.));
#10812=DIRECTION('',(1.,0.,0.));
#10813=DIRECTION('',(0.,-1.,0.));
#10814=DIRECTION('',(1.,0.,0.));
#10815=DIRECTION('center_axis',(0.,0.,-1.));
#10816=DIRECTION('ref_axis',(0.,1.,0.));
#10817=DIRECTION('',(0.,1.,0.));
#10818=DIRECTION('',(-1.,0.,0.));
#10819=DIRECTION('',(0.,1.,0.));
#10820=DIRECTION('',(1.,0.,0.));
#10821=DIRECTION('center_axis',(0.,-1.,0.));
#10822=DIRECTION('ref_axis',(0.,0.,-1.));
#10823=DIRECTION('',(0.,0.,-1.));
#10824=DIRECTION('',(0.,0.,-1.));
#10825=DIRECTION('center_axis',(1.,0.,0.));
#10826=DIRECTION('ref_axis',(0.,0.,-1.));
#10827=DIRECTION('',(0.,0.,-1.));
#10828=DIRECTION('center_axis',(1.,0.,0.));
#10829=DIRECTION('ref_axis',(0.,0.,-1.));
#10830=DIRECTION('',(0.,0.,1.));
#10831=DIRECTION('center_axis',(0.,0.,1.));
#10832=DIRECTION('ref_axis',(0.,-1.,0.));
#10833=DIRECTION('',(0.,-1.,0.));
#10834=DIRECTION('',(1.,0.,0.));
#10835=DIRECTION('',(0.,-1.,0.));
#10836=DIRECTION('',(1.,0.,0.));
#10837=DIRECTION('center_axis',(0.,1.,0.));
#10838=DIRECTION('ref_axis',(0.,0.,1.));
#10839=DIRECTION('',(0.,0.,1.));
#10840=DIRECTION('',(0.,0.,1.));
#10841=DIRECTION('',(1.,0.,0.));
#10842=DIRECTION('center_axis',(0.,0.,-1.));
#10843=DIRECTION('ref_axis',(0.,1.,0.));
#10844=DIRECTION('',(0.,1.,0.));
#10845=DIRECTION('',(0.,1.,0.));
#10846=DIRECTION('',(1.,0.,0.));
#10847=DIRECTION('center_axis',(0.,-1.,0.));
#10848=DIRECTION('ref_axis',(0.,0.,-1.));
#10849=DIRECTION('',(0.,0.,-1.));
#10850=DIRECTION('',(0.,0.,-1.));
#10851=DIRECTION('center_axis',(1.,0.,0.));
#10852=DIRECTION('ref_axis',(0.,0.,-1.));
#10853=DIRECTION('center_axis',(1.,0.,0.));
#10854=DIRECTION('ref_axis',(0.,0.,-1.));
#10855=DIRECTION('center_axis',(0.,0.,1.));
#10856=DIRECTION('ref_axis',(0.,-1.,0.));
#10857=DIRECTION('',(0.,-1.,0.));
#10858=DIRECTION('',(1.,0.,0.));
#10859=DIRECTION('',(0.,-1.,0.));
#10860=DIRECTION('',(1.,0.,0.));
#10861=DIRECTION('center_axis',(0.,1.,0.));
#10862=DIRECTION('ref_axis',(0.,0.,1.));
#10863=DIRECTION('',(0.,0.,1.));
#10864=DIRECTION('',(0.,0.,1.));
#10865=DIRECTION('',(1.,0.,0.));
#10866=DIRECTION('center_axis',(0.,0.,-1.));
#10867=DIRECTION('ref_axis',(0.,1.,0.));
#10868=DIRECTION('',(0.,1.,0.));
#10869=DIRECTION('',(0.,1.,0.));
#10870=DIRECTION('',(1.,0.,0.));
#10871=DIRECTION('center_axis',(0.,-1.,0.));
#10872=DIRECTION('ref_axis',(0.,0.,-1.));
#10873=DIRECTION('',(0.,0.,-1.));
#10874=DIRECTION('',(0.,0.,-1.));
#10875=DIRECTION('center_axis',(1.,0.,0.));
#10876=DIRECTION('ref_axis',(0.,0.,-1.));
#10877=DIRECTION('center_axis',(1.,0.,0.));
#10878=DIRECTION('ref_axis',(0.,0.,-1.));
#10879=DIRECTION('center_axis',(0.,0.,1.));
#10880=DIRECTION('ref_axis',(0.,-1.,0.));
#10881=DIRECTION('',(0.,-1.,0.));
#10882=DIRECTION('',(-1.,0.,0.));
#10883=DIRECTION('',(0.,-1.,0.));
#10884=DIRECTION('',(1.,0.,0.));
#10885=DIRECTION('center_axis',(0.,1.,0.));
#10886=DIRECTION('ref_axis',(0.,0.,1.));
#10887=DIRECTION('',(0.,0.,1.));
#10888=DIRECTION('',(0.,0.,1.));
#10889=DIRECTION('',(1.,0.,0.));
#10890=DIRECTION('center_axis',(0.,0.,-1.));
#10891=DIRECTION('ref_axis',(0.,1.,0.));
#10892=DIRECTION('',(0.,1.,0.));
#10893=DIRECTION('',(0.,1.,0.));
#10894=DIRECTION('',(1.,0.,0.));
#10895=DIRECTION('center_axis',(1.,0.,0.));
#10896=DIRECTION('ref_axis',(0.,0.,-1.));
#10897=DIRECTION('',(0.,0.,1.));
#10898=DIRECTION('center_axis',(1.,0.,0.));
#10899=DIRECTION('ref_axis',(0.,0.,-1.));
#10900=DIRECTION('',(0.,0.,-1.));
#10901=DIRECTION('center_axis',(0.,0.,1.));
#10902=DIRECTION('ref_axis',(0.,-1.,0.));
#10903=DIRECTION('',(0.,-1.,0.));
#10904=DIRECTION('',(1.,0.,0.));
#10905=DIRECTION('',(0.,-1.,0.));
#10906=DIRECTION('',(1.,0.,0.));
#10907=DIRECTION('center_axis',(0.,0.,-1.));
#10908=DIRECTION('ref_axis',(0.,1.,0.));
#10909=DIRECTION('',(0.,1.,0.));
#10910=DIRECTION('',(-1.,0.,0.));
#10911=DIRECTION('',(0.,1.,0.));
#10912=DIRECTION('',(1.,0.,0.));
#10913=DIRECTION('center_axis',(0.,-1.,0.));
#10914=DIRECTION('ref_axis',(0.,0.,-1.));
#10915=DIRECTION('',(0.,0.,-1.));
#10916=DIRECTION('',(0.,0.,-1.));
#10917=DIRECTION('center_axis',(1.,0.,0.));
#10918=DIRECTION('ref_axis',(0.,0.,-1.));
#10919=DIRECTION('',(0.,0.,-1.));
#10920=DIRECTION('center_axis',(1.,0.,0.));
#10921=DIRECTION('ref_axis',(0.,0.,-1.));
#10922=DIRECTION('',(0.,0.,1.));
#10923=DIRECTION('center_axis',(0.,0.,1.));
#10924=DIRECTION('ref_axis',(0.,-1.,0.));
#10925=DIRECTION('',(0.,-1.,0.));
#10926=DIRECTION('',(1.,0.,0.));
#10927=DIRECTION('',(0.,-1.,0.));
#10928=DIRECTION('',(1.,0.,0.));
#10929=DIRECTION('center_axis',(0.,1.,0.));
#10930=DIRECTION('ref_axis',(0.,0.,1.));
#10931=DIRECTION('',(0.,0.,1.));
#10932=DIRECTION('',(0.,0.,1.));
#10933=DIRECTION('',(1.,0.,0.));
#10934=DIRECTION('center_axis',(0.,0.,-1.));
#10935=DIRECTION('ref_axis',(0.,1.,0.));
#10936=DIRECTION('',(0.,1.,0.));
#10937=DIRECTION('',(0.,1.,0.));
#10938=DIRECTION('',(1.,0.,0.));
#10939=DIRECTION('center_axis',(0.,-1.,0.));
#10940=DIRECTION('ref_axis',(0.,0.,-1.));
#10941=DIRECTION('',(0.,0.,-1.));
#10942=DIRECTION('',(0.,0.,-1.));
#10943=DIRECTION('center_axis',(1.,0.,0.));
#10944=DIRECTION('ref_axis',(0.,0.,-1.));
#10945=DIRECTION('center_axis',(1.,0.,0.));
#10946=DIRECTION('ref_axis',(0.,0.,-1.));
#10947=CARTESIAN_POINT('',(0.,0.,0.));
#10948=CARTESIAN_POINT('Origin',(8.,145.,199.2));
#10949=CARTESIAN_POINT('',(8.,20.,174.2));
#10950=CARTESIAN_POINT('',(8.,145.,199.2));
#10951=CARTESIAN_POINT('',(8.,107.336538461538,191.667307692308));
#10952=CARTESIAN_POINT('',(14.,20.,174.2));
#10953=CARTESIAN_POINT('',(8.,20.,174.2));
#10954=CARTESIAN_POINT('',(14.,145.,199.2));
#10955=CARTESIAN_POINT('',(14.,145.,199.2));
#10956=CARTESIAN_POINT('',(8.,145.,199.2));
#10957=CARTESIAN_POINT('Origin',(8.,145.,193.2));
#10958=CARTESIAN_POINT('',(8.,145.,193.2));
#10959=CARTESIAN_POINT('',(8.,145.,156.6));
#10960=CARTESIAN_POINT('',(14.,145.,193.2));
#10961=CARTESIAN_POINT('',(14.,145.,193.2));
#10962=CARTESIAN_POINT('',(8.,145.,193.2));
#10963=CARTESIAN_POINT('Origin',(8.,20.,168.2));
#10964=CARTESIAN_POINT('',(8.,20.,168.2));
#10965=CARTESIAN_POINT('',(8.,45.4134615384615,173.282692307692));
#10966=CARTESIAN_POINT('',(14.,20.,168.2));
#10967=CARTESIAN_POINT('',(14.,20.,168.2));
#10968=CARTESIAN_POINT('',(8.,20.,168.2));
#10969=CARTESIAN_POINT('Origin',(8.,20.,174.2));
#10970=CARTESIAN_POINT('',(8.,20.,147.1));
#10971=CARTESIAN_POINT('',(14.,20.,174.2));
#10972=CARTESIAN_POINT('Origin',(14.,82.5,183.7));
#10973=CARTESIAN_POINT('Origin',(8.,145.,190.));
#10974=CARTESIAN_POINT('',(8.,20.,165.));
#10975=CARTESIAN_POINT('',(8.,145.,190.));
#10976=CARTESIAN_POINT('',(8.,108.221153846154,182.644230769231));
#10977=CARTESIAN_POINT('',(14.,20.,165.));
#10978=CARTESIAN_POINT('',(8.,20.,165.));
#10979=CARTESIAN_POINT('',(14.,145.,190.));
#10980=CARTESIAN_POINT('',(14.,145.,190.));
#10981=CARTESIAN_POINT('',(8.,145.,190.));
#10982=CARTESIAN_POINT('Origin',(8.,145.,184.));
#10983=CARTESIAN_POINT('',(8.,145.,184.));
#10984=CARTESIAN_POINT('',(8.,145.,152.));
#10985=CARTESIAN_POINT('',(14.,145.,184.));
#10986=CARTESIAN_POINT('',(14.,145.,184.));
#10987=CARTESIAN_POINT('',(8.,145.,184.));
#10988=CARTESIAN_POINT('Origin',(8.,20.,159.));
#10989=CARTESIAN_POINT('',(8.,20.,159.));
#10990=CARTESIAN_POINT('',(8.,46.2980769230769,164.259615384615));
#10991=CARTESIAN_POINT('',(14.,20.,159.));
#10992=CARTESIAN_POINT('',(14.,20.,159.));
#10993=CARTESIAN_POINT('',(8.,20.,159.));
#10994=CARTESIAN_POINT('Origin',(8.,20.,165.));
#10995=CARTESIAN_POINT('',(8.,20.,142.5));
#10996=CARTESIAN_POINT('',(14.,20.,165.));
#10997=CARTESIAN_POINT('Origin',(14.,82.5,174.5));
#10998=CARTESIAN_POINT('Origin',(8.,145.,124.2));
#10999=CARTESIAN_POINT('',(8.,20.,99.2));
#11000=CARTESIAN_POINT('',(8.,145.,124.2));
#11001=CARTESIAN_POINT('',(8.,114.548076923077,118.109615384615));
#11002=CARTESIAN_POINT('',(14.,20.,99.2));
#11003=CARTESIAN_POINT('',(8.,20.,99.2));
#11004=CARTESIAN_POINT('',(14.,145.,124.2));
#11005=CARTESIAN_POINT('',(14.,145.,124.2));
#11006=CARTESIAN_POINT('',(8.,145.,124.2));
#11007=CARTESIAN_POINT('Origin',(8.,145.,118.2));
#11008=CARTESIAN_POINT('',(8.,145.,118.2));
#11009=CARTESIAN_POINT('',(8.,145.,119.1));
#11010=CARTESIAN_POINT('',(14.,145.,118.2));
#11011=CARTESIAN_POINT('',(14.,145.,118.2));
#11012=CARTESIAN_POINT('',(8.,145.,118.2));
#11013=CARTESIAN_POINT('Origin',(8.,20.,93.2));
#11014=CARTESIAN_POINT('',(8.,20.,93.2));
#11015=CARTESIAN_POINT('',(8.,52.625,99.725));
#11016=CARTESIAN_POINT('',(14.,20.,93.2));
#11017=CARTESIAN_POINT('',(14.,20.,93.2));
#11018=CARTESIAN_POINT('',(8.,20.,93.2));
#11019=CARTESIAN_POINT('Origin',(8.,20.,99.2));
#11020=CARTESIAN_POINT('',(8.,20.,109.6));
#11021=CARTESIAN_POINT('',(14.,20.,99.2));
#11022=CARTESIAN_POINT('Origin',(14.,82.5,108.7));
#11023=CARTESIAN_POINT('Origin',(8.,145.,115.));
#11024=CARTESIAN_POINT('',(8.,20.,90.));
#11025=CARTESIAN_POINT('',(8.,145.,115.));
#11026=CARTESIAN_POINT('',(8.,115.432692307692,109.086538461538));
#11027=CARTESIAN_POINT('',(14.,20.,90.));
#11028=CARTESIAN_POINT('',(8.,20.,90.));
#11029=CARTESIAN_POINT('',(14.,145.,115.));
#11030=CARTESIAN_POINT('',(14.,145.,115.));
#11031=CARTESIAN_POINT('',(8.,145.,115.));
#11032=CARTESIAN_POINT('Origin',(8.,145.,109.));
#11033=CARTESIAN_POINT('',(8.,145.,109.));
#11034=CARTESIAN_POINT('',(8.,145.,114.5));
#11035=CARTESIAN_POINT('',(14.,145.,109.));
#11036=CARTESIAN_POINT('',(14.,145.,109.));
#11037=CARTESIAN_POINT('',(8.,145.,109.));
#11038=CARTESIAN_POINT('Origin',(8.,20.,84.));
#11039=CARTESIAN_POINT('',(8.,20.,84.));
#11040=CARTESIAN_POINT('',(8.,53.5096153846154,90.7019230769231));
#11041=CARTESIAN_POINT('',(14.,20.,84.));
#11042=CARTESIAN_POINT('',(14.,20.,84.));
#11043=CARTESIAN_POINT('',(8.,20.,84.));
#11044=CARTESIAN_POINT('Origin',(8.,20.,90.));
#11045=CARTESIAN_POINT('',(8.,20.,105.));
#11046=CARTESIAN_POINT('',(14.,20.,90.));
#11047=CARTESIAN_POINT('Origin',(14.,82.5,99.5));
#11048=CARTESIAN_POINT('Origin',(8.,145.,49.2));
#11049=CARTESIAN_POINT('',(8.,20.,24.2));
#11050=CARTESIAN_POINT('',(8.,145.,49.2));
#11051=CARTESIAN_POINT('',(8.,121.759615384615,44.5519230769231));
#11052=CARTESIAN_POINT('',(14.,20.,24.2));
#11053=CARTESIAN_POINT('',(8.,20.,24.2));
#11054=CARTESIAN_POINT('',(14.,145.,49.2));
#11055=CARTESIAN_POINT('',(14.,145.,49.2));
#11056=CARTESIAN_POINT('',(8.,145.,49.2));
#11057=CARTESIAN_POINT('Origin',(8.,145.,43.2));
#11058=CARTESIAN_POINT('',(8.,145.,43.2));
#11059=CARTESIAN_POINT('',(8.,145.,81.6));
#11060=CARTESIAN_POINT('',(14.,145.,43.2));
#11061=CARTESIAN_POINT('',(14.,145.,43.2));
#11062=CARTESIAN_POINT('',(8.,145.,43.2));
#11063=CARTESIAN_POINT('Origin',(8.,20.,18.2));
#11064=CARTESIAN_POINT('',(8.,20.,18.2));
#11065=CARTESIAN_POINT('',(8.,59.8365384615385,26.1673076923077));
#11066=CARTESIAN_POINT('',(14.,20.,18.2));
#11067=CARTESIAN_POINT('',(14.,20.,18.2));
#11068=CARTESIAN_POINT('',(8.,20.,18.2));
#11069=CARTESIAN_POINT('Origin',(8.,20.,24.2));
#11070=CARTESIAN_POINT('',(8.,20.,72.1));
#11071=CARTESIAN_POINT('',(14.,20.,24.2));
#11072=CARTESIAN_POINT('Origin',(14.,82.5,33.7));
#11073=CARTESIAN_POINT('Origin',(8.,145.,40.));
#11074=CARTESIAN_POINT('',(8.,20.,15.));
#11075=CARTESIAN_POINT('',(8.,145.,40.));
#11076=CARTESIAN_POINT('',(8.,122.644230769231,35.5288461538461));
#11077=CARTESIAN_POINT('',(14.,20.,15.));
#11078=CARTESIAN_POINT('',(8.,20.,15.));
#11079=CARTESIAN_POINT('',(14.,145.,40.));
#11080=CARTESIAN_POINT('',(14.,145.,40.));
#11081=CARTESIAN_POINT('',(8.,145.,40.));
#11082=CARTESIAN_POINT('Origin',(8.,145.,34.));
#11083=CARTESIAN_POINT('',(8.,145.,34.));
#11084=CARTESIAN_POINT('',(8.,145.,77.));
#11085=CARTESIAN_POINT('',(14.,145.,34.));
#11086=CARTESIAN_POINT('',(14.,145.,34.));
#11087=CARTESIAN_POINT('',(8.,145.,34.));
#11088=CARTESIAN_POINT('Origin',(8.,20.,9.));
#11089=CARTESIAN_POINT('',(8.,20.,9.));
#11090=CARTESIAN_POINT('',(8.,60.7211538461539,17.1442307692308));
#11091=CARTESIAN_POINT('',(14.,20.,9.));
#11092=CARTESIAN_POINT('',(14.,20.,9.));
#11093=CARTESIAN_POINT('',(8.,20.,9.));
#11094=CARTESIAN_POINT('Origin',(8.,20.,15.));
#11095=CARTESIAN_POINT('',(8.,20.,67.5));
#11096=CARTESIAN_POINT('',(14.,20.,15.));
#11097=CARTESIAN_POINT('Origin',(14.,82.5,24.5));
#11098=CARTESIAN_POINT('Origin',(0.,70.,240.));
#11099=CARTESIAN_POINT('',(0.,70.,240.));
#11100=CARTESIAN_POINT('',(0.,15.,190.));
#11101=CARTESIAN_POINT('',(0.,70.,240.));
#11102=CARTESIAN_POINT('',(8.,15.,190.));
#11103=CARTESIAN_POINT('',(0.,15.,190.));
#11104=CARTESIAN_POINT('',(8.,70.,240.));
#11105=CARTESIAN_POINT('',(8.,70.,240.));
#11106=CARTESIAN_POINT('',(0.,70.,240.));
#11107=CARTESIAN_POINT('Origin',(0.,150.,240.));
#11108=CARTESIAN_POINT('',(0.,150.,240.));
#11109=CARTESIAN_POINT('',(0.,150.,240.));
#11110=CARTESIAN_POINT('',(8.,150.,240.));
#11111=CARTESIAN_POINT('',(8.,150.,240.));
#11112=CARTESIAN_POINT('',(0.,150.,240.));
#11113=CARTESIAN_POINT('Origin',(0.,150.,0.));
#11114=CARTESIAN_POINT('',(0.,150.,0.));
#11115=CARTESIAN_POINT('',(0.,150.,0.));
#11116=CARTESIAN_POINT('',(8.,150.,0.));
#11117=CARTESIAN_POINT('',(8.,150.,0.));
#11118=CARTESIAN_POINT('',(0.,150.,0.));
#11119=CARTESIAN_POINT('Origin',(0.,15.,0.));
#11120=CARTESIAN_POINT('',(0.,15.,0.));
#11121=CARTESIAN_POINT('',(0.,15.,0.));
#11122=CARTESIAN_POINT('',(8.,15.,0.));
#11123=CARTESIAN_POINT('',(8.,15.,0.));
#11124=CARTESIAN_POINT('',(0.,15.,0.));
#11125=CARTESIAN_POINT('Origin',(0.,15.,190.));
#11126=CARTESIAN_POINT('',(0.,15.,190.));
#11127=CARTESIAN_POINT('',(8.,15.,190.));
#11128=CARTESIAN_POINT('Origin',(8.,82.5,120.));
#11129=CARTESIAN_POINT('Origin',(0.,82.5,120.));
#11130=CARTESIAN_POINT('Origin',(216.,145.,199.2));
#11131=CARTESIAN_POINT('',(216.,145.,199.2));
#11132=CARTESIAN_POINT('',(216.,20.,174.2));
#11133=CARTESIAN_POINT('',(216.,145.,199.2));
#11134=CARTESIAN_POINT('',(222.,20.,174.2));
#11135=CARTESIAN_POINT('',(216.,20.,174.2));
#11136=CARTESIAN_POINT('',(222.,145.,199.2));
#11137=CARTESIAN_POINT('',(222.,107.336538461538,191.667307692308));
#11138=CARTESIAN_POINT('',(216.,145.,199.2));
#11139=CARTESIAN_POINT('Origin',(216.,145.,193.2));
#11140=CARTESIAN_POINT('',(216.,145.,193.2));
#11141=CARTESIAN_POINT('',(216.,145.,193.2));
#11142=CARTESIAN_POINT('',(222.,145.,193.2));
#11143=CARTESIAN_POINT('',(222.,145.,156.6));
#11144=CARTESIAN_POINT('',(216.,145.,193.2));
#11145=CARTESIAN_POINT('Origin',(216.,20.,168.2));
#11146=CARTESIAN_POINT('',(216.,20.,168.2));
#11147=CARTESIAN_POINT('',(216.,20.,168.2));
#11148=CARTESIAN_POINT('',(222.,20.,168.2));
#11149=CARTESIAN_POINT('',(222.,45.4134615384615,173.282692307692));
#11150=CARTESIAN_POINT('',(216.,20.,168.2));
#11151=CARTESIAN_POINT('Origin',(216.,20.,174.2));
#11152=CARTESIAN_POINT('',(216.,20.,174.2));
#11153=CARTESIAN_POINT('',(222.,20.,147.1));
#11154=CARTESIAN_POINT('Origin',(216.,82.5,183.7));
#11155=CARTESIAN_POINT('Origin',(216.,145.,190.));
#11156=CARTESIAN_POINT('',(216.,145.,190.));
#11157=CARTESIAN_POINT('',(216.,20.,165.));
#11158=CARTESIAN_POINT('',(216.,145.,190.));
#11159=CARTESIAN_POINT('',(222.,20.,165.));
#11160=CARTESIAN_POINT('',(216.,20.,165.));
#11161=CARTESIAN_POINT('',(222.,145.,190.));
#11162=CARTESIAN_POINT('',(222.,108.221153846154,182.644230769231));
#11163=CARTESIAN_POINT('',(216.,145.,190.));
#11164=CARTESIAN_POINT('Origin',(216.,145.,184.));
#11165=CARTESIAN_POINT('',(216.,145.,184.));
#11166=CARTESIAN_POINT('',(216.,145.,184.));
#11167=CARTESIAN_POINT('',(222.,145.,184.));
#11168=CARTESIAN_POINT('',(222.,145.,152.));
#11169=CARTESIAN_POINT('',(216.,145.,184.));
#11170=CARTESIAN_POINT('Origin',(216.,20.,159.));
#11171=CARTESIAN_POINT('',(216.,20.,159.));
#11172=CARTESIAN_POINT('',(216.,20.,159.));
#11173=CARTESIAN_POINT('',(222.,20.,159.));
#11174=CARTESIAN_POINT('',(222.,46.2980769230769,164.259615384615));
#11175=CARTESIAN_POINT('',(216.,20.,159.));
#11176=CARTESIAN_POINT('Origin',(216.,20.,165.));
#11177=CARTESIAN_POINT('',(216.,20.,165.));
#11178=CARTESIAN_POINT('',(222.,20.,142.5));
#11179=CARTESIAN_POINT('Origin',(216.,82.5,174.5));
#11180=CARTESIAN_POINT('Origin',(216.,145.,124.2));
#11181=CARTESIAN_POINT('',(216.,145.,124.2));
#11182=CARTESIAN_POINT('',(216.,20.,99.2));
#11183=CARTESIAN_POINT('',(216.,145.,124.2));
#11184=CARTESIAN_POINT('',(222.,20.,99.2));
#11185=CARTESIAN_POINT('',(216.,20.,99.2));
#11186=CARTESIAN_POINT('',(222.,145.,124.2));
#11187=CARTESIAN_POINT('',(222.,114.548076923077,118.109615384615));
#11188=CARTESIAN_POINT('',(216.,145.,124.2));
#11189=CARTESIAN_POINT('Origin',(216.,145.,118.2));
#11190=CARTESIAN_POINT('',(216.,145.,118.2));
#11191=CARTESIAN_POINT('',(216.,145.,118.2));
#11192=CARTESIAN_POINT('',(222.,145.,118.2));
#11193=CARTESIAN_POINT('',(222.,145.,119.1));
#11194=CARTESIAN_POINT('',(216.,145.,118.2));
#11195=CARTESIAN_POINT('Origin',(216.,20.,93.2));
#11196=CARTESIAN_POINT('',(216.,20.,93.2));
#11197=CARTESIAN_POINT('',(216.,20.,93.2));
#11198=CARTESIAN_POINT('',(222.,20.,93.2));
#11199=CARTESIAN_POINT('',(222.,52.625,99.725));
#11200=CARTESIAN_POINT('',(216.,20.,93.2));
#11201=CARTESIAN_POINT('Origin',(216.,20.,99.2));
#11202=CARTESIAN_POINT('',(216.,20.,99.2));
#11203=CARTESIAN_POINT('',(222.,20.,109.6));
#11204=CARTESIAN_POINT('Origin',(216.,82.5,108.7));
#11205=CARTESIAN_POINT('Origin',(216.,145.,115.));
#11206=CARTESIAN_POINT('',(216.,145.,115.));
#11207=CARTESIAN_POINT('',(216.,20.,90.));
#11208=CARTESIAN_POINT('',(216.,145.,115.));
#11209=CARTESIAN_POINT('',(222.,20.,90.));
#11210=CARTESIAN_POINT('',(216.,20.,90.));
#11211=CARTESIAN_POINT('',(222.,145.,115.));
#11212=CARTESIAN_POINT('',(222.,115.432692307692,109.086538461538));
#11213=CARTESIAN_POINT('',(216.,145.,115.));
#11214=CARTESIAN_POINT('Origin',(216.,145.,109.));
#11215=CARTESIAN_POINT('',(216.,145.,109.));
#11216=CARTESIAN_POINT('',(216.,145.,109.));
#11217=CARTESIAN_POINT('',(222.,145.,109.));
#11218=CARTESIAN_POINT('',(222.,145.,114.5));
#11219=CARTESIAN_POINT('',(216.,145.,109.));
#11220=CARTESIAN_POINT('Origin',(216.,20.,84.));
#11221=CARTESIAN_POINT('',(216.,20.,84.));
#11222=CARTESIAN_POINT('',(216.,20.,84.));
#11223=CARTESIAN_POINT('',(222.,20.,84.));
#11224=CARTESIAN_POINT('',(222.,53.5096153846154,90.7019230769231));
#11225=CARTESIAN_POINT('',(216.,20.,84.));
#11226=CARTESIAN_POINT('Origin',(216.,20.,90.));
#11227=CARTESIAN_POINT('',(216.,20.,90.));
#11228=CARTESIAN_POINT('',(222.,20.,105.));
#11229=CARTESIAN_POINT('Origin',(216.,82.5,99.5));
#11230=CARTESIAN_POINT('Origin',(216.,145.,49.2));
#11231=CARTESIAN_POINT('',(216.,145.,49.2));
#11232=CARTESIAN_POINT('',(216.,20.,24.2));
#11233=CARTESIAN_POINT('',(216.,145.,49.2));
#11234=CARTESIAN_POINT('',(222.,20.,24.2));
#11235=CARTESIAN_POINT('',(216.,20.,24.2));
#11236=CARTESIAN_POINT('',(222.,145.,49.2));
#11237=CARTESIAN_POINT('',(222.,121.759615384615,44.5519230769231));
#11238=CARTESIAN_POINT('',(216.,145.,49.2));
#11239=CARTESIAN_POINT('Origin',(216.,145.,43.2));
#11240=CARTESIAN_POINT('',(216.,145.,43.2));
#11241=CARTESIAN_POINT('',(216.,145.,43.2));
#11242=CARTESIAN_POINT('',(222.,145.,43.2));
#11243=CARTESIAN_POINT('',(222.,145.,81.6));
#11244=CARTESIAN_POINT('',(216.,145.,43.2));
#11245=CARTESIAN_POINT('Origin',(216.,20.,18.2));
#11246=CARTESIAN_POINT('',(216.,20.,18.2));
#11247=CARTESIAN_POINT('',(216.,20.,18.2));
#11248=CARTESIAN_POINT('',(222.,20.,18.2));
#11249=CARTESIAN_POINT('',(222.,59.8365384615385,26.1673076923077));
#11250=CARTESIAN_POINT('',(216.,20.,18.2));
#11251=CARTESIAN_POINT('Origin',(216.,20.,24.2));
#11252=CARTESIAN_POINT('',(216.,20.,24.2));
#11253=CARTESIAN_POINT('',(222.,20.,72.1));
#11254=CARTESIAN_POINT('Origin',(216.,82.5,33.7));
#11255=CARTESIAN_POINT('Origin',(216.,145.,40.));
#11256=CARTESIAN_POINT('',(216.,145.,40.));
#11257=CARTESIAN_POINT('',(216.,20.,15.));
#11258=CARTESIAN_POINT('',(216.,145.,40.));
#11259=CARTESIAN_POINT('',(222.,20.,15.));
#11260=CARTESIAN_POINT('',(216.,20.,15.));
#11261=CARTESIAN_POINT('',(222.,145.,40.));
#11262=CARTESIAN_POINT('',(222.,122.644230769231,35.5288461538461));
#11263=CARTESIAN_POINT('',(216.,145.,40.));
#11264=CARTESIAN_POINT('Origin',(216.,145.,34.));
#11265=CARTESIAN_POINT('',(216.,145.,34.));
#11266=CARTESIAN_POINT('',(216.,145.,34.));
#11267=CARTESIAN_POINT('',(222.,145.,34.));
#11268=CARTESIAN_POINT('',(222.,145.,77.));
#11269=CARTESIAN_POINT('',(216.,145.,34.));
#11270=CARTESIAN_POINT('Origin',(216.,20.,9.));
#11271=CARTESIAN_POINT('',(216.,20.,9.));
#11272=CARTESIAN_POINT('',(216.,20.,9.));
#11273=CARTESIAN_POINT('',(222.,20.,9.));
#11274=CARTESIAN_POINT('',(222.,60.7211538461539,17.1442307692308));
#11275=CARTESIAN_POINT('',(216.,20.,9.));
#11276=CARTESIAN_POINT('Origin',(216.,20.,15.));
#11277=CARTESIAN_POINT('',(216.,20.,15.));
#11278=CARTESIAN_POINT('',(222.,20.,67.5));
#11279=CARTESIAN_POINT('Origin',(216.,82.5,24.5));
#11280=CARTESIAN_POINT('Origin',(222.,70.,240.));
#11281=CARTESIAN_POINT('',(222.,70.,240.));
#11282=CARTESIAN_POINT('',(222.,15.,190.));
#11283=CARTESIAN_POINT('',(222.,70.,240.));
#11284=CARTESIAN_POINT('',(230.,15.,190.));
#11285=CARTESIAN_POINT('',(222.,15.,190.));
#11286=CARTESIAN_POINT('',(230.,70.,240.));
#11287=CARTESIAN_POINT('',(230.,70.,240.));
#11288=CARTESIAN_POINT('',(222.,70.,240.));
#11289=CARTESIAN_POINT('Origin',(222.,150.,240.));
#11290=CARTESIAN_POINT('',(222.,150.,240.));
#11291=CARTESIAN_POINT('',(222.,150.,240.));
#11292=CARTESIAN_POINT('',(230.,150.,240.));
#11293=CARTESIAN_POINT('',(230.,150.,240.));
#11294=CARTESIAN_POINT('',(222.,150.,240.));
#11295=CARTESIAN_POINT('Origin',(222.,150.,0.));
#11296=CARTESIAN_POINT('',(222.,150.,0.));
#11297=CARTESIAN_POINT('',(222.,150.,0.));
#11298=CARTESIAN_POINT('',(230.,150.,0.));
#11299=CARTESIAN_POINT('',(230.,150.,0.));
#11300=CARTESIAN_POINT('',(222.,150.,0.));
#11301=CARTESIAN_POINT('Origin',(222.,15.,0.));
#11302=CARTESIAN_POINT('',(222.,15.,0.));
#11303=CARTESIAN_POINT('',(222.,15.,0.));
#11304=CARTESIAN_POINT('',(230.,15.,0.));
#11305=CARTESIAN_POINT('',(230.,15.,0.));
#11306=CARTESIAN_POINT('',(222.,15.,0.));
#11307=CARTESIAN_POINT('Origin',(222.,15.,190.));
#11308=CARTESIAN_POINT('',(222.,15.,190.));
#11309=CARTESIAN_POINT('',(230.,15.,190.));
#11310=CARTESIAN_POINT('Origin',(230.,82.5,120.));
#11311=CARTESIAN_POINT('Origin',(222.,82.5,120.));
#11312=CARTESIAN_POINT('Origin',(8.,148.,20.));
#11313=CARTESIAN_POINT('',(8.,148.,20.));
#11314=CARTESIAN_POINT('',(8.,138.,20.));
#11315=CARTESIAN_POINT('',(8.,148.,20.));
#11316=CARTESIAN_POINT('',(222.,138.,20.));
#11317=CARTESIAN_POINT('',(8.,138.,20.));
#11318=CARTESIAN_POINT('',(222.,148.,20.));
#11319=CARTESIAN_POINT('',(222.,148.,20.));
#11320=CARTESIAN_POINT('',(8.,148.,20.));
#11321=CARTESIAN_POINT('Origin',(8.,148.,8.));
#11322=CARTESIAN_POINT('',(8.,148.,8.));
#11323=CARTESIAN_POINT('',(8.,148.,8.));
#11324=CARTESIAN_POINT('',(222.,148.,8.));
#11325=CARTESIAN_POINT('',(222.,148.,8.));
#11326=CARTESIAN_POINT('',(8.,148.,8.));
#11327=CARTESIAN_POINT('Origin',(8.,138.,8.));
#11328=CARTESIAN_POINT('',(8.,138.,8.));
#11329=CARTESIAN_POINT('',(8.,138.,8.));
#11330=CARTESIAN_POINT('',(222.,138.,8.));
#11331=CARTESIAN_POINT('',(222.,138.,8.));
#11332=CARTESIAN_POINT('',(8.,138.,8.));
#11333=CARTESIAN_POINT('Origin',(8.,138.,20.));
#11334=CARTESIAN_POINT('',(8.,138.,20.));
#11335=CARTESIAN_POINT('',(222.,138.,20.));
#11336=CARTESIAN_POINT('Origin',(222.,143.,14.));
#11337=CARTESIAN_POINT('Origin',(8.,143.,14.));
#11338=CARTESIAN_POINT('Origin',(8.,148.,232.));
#11339=CARTESIAN_POINT('',(8.,148.,232.));
#11340=CARTESIAN_POINT('',(8.,138.,232.));
#11341=CARTESIAN_POINT('',(8.,148.,232.));
#11342=CARTESIAN_POINT('',(222.,138.,232.));
#11343=CARTESIAN_POINT('',(8.,138.,232.));
#11344=CARTESIAN_POINT('',(222.,148.,232.));
#11345=CARTESIAN_POINT('',(222.,148.,232.));
#11346=CARTESIAN_POINT('',(8.,148.,232.));
#11347=CARTESIAN_POINT('Origin',(8.,148.,220.));
#11348=CARTESIAN_POINT('',(8.,148.,220.));
#11349=CARTESIAN_POINT('',(8.,148.,220.));
#11350=CARTESIAN_POINT('',(222.,148.,220.));
#11351=CARTESIAN_POINT('',(222.,148.,220.));
#11352=CARTESIAN_POINT('',(8.,148.,220.));
#11353=CARTESIAN_POINT('Origin',(8.,138.,220.));
#11354=CARTESIAN_POINT('',(8.,138.,220.));
#11355=CARTESIAN_POINT('',(8.,138.,220.));
#11356=CARTESIAN_POINT('',(222.,138.,220.));
#11357=CARTESIAN_POINT('',(222.,138.,220.));
#11358=CARTESIAN_POINT('',(8.,138.,220.));
#11359=CARTESIAN_POINT('Origin',(8.,138.,232.));
#11360=CARTESIAN_POINT('',(8.,138.,232.));
#11361=CARTESIAN_POINT('',(222.,138.,232.));
#11362=CARTESIAN_POINT('Origin',(222.,143.,226.));
#11363=CARTESIAN_POINT('Origin',(8.,143.,226.));
#11364=CARTESIAN_POINT('Origin',(14.5,137.,42.4));
#11365=CARTESIAN_POINT('',(14.5,137.,42.4));
#11366=CARTESIAN_POINT('',(14.5,20.,17.4));
#11367=CARTESIAN_POINT('',(14.5,137.,42.4));
#11368=CARTESIAN_POINT('',(215.5,20.,17.4));
#11369=CARTESIAN_POINT('',(14.5,20.,17.4));
#11370=CARTESIAN_POINT('',(215.5,137.,42.4));
#11371=CARTESIAN_POINT('',(215.5,137.,42.4));
#11372=CARTESIAN_POINT('',(14.5,137.,42.4));
#11373=CARTESIAN_POINT('Origin',(14.5,137.,40.));
#11374=CARTESIAN_POINT('',(14.5,137.,40.));
#11375=CARTESIAN_POINT('',(14.5,137.,40.));
#11376=CARTESIAN_POINT('',(215.5,137.,40.));
#11377=CARTESIAN_POINT('',(215.5,137.,40.));
#11378=CARTESIAN_POINT('',(14.5,137.,40.));
#11379=CARTESIAN_POINT('Origin',(14.5,20.,15.));
#11380=CARTESIAN_POINT('',(14.5,20.,15.));
#11381=CARTESIAN_POINT('',(14.5,20.,15.));
#11382=CARTESIAN_POINT('',(215.5,20.,15.));
#11383=CARTESIAN_POINT('',(215.5,20.,15.));
#11384=CARTESIAN_POINT('',(14.5,20.,15.));
#11385=CARTESIAN_POINT('Origin',(14.5,20.,17.4));
#11386=CARTESIAN_POINT('',(14.5,20.,17.4));
#11387=CARTESIAN_POINT('',(215.5,20.,17.4));
#11388=CARTESIAN_POINT('Origin',(215.5,78.5,28.7));
#11389=CARTESIAN_POINT('Origin',(14.5,78.5,28.7));
#11390=CARTESIAN_POINT('Origin',(14.5,24.,43.));
#11391=CARTESIAN_POINT('',(14.5,24.,43.));
#11392=CARTESIAN_POINT('',(14.5,20.,43.));
#11393=CARTESIAN_POINT('',(14.5,24.,43.));
#11394=CARTESIAN_POINT('',(215.5,20.,43.));
#11395=CARTESIAN_POINT('',(14.5,20.,43.));
#11396=CARTESIAN_POINT('',(215.5,24.,43.));
#11397=CARTESIAN_POINT('',(215.5,24.,43.));
#11398=CARTESIAN_POINT('',(14.5,24.,43.));
#11399=CARTESIAN_POINT('Origin',(14.5,24.,17.));
#11400=CARTESIAN_POINT('',(14.5,24.,17.));
#11401=CARTESIAN_POINT('',(14.5,24.,17.));
#11402=CARTESIAN_POINT('',(215.5,24.,17.));
#11403=CARTESIAN_POINT('',(215.5,24.,17.));
#11404=CARTESIAN_POINT('',(14.5,24.,17.));
#11405=CARTESIAN_POINT('Origin',(14.5,20.,17.));
#11406=CARTESIAN_POINT('',(14.5,20.,17.));
#11407=CARTESIAN_POINT('',(14.5,20.,17.));
#11408=CARTESIAN_POINT('',(215.5,20.,17.));
#11409=CARTESIAN_POINT('',(215.5,20.,17.));
#11410=CARTESIAN_POINT('',(14.5,20.,17.));
#11411=CARTESIAN_POINT('Origin',(14.5,20.,43.));
#11412=CARTESIAN_POINT('',(14.5,20.,43.));
#11413=CARTESIAN_POINT('',(215.5,20.,43.));
#11414=CARTESIAN_POINT('Origin',(215.5,22.,30.));
#11415=CARTESIAN_POINT('Origin',(14.5,22.,30.));
#11416=CARTESIAN_POINT('Origin',(14.5,137.,85.));
#11417=CARTESIAN_POINT('',(14.5,137.,85.));
#11418=CARTESIAN_POINT('',(14.5,133.,85.));
#11419=CARTESIAN_POINT('',(14.5,137.,85.));
#11420=CARTESIAN_POINT('',(215.5,133.,85.));
#11421=CARTESIAN_POINT('',(14.5,133.,85.));
#11422=CARTESIAN_POINT('',(215.5,137.,85.));
#11423=CARTESIAN_POINT('',(215.5,137.,85.));
#11424=CARTESIAN_POINT('',(14.5,137.,85.));
#11425=CARTESIAN_POINT('Origin',(14.5,137.,42.));
#11426=CARTESIAN_POINT('',(14.5,137.,42.));
#11427=CARTESIAN_POINT('',(14.5,137.,42.));
#11428=CARTESIAN_POINT('',(215.5,137.,42.));
#11429=CARTESIAN_POINT('',(215.5,137.,42.));
#11430=CARTESIAN_POINT('',(14.5,137.,42.));
#11431=CARTESIAN_POINT('Origin',(14.5,133.,42.));
#11432=CARTESIAN_POINT('',(14.5,133.,42.));
#11433=CARTESIAN_POINT('',(14.5,133.,42.));
#11434=CARTESIAN_POINT('',(215.5,133.,42.));
#11435=CARTESIAN_POINT('',(215.5,133.,42.));
#11436=CARTESIAN_POINT('',(14.5,133.,42.));
#11437=CARTESIAN_POINT('Origin',(14.5,133.,85.));
#11438=CARTESIAN_POINT('',(14.5,133.,85.));
#11439=CARTESIAN_POINT('',(215.5,133.,85.));
#11440=CARTESIAN_POINT('Origin',(215.5,135.,63.5));
#11441=CARTESIAN_POINT('Origin',(14.5,135.,63.5));
#11442=CARTESIAN_POINT('Origin',(14.5,137.,85.));
#11443=CARTESIAN_POINT('',(14.5,137.,85.));
#11444=CARTESIAN_POINT('',(14.5,20.,43.));
#11445=CARTESIAN_POINT('',(14.5,137.,85.));
#11446=CARTESIAN_POINT('',(16.5,20.,43.));
#11447=CARTESIAN_POINT('',(14.5,20.,43.));
#11448=CARTESIAN_POINT('',(16.5,137.,85.));
#11449=CARTESIAN_POINT('',(16.5,137.,85.));
#11450=CARTESIAN_POINT('',(14.5,137.,85.));
#11451=CARTESIAN_POINT('Origin',(14.5,137.,40.));
#11452=CARTESIAN_POINT('',(14.5,137.,40.));
#11453=CARTESIAN_POINT('',(14.5,137.,40.));
#11454=CARTESIAN_POINT('',(16.5,137.,40.));
#11455=CARTESIAN_POINT('',(16.5,137.,40.));
#11456=CARTESIAN_POINT('',(14.5,137.,40.));
#11457=CARTESIAN_POINT('Origin',(14.5,20.,15.));
#11458=CARTESIAN_POINT('',(14.5,20.,15.));
#11459=CARTESIAN_POINT('',(14.5,20.,15.));
#11460=CARTESIAN_POINT('',(16.5,20.,15.));
#11461=CARTESIAN_POINT('',(16.5,20.,15.));
#11462=CARTESIAN_POINT('',(14.5,20.,15.));
#11463=CARTESIAN_POINT('Origin',(14.5,20.,43.));
#11464=CARTESIAN_POINT('',(14.5,20.,43.));
#11465=CARTESIAN_POINT('',(16.5,20.,43.));
#11466=CARTESIAN_POINT('Origin',(16.5,78.5,50.));
#11467=CARTESIAN_POINT('Origin',(14.5,78.5,50.));
#11468=CARTESIAN_POINT('Origin',(213.5,137.,85.));
#11469=CARTESIAN_POINT('',(213.5,137.,85.));
#11470=CARTESIAN_POINT('',(213.5,20.,43.));
#11471=CARTESIAN_POINT('',(213.5,137.,85.));
#11472=CARTESIAN_POINT('',(215.5,20.,43.));
#11473=CARTESIAN_POINT('',(213.5,20.,43.));
#11474=CARTESIAN_POINT('',(215.5,137.,85.));
#11475=CARTESIAN_POINT('',(215.5,137.,85.));
#11476=CARTESIAN_POINT('',(213.5,137.,85.));
#11477=CARTESIAN_POINT('Origin',(213.5,137.,40.));
#11478=CARTESIAN_POINT('',(213.5,137.,40.));
#11479=CARTESIAN_POINT('',(213.5,137.,40.));
#11480=CARTESIAN_POINT('',(215.5,137.,40.));
#11481=CARTESIAN_POINT('',(215.5,137.,40.));
#11482=CARTESIAN_POINT('',(213.5,137.,40.));
#11483=CARTESIAN_POINT('Origin',(213.5,20.,15.));
#11484=CARTESIAN_POINT('',(213.5,20.,15.));
#11485=CARTESIAN_POINT('',(213.5,20.,15.));
#11486=CARTESIAN_POINT('',(215.5,20.,15.));
#11487=CARTESIAN_POINT('',(215.5,20.,15.));
#11488=CARTESIAN_POINT('',(213.5,20.,15.));
#11489=CARTESIAN_POINT('Origin',(213.5,20.,43.));
#11490=CARTESIAN_POINT('',(213.5,20.,43.));
#11491=CARTESIAN_POINT('',(215.5,20.,43.));
#11492=CARTESIAN_POINT('Origin',(215.5,78.5,50.));
#11493=CARTESIAN_POINT('Origin',(213.5,78.5,50.));
#11494=CARTESIAN_POINT('Origin',(80.,131.,80.));
#11495=CARTESIAN_POINT('',(80.,131.,80.));
#11496=CARTESIAN_POINT('',(80.,26.,41.));
#11497=CARTESIAN_POINT('',(80.,131.,80.));
#11498=CARTESIAN_POINT('',(82.,26.,41.));
#11499=CARTESIAN_POINT('',(80.,26.,41.));
#11500=CARTESIAN_POINT('',(82.,131.,80.));
#11501=CARTESIAN_POINT('',(82.,131.,80.));
#11502=CARTESIAN_POINT('',(80.,131.,80.));
#11503=CARTESIAN_POINT('Origin',(80.,131.,44.));
#11504=CARTESIAN_POINT('',(80.,131.,44.));
#11505=CARTESIAN_POINT('',(80.,131.,44.));
#11506=CARTESIAN_POINT('',(82.,131.,44.));
#11507=CARTESIAN_POINT('',(82.,131.,44.));
#11508=CARTESIAN_POINT('',(80.,131.,44.));
#11509=CARTESIAN_POINT('Origin',(80.,26.,19.));
#11510=CARTESIAN_POINT('',(80.,26.,19.));
#11511=CARTESIAN_POINT('',(80.,26.,19.));
#11512=CARTESIAN_POINT('',(82.,26.,19.));
#11513=CARTESIAN_POINT('',(82.,26.,19.));
#11514=CARTESIAN_POINT('',(80.,26.,19.));
#11515=CARTESIAN_POINT('Origin',(80.,26.,41.));
#11516=CARTESIAN_POINT('',(80.,26.,41.));
#11517=CARTESIAN_POINT('',(82.,26.,41.));
#11518=CARTESIAN_POINT('Origin',(82.,78.5,49.5));
#11519=CARTESIAN_POINT('Origin',(80.,78.5,49.5));
#11520=CARTESIAN_POINT('Origin',(148.,131.,80.));
#11521=CARTESIAN_POINT('',(148.,131.,80.));
#11522=CARTESIAN_POINT('',(148.,26.,41.));
#11523=CARTESIAN_POINT('',(148.,131.,80.));
#11524=CARTESIAN_POINT('',(150.,26.,41.));
#11525=CARTESIAN_POINT('',(148.,26.,41.));
#11526=CARTESIAN_POINT('',(150.,131.,80.));
#11527=CARTESIAN_POINT('',(150.,131.,80.));
#11528=CARTESIAN_POINT('',(148.,131.,80.));
#11529=CARTESIAN_POINT('Origin',(148.,131.,44.));
#11530=CARTESIAN_POINT('',(148.,131.,44.));
#11531=CARTESIAN_POINT('',(148.,131.,44.));
#11532=CARTESIAN_POINT('',(150.,131.,44.));
#11533=CARTESIAN_POINT('',(150.,131.,44.));
#11534=CARTESIAN_POINT('',(148.,131.,44.));
#11535=CARTESIAN_POINT('Origin',(148.,26.,19.));
#11536=CARTESIAN_POINT('',(148.,26.,19.));
#11537=CARTESIAN_POINT('',(148.,26.,19.));
#11538=CARTESIAN_POINT('',(150.,26.,19.));
#11539=CARTESIAN_POINT('',(150.,26.,19.));
#11540=CARTESIAN_POINT('',(148.,26.,19.));
#11541=CARTESIAN_POINT('Origin',(148.,26.,41.));
#11542=CARTESIAN_POINT('',(148.,26.,41.));
#11543=CARTESIAN_POINT('',(150.,26.,41.));
#11544=CARTESIAN_POINT('Origin',(150.,78.5,49.5));
#11545=CARTESIAN_POINT('Origin',(148.,78.5,49.5));
#11546=CARTESIAN_POINT('Origin',(14.5,137.,117.4));
#11547=CARTESIAN_POINT('',(14.5,137.,117.4));
#11548=CARTESIAN_POINT('',(14.5,20.,92.4));
#11549=CARTESIAN_POINT('',(14.5,137.,117.4));
#11550=CARTESIAN_POINT('',(215.5,20.,92.4));
#11551=CARTESIAN_POINT('',(14.5,20.,92.4));
#11552=CARTESIAN_POINT('',(215.5,137.,117.4));
#11553=CARTESIAN_POINT('',(215.5,137.,117.4));
#11554=CARTESIAN_POINT('',(14.5,137.,117.4));
#11555=CARTESIAN_POINT('Origin',(14.5,137.,115.));
#11556=CARTESIAN_POINT('',(14.5,137.,115.));
#11557=CARTESIAN_POINT('',(14.5,137.,115.));
#11558=CARTESIAN_POINT('',(215.5,137.,115.));
#11559=CARTESIAN_POINT('',(215.5,137.,115.));
#11560=CARTESIAN_POINT('',(14.5,137.,115.));
#11561=CARTESIAN_POINT('Origin',(14.5,20.,90.));
#11562=CARTESIAN_POINT('',(14.5,20.,90.));
#11563=CARTESIAN_POINT('',(14.5,20.,90.));
#11564=CARTESIAN_POINT('',(215.5,20.,90.));
#11565=CARTESIAN_POINT('',(215.5,20.,90.));
#11566=CARTESIAN_POINT('',(14.5,20.,90.));
#11567=CARTESIAN_POINT('Origin',(14.5,20.,92.4));
#11568=CARTESIAN_POINT('',(14.5,20.,92.4));
#11569=CARTESIAN_POINT('',(215.5,20.,92.4));
#11570=CARTESIAN_POINT('Origin',(215.5,78.5,103.7));
#11571=CARTESIAN_POINT('Origin',(14.5,78.5,103.7));
#11572=CARTESIAN_POINT('Origin',(14.5,24.,118.));
#11573=CARTESIAN_POINT('',(14.5,24.,118.));
#11574=CARTESIAN_POINT('',(14.5,20.,118.));
#11575=CARTESIAN_POINT('',(14.5,24.,118.));
#11576=CARTESIAN_POINT('',(215.5,20.,118.));
#11577=CARTESIAN_POINT('',(14.5,20.,118.));
#11578=CARTESIAN_POINT('',(215.5,24.,118.));
#11579=CARTESIAN_POINT('',(215.5,24.,118.));
#11580=CARTESIAN_POINT('',(14.5,24.,118.));
#11581=CARTESIAN_POINT('Origin',(14.5,24.,92.));
#11582=CARTESIAN_POINT('',(14.5,24.,92.));
#11583=CARTESIAN_POINT('',(14.5,24.,92.));
#11584=CARTESIAN_POINT('',(215.5,24.,92.));
#11585=CARTESIAN_POINT('',(215.5,24.,92.));
#11586=CARTESIAN_POINT('',(14.5,24.,92.));
#11587=CARTESIAN_POINT('Origin',(14.5,20.,92.));
#11588=CARTESIAN_POINT('',(14.5,20.,92.));
#11589=CARTESIAN_POINT('',(14.5,20.,92.));
#11590=CARTESIAN_POINT('',(215.5,20.,92.));
#11591=CARTESIAN_POINT('',(215.5,20.,92.));
#11592=CARTESIAN_POINT('',(14.5,20.,92.));
#11593=CARTESIAN_POINT('Origin',(14.5,20.,118.));
#11594=CARTESIAN_POINT('',(14.5,20.,118.));
#11595=CARTESIAN_POINT('',(215.5,20.,118.));
#11596=CARTESIAN_POINT('Origin',(215.5,22.,105.));
#11597=CARTESIAN_POINT('Origin',(14.5,22.,105.));
#11598=CARTESIAN_POINT('Origin',(14.5,137.,160.));
#11599=CARTESIAN_POINT('',(14.5,137.,160.));
#11600=CARTESIAN_POINT('',(14.5,133.,160.));
#11601=CARTESIAN_POINT('',(14.5,137.,160.));
#11602=CARTESIAN_POINT('',(215.5,133.,160.));
#11603=CARTESIAN_POINT('',(14.5,133.,160.));
#11604=CARTESIAN_POINT('',(215.5,137.,160.));
#11605=CARTESIAN_POINT('',(215.5,137.,160.));
#11606=CARTESIAN_POINT('',(14.5,137.,160.));
#11607=CARTESIAN_POINT('Origin',(14.5,137.,117.));
#11608=CARTESIAN_POINT('',(14.5,137.,117.));
#11609=CARTESIAN_POINT('',(14.5,137.,117.));
#11610=CARTESIAN_POINT('',(215.5,137.,117.));
#11611=CARTESIAN_POINT('',(215.5,137.,117.));
#11612=CARTESIAN_POINT('',(14.5,137.,117.));
#11613=CARTESIAN_POINT('Origin',(14.5,133.,117.));
#11614=CARTESIAN_POINT('',(14.5,133.,117.));
#11615=CARTESIAN_POINT('',(14.5,133.,117.));
#11616=CARTESIAN_POINT('',(215.5,133.,117.));
#11617=CARTESIAN_POINT('',(215.5,133.,117.));
#11618=CARTESIAN_POINT('',(14.5,133.,117.));
#11619=CARTESIAN_POINT('Origin',(14.5,133.,160.));
#11620=CARTESIAN_POINT('',(14.5,133.,160.));
#11621=CARTESIAN_POINT('',(215.5,133.,160.));
#11622=CARTESIAN_POINT('Origin',(215.5,135.,138.5));
#11623=CARTESIAN_POINT('Origin',(14.5,135.,138.5));
#11624=CARTESIAN_POINT('Origin',(14.5,137.,160.));
#11625=CARTESIAN_POINT('',(14.5,137.,160.));
#11626=CARTESIAN_POINT('',(14.5,20.,118.));
#11627=CARTESIAN_POINT('',(14.5,137.,160.));
#11628=CARTESIAN_POINT('',(16.5,20.,118.));
#11629=CARTESIAN_POINT('',(14.5,20.,118.));
#11630=CARTESIAN_POINT('',(16.5,137.,160.));
#11631=CARTESIAN_POINT('',(16.5,137.,160.));
#11632=CARTESIAN_POINT('',(14.5,137.,160.));
#11633=CARTESIAN_POINT('Origin',(14.5,137.,115.));
#11634=CARTESIAN_POINT('',(14.5,137.,115.));
#11635=CARTESIAN_POINT('',(14.5,137.,115.));
#11636=CARTESIAN_POINT('',(16.5,137.,115.));
#11637=CARTESIAN_POINT('',(16.5,137.,115.));
#11638=CARTESIAN_POINT('',(14.5,137.,115.));
#11639=CARTESIAN_POINT('Origin',(14.5,20.,90.));
#11640=CARTESIAN_POINT('',(14.5,20.,90.));
#11641=CARTESIAN_POINT('',(14.5,20.,90.));
#11642=CARTESIAN_POINT('',(16.5,20.,90.));
#11643=CARTESIAN_POINT('',(16.5,20.,90.));
#11644=CARTESIAN_POINT('',(14.5,20.,90.));
#11645=CARTESIAN_POINT('Origin',(14.5,20.,118.));
#11646=CARTESIAN_POINT('',(14.5,20.,118.));
#11647=CARTESIAN_POINT('',(16.5,20.,118.));
#11648=CARTESIAN_POINT('Origin',(16.5,78.5,125.));
#11649=CARTESIAN_POINT('Origin',(14.5,78.5,125.));
#11650=CARTESIAN_POINT('Origin',(213.5,137.,160.));
#11651=CARTESIAN_POINT('',(213.5,137.,160.));
#11652=CARTESIAN_POINT('',(213.5,20.,118.));
#11653=CARTESIAN_POINT('',(213.5,137.,160.));
#11654=CARTESIAN_POINT('',(215.5,20.,118.));
#11655=CARTESIAN_POINT('',(213.5,20.,118.));
#11656=CARTESIAN_POINT('',(215.5,137.,160.));
#11657=CARTESIAN_POINT('',(215.5,137.,160.));
#11658=CARTESIAN_POINT('',(213.5,137.,160.));
#11659=CARTESIAN_POINT('Origin',(213.5,137.,115.));
#11660=CARTESIAN_POINT('',(213.5,137.,115.));
#11661=CARTESIAN_POINT('',(213.5,137.,115.));
#11662=CARTESIAN_POINT('',(215.5,137.,115.));
#11663=CARTESIAN_POINT('',(215.5,137.,115.));
#11664=CARTESIAN_POINT('',(213.5,137.,115.));
#11665=CARTESIAN_POINT('Origin',(213.5,20.,90.));
#11666=CARTESIAN_POINT('',(213.5,20.,90.));
#11667=CARTESIAN_POINT('',(213.5,20.,90.));
#11668=CARTESIAN_POINT('',(215.5,20.,90.));
#11669=CARTESIAN_POINT('',(215.5,20.,90.));
#11670=CARTESIAN_POINT('',(213.5,20.,90.));
#11671=CARTESIAN_POINT('Origin',(213.5,20.,118.));
#11672=CARTESIAN_POINT('',(213.5,20.,118.));
#11673=CARTESIAN_POINT('',(215.5,20.,118.));
#11674=CARTESIAN_POINT('Origin',(215.5,78.5,125.));
#11675=CARTESIAN_POINT('Origin',(213.5,78.5,125.));
#11676=CARTESIAN_POINT('Origin',(80.,131.,155.));
#11677=CARTESIAN_POINT('',(80.,131.,155.));
#11678=CARTESIAN_POINT('',(80.,26.,116.));
#11679=CARTESIAN_POINT('',(80.,131.,155.));
#11680=CARTESIAN_POINT('',(82.,26.,116.));
#11681=CARTESIAN_POINT('',(80.,26.,116.));
#11682=CARTESIAN_POINT('',(82.,131.,155.));
#11683=CARTESIAN_POINT('',(82.,131.,155.));
#11684=CARTESIAN_POINT('',(80.,131.,155.));
#11685=CARTESIAN_POINT('Origin',(80.,131.,119.));
#11686=CARTESIAN_POINT('',(80.,131.,119.));
#11687=CARTESIAN_POINT('',(80.,131.,119.));
#11688=CARTESIAN_POINT('',(82.,131.,119.));
#11689=CARTESIAN_POINT('',(82.,131.,119.));
#11690=CARTESIAN_POINT('',(80.,131.,119.));
#11691=CARTESIAN_POINT('Origin',(80.,26.,94.));
#11692=CARTESIAN_POINT('',(80.,26.,94.));
#11693=CARTESIAN_POINT('',(80.,26.,94.));
#11694=CARTESIAN_POINT('',(82.,26.,94.));
#11695=CARTESIAN_POINT('',(82.,26.,94.));
#11696=CARTESIAN_POINT('',(80.,26.,94.));
#11697=CARTESIAN_POINT('Origin',(80.,26.,116.));
#11698=CARTESIAN_POINT('',(80.,26.,116.));
#11699=CARTESIAN_POINT('',(82.,26.,116.));
#11700=CARTESIAN_POINT('Origin',(82.,78.5,124.5));
#11701=CARTESIAN_POINT('Origin',(80.,78.5,124.5));
#11702=CARTESIAN_POINT('Origin',(148.,131.,155.));
#11703=CARTESIAN_POINT('',(148.,131.,155.));
#11704=CARTESIAN_POINT('',(148.,26.,116.));
#11705=CARTESIAN_POINT('',(148.,131.,155.));
#11706=CARTESIAN_POINT('',(150.,26.,116.));
#11707=CARTESIAN_POINT('',(148.,26.,116.));
#11708=CARTESIAN_POINT('',(150.,131.,155.));
#11709=CARTESIAN_POINT('',(150.,131.,155.));
#11710=CARTESIAN_POINT('',(148.,131.,155.));
#11711=CARTESIAN_POINT('Origin',(148.,131.,119.));
#11712=CARTESIAN_POINT('',(148.,131.,119.));
#11713=CARTESIAN_POINT('',(148.,131.,119.));
#11714=CARTESIAN_POINT('',(150.,131.,119.));
#11715=CARTESIAN_POINT('',(150.,131.,119.));
#11716=CARTESIAN_POINT('',(148.,131.,119.));
#11717=CARTESIAN_POINT('Origin',(148.,26.,94.));
#11718=CARTESIAN_POINT('',(148.,26.,94.));
#11719=CARTESIAN_POINT('',(148.,26.,94.));
#11720=CARTESIAN_POINT('',(150.,26.,94.));
#11721=CARTESIAN_POINT('',(150.,26.,94.));
#11722=CARTESIAN_POINT('',(148.,26.,94.));
#11723=CARTESIAN_POINT('Origin',(148.,26.,116.));
#11724=CARTESIAN_POINT('',(148.,26.,116.));
#11725=CARTESIAN_POINT('',(150.,26.,116.));
#11726=CARTESIAN_POINT('Origin',(150.,78.5,124.5));
#11727=CARTESIAN_POINT('Origin',(148.,78.5,124.5));
#11728=CARTESIAN_POINT('Origin',(14.5,137.,192.4));
#11729=CARTESIAN_POINT('',(14.5,137.,192.4));
#11730=CARTESIAN_POINT('',(14.5,20.,167.4));
#11731=CARTESIAN_POINT('',(14.5,137.,192.4));
#11732=CARTESIAN_POINT('',(215.5,20.,167.4));
#11733=CARTESIAN_POINT('',(14.5,20.,167.4));
#11734=CARTESIAN_POINT('',(215.5,137.,192.4));
#11735=CARTESIAN_POINT('',(215.5,137.,192.4));
#11736=CARTESIAN_POINT('',(14.5,137.,192.4));
#11737=CARTESIAN_POINT('Origin',(14.5,137.,190.));
#11738=CARTESIAN_POINT('',(14.5,137.,190.));
#11739=CARTESIAN_POINT('',(14.5,137.,190.));
#11740=CARTESIAN_POINT('',(215.5,137.,190.));
#11741=CARTESIAN_POINT('',(215.5,137.,190.));
#11742=CARTESIAN_POINT('',(14.5,137.,190.));
#11743=CARTESIAN_POINT('Origin',(14.5,20.,165.));
#11744=CARTESIAN_POINT('',(14.5,20.,165.));
#11745=CARTESIAN_POINT('',(14.5,20.,165.));
#11746=CARTESIAN_POINT('',(215.5,20.,165.));
#11747=CARTESIAN_POINT('',(215.5,20.,165.));
#11748=CARTESIAN_POINT('',(14.5,20.,165.));
#11749=CARTESIAN_POINT('Origin',(14.5,20.,167.4));
#11750=CARTESIAN_POINT('',(14.5,20.,167.4));
#11751=CARTESIAN_POINT('',(215.5,20.,167.4));
#11752=CARTESIAN_POINT('Origin',(215.5,78.5,178.7));
#11753=CARTESIAN_POINT('Origin',(14.5,78.5,178.7));
#11754=CARTESIAN_POINT('Origin',(14.5,24.,193.));
#11755=CARTESIAN_POINT('',(14.5,24.,193.));
#11756=CARTESIAN_POINT('',(14.5,20.,193.));
#11757=CARTESIAN_POINT('',(14.5,24.,193.));
#11758=CARTESIAN_POINT('',(215.5,20.,193.));
#11759=CARTESIAN_POINT('',(14.5,20.,193.));
#11760=CARTESIAN_POINT('',(215.5,24.,193.));
#11761=CARTESIAN_POINT('',(215.5,24.,193.));
#11762=CARTESIAN_POINT('',(14.5,24.,193.));
#11763=CARTESIAN_POINT('Origin',(14.5,24.,167.));
#11764=CARTESIAN_POINT('',(14.5,24.,167.));
#11765=CARTESIAN_POINT('',(14.5,24.,167.));
#11766=CARTESIAN_POINT('',(215.5,24.,167.));
#11767=CARTESIAN_POINT('',(215.5,24.,167.));
#11768=CARTESIAN_POINT('',(14.5,24.,167.));
#11769=CARTESIAN_POINT('Origin',(14.5,20.,167.));
#11770=CARTESIAN_POINT('',(14.5,20.,167.));
#11771=CARTESIAN_POINT('',(14.5,20.,167.));
#11772=CARTESIAN_POINT('',(215.5,20.,167.));
#11773=CARTESIAN_POINT('',(215.5,20.,167.));
#11774=CARTESIAN_POINT('',(14.5,20.,167.));
#11775=CARTESIAN_POINT('Origin',(14.5,20.,193.));
#11776=CARTESIAN_POINT('',(14.5,20.,193.));
#11777=CARTESIAN_POINT('',(215.5,20.,193.));
#11778=CARTESIAN_POINT('Origin',(215.5,22.,180.));
#11779=CARTESIAN_POINT('Origin',(14.5,22.,180.));
#11780=CARTESIAN_POINT('Origin',(14.5,137.,235.));
#11781=CARTESIAN_POINT('',(14.5,137.,235.));
#11782=CARTESIAN_POINT('',(14.5,133.,235.));
#11783=CARTESIAN_POINT('',(14.5,137.,235.));
#11784=CARTESIAN_POINT('',(215.5,133.,235.));
#11785=CARTESIAN_POINT('',(14.5,133.,235.));
#11786=CARTESIAN_POINT('',(215.5,137.,235.));
#11787=CARTESIAN_POINT('',(215.5,137.,235.));
#11788=CARTESIAN_POINT('',(14.5,137.,235.));
#11789=CARTESIAN_POINT('Origin',(14.5,137.,192.));
#11790=CARTESIAN_POINT('',(14.5,137.,192.));
#11791=CARTESIAN_POINT('',(14.5,137.,192.));
#11792=CARTESIAN_POINT('',(215.5,137.,192.));
#11793=CARTESIAN_POINT('',(215.5,137.,192.));
#11794=CARTESIAN_POINT('',(14.5,137.,192.));
#11795=CARTESIAN_POINT('Origin',(14.5,133.,192.));
#11796=CARTESIAN_POINT('',(14.5,133.,192.));
#11797=CARTESIAN_POINT('',(14.5,133.,192.));
#11798=CARTESIAN_POINT('',(215.5,133.,192.));
#11799=CARTESIAN_POINT('',(215.5,133.,192.));
#11800=CARTESIAN_POINT('',(14.5,133.,192.));
#11801=CARTESIAN_POINT('Origin',(14.5,133.,235.));
#11802=CARTESIAN_POINT('',(14.5,133.,235.));
#11803=CARTESIAN_POINT('',(215.5,133.,235.));
#11804=CARTESIAN_POINT('Origin',(215.5,135.,213.5));
#11805=CARTESIAN_POINT('Origin',(14.5,135.,213.5));
#11806=CARTESIAN_POINT('Origin',(14.5,137.,235.));
#11807=CARTESIAN_POINT('',(14.5,137.,235.));
#11808=CARTESIAN_POINT('',(14.5,20.,193.));
#11809=CARTESIAN_POINT('',(14.5,137.,235.));
#11810=CARTESIAN_POINT('',(16.5,20.,193.));
#11811=CARTESIAN_POINT('',(14.5,20.,193.));
#11812=CARTESIAN_POINT('',(16.5,137.,235.));
#11813=CARTESIAN_POINT('',(16.5,137.,235.));
#11814=CARTESIAN_POINT('',(14.5,137.,235.));
#11815=CARTESIAN_POINT('Origin',(14.5,137.,190.));
#11816=CARTESIAN_POINT('',(14.5,137.,190.));
#11817=CARTESIAN_POINT('',(14.5,137.,190.));
#11818=CARTESIAN_POINT('',(16.5,137.,190.));
#11819=CARTESIAN_POINT('',(16.5,137.,190.));
#11820=CARTESIAN_POINT('',(14.5,137.,190.));
#11821=CARTESIAN_POINT('Origin',(14.5,20.,165.));
#11822=CARTESIAN_POINT('',(14.5,20.,165.));
#11823=CARTESIAN_POINT('',(14.5,20.,165.));
#11824=CARTESIAN_POINT('',(16.5,20.,165.));
#11825=CARTESIAN_POINT('',(16.5,20.,165.));
#11826=CARTESIAN_POINT('',(14.5,20.,165.));
#11827=CARTESIAN_POINT('Origin',(14.5,20.,193.));
#11828=CARTESIAN_POINT('',(14.5,20.,193.));
#11829=CARTESIAN_POINT('',(16.5,20.,193.));
#11830=CARTESIAN_POINT('Origin',(16.5,78.5,200.));
#11831=CARTESIAN_POINT('Origin',(14.5,78.5,200.));
#11832=CARTESIAN_POINT('Origin',(213.5,137.,235.));
#11833=CARTESIAN_POINT('',(213.5,137.,235.));
#11834=CARTESIAN_POINT('',(213.5,20.,193.));
#11835=CARTESIAN_POINT('',(213.5,137.,235.));
#11836=CARTESIAN_POINT('',(215.5,20.,193.));
#11837=CARTESIAN_POINT('',(213.5,20.,193.));
#11838=CARTESIAN_POINT('',(215.5,137.,235.));
#11839=CARTESIAN_POINT('',(215.5,137.,235.));
#11840=CARTESIAN_POINT('',(213.5,137.,235.));
#11841=CARTESIAN_POINT('Origin',(213.5,137.,190.));
#11842=CARTESIAN_POINT('',(213.5,137.,190.));
#11843=CARTESIAN_POINT('',(213.5,137.,190.));
#11844=CARTESIAN_POINT('',(215.5,137.,190.));
#11845=CARTESIAN_POINT('',(215.5,137.,190.));
#11846=CARTESIAN_POINT('',(213.5,137.,190.));
#11847=CARTESIAN_POINT('Origin',(213.5,20.,165.));
#11848=CARTESIAN_POINT('',(213.5,20.,165.));
#11849=CARTESIAN_POINT('',(213.5,20.,165.));
#11850=CARTESIAN_POINT('',(215.5,20.,165.));
#11851=CARTESIAN_POINT('',(215.5,20.,165.));
#11852=CARTESIAN_POINT('',(213.5,20.,165.));
#11853=CARTESIAN_POINT('Origin',(213.5,20.,193.));
#11854=CARTESIAN_POINT('',(213.5,20.,193.));
#11855=CARTESIAN_POINT('',(215.5,20.,193.));
#11856=CARTESIAN_POINT('Origin',(215.5,78.5,200.));
#11857=CARTESIAN_POINT('Origin',(213.5,78.5,200.));
#11858=CARTESIAN_POINT('Origin',(80.,131.,230.));
#11859=CARTESIAN_POINT('',(80.,131.,230.));
#11860=CARTESIAN_POINT('',(80.,26.,191.));
#11861=CARTESIAN_POINT('',(80.,131.,230.));
#11862=CARTESIAN_POINT('',(82.,26.,191.));
#11863=CARTESIAN_POINT('',(80.,26.,191.));
#11864=CARTESIAN_POINT('',(82.,131.,230.));
#11865=CARTESIAN_POINT('',(82.,131.,230.));
#11866=CARTESIAN_POINT('',(80.,131.,230.));
#11867=CARTESIAN_POINT('Origin',(80.,131.,194.));
#11868=CARTESIAN_POINT('',(80.,131.,194.));
#11869=CARTESIAN_POINT('',(80.,131.,194.));
#11870=CARTESIAN_POINT('',(82.,131.,194.));
#11871=CARTESIAN_POINT('',(82.,131.,194.));
#11872=CARTESIAN_POINT('',(80.,131.,194.));
#11873=CARTESIAN_POINT('Origin',(80.,26.,169.));
#11874=CARTESIAN_POINT('',(80.,26.,169.));
#11875=CARTESIAN_POINT('',(80.,26.,169.));
#11876=CARTESIAN_POINT('',(82.,26.,169.));
#11877=CARTESIAN_POINT('',(82.,26.,169.));
#11878=CARTESIAN_POINT('',(80.,26.,169.));
#11879=CARTESIAN_POINT('Origin',(80.,26.,191.));
#11880=CARTESIAN_POINT('',(80.,26.,191.));
#11881=CARTESIAN_POINT('',(82.,26.,191.));
#11882=CARTESIAN_POINT('Origin',(82.,78.5,199.5));
#11883=CARTESIAN_POINT('Origin',(80.,78.5,199.5));
#11884=CARTESIAN_POINT('Origin',(148.,131.,230.));
#11885=CARTESIAN_POINT('',(148.,131.,230.));
#11886=CARTESIAN_POINT('',(148.,26.,191.));
#11887=CARTESIAN_POINT('',(148.,131.,230.));
#11888=CARTESIAN_POINT('',(150.,26.,191.));
#11889=CARTESIAN_POINT('',(148.,26.,191.));
#11890=CARTESIAN_POINT('',(150.,131.,230.));
#11891=CARTESIAN_POINT('',(150.,131.,230.));
#11892=CARTESIAN_POINT('',(148.,131.,230.));
#11893=CARTESIAN_POINT('Origin',(148.,131.,194.));
#11894=CARTESIAN_POINT('',(148.,131.,194.));
#11895=CARTESIAN_POINT('',(148.,131.,194.));
#11896=CARTESIAN_POINT('',(150.,131.,194.));
#11897=CARTESIAN_POINT('',(150.,131.,194.));
#11898=CARTESIAN_POINT('',(148.,131.,194.));
#11899=CARTESIAN_POINT('Origin',(148.,26.,169.));
#11900=CARTESIAN_POINT('',(148.,26.,169.));
#11901=CARTESIAN_POINT('',(148.,26.,169.));
#11902=CARTESIAN_POINT('',(150.,26.,169.));
#11903=CARTESIAN_POINT('',(150.,26.,169.));
#11904=CARTESIAN_POINT('',(148.,26.,169.));
#11905=CARTESIAN_POINT('Origin',(148.,26.,191.));
#11906=CARTESIAN_POINT('',(148.,26.,191.));
#11907=CARTESIAN_POINT('',(150.,26.,191.));
#11908=CARTESIAN_POINT('Origin',(150.,78.5,199.5));
#11909=CARTESIAN_POINT('Origin',(148.,78.5,199.5));
#11910=CARTESIAN_POINT('Origin',(149.933150522411,23.,181.499999940395));
#11911=CARTESIAN_POINT('',(146.982263848186,23.,178.));
#11912=CARTESIAN_POINT('',(146.982263848186,23.,184.999999880791));
#11913=CARTESIAN_POINT('',(146.982263848186,23.,178.));
#11914=CARTESIAN_POINT('',(152.778989374638,23.,184.999999880791));
#11915=CARTESIAN_POINT('',(146.982263848186,23.,184.999999880791));
#11916=CARTESIAN_POINT('',(152.778989374638,23.,183.505456924438));
#11917=CARTESIAN_POINT('',(152.778989374638,23.,184.999999880791));
#11918=CARTESIAN_POINT('',(149.150067567825,23.,183.505456924438));
#11919=CARTESIAN_POINT('',(152.778989374638,23.,183.505456924438));
#11920=CARTESIAN_POINT('',(149.150067567825,23.,182.392905831337));
#11921=CARTESIAN_POINT('',(149.150067567825,23.,183.505456924438));
#11922=CARTESIAN_POINT('',(152.516370117664,23.,182.392905831337));
#11923=CARTESIAN_POINT('',(149.150067567825,23.,182.392905831337));
#11924=CARTESIAN_POINT('',(152.516370117664,23.,180.96521127224));
#11925=CARTESIAN_POINT('',(152.516370117664,23.,182.392905831337));
#11926=CARTESIAN_POINT('',(149.150067567825,23.,180.96521127224));
#11927=CARTESIAN_POINT('',(152.516370117664,23.,180.96521127224));
#11928=CARTESIAN_POINT('',(149.150067567825,23.,179.585265994072));
#11929=CARTESIAN_POINT('',(149.150067567825,23.,180.96521127224));
#11930=CARTESIAN_POINT('',(152.884037196636,23.,179.585265994072));
#11931=CARTESIAN_POINT('',(149.150067567825,23.,179.585265994072));
#11932=CARTESIAN_POINT('',(152.884037196636,23.,178.));
#11933=CARTESIAN_POINT('',(152.884037196636,23.,179.585265994072));
#11934=CARTESIAN_POINT('',(152.884037196636,23.,178.));
#11935=CARTESIAN_POINT('Origin',(152.778989374638,20.,184.999999880791));
#11936=CARTESIAN_POINT('',(146.982263848186,17.,184.999999880791));
#11937=CARTESIAN_POINT('',(146.982263848186,20.,184.999999880791));
#11938=CARTESIAN_POINT('',(152.778989374638,17.,184.999999880791));
#11939=CARTESIAN_POINT('',(146.982263848186,17.,184.999999880791));
#11940=CARTESIAN_POINT('',(152.778989374638,20.,184.999999880791));
#11941=CARTESIAN_POINT('Origin',(152.778989374638,20.,183.505456924438));
#11942=CARTESIAN_POINT('',(152.778989374638,17.,183.505456924438));
#11943=CARTESIAN_POINT('',(152.778989374638,17.,184.999999880791));
#11944=CARTESIAN_POINT('',(152.778989374638,20.,183.505456924438));
#11945=CARTESIAN_POINT('Origin',(149.150067567825,20.,183.505456924438));
#11946=CARTESIAN_POINT('',(149.150067567825,17.,183.505456924438));
#11947=CARTESIAN_POINT('',(152.778989374638,17.,183.505456924438));
#11948=CARTESIAN_POINT('',(149.150067567825,20.,183.505456924438));
#11949=CARTESIAN_POINT('Origin',(149.150067567825,20.,182.392905831337));
#11950=CARTESIAN_POINT('',(149.150067567825,17.,182.392905831337));
#11951=CARTESIAN_POINT('',(149.150067567825,17.,183.505456924438));
#11952=CARTESIAN_POINT('',(149.150067567825,20.,182.392905831337));
#11953=CARTESIAN_POINT('Origin',(152.516370117664,20.,182.392905831337));
#11954=CARTESIAN_POINT('',(152.516370117664,17.,182.392905831337));
#11955=CARTESIAN_POINT('',(149.150067567825,17.,182.392905831337));
#11956=CARTESIAN_POINT('',(152.516370117664,20.,182.392905831337));
#11957=CARTESIAN_POINT('Origin',(152.516370117664,20.,180.96521127224));
#11958=CARTESIAN_POINT('',(152.516370117664,17.,180.96521127224));
#11959=CARTESIAN_POINT('',(152.516370117664,17.,182.392905831337));
#11960=CARTESIAN_POINT('',(152.516370117664,20.,180.96521127224));
#11961=CARTESIAN_POINT('Origin',(149.150067567825,20.,180.96521127224));
#11962=CARTESIAN_POINT('',(149.150067567825,17.,180.96521127224));
#11963=CARTESIAN_POINT('',(152.516370117664,17.,180.96521127224));
#11964=CARTESIAN_POINT('',(149.150067567825,20.,180.96521127224));
#11965=CARTESIAN_POINT('Origin',(149.150067567825,20.,179.585265994072));
#11966=CARTESIAN_POINT('',(149.150067567825,17.,179.585265994072));
#11967=CARTESIAN_POINT('',(149.150067567825,17.,180.96521127224));
#11968=CARTESIAN_POINT('',(149.150067567825,20.,179.585265994072));
#11969=CARTESIAN_POINT('Origin',(152.884037196636,20.,179.585265994072));
#11970=CARTESIAN_POINT('',(152.884037196636,17.,179.585265994072));
#11971=CARTESIAN_POINT('',(149.150067567825,17.,179.585265994072));
#11972=CARTESIAN_POINT('',(152.884037196636,20.,179.585265994072));
#11973=CARTESIAN_POINT('Origin',(152.884037196636,20.,178.));
#11974=CARTESIAN_POINT('',(152.884037196636,17.,178.));
#11975=CARTESIAN_POINT('',(152.884037196636,17.,179.585265994072));
#11976=CARTESIAN_POINT('',(152.884037196636,20.,178.));
#11977=CARTESIAN_POINT('Origin',(146.982263848186,20.,178.));
#11978=CARTESIAN_POINT('',(146.982263848186,17.,178.));
#11979=CARTESIAN_POINT('',(152.884037196636,17.,178.));
#11980=CARTESIAN_POINT('',(146.982263848186,20.,178.));
#11981=CARTESIAN_POINT('Origin',(146.982263848186,20.,184.999999880791));
#11982=CARTESIAN_POINT('',(146.982263848186,17.,178.));
#11983=CARTESIAN_POINT('Origin',(149.933150522411,17.,181.499999940395));
#11984=CARTESIAN_POINT('Origin',(119.910982437432,23.,181.499999940395));
#11985=CARTESIAN_POINT('',(115.974079445004,23.,178.));
#11986=CARTESIAN_POINT('',(115.974079445004,23.,184.999999880791));
#11987=CARTESIAN_POINT('',(115.974079445004,23.,178.));
#11988=CARTESIAN_POINT('',(118.818724453449,23.,184.999999880791));
#11989=CARTESIAN_POINT('',(115.974079445004,23.,184.999999880791));
#11990=CARTESIAN_POINT('',(119.91575717926,23.,180.740790843964));
#11991=CARTESIAN_POINT('',(118.818724453449,23.,184.999999880791));
#11992=CARTESIAN_POINT('',(121.004956066608,23.,184.999999880791));
#11993=CARTESIAN_POINT('',(119.91575717926,23.,180.740790843964));
#11994=CARTESIAN_POINT('',(123.847885429859,23.,184.999999880791));
#11995=CARTESIAN_POINT('',(121.004956066608,23.,184.999999880791));
#11996=CARTESIAN_POINT('',(123.847885429859,23.,178.));
#11997=CARTESIAN_POINT('',(123.847885429859,23.,184.999999880791));
#11998=CARTESIAN_POINT('',(122.076398432255,23.,178.));
#11999=CARTESIAN_POINT('',(123.847885429859,23.,178.));
#12000=CARTESIAN_POINT('',(122.076398432255,23.,183.338335633278));
#12001=CARTESIAN_POINT('',(122.076398432255,23.,178.));
#12002=CARTESIAN_POINT('',(120.711449086666,23.,178.));
#12003=CARTESIAN_POINT('',(122.076398432255,23.,183.338335633278));
#12004=CARTESIAN_POINT('',(119.107978641987,23.,178.));
#12005=CARTESIAN_POINT('',(120.711449086666,23.,178.));
#12006=CARTESIAN_POINT('',(117.745566368103,23.,183.338335633278));
#12007=CARTESIAN_POINT('',(119.107978641987,23.,178.));
#12008=CARTESIAN_POINT('',(117.745566368103,23.,178.));
#12009=CARTESIAN_POINT('',(117.745566368103,23.,183.338335633278));
#12010=CARTESIAN_POINT('',(117.745566368103,23.,178.));
#12011=CARTESIAN_POINT('Origin',(118.818724453449,20.,184.999999880791));
#12012=CARTESIAN_POINT('',(115.974079445004,17.,184.999999880791));
#12013=CARTESIAN_POINT('',(115.974079445004,20.,184.999999880791));
#12014=CARTESIAN_POINT('',(118.818724453449,17.,184.999999880791));
#12015=CARTESIAN_POINT('',(115.974079445004,17.,184.999999880791));
#12016=CARTESIAN_POINT('',(118.818724453449,20.,184.999999880791));
#12017=CARTESIAN_POINT('Origin',(119.91575717926,20.,180.740790843964));
#12018=CARTESIAN_POINT('',(119.91575717926,17.,180.740790843964));
#12019=CARTESIAN_POINT('',(118.818724453449,17.,184.999999880791));
#12020=CARTESIAN_POINT('',(119.91575717926,20.,180.740790843964));
#12021=CARTESIAN_POINT('Origin',(121.004956066608,20.,184.999999880791));
#12022=CARTESIAN_POINT('',(121.004956066608,17.,184.999999880791));
#12023=CARTESIAN_POINT('',(119.91575717926,17.,180.740790843964));
#12024=CARTESIAN_POINT('',(121.004956066608,20.,184.999999880791));
#12025=CARTESIAN_POINT('Origin',(123.847885429859,20.,184.999999880791));
#12026=CARTESIAN_POINT('',(123.847885429859,17.,184.999999880791));
#12027=CARTESIAN_POINT('',(121.004956066608,17.,184.999999880791));
#12028=CARTESIAN_POINT('',(123.847885429859,20.,184.999999880791));
#12029=CARTESIAN_POINT('Origin',(123.847885429859,20.,178.));
#12030=CARTESIAN_POINT('',(123.847885429859,17.,178.));
#12031=CARTESIAN_POINT('',(123.847885429859,17.,184.999999880791));
#12032=CARTESIAN_POINT('',(123.847885429859,20.,178.));
#12033=CARTESIAN_POINT('Origin',(122.076398432255,20.,178.));
#12034=CARTESIAN_POINT('',(122.076398432255,17.,178.));
#12035=CARTESIAN_POINT('',(123.847885429859,17.,178.));
#12036=CARTESIAN_POINT('',(122.076398432255,20.,178.));
#12037=CARTESIAN_POINT('Origin',(122.076398432255,20.,183.338335633278));
#12038=CARTESIAN_POINT('',(122.076398432255,17.,183.338335633278));
#12039=CARTESIAN_POINT('',(122.076398432255,17.,178.));
#12040=CARTESIAN_POINT('',(122.076398432255,20.,183.338335633278));
#12041=CARTESIAN_POINT('Origin',(120.711449086666,20.,178.));
#12042=CARTESIAN_POINT('',(120.711449086666,17.,178.));
#12043=CARTESIAN_POINT('',(122.076398432255,17.,183.338335633278));
#12044=CARTESIAN_POINT('',(120.711449086666,20.,178.));
#12045=CARTESIAN_POINT('Origin',(119.107978641987,20.,178.));
#12046=CARTESIAN_POINT('',(119.107978641987,17.,178.));
#12047=CARTESIAN_POINT('',(120.711449086666,17.,178.));
#12048=CARTESIAN_POINT('',(119.107978641987,20.,178.));
#12049=CARTESIAN_POINT('Origin',(117.745566368103,20.,183.338335633278));
#12050=CARTESIAN_POINT('',(117.745566368103,17.,183.338335633278));
#12051=CARTESIAN_POINT('',(119.107978641987,17.,178.));
#12052=CARTESIAN_POINT('',(117.745566368103,20.,183.338335633278));
#12053=CARTESIAN_POINT('Origin',(117.745566368103,20.,178.));
#12054=CARTESIAN_POINT('',(117.745566368103,17.,178.));
#12055=CARTESIAN_POINT('',(117.745566368103,17.,183.338335633278));
#12056=CARTESIAN_POINT('',(117.745566368103,20.,178.));
#12057=CARTESIAN_POINT('Origin',(115.974079445004,20.,178.));
#12058=CARTESIAN_POINT('',(115.974079445004,17.,178.));
#12059=CARTESIAN_POINT('',(117.745566368103,17.,178.));
#12060=CARTESIAN_POINT('',(115.974079445004,20.,178.));
#12061=CARTESIAN_POINT('Origin',(115.974079445004,20.,184.999999880791));
#12062=CARTESIAN_POINT('',(115.974079445004,17.,178.));
#12063=CARTESIAN_POINT('Origin',(119.910982437432,17.,181.499999940395));
#12064=CARTESIAN_POINT('Origin',(85.3669860499213,23.,181.499999940395));
#12065=CARTESIAN_POINT('',(86.9122621417046,23.,178.));
#12066=CARTESIAN_POINT('',(86.5620532631874,23.,179.155525445938));
#12067=CARTESIAN_POINT('',(86.9122621417046,23.,178.));
#12068=CARTESIAN_POINT('',(84.1063386201859,23.,179.155525445938));
#12069=CARTESIAN_POINT('',(86.5620532631874,23.,179.155525445938));
#12070=CARTESIAN_POINT('',(83.7651571631432,23.,178.));
#12071=CARTESIAN_POINT('',(84.1063386201859,23.,179.155525445938));
#12072=CARTESIAN_POINT('',(81.5566178236622,23.,178.));
#12073=CARTESIAN_POINT('',(83.7651571631432,23.,178.));
#12074=CARTESIAN_POINT('',(84.1875866055489,23.,184.999999880791));
#12075=CARTESIAN_POINT('',(81.5566178236622,23.,178.));
#12076=CARTESIAN_POINT('',(86.5469828248024,23.,184.999999880791));
#12077=CARTESIAN_POINT('',(84.1875866055489,23.,184.999999880791));
#12078=CARTESIAN_POINT('',(89.1773542761803,23.,178.));
#12079=CARTESIAN_POINT('',(86.5469828248024,23.,184.999999880791));
#12080=CARTESIAN_POINT('',(89.1773542761803,23.,178.));
#12081=CARTESIAN_POINT('',(84.5761436223984,23.,180.669167518616));
#12082=CARTESIAN_POINT('',(86.1133623123169,23.,180.669167518616));
#12083=CARTESIAN_POINT('',(84.5761436223984,23.,180.669167518616));
#12084=CARTESIAN_POINT('',(85.3407242894173,23.,183.18553853035));
#12085=CARTESIAN_POINT('',(86.1133623123169,23.,180.669167518616));
#12086=CARTESIAN_POINT('',(85.3407242894173,23.,183.18553853035));
#12087=CARTESIAN_POINT('Origin',(85.3407242894173,20.,183.18553853035));
#12088=CARTESIAN_POINT('',(86.1133623123169,17.,180.669167518616));
#12089=CARTESIAN_POINT('',(86.1133623123169,20.,180.669167518616));
#12090=CARTESIAN_POINT('',(85.3407242894173,17.,183.18553853035));
#12091=CARTESIAN_POINT('',(86.1133623123169,17.,180.669167518616));
#12092=CARTESIAN_POINT('',(85.3407242894173,20.,183.18553853035));
#12093=CARTESIAN_POINT('Origin',(84.5761436223984,20.,180.669167518616));
#12094=CARTESIAN_POINT('',(84.5761436223984,17.,180.669167518616));
#12095=CARTESIAN_POINT('',(85.3407242894173,17.,183.18553853035));
#12096=CARTESIAN_POINT('',(84.5761436223984,20.,180.669167518616));
#12097=CARTESIAN_POINT('Origin',(86.1133623123169,20.,180.669167518616));
#12098=CARTESIAN_POINT('',(84.5761436223984,17.,180.669167518616));
#12099=CARTESIAN_POINT('Origin',(84.1063386201859,20.,179.155525445938));
#12100=CARTESIAN_POINT('',(86.5620532631874,17.,179.155525445938));
#12101=CARTESIAN_POINT('',(86.5620532631874,20.,179.155525445938));
#12102=CARTESIAN_POINT('',(84.1063386201859,17.,179.155525445938));
#12103=CARTESIAN_POINT('',(86.5620532631874,17.,179.155525445938));
#12104=CARTESIAN_POINT('',(84.1063386201859,20.,179.155525445938));
#12105=CARTESIAN_POINT('Origin',(83.7651571631432,20.,178.));
#12106=CARTESIAN_POINT('',(83.7651571631432,17.,178.));
#12107=CARTESIAN_POINT('',(84.1063386201859,17.,179.155525445938));
#12108=CARTESIAN_POINT('',(83.7651571631432,20.,178.));
#12109=CARTESIAN_POINT('Origin',(81.5566178236622,20.,178.));
#12110=CARTESIAN_POINT('',(81.5566178236622,17.,178.));
#12111=CARTESIAN_POINT('',(83.7651571631432,17.,178.));
#12112=CARTESIAN_POINT('',(81.5566178236622,20.,178.));
#12113=CARTESIAN_POINT('Origin',(84.1875866055489,20.,184.999999880791));
#12114=CARTESIAN_POINT('',(84.1875866055489,17.,184.999999880791));
#12115=CARTESIAN_POINT('',(81.5566178236622,17.,178.));
#12116=CARTESIAN_POINT('',(84.1875866055489,20.,184.999999880791));
#12117=CARTESIAN_POINT('Origin',(86.5469828248024,20.,184.999999880791));
#12118=CARTESIAN_POINT('',(86.5469828248024,17.,184.999999880791));
#12119=CARTESIAN_POINT('',(84.1875866055489,17.,184.999999880791));
#12120=CARTESIAN_POINT('',(86.5469828248024,20.,184.999999880791));
#12121=CARTESIAN_POINT('Origin',(89.1773542761803,20.,178.));
#12122=CARTESIAN_POINT('',(89.1773542761803,17.,178.));
#12123=CARTESIAN_POINT('',(86.5469828248024,17.,184.999999880791));
#12124=CARTESIAN_POINT('',(89.1773542761803,20.,178.));
#12125=CARTESIAN_POINT('Origin',(86.9122621417046,20.,178.));
#12126=CARTESIAN_POINT('',(86.9122621417046,17.,178.));
#12127=CARTESIAN_POINT('',(89.1773542761803,17.,178.));
#12128=CARTESIAN_POINT('',(86.9122621417046,20.,178.));
#12129=CARTESIAN_POINT('Origin',(86.5620532631874,20.,179.155525445938));
#12130=CARTESIAN_POINT('',(86.9122621417046,17.,178.));
#12131=CARTESIAN_POINT('Origin',(85.3669860499213,17.,181.499999940395));
#12132=CARTESIAN_POINT('Origin',(65.9880641661584,23.,181.499999642372));
#12133=CARTESIAN_POINT('',(67.6568904519081,23.,180.535470724106));
#12134=CARTESIAN_POINT('',(66.2100967764854,23.,180.535470724106));
#12135=CARTESIAN_POINT('',(67.6568904519081,23.,180.535470724106));
#12136=CARTESIAN_POINT('',(66.2100967764854,23.,181.991814851761));
#12137=CARTESIAN_POINT('',(66.2100967764854,23.,180.535470724106));
#12138=CARTESIAN_POINT('',(69.5525249838829,23.,181.991814851761));
#12139=CARTESIAN_POINT('',(66.2100967764854,23.,181.991814851761));
#12140=CARTESIAN_POINT('',(69.5525249838829,23.,179.007503271103));
#12141=CARTESIAN_POINT('',(69.5525249838829,23.,181.991814851761));
#12142=CARTESIAN_POINT('',(67.8550490736961,23.,178.116984844208));
#12143=CARTESIAN_POINT('Ctrl Pts',(69.5525249838829,23.,179.007503271103));
#12144=CARTESIAN_POINT('Ctrl Pts',(69.2573545123125,23.,178.812153723339));
#12145=CARTESIAN_POINT('Ctrl Pts',(68.7213716195439,23.,178.457429840713));
#12146=CARTESIAN_POINT('Ctrl Pts',(68.1236156137527,23.,178.222525367457));
#12147=CARTESIAN_POINT('Ctrl Pts',(67.8550490736961,23.,178.116984844208));
#12148=CARTESIAN_POINT('',(66.1050489544868,23.,177.880627393723));
#12149=CARTESIAN_POINT('Ctrl Pts',(67.8550490736961,23.,178.116984844208));
#12150=CARTESIAN_POINT('Ctrl Pts',(67.5876327251537,23.,178.048131903849));
#12151=CARTESIAN_POINT('Ctrl Pts',(67.013973712758,23.,177.90042922979));
#12152=CARTESIAN_POINT('Ctrl Pts',(66.4213928673678,23.,177.887519262655));
#12153=CARTESIAN_POINT('Ctrl Pts',(66.1050489544868,23.,177.880627393723));
#12154=CARTESIAN_POINT('',(64.0733303129673,23.,178.305593013763));
#12155=CARTESIAN_POINT('Ctrl Pts',(66.1050489544868,23.,177.880627393723));
#12156=CARTESIAN_POINT('Ctrl Pts',(65.7225900292055,23.,177.891349627152));
#12157=CARTESIAN_POINT('Ctrl Pts',(65.0184855734688,23.,177.91108919089));
#12158=CARTESIAN_POINT('Ctrl Pts',(64.3697036682868,23.,178.181888024163));
#12159=CARTESIAN_POINT('Ctrl Pts',(64.0733303129673,23.,178.305593013763));
#12160=CARTESIAN_POINT('',(62.8557315468788,23.,179.570941209793));
#12161=CARTESIAN_POINT('Ctrl Pts',(64.0733303129673,23.,178.305593013763));
#12162=CARTESIAN_POINT('Ctrl Pts',(63.8251801081091,23.,178.466618613035));
#12163=CARTESIAN_POINT('Ctrl Pts',(63.3212653174893,23.,178.793610811925));
#12164=CARTESIAN_POINT('Ctrl Pts',(63.0124648421348,23.,179.309233977253));
#12165=CARTESIAN_POINT('Ctrl Pts',(62.8557315468788,23.,179.570941209793));
#12166=CARTESIAN_POINT('',(62.423603348434,23.,181.500000238419));
#12167=CARTESIAN_POINT('Ctrl Pts',(62.8557315468788,23.,179.570941209793));
#12168=CARTESIAN_POINT('Ctrl Pts',(62.7297413450451,23.,179.867653016031));
#12169=CARTESIAN_POINT('Ctrl Pts',(62.4681186967124,23.,180.483784488238));
#12170=CARTESIAN_POINT('Ctrl Pts',(62.4388019592821,23.,181.15303973329));
#12171=CARTESIAN_POINT('Ctrl Pts',(62.423603348434,23.,181.500000238419));
#12172=CARTESIAN_POINT('',(62.8963181376457,23.,183.493519306183));
#12173=CARTESIAN_POINT('Ctrl Pts',(62.423603348434,23.,181.500000238419));
#12174=CARTESIAN_POINT('Ctrl Pts',(62.4396368698399,23.,181.862800802811));
#12175=CARTESIAN_POINT('Ctrl Pts',(62.4703665068863,23.,182.558139610905));
#12176=CARTESIAN_POINT('Ctrl Pts',(62.7585144898776,23.,183.190905758659));
#12177=CARTESIAN_POINT('Ctrl Pts',(62.8963181376457,23.,183.493519306183));
#12178=CARTESIAN_POINT('',(64.2810383439064,23.,184.780354380608));
#12179=CARTESIAN_POINT('Ctrl Pts',(62.8963181376457,23.,183.493519306183));
#12180=CARTESIAN_POINT('Ctrl Pts',(63.0738805262941,23.,183.759829709514));
#12181=CARTESIAN_POINT('Ctrl Pts',(63.4330718887723,23.,184.29854963406));
#12182=CARTESIAN_POINT('Ctrl Pts',(63.9962574901768,23.,184.618545188484));
#12183=CARTESIAN_POINT('Ctrl Pts',(64.2810383439064,23.,184.780354380608));
#12184=CARTESIAN_POINT('',(66.1957719922066,23.,185.119371891022));
#12185=CARTESIAN_POINT('Ctrl Pts',(64.2810383439064,23.,184.780354380608));
#12186=CARTESIAN_POINT('Ctrl Pts',(64.5565591227081,23.,184.878936728135));
#12187=CARTESIAN_POINT('Ctrl Pts',(65.1743563532662,23.,185.099986848382));
#12188=CARTESIAN_POINT('Ctrl Pts',(65.8316264822263,23.,185.112460917693));
#12189=CARTESIAN_POINT('Ctrl Pts',(66.1957719922066,23.,185.119371891022));
#12190=CARTESIAN_POINT('',(67.931447327137,23.,184.909276843071));
#12191=CARTESIAN_POINT('Ctrl Pts',(66.1957719922066,23.,185.119371891022));
#12192=CARTESIAN_POINT('Ctrl Pts',(66.5359193869958,23.,185.117697482685));
#12193=CARTESIAN_POINT('Ctrl Pts',(67.123485546537,23.,185.11480513163));
#12194=CARTESIAN_POINT('Ctrl Pts',(67.6920359319048,23.,184.970178008825));
#12195=CARTESIAN_POINT('Ctrl Pts',(67.931447327137,23.,184.909276843071));
#12196=CARTESIAN_POINT('',(68.8864263892174,23.,184.257503032684));
#12197=CARTESIAN_POINT('Ctrl Pts',(67.931447327137,23.,184.909276843071));
#12198=CARTESIAN_POINT('Ctrl Pts',(68.1142184782959,23.,184.830593612081));
#12199=CARTESIAN_POINT('Ctrl Pts',(68.4749820051352,23.,184.675284419492));
#12200=CARTESIAN_POINT('Ctrl Pts',(68.7504947677899,23.,184.395528251907));
#12201=CARTESIAN_POINT('Ctrl Pts',(68.8864263892174,23.,184.257503032684));
#12202=CARTESIAN_POINT('',(69.4570270180702,23.,183.137789845467));
#12203=CARTESIAN_POINT('Ctrl Pts',(68.8864263892174,23.,184.257503032684));
#12204=CARTESIAN_POINT('Ctrl Pts',(69.0064837975929,23.,184.095352177002));
#12205=CARTESIAN_POINT('Ctrl Pts',(69.2590031957893,23.,183.754296701558));
#12206=CARTESIAN_POINT('Ctrl Pts',(69.3888922189664,23.,183.349913671288));
#12207=CARTESIAN_POINT('Ctrl Pts',(69.4570270180702,23.,183.137789845467));
#12208=CARTESIAN_POINT('',(67.3703971505165,23.,182.765347838402));
#12209=CARTESIAN_POINT('',(69.4570270180702,23.,183.137789845467));
#12210=CARTESIAN_POINT('',(66.9334936141968,23.,183.371759533882));
#12211=CARTESIAN_POINT('Ctrl Pts',(67.3703971505165,23.,182.765347838402));
#12212=CARTESIAN_POINT('Ctrl Pts',(67.3215937630837,23.,182.888556951831));
#12213=CARTESIAN_POINT('Ctrl Pts',(67.2268466383927,23.,183.127755701082));
#12214=CARTESIAN_POINT('Ctrl Pts',(67.0292904135114,23.,183.292078111586));
#12215=CARTESIAN_POINT('Ctrl Pts',(66.9334936141968,23.,183.371759533882));
#12216=CARTESIAN_POINT('',(66.1480230093002,23.,183.581855177879));
#12217=CARTESIAN_POINT('Ctrl Pts',(66.9334936141968,23.,183.371759533882));
#12218=CARTESIAN_POINT('Ctrl Pts',(66.8191235653895,23.,183.432966178646));
#12219=CARTESIAN_POINT('Ctrl Pts',(66.5742740994865,23.,183.564000609744));
#12220=CARTESIAN_POINT('Ctrl Pts',(66.2962050339277,23.,183.575648211807));
#12221=CARTESIAN_POINT('Ctrl Pts',(66.1480230093002,23.,183.581855177879));
#12222=CARTESIAN_POINT('',(65.0139850378036,23.,183.087653398514));
#12223=CARTESIAN_POINT('Ctrl Pts',(66.1480230093002,23.,183.581855177879));
#12224=CARTESIAN_POINT('Ctrl Pts',(65.9248420512662,23.,183.56347942235));
#12225=CARTESIAN_POINT('Ctrl Pts',(65.4897372410073,23.,183.527654772732));
#12226=CARTESIAN_POINT('Ctrl Pts',(65.1698100351389,23.,183.231768785691));
#12227=CARTESIAN_POINT('Ctrl Pts',(65.0139850378036,23.,183.087653398514));
#12228=CARTESIAN_POINT('',(64.591406583786,23.,181.523874282837));
#12229=CARTESIAN_POINT('Ctrl Pts',(65.0139850378036,23.,183.087653398514));
#12230=CARTESIAN_POINT('Ctrl Pts',(64.8912858976202,23.,182.880011198675));
#12231=CARTESIAN_POINT('Ctrl Pts',(64.6081151805941,23.,182.400804983168));
#12232=CARTESIAN_POINT('Ctrl Pts',(64.5974503152194,23.,181.841072291703));
#12233=CARTESIAN_POINT('Ctrl Pts',(64.591406583786,23.,181.523874282837));
#12234=CARTESIAN_POINT('',(65.0187599658966,23.,179.900409460068));
#12235=CARTESIAN_POINT('Ctrl Pts',(64.591406583786,23.,181.523874282837));
#12236=CARTESIAN_POINT('Ctrl Pts',(64.5956924997929,23.,181.190041705918));
#12237=CARTESIAN_POINT('Ctrl Pts',(64.6031457722513,23.,180.609501828975));
#12238=CARTESIAN_POINT('Ctrl Pts',(64.894812664025,23.,180.111879826691));
#12239=CARTESIAN_POINT('Ctrl Pts',(65.0187599658966,23.,179.900409460068));
#12240=CARTESIAN_POINT('',(66.2100967764854,23.,179.413369774818));
#12241=CARTESIAN_POINT('Ctrl Pts',(65.0187599658966,23.,179.900409460068));
#12242=CARTESIAN_POINT('Ctrl Pts',(65.1807513510856,23.,179.758442321572));
#12243=CARTESIAN_POINT('Ctrl Pts',(65.5207378057808,23.,179.460482624246));
#12244=CARTESIAN_POINT('Ctrl Pts',(65.9732109182602,23.,179.429559261348));
#12245=CARTESIAN_POINT('Ctrl Pts',(66.2100967764854,23.,179.413369774818));
#12246=CARTESIAN_POINT('',(66.9024568796158,23.,179.518417596817));
#12247=CARTESIAN_POINT('Ctrl Pts',(66.2100967764854,23.,179.413369774818));
#12248=CARTESIAN_POINT('Ctrl Pts',(66.3289771852524,23.,179.417527889249));
#12249=CARTESIAN_POINT('Ctrl Pts',(66.5638563291656,23.,179.42574332498));
#12250=CARTESIAN_POINT('Ctrl Pts',(66.7905169771137,23.,179.48777987653));
#12251=CARTESIAN_POINT('Ctrl Pts',(66.9024568796158,23.,179.518417596817));
#12252=CARTESIAN_POINT('',(67.6568904519081,23.,179.876534819603));
#12253=CARTESIAN_POINT('Ctrl Pts',(66.9024568796158,23.,179.518417596817));
#12254=CARTESIAN_POINT('Ctrl Pts',(67.0216085262279,23.,179.562842611394));
#12255=CARTESIAN_POINT('Ctrl Pts',(67.2833018426953,23.,179.660413477842));
#12256=CARTESIAN_POINT('Ctrl Pts',(67.5251553324902,23.,179.800325936185));
#12257=CARTESIAN_POINT('Ctrl Pts',(67.6568904519081,23.,179.876534819603));
#12258=CARTESIAN_POINT('',(67.6568904519081,23.,179.876534819603));
#12259=CARTESIAN_POINT('Origin',(66.2100967764854,20.,181.991814851761));
#12260=CARTESIAN_POINT('',(66.2100967764854,17.,180.535470724106));
#12261=CARTESIAN_POINT('',(66.2100967764854,20.,180.535470724106));
#12262=CARTESIAN_POINT('',(66.2100967764854,17.,181.991814851761));
#12263=CARTESIAN_POINT('',(66.2100967764854,17.,180.535470724106));
#12264=CARTESIAN_POINT('',(66.2100967764854,20.,181.991814851761));
#12265=CARTESIAN_POINT('Origin',(69.5525249838829,20.,181.991814851761));
#12266=CARTESIAN_POINT('',(69.5525249838829,17.,181.991814851761));
#12267=CARTESIAN_POINT('',(66.2100967764854,17.,181.991814851761));
#12268=CARTESIAN_POINT('',(69.5525249838829,20.,181.991814851761));
#12269=CARTESIAN_POINT('Origin',(69.5525249838829,20.,179.007503271103));
#12270=CARTESIAN_POINT('',(69.5525249838829,17.,179.007503271103));
#12271=CARTESIAN_POINT('',(69.5525249838829,17.,181.991814851761));
#12272=CARTESIAN_POINT('',(69.5525249838829,20.,179.007503271103));
#12273=CARTESIAN_POINT('Ctrl Pts',(67.8550490736961,23.,178.116984844208));
#12274=CARTESIAN_POINT('Ctrl Pts',(67.8550490736961,17.,178.116984844208));
#12275=CARTESIAN_POINT('Ctrl Pts',(68.1236156137527,23.,178.222525367457));
#12276=CARTESIAN_POINT('Ctrl Pts',(68.1236156137527,17.,178.222525367457));
#12277=CARTESIAN_POINT('Ctrl Pts',(68.7213716195439,23.,178.457429840713));
#12278=CARTESIAN_POINT('Ctrl Pts',(68.7213716195439,17.,178.457429840713));
#12279=CARTESIAN_POINT('Ctrl Pts',(69.2573545123125,23.,178.812153723339));
#12280=CARTESIAN_POINT('Ctrl Pts',(69.2573545123125,17.,178.812153723339));
#12281=CARTESIAN_POINT('Ctrl Pts',(69.5525249838829,23.,179.007503271103));
#12282=CARTESIAN_POINT('Ctrl Pts',(69.5525249838829,17.,179.007503271103));
#12283=CARTESIAN_POINT('',(67.8550490736961,17.,178.116984844208));
#12284=CARTESIAN_POINT('Ctrl Pts',(67.8550490736961,17.,178.116984844208));
#12285=CARTESIAN_POINT('Ctrl Pts',(68.1236156137527,17.,178.222525367457));
#12286=CARTESIAN_POINT('Ctrl Pts',(68.7213716195439,17.,178.457429840713));
#12287=CARTESIAN_POINT('Ctrl Pts',(69.2573545123125,17.,178.812153723339));
#12288=CARTESIAN_POINT('Ctrl Pts',(69.5525249838829,17.,179.007503271103));
#12289=CARTESIAN_POINT('',(67.8550490736961,20.,178.116984844208));
#12290=CARTESIAN_POINT('Ctrl Pts',(66.1050489544868,23.,177.880627393723));
#12291=CARTESIAN_POINT('Ctrl Pts',(66.1050489544868,17.,177.880627393723));
#12292=CARTESIAN_POINT('Ctrl Pts',(66.4213928673678,23.,177.887519262655));
#12293=CARTESIAN_POINT('Ctrl Pts',(66.4213928673678,17.,177.887519262655));
#12294=CARTESIAN_POINT('Ctrl Pts',(67.013973712758,23.,177.90042922979));
#12295=CARTESIAN_POINT('Ctrl Pts',(67.013973712758,17.,177.90042922979));
#12296=CARTESIAN_POINT('Ctrl Pts',(67.5876327251537,23.,178.048131903849));
#12297=CARTESIAN_POINT('Ctrl Pts',(67.5876327251537,17.,178.048131903849));
#12298=CARTESIAN_POINT('Ctrl Pts',(67.8550490736961,23.,178.116984844208));
#12299=CARTESIAN_POINT('Ctrl Pts',(67.8550490736961,17.,178.116984844208));
#12300=CARTESIAN_POINT('',(66.1050489544868,17.,177.880627393723));
#12301=CARTESIAN_POINT('Ctrl Pts',(66.1050489544868,17.,177.880627393723));
#12302=CARTESIAN_POINT('Ctrl Pts',(66.4213928673678,17.,177.887519262655));
#12303=CARTESIAN_POINT('Ctrl Pts',(67.013973712758,17.,177.90042922979));
#12304=CARTESIAN_POINT('Ctrl Pts',(67.5876327251537,17.,178.048131903849));
#12305=CARTESIAN_POINT('Ctrl Pts',(67.8550490736961,17.,178.116984844208));
#12306=CARTESIAN_POINT('',(66.1050489544868,20.,177.880627393723));
#12307=CARTESIAN_POINT('Ctrl Pts',(64.0733303129673,23.,178.305593013763));
#12308=CARTESIAN_POINT('Ctrl Pts',(64.0733303129673,17.,178.305593013763));
#12309=CARTESIAN_POINT('Ctrl Pts',(64.3697036682868,23.,178.181888024163));
#12310=CARTESIAN_POINT('Ctrl Pts',(64.3697036682868,17.,178.181888024163));
#12311=CARTESIAN_POINT('Ctrl Pts',(65.0184855734688,23.,177.91108919089));
#12312=CARTESIAN_POINT('Ctrl Pts',(65.0184855734688,17.,177.91108919089));
#12313=CARTESIAN_POINT('Ctrl Pts',(65.7225900292055,23.,177.891349627152));
#12314=CARTESIAN_POINT('Ctrl Pts',(65.7225900292055,17.,177.891349627152));
#12315=CARTESIAN_POINT('Ctrl Pts',(66.1050489544868,23.,177.880627393723));
#12316=CARTESIAN_POINT('Ctrl Pts',(66.1050489544868,17.,177.880627393723));
#12317=CARTESIAN_POINT('',(64.0733303129673,17.,178.305593013763));
#12318=CARTESIAN_POINT('Ctrl Pts',(64.0733303129673,17.,178.305593013763));
#12319=CARTESIAN_POINT('Ctrl Pts',(64.3697036682868,17.,178.181888024163));
#12320=CARTESIAN_POINT('Ctrl Pts',(65.0184855734688,17.,177.91108919089));
#12321=CARTESIAN_POINT('Ctrl Pts',(65.7225900292055,17.,177.891349627152));
#12322=CARTESIAN_POINT('Ctrl Pts',(66.1050489544868,17.,177.880627393723));
#12323=CARTESIAN_POINT('',(64.0733303129673,20.,178.305593013763));
#12324=CARTESIAN_POINT('Ctrl Pts',(62.8557315468788,23.,179.570941209793));
#12325=CARTESIAN_POINT('Ctrl Pts',(62.8557315468788,17.,179.570941209793));
#12326=CARTESIAN_POINT('Ctrl Pts',(63.0124648421348,23.,179.309233977253));
#12327=CARTESIAN_POINT('Ctrl Pts',(63.0124648421348,17.,179.309233977253));
#12328=CARTESIAN_POINT('Ctrl Pts',(63.3212653174893,23.,178.793610811925));
#12329=CARTESIAN_POINT('Ctrl Pts',(63.3212653174893,17.,178.793610811925));
#12330=CARTESIAN_POINT('Ctrl Pts',(63.8251801081091,23.,178.466618613035));
#12331=CARTESIAN_POINT('Ctrl Pts',(63.8251801081091,17.,178.466618613035));
#12332=CARTESIAN_POINT('Ctrl Pts',(64.0733303129673,23.,178.305593013763));
#12333=CARTESIAN_POINT('Ctrl Pts',(64.0733303129673,17.,178.305593013763));
#12334=CARTESIAN_POINT('',(62.8557315468788,17.,179.570941209793));
#12335=CARTESIAN_POINT('Ctrl Pts',(62.8557315468788,17.,179.570941209793));
#12336=CARTESIAN_POINT('Ctrl Pts',(63.0124648421348,17.,179.309233977253));
#12337=CARTESIAN_POINT('Ctrl Pts',(63.3212653174893,17.,178.793610811925));
#12338=CARTESIAN_POINT('Ctrl Pts',(63.8251801081091,17.,178.466618613035));
#12339=CARTESIAN_POINT('Ctrl Pts',(64.0733303129673,17.,178.305593013763));
#12340=CARTESIAN_POINT('',(62.8557315468788,20.,179.570941209793));
#12341=CARTESIAN_POINT('Ctrl Pts',(62.423603348434,23.,181.500000238419));
#12342=CARTESIAN_POINT('Ctrl Pts',(62.423603348434,17.,181.500000238419));
#12343=CARTESIAN_POINT('Ctrl Pts',(62.4388019592821,23.,181.15303973329));
#12344=CARTESIAN_POINT('Ctrl Pts',(62.4388019592821,17.,181.15303973329));
#12345=CARTESIAN_POINT('Ctrl Pts',(62.4681186967124,23.,180.483784488238));
#12346=CARTESIAN_POINT('Ctrl Pts',(62.4681186967124,17.,180.483784488238));
#12347=CARTESIAN_POINT('Ctrl Pts',(62.7297413450451,23.,179.867653016031));
#12348=CARTESIAN_POINT('Ctrl Pts',(62.7297413450451,17.,179.867653016031));
#12349=CARTESIAN_POINT('Ctrl Pts',(62.8557315468788,23.,179.570941209793));
#12350=CARTESIAN_POINT('Ctrl Pts',(62.8557315468788,17.,179.570941209793));
#12351=CARTESIAN_POINT('',(62.423603348434,17.,181.500000238419));
#12352=CARTESIAN_POINT('Ctrl Pts',(62.423603348434,17.,181.500000238419));
#12353=CARTESIAN_POINT('Ctrl Pts',(62.4388019592821,17.,181.15303973329));
#12354=CARTESIAN_POINT('Ctrl Pts',(62.4681186967124,17.,180.483784488238));
#12355=CARTESIAN_POINT('Ctrl Pts',(62.7297413450451,17.,179.867653016031));
#12356=CARTESIAN_POINT('Ctrl Pts',(62.8557315468788,17.,179.570941209793));
#12357=CARTESIAN_POINT('',(62.423603348434,20.,181.500000238419));
#12358=CARTESIAN_POINT('Ctrl Pts',(62.8963181376457,23.,183.493519306183));
#12359=CARTESIAN_POINT('Ctrl Pts',(62.8963181376457,17.,183.493519306183));
#12360=CARTESIAN_POINT('Ctrl Pts',(62.7585144898776,23.,183.190905758659));
#12361=CARTESIAN_POINT('Ctrl Pts',(62.7585144898776,17.,183.190905758659));
#12362=CARTESIAN_POINT('Ctrl Pts',(62.4703665068863,23.,182.558139610905));
#12363=CARTESIAN_POINT('Ctrl Pts',(62.4703665068863,17.,182.558139610905));
#12364=CARTESIAN_POINT('Ctrl Pts',(62.4396368698399,23.,181.862800802811));
#12365=CARTESIAN_POINT('Ctrl Pts',(62.4396368698399,17.,181.862800802811));
#12366=CARTESIAN_POINT('Ctrl Pts',(62.423603348434,23.,181.500000238419));
#12367=CARTESIAN_POINT('Ctrl Pts',(62.423603348434,17.,181.500000238419));
#12368=CARTESIAN_POINT('',(62.8963181376457,17.,183.493519306183));
#12369=CARTESIAN_POINT('Ctrl Pts',(62.8963181376457,17.,183.493519306183));
#12370=CARTESIAN_POINT('Ctrl Pts',(62.7585144898776,17.,183.190905758659));
#12371=CARTESIAN_POINT('Ctrl Pts',(62.4703665068863,17.,182.558139610905));
#12372=CARTESIAN_POINT('Ctrl Pts',(62.4396368698399,17.,181.862800802811));
#12373=CARTESIAN_POINT('Ctrl Pts',(62.423603348434,17.,181.500000238419));
#12374=CARTESIAN_POINT('',(62.8963181376457,20.,183.493519306183));
#12375=CARTESIAN_POINT('Ctrl Pts',(64.2810383439064,23.,184.780354380608));
#12376=CARTESIAN_POINT('Ctrl Pts',(64.2810383439064,17.,184.780354380608));
#12377=CARTESIAN_POINT('Ctrl Pts',(63.9962574901768,23.,184.618545188484));
#12378=CARTESIAN_POINT('Ctrl Pts',(63.9962574901768,17.,184.618545188484));
#12379=CARTESIAN_POINT('Ctrl Pts',(63.4330718887723,23.,184.29854963406));
#12380=CARTESIAN_POINT('Ctrl Pts',(63.4330718887723,17.,184.29854963406));
#12381=CARTESIAN_POINT('Ctrl Pts',(63.0738805262941,23.,183.759829709514));
#12382=CARTESIAN_POINT('Ctrl Pts',(63.0738805262941,17.,183.759829709514));
#12383=CARTESIAN_POINT('Ctrl Pts',(62.8963181376457,23.,183.493519306183));
#12384=CARTESIAN_POINT('Ctrl Pts',(62.8963181376457,17.,183.493519306183));
#12385=CARTESIAN_POINT('',(64.2810383439064,17.,184.780354380608));
#12386=CARTESIAN_POINT('Ctrl Pts',(64.2810383439064,17.,184.780354380608));
#12387=CARTESIAN_POINT('Ctrl Pts',(63.9962574901768,17.,184.618545188484));
#12388=CARTESIAN_POINT('Ctrl Pts',(63.4330718887723,17.,184.29854963406));
#12389=CARTESIAN_POINT('Ctrl Pts',(63.0738805262941,17.,183.759829709514));
#12390=CARTESIAN_POINT('Ctrl Pts',(62.8963181376457,17.,183.493519306183));
#12391=CARTESIAN_POINT('',(64.2810383439064,20.,184.780354380608));
#12392=CARTESIAN_POINT('Ctrl Pts',(66.1957719922066,23.,185.119371891022));
#12393=CARTESIAN_POINT('Ctrl Pts',(66.1957719922066,17.,185.119371891022));
#12394=CARTESIAN_POINT('Ctrl Pts',(65.8316264822263,23.,185.112460917693));
#12395=CARTESIAN_POINT('Ctrl Pts',(65.8316264822263,17.,185.112460917693));
#12396=CARTESIAN_POINT('Ctrl Pts',(65.1743563532662,23.,185.099986848382));
#12397=CARTESIAN_POINT('Ctrl Pts',(65.1743563532662,17.,185.099986848382));
#12398=CARTESIAN_POINT('Ctrl Pts',(64.5565591227081,23.,184.878936728135));
#12399=CARTESIAN_POINT('Ctrl Pts',(64.5565591227081,17.,184.878936728135));
#12400=CARTESIAN_POINT('Ctrl Pts',(64.2810383439064,23.,184.780354380608));
#12401=CARTESIAN_POINT('Ctrl Pts',(64.2810383439064,17.,184.780354380608));
#12402=CARTESIAN_POINT('',(66.1957719922066,17.,185.119371891022));
#12403=CARTESIAN_POINT('Ctrl Pts',(66.1957719922066,17.,185.119371891022));
#12404=CARTESIAN_POINT('Ctrl Pts',(65.8316264822263,17.,185.112460917693));
#12405=CARTESIAN_POINT('Ctrl Pts',(65.1743563532662,17.,185.099986848382));
#12406=CARTESIAN_POINT('Ctrl Pts',(64.5565591227081,17.,184.878936728135));
#12407=CARTESIAN_POINT('Ctrl Pts',(64.2810383439064,17.,184.780354380608));
#12408=CARTESIAN_POINT('',(66.1957719922066,20.,185.119371891022));
#12409=CARTESIAN_POINT('Ctrl Pts',(67.931447327137,23.,184.909276843071));
#12410=CARTESIAN_POINT('Ctrl Pts',(67.931447327137,17.,184.909276843071));
#12411=CARTESIAN_POINT('Ctrl Pts',(67.6920359319048,23.,184.970178008825));
#12412=CARTESIAN_POINT('Ctrl Pts',(67.6920359319048,17.,184.970178008825));
#12413=CARTESIAN_POINT('Ctrl Pts',(67.123485546537,23.,185.11480513163));
#12414=CARTESIAN_POINT('Ctrl Pts',(67.123485546537,17.,185.11480513163));
#12415=CARTESIAN_POINT('Ctrl Pts',(66.5359193869958,23.,185.117697482685));
#12416=CARTESIAN_POINT('Ctrl Pts',(66.5359193869958,17.,185.117697482685));
#12417=CARTESIAN_POINT('Ctrl Pts',(66.1957719922066,23.,185.119371891022));
#12418=CARTESIAN_POINT('Ctrl Pts',(66.1957719922066,17.,185.119371891022));
#12419=CARTESIAN_POINT('',(67.931447327137,17.,184.909276843071));
#12420=CARTESIAN_POINT('Ctrl Pts',(67.931447327137,17.,184.909276843071));
#12421=CARTESIAN_POINT('Ctrl Pts',(67.6920359319048,17.,184.970178008825));
#12422=CARTESIAN_POINT('Ctrl Pts',(67.123485546537,17.,185.11480513163));
#12423=CARTESIAN_POINT('Ctrl Pts',(66.5359193869958,17.,185.117697482685));
#12424=CARTESIAN_POINT('Ctrl Pts',(66.1957719922066,17.,185.119371891022));
#12425=CARTESIAN_POINT('',(67.931447327137,20.,184.909276843071));
#12426=CARTESIAN_POINT('Ctrl Pts',(68.8864263892174,23.,184.257503032684));
#12427=CARTESIAN_POINT('Ctrl Pts',(68.8864263892174,17.,184.257503032684));
#12428=CARTESIAN_POINT('Ctrl Pts',(68.7504947677899,23.,184.395528251907));
#12429=CARTESIAN_POINT('Ctrl Pts',(68.7504947677899,17.,184.395528251907));
#12430=CARTESIAN_POINT('Ctrl Pts',(68.4749820051352,23.,184.675284419492));
#12431=CARTESIAN_POINT('Ctrl Pts',(68.4749820051352,17.,184.675284419492));
#12432=CARTESIAN_POINT('Ctrl Pts',(68.1142184782959,23.,184.830593612081));
#12433=CARTESIAN_POINT('Ctrl Pts',(68.1142184782959,17.,184.830593612081));
#12434=CARTESIAN_POINT('Ctrl Pts',(67.931447327137,23.,184.909276843071));
#12435=CARTESIAN_POINT('Ctrl Pts',(67.931447327137,17.,184.909276843071));
#12436=CARTESIAN_POINT('',(68.8864263892174,17.,184.257503032684));
#12437=CARTESIAN_POINT('Ctrl Pts',(68.8864263892174,17.,184.257503032684));
#12438=CARTESIAN_POINT('Ctrl Pts',(68.7504947677899,17.,184.395528251907));
#12439=CARTESIAN_POINT('Ctrl Pts',(68.4749820051352,17.,184.675284419492));
#12440=CARTESIAN_POINT('Ctrl Pts',(68.1142184782959,17.,184.830593612081));
#12441=CARTESIAN_POINT('Ctrl Pts',(67.931447327137,17.,184.909276843071));
#12442=CARTESIAN_POINT('',(68.8864263892174,20.,184.257503032684));
#12443=CARTESIAN_POINT('Ctrl Pts',(69.4570270180702,23.,183.137789845467));
#12444=CARTESIAN_POINT('Ctrl Pts',(69.4570270180702,17.,183.137789845467));
#12445=CARTESIAN_POINT('Ctrl Pts',(69.3888922189664,23.,183.349913671288));
#12446=CARTESIAN_POINT('Ctrl Pts',(69.3888922189664,17.,183.349913671288));
#12447=CARTESIAN_POINT('Ctrl Pts',(69.2590031957893,23.,183.754296701558));
#12448=CARTESIAN_POINT('Ctrl Pts',(69.2590031957893,17.,183.754296701558));
#12449=CARTESIAN_POINT('Ctrl Pts',(69.0064837975929,23.,184.095352177002));
#12450=CARTESIAN_POINT('Ctrl Pts',(69.0064837975929,17.,184.095352177002));
#12451=CARTESIAN_POINT('Ctrl Pts',(68.8864263892174,23.,184.257503032684));
#12452=CARTESIAN_POINT('Ctrl Pts',(68.8864263892174,17.,184.257503032684));
#12453=CARTESIAN_POINT('',(69.4570270180702,17.,183.137789845467));
#12454=CARTESIAN_POINT('Ctrl Pts',(69.4570270180702,17.,183.137789845467));
#12455=CARTESIAN_POINT('Ctrl Pts',(69.3888922189664,17.,183.349913671288));
#12456=CARTESIAN_POINT('Ctrl Pts',(69.2590031957893,17.,183.754296701558));
#12457=CARTESIAN_POINT('Ctrl Pts',(69.0064837975929,17.,184.095352177002));
#12458=CARTESIAN_POINT('Ctrl Pts',(68.8864263892174,17.,184.257503032684));
#12459=CARTESIAN_POINT('',(69.4570270180702,20.,183.137789845467));
#12460=CARTESIAN_POINT('Origin',(67.3703971505165,20.,182.765347838402));
#12461=CARTESIAN_POINT('',(67.3703971505165,17.,182.765347838402));
#12462=CARTESIAN_POINT('',(69.4570270180702,17.,183.137789845467));
#12463=CARTESIAN_POINT('',(67.3703971505165,20.,182.765347838402));
#12464=CARTESIAN_POINT('Ctrl Pts',(66.9334936141968,23.,183.371759533882));
#12465=CARTESIAN_POINT('Ctrl Pts',(66.9334936141968,17.,183.371759533882));
#12466=CARTESIAN_POINT('Ctrl Pts',(67.0292904135114,23.,183.292078111586));
#12467=CARTESIAN_POINT('Ctrl Pts',(67.0292904135114,17.,183.292078111586));
#12468=CARTESIAN_POINT('Ctrl Pts',(67.2268466383927,23.,183.127755701082));
#12469=CARTESIAN_POINT('Ctrl Pts',(67.2268466383927,17.,183.127755701082));
#12470=CARTESIAN_POINT('Ctrl Pts',(67.3215937630837,23.,182.888556951831));
#12471=CARTESIAN_POINT('Ctrl Pts',(67.3215937630837,17.,182.888556951831));
#12472=CARTESIAN_POINT('Ctrl Pts',(67.3703971505165,23.,182.765347838402));
#12473=CARTESIAN_POINT('Ctrl Pts',(67.3703971505165,17.,182.765347838402));
#12474=CARTESIAN_POINT('',(66.9334936141968,17.,183.371759533882));
#12475=CARTESIAN_POINT('Ctrl Pts',(66.9334936141968,17.,183.371759533882));
#12476=CARTESIAN_POINT('Ctrl Pts',(67.0292904135114,17.,183.292078111586));
#12477=CARTESIAN_POINT('Ctrl Pts',(67.2268466383927,17.,183.127755701082));
#12478=CARTESIAN_POINT('Ctrl Pts',(67.3215937630837,17.,182.888556951831));
#12479=CARTESIAN_POINT('Ctrl Pts',(67.3703971505165,17.,182.765347838402));
#12480=CARTESIAN_POINT('',(66.9334936141968,20.,183.371759533882));
#12481=CARTESIAN_POINT('Ctrl Pts',(66.1480230093002,23.,183.581855177879));
#12482=CARTESIAN_POINT('Ctrl Pts',(66.1480230093002,17.,183.581855177879));
#12483=CARTESIAN_POINT('Ctrl Pts',(66.2962050339277,23.,183.575648211807));
#12484=CARTESIAN_POINT('Ctrl Pts',(66.2962050339277,17.,183.575648211807));
#12485=CARTESIAN_POINT('Ctrl Pts',(66.5742740994865,23.,183.564000609744));
#12486=CARTESIAN_POINT('Ctrl Pts',(66.5742740994865,17.,183.564000609744));
#12487=CARTESIAN_POINT('Ctrl Pts',(66.8191235653895,23.,183.432966178646));
#12488=CARTESIAN_POINT('Ctrl Pts',(66.8191235653895,17.,183.432966178646));
#12489=CARTESIAN_POINT('Ctrl Pts',(66.9334936141968,23.,183.371759533882));
#12490=CARTESIAN_POINT('Ctrl Pts',(66.9334936141968,17.,183.371759533882));
#12491=CARTESIAN_POINT('',(66.1480230093002,17.,183.581855177879));
#12492=CARTESIAN_POINT('Ctrl Pts',(66.1480230093002,17.,183.581855177879));
#12493=CARTESIAN_POINT('Ctrl Pts',(66.2962050339277,17.,183.575648211807));
#12494=CARTESIAN_POINT('Ctrl Pts',(66.5742740994865,17.,183.564000609744));
#12495=CARTESIAN_POINT('Ctrl Pts',(66.8191235653895,17.,183.432966178646));
#12496=CARTESIAN_POINT('Ctrl Pts',(66.9334936141968,17.,183.371759533882));
#12497=CARTESIAN_POINT('',(66.1480230093002,20.,183.581855177879));
#12498=CARTESIAN_POINT('Ctrl Pts',(65.0139850378036,23.,183.087653398514));
#12499=CARTESIAN_POINT('Ctrl Pts',(65.0139850378036,17.,183.087653398514));
#12500=CARTESIAN_POINT('Ctrl Pts',(65.1698100351389,23.,183.231768785691));
#12501=CARTESIAN_POINT('Ctrl Pts',(65.1698100351389,17.,183.231768785691));
#12502=CARTESIAN_POINT('Ctrl Pts',(65.4897372410073,23.,183.527654772732));
#12503=CARTESIAN_POINT('Ctrl Pts',(65.4897372410073,17.,183.527654772732));
#12504=CARTESIAN_POINT('Ctrl Pts',(65.9248420512662,23.,183.56347942235));
#12505=CARTESIAN_POINT('Ctrl Pts',(65.9248420512662,17.,183.56347942235));
#12506=CARTESIAN_POINT('Ctrl Pts',(66.1480230093002,23.,183.581855177879));
#12507=CARTESIAN_POINT('Ctrl Pts',(66.1480230093002,17.,183.581855177879));
#12508=CARTESIAN_POINT('',(65.0139850378036,17.,183.087653398514));
#12509=CARTESIAN_POINT('Ctrl Pts',(65.0139850378036,17.,183.087653398514));
#12510=CARTESIAN_POINT('Ctrl Pts',(65.1698100351389,17.,183.231768785691));
#12511=CARTESIAN_POINT('Ctrl Pts',(65.4897372410073,17.,183.527654772732));
#12512=CARTESIAN_POINT('Ctrl Pts',(65.9248420512662,17.,183.56347942235));
#12513=CARTESIAN_POINT('Ctrl Pts',(66.1480230093002,17.,183.581855177879));
#12514=CARTESIAN_POINT('',(65.0139850378036,20.,183.087653398514));
#12515=CARTESIAN_POINT('Ctrl Pts',(64.591406583786,23.,181.523874282837));
#12516=CARTESIAN_POINT('Ctrl Pts',(64.591406583786,17.,181.523874282837));
#12517=CARTESIAN_POINT('Ctrl Pts',(64.5974503152194,23.,181.841072291703));
#12518=CARTESIAN_POINT('Ctrl Pts',(64.5974503152194,17.,181.841072291703));
#12519=CARTESIAN_POINT('Ctrl Pts',(64.6081151805941,23.,182.400804983168));
#12520=CARTESIAN_POINT('Ctrl Pts',(64.6081151805941,17.,182.400804983168));
#12521=CARTESIAN_POINT('Ctrl Pts',(64.8912858976202,23.,182.880011198675));
#12522=CARTESIAN_POINT('Ctrl Pts',(64.8912858976202,17.,182.880011198675));
#12523=CARTESIAN_POINT('Ctrl Pts',(65.0139850378036,23.,183.087653398514));
#12524=CARTESIAN_POINT('Ctrl Pts',(65.0139850378036,17.,183.087653398514));
#12525=CARTESIAN_POINT('',(64.591406583786,17.,181.523874282837));
#12526=CARTESIAN_POINT('Ctrl Pts',(64.591406583786,17.,181.523874282837));
#12527=CARTESIAN_POINT('Ctrl Pts',(64.5974503152194,17.,181.841072291703));
#12528=CARTESIAN_POINT('Ctrl Pts',(64.6081151805941,17.,182.400804983168));
#12529=CARTESIAN_POINT('Ctrl Pts',(64.8912858976202,17.,182.880011198675));
#12530=CARTESIAN_POINT('Ctrl Pts',(65.0139850378036,17.,183.087653398514));
#12531=CARTESIAN_POINT('',(64.591406583786,20.,181.523874282837));
#12532=CARTESIAN_POINT('Ctrl Pts',(65.0187599658966,23.,179.900409460068));
#12533=CARTESIAN_POINT('Ctrl Pts',(65.0187599658966,17.,179.900409460068));
#12534=CARTESIAN_POINT('Ctrl Pts',(64.894812664025,23.,180.111879826691));
#12535=CARTESIAN_POINT('Ctrl Pts',(64.894812664025,17.,180.111879826691));
#12536=CARTESIAN_POINT('Ctrl Pts',(64.6031457722513,23.,180.609501828975));
#12537=CARTESIAN_POINT('Ctrl Pts',(64.6031457722513,17.,180.609501828975));
#12538=CARTESIAN_POINT('Ctrl Pts',(64.5956924997929,23.,181.190041705918));
#12539=CARTESIAN_POINT('Ctrl Pts',(64.5956924997929,17.,181.190041705918));
#12540=CARTESIAN_POINT('Ctrl Pts',(64.591406583786,23.,181.523874282837));
#12541=CARTESIAN_POINT('Ctrl Pts',(64.591406583786,17.,181.523874282837));
#12542=CARTESIAN_POINT('',(65.0187599658966,17.,179.900409460068));
#12543=CARTESIAN_POINT('Ctrl Pts',(65.0187599658966,17.,179.900409460068));
#12544=CARTESIAN_POINT('Ctrl Pts',(64.894812664025,17.,180.111879826691));
#12545=CARTESIAN_POINT('Ctrl Pts',(64.6031457722513,17.,180.609501828975));
#12546=CARTESIAN_POINT('Ctrl Pts',(64.5956924997929,17.,181.190041705918));
#12547=CARTESIAN_POINT('Ctrl Pts',(64.591406583786,17.,181.523874282837));
#12548=CARTESIAN_POINT('',(65.0187599658966,20.,179.900409460068));
#12549=CARTESIAN_POINT('Ctrl Pts',(66.2100967764854,23.,179.413369774818));
#12550=CARTESIAN_POINT('Ctrl Pts',(66.2100967764854,17.,179.413369774818));
#12551=CARTESIAN_POINT('Ctrl Pts',(65.9732109182602,23.,179.429559261348));
#12552=CARTESIAN_POINT('Ctrl Pts',(65.9732109182602,17.,179.429559261348));
#12553=CARTESIAN_POINT('Ctrl Pts',(65.5207378057808,23.,179.460482624246));
#12554=CARTESIAN_POINT('Ctrl Pts',(65.5207378057808,17.,179.460482624246));
#12555=CARTESIAN_POINT('Ctrl Pts',(65.1807513510856,23.,179.758442321572));
#12556=CARTESIAN_POINT('Ctrl Pts',(65.1807513510856,17.,179.758442321572));
#12557=CARTESIAN_POINT('Ctrl Pts',(65.0187599658966,23.,179.900409460068));
#12558=CARTESIAN_POINT('Ctrl Pts',(65.0187599658966,17.,179.900409460068));
#12559=CARTESIAN_POINT('',(66.2100967764854,17.,179.413369774818));
#12560=CARTESIAN_POINT('Ctrl Pts',(66.2100967764854,17.,179.413369774818));
#12561=CARTESIAN_POINT('Ctrl Pts',(65.9732109182602,17.,179.429559261348));
#12562=CARTESIAN_POINT('Ctrl Pts',(65.5207378057808,17.,179.460482624246));
#12563=CARTESIAN_POINT('Ctrl Pts',(65.1807513510856,17.,179.758442321572));
#12564=CARTESIAN_POINT('Ctrl Pts',(65.0187599658966,17.,179.900409460068));
#12565=CARTESIAN_POINT('',(66.2100967764854,20.,179.413369774818));
#12566=CARTESIAN_POINT('Ctrl Pts',(66.9024568796158,23.,179.518417596817));
#12567=CARTESIAN_POINT('Ctrl Pts',(66.9024568796158,17.,179.518417596817));
#12568=CARTESIAN_POINT('Ctrl Pts',(66.7905169771137,23.,179.48777987653));
#12569=CARTESIAN_POINT('Ctrl Pts',(66.7905169771137,17.,179.48777987653));
#12570=CARTESIAN_POINT('Ctrl Pts',(66.5638563291656,23.,179.42574332498));
#12571=CARTESIAN_POINT('Ctrl Pts',(66.5638563291656,17.,179.42574332498));
#12572=CARTESIAN_POINT('Ctrl Pts',(66.3289771852524,23.,179.417527889249));
#12573=CARTESIAN_POINT('Ctrl Pts',(66.3289771852524,17.,179.417527889249));
#12574=CARTESIAN_POINT('Ctrl Pts',(66.2100967764854,23.,179.413369774818));
#12575=CARTESIAN_POINT('Ctrl Pts',(66.2100967764854,17.,179.413369774818));
#12576=CARTESIAN_POINT('',(66.9024568796158,17.,179.518417596817));
#12577=CARTESIAN_POINT('Ctrl Pts',(66.9024568796158,17.,179.518417596817));
#12578=CARTESIAN_POINT('Ctrl Pts',(66.7905169771137,17.,179.48777987653));
#12579=CARTESIAN_POINT('Ctrl Pts',(66.5638563291656,17.,179.42574332498));
#12580=CARTESIAN_POINT('Ctrl Pts',(66.3289771852524,17.,179.417527889249));
#12581=CARTESIAN_POINT('Ctrl Pts',(66.2100967764854,17.,179.413369774818));
#12582=CARTESIAN_POINT('',(66.9024568796158,20.,179.518417596817));
#12583=CARTESIAN_POINT('Ctrl Pts',(67.6568904519081,23.,179.876534819603));
#12584=CARTESIAN_POINT('Ctrl Pts',(67.6568904519081,17.,179.876534819603));
#12585=CARTESIAN_POINT('Ctrl Pts',(67.5251553324902,23.,179.800325936185));
#12586=CARTESIAN_POINT('Ctrl Pts',(67.5251553324902,17.,179.800325936185));
#12587=CARTESIAN_POINT('Ctrl Pts',(67.2833018426953,23.,179.660413477842));
#12588=CARTESIAN_POINT('Ctrl Pts',(67.2833018426953,17.,179.660413477842));
#12589=CARTESIAN_POINT('Ctrl Pts',(67.0216085262279,23.,179.562842611394));
#12590=CARTESIAN_POINT('Ctrl Pts',(67.0216085262279,17.,179.562842611394));
#12591=CARTESIAN_POINT('Ctrl Pts',(66.9024568796158,23.,179.518417596817));
#12592=CARTESIAN_POINT('Ctrl Pts',(66.9024568796158,17.,179.518417596817));
#12593=CARTESIAN_POINT('',(67.6568904519081,17.,179.876534819603));
#12594=CARTESIAN_POINT('Ctrl Pts',(67.6568904519081,17.,179.876534819603));
#12595=CARTESIAN_POINT('Ctrl Pts',(67.5251553324902,17.,179.800325936185));
#12596=CARTESIAN_POINT('Ctrl Pts',(67.2833018426953,17.,179.660413477842));
#12597=CARTESIAN_POINT('Ctrl Pts',(67.0216085262279,17.,179.562842611394));
#12598=CARTESIAN_POINT('Ctrl Pts',(66.9024568796158,17.,179.518417596817));
#12599=CARTESIAN_POINT('',(67.6568904519081,20.,179.876534819603));
#12600=CARTESIAN_POINT('Origin',(67.6568904519081,20.,180.535470724106));
#12601=CARTESIAN_POINT('',(67.6568904519081,17.,180.535470724106));
#12602=CARTESIAN_POINT('',(67.6568904519081,17.,179.876534819603));
#12603=CARTESIAN_POINT('',(67.6568904519081,20.,180.535470724106));
#12604=CARTESIAN_POINT('Origin',(66.2100967764854,20.,180.535470724106));
#12605=CARTESIAN_POINT('',(67.6568904519081,17.,180.535470724106));
#12606=CARTESIAN_POINT('Origin',(65.9880641661584,17.,181.499999642372));
#12607=CARTESIAN_POINT('Origin',(93.2551166787744,23.,181.499999940395));
#12608=CARTESIAN_POINT('',(89.9079135805368,23.,178.));
#12609=CARTESIAN_POINT('',(89.9079135805368,23.,184.999999880791));
#12610=CARTESIAN_POINT('',(89.9079135805368,23.,178.));
#12611=CARTESIAN_POINT('',(91.927695274353,23.,184.999999880791));
#12612=CARTESIAN_POINT('',(89.9079135805368,23.,184.999999880791));
#12613=CARTESIAN_POINT('',(94.5634385943413,23.,181.127259016037));
#12614=CARTESIAN_POINT('',(91.927695274353,23.,184.999999880791));
#12615=CARTESIAN_POINT('',(94.5634385943413,23.,184.999999880791));
#12616=CARTESIAN_POINT('',(94.5634385943413,23.,181.127259016037));
#12617=CARTESIAN_POINT('',(96.6023197770119,23.,184.999999880791));
#12618=CARTESIAN_POINT('',(94.5634385943413,23.,184.999999880791));
#12619=CARTESIAN_POINT('',(96.6023197770119,23.,178.));
#12620=CARTESIAN_POINT('',(96.6023197770119,23.,184.999999880791));
#12621=CARTESIAN_POINT('',(94.5634385943413,23.,178.));
#12622=CARTESIAN_POINT('',(96.6023197770119,23.,178.));
#12623=CARTESIAN_POINT('',(91.9420200586319,23.,181.843494057655));
#12624=CARTESIAN_POINT('',(94.5634385943413,23.,178.));
#12625=CARTESIAN_POINT('',(91.9420200586319,23.,178.));
#12626=CARTESIAN_POINT('',(91.9420200586319,23.,181.843494057655));
#12627=CARTESIAN_POINT('',(91.9420200586319,23.,178.));
#12628=CARTESIAN_POINT('Origin',(91.927695274353,20.,184.999999880791));
#12629=CARTESIAN_POINT('',(89.9079135805368,17.,184.999999880791));
#12630=CARTESIAN_POINT('',(89.9079135805368,20.,184.999999880791));
#12631=CARTESIAN_POINT('',(91.927695274353,17.,184.999999880791));
#12632=CARTESIAN_POINT('',(89.9079135805368,17.,184.999999880791));
#12633=CARTESIAN_POINT('',(91.927695274353,20.,184.999999880791));
#12634=CARTESIAN_POINT('Origin',(94.5634385943413,20.,181.127259016037));
#12635=CARTESIAN_POINT('',(94.5634385943413,17.,181.127259016037));
#12636=CARTESIAN_POINT('',(91.927695274353,17.,184.999999880791));
#12637=CARTESIAN_POINT('',(94.5634385943413,20.,181.127259016037));
#12638=CARTESIAN_POINT('Origin',(94.5634385943413,20.,184.999999880791));
#12639=CARTESIAN_POINT('',(94.5634385943413,17.,184.999999880791));
#12640=CARTESIAN_POINT('',(94.5634385943413,17.,181.127259016037));
#12641=CARTESIAN_POINT('',(94.5634385943413,20.,184.999999880791));
#12642=CARTESIAN_POINT('Origin',(96.6023197770119,20.,184.999999880791));
#12643=CARTESIAN_POINT('',(96.6023197770119,17.,184.999999880791));
#12644=CARTESIAN_POINT('',(94.5634385943413,17.,184.999999880791));
#12645=CARTESIAN_POINT('',(96.6023197770119,20.,184.999999880791));
#12646=CARTESIAN_POINT('Origin',(96.6023197770119,20.,178.));
#12647=CARTESIAN_POINT('',(96.6023197770119,17.,178.));
#12648=CARTESIAN_POINT('',(96.6023197770119,17.,184.999999880791));
#12649=CARTESIAN_POINT('',(96.6023197770119,20.,178.));
#12650=CARTESIAN_POINT('Origin',(94.5634385943413,20.,178.));
#12651=CARTESIAN_POINT('',(94.5634385943413,17.,178.));
#12652=CARTESIAN_POINT('',(96.6023197770119,17.,178.));
#12653=CARTESIAN_POINT('',(94.5634385943413,20.,178.));
#12654=CARTESIAN_POINT('Origin',(91.9420200586319,20.,181.843494057655));
#12655=CARTESIAN_POINT('',(91.9420200586319,17.,181.843494057655));
#12656=CARTESIAN_POINT('',(94.5634385943413,17.,178.));
#12657=CARTESIAN_POINT('',(91.9420200586319,20.,181.843494057655));
#12658=CARTESIAN_POINT('Origin',(91.9420200586319,20.,178.));
#12659=CARTESIAN_POINT('',(91.9420200586319,17.,178.));
#12660=CARTESIAN_POINT('',(91.9420200586319,17.,181.843494057655));
#12661=CARTESIAN_POINT('',(91.9420200586319,20.,178.));
#12662=CARTESIAN_POINT('Origin',(89.9079135805368,20.,178.));
#12663=CARTESIAN_POINT('',(89.9079135805368,17.,178.));
#12664=CARTESIAN_POINT('',(91.9420200586319,17.,178.));
#12665=CARTESIAN_POINT('',(89.9079135805368,20.,178.));
#12666=CARTESIAN_POINT('Origin',(89.9079135805368,20.,184.999999880791));
#12667=CARTESIAN_POINT('',(89.9079135805368,17.,178.));
#12668=CARTESIAN_POINT('Origin',(93.2551166787744,17.,181.499999940395));
#12669=CARTESIAN_POINT('Origin',(128.336289181025,23.,181.499999940395));
#12670=CARTESIAN_POINT('',(129.881565272808,23.,178.));
#12671=CARTESIAN_POINT('',(129.531356394291,23.,179.155525445938));
#12672=CARTESIAN_POINT('',(129.881565272808,23.,178.));
#12673=CARTESIAN_POINT('',(127.075641751289,23.,179.155525445938));
#12674=CARTESIAN_POINT('',(129.531356394291,23.,179.155525445938));
#12675=CARTESIAN_POINT('',(126.734460294247,23.,178.));
#12676=CARTESIAN_POINT('',(127.075641751289,23.,179.155525445938));
#12677=CARTESIAN_POINT('',(124.525920954766,23.,178.));
#12678=CARTESIAN_POINT('',(126.734460294247,23.,178.));
#12679=CARTESIAN_POINT('',(127.156889736652,23.,184.999999880791));
#12680=CARTESIAN_POINT('',(124.525920954766,23.,178.));
#12681=CARTESIAN_POINT('',(129.516285955906,23.,184.999999880791));
#12682=CARTESIAN_POINT('',(127.156889736652,23.,184.999999880791));
#12683=CARTESIAN_POINT('',(132.146657407284,23.,178.));
#12684=CARTESIAN_POINT('',(129.516285955906,23.,184.999999880791));
#12685=CARTESIAN_POINT('',(132.146657407284,23.,178.));
#12686=CARTESIAN_POINT('',(127.545446753502,23.,180.669167518616));
#12687=CARTESIAN_POINT('',(129.08266544342,23.,180.669167518616));
#12688=CARTESIAN_POINT('',(127.545446753502,23.,180.669167518616));
#12689=CARTESIAN_POINT('',(128.310027420521,23.,183.18553853035));
#12690=CARTESIAN_POINT('',(129.08266544342,23.,180.669167518616));
#12691=CARTESIAN_POINT('',(128.310027420521,23.,183.18553853035));
#12692=CARTESIAN_POINT('Origin',(128.310027420521,20.,183.18553853035));
#12693=CARTESIAN_POINT('',(129.08266544342,17.,180.669167518616));
#12694=CARTESIAN_POINT('',(129.08266544342,20.,180.669167518616));
#12695=CARTESIAN_POINT('',(128.310027420521,17.,183.18553853035));
#12696=CARTESIAN_POINT('',(129.08266544342,17.,180.669167518616));
#12697=CARTESIAN_POINT('',(128.310027420521,20.,183.18553853035));
#12698=CARTESIAN_POINT('Origin',(127.545446753502,20.,180.669167518616));
#12699=CARTESIAN_POINT('',(127.545446753502,17.,180.669167518616));
#12700=CARTESIAN_POINT('',(128.310027420521,17.,183.18553853035));
#12701=CARTESIAN_POINT('',(127.545446753502,20.,180.669167518616));
#12702=CARTESIAN_POINT('Origin',(129.08266544342,20.,180.669167518616));
#12703=CARTESIAN_POINT('',(127.545446753502,17.,180.669167518616));
#12704=CARTESIAN_POINT('Origin',(127.075641751289,20.,179.155525445938));
#12705=CARTESIAN_POINT('',(129.531356394291,17.,179.155525445938));
#12706=CARTESIAN_POINT('',(129.531356394291,20.,179.155525445938));
#12707=CARTESIAN_POINT('',(127.075641751289,17.,179.155525445938));
#12708=CARTESIAN_POINT('',(129.531356394291,17.,179.155525445938));
#12709=CARTESIAN_POINT('',(127.075641751289,20.,179.155525445938));
#12710=CARTESIAN_POINT('Origin',(126.734460294247,20.,178.));
#12711=CARTESIAN_POINT('',(126.734460294247,17.,178.));
#12712=CARTESIAN_POINT('',(127.075641751289,17.,179.155525445938));
#12713=CARTESIAN_POINT('',(126.734460294247,20.,178.));
#12714=CARTESIAN_POINT('Origin',(124.525920954766,20.,178.));
#12715=CARTESIAN_POINT('',(124.525920954766,17.,178.));
#12716=CARTESIAN_POINT('',(126.734460294247,17.,178.));
#12717=CARTESIAN_POINT('',(124.525920954766,20.,178.));
#12718=CARTESIAN_POINT('Origin',(127.156889736652,20.,184.999999880791));
#12719=CARTESIAN_POINT('',(127.156889736652,17.,184.999999880791));
#12720=CARTESIAN_POINT('',(124.525920954766,17.,178.));
#12721=CARTESIAN_POINT('',(127.156889736652,20.,184.999999880791));
#12722=CARTESIAN_POINT('Origin',(129.516285955906,20.,184.999999880791));
#12723=CARTESIAN_POINT('',(129.516285955906,17.,184.999999880791));
#12724=CARTESIAN_POINT('',(127.156889736652,17.,184.999999880791));
#12725=CARTESIAN_POINT('',(129.516285955906,20.,184.999999880791));
#12726=CARTESIAN_POINT('Origin',(132.146657407284,20.,178.));
#12727=CARTESIAN_POINT('',(132.146657407284,17.,178.));
#12728=CARTESIAN_POINT('',(129.516285955906,17.,184.999999880791));
#12729=CARTESIAN_POINT('',(132.146657407284,20.,178.));
#12730=CARTESIAN_POINT('Origin',(129.881565272808,20.,178.));
#12731=CARTESIAN_POINT('',(129.881565272808,17.,178.));
#12732=CARTESIAN_POINT('',(132.146657407284,17.,178.));
#12733=CARTESIAN_POINT('',(129.881565272808,20.,178.));
#12734=CARTESIAN_POINT('Origin',(129.531356394291,20.,179.155525445938));
#12735=CARTESIAN_POINT('',(129.881565272808,17.,178.));
#12736=CARTESIAN_POINT('Origin',(128.336289181025,17.,181.499999940395));
#12737=CARTESIAN_POINT('Origin',(157.520462572575,23.,181.499999940395));
#12738=CARTESIAN_POINT('',(156.250340044498,23.,178.));
#12739=CARTESIAN_POINT('',(154.077761471272,23.,178.));
#12740=CARTESIAN_POINT('',(156.250340044498,23.,178.));
#12741=CARTESIAN_POINT('',(154.077761471272,23.,184.999999880791));
#12742=CARTESIAN_POINT('',(154.077761471272,23.,178.));
#12743=CARTESIAN_POINT('',(157.682809233665,23.,184.999999880791));
#12744=CARTESIAN_POINT('',(154.077761471272,23.,184.999999880791));
#12745=CARTESIAN_POINT('',(159.215551316738,23.,184.828103661537));
#12746=CARTESIAN_POINT('Ctrl Pts',(157.682809233665,23.,184.999999880791));
#12747=CARTESIAN_POINT('Ctrl Pts',(157.979183441592,23.,184.998061981088));
#12748=CARTESIAN_POINT('Ctrl Pts',(158.496731903262,23.,184.994677891033));
#12749=CARTESIAN_POINT('Ctrl Pts',(159.00033612972,23.,184.877976137546));
#12750=CARTESIAN_POINT('Ctrl Pts',(159.215551316738,23.,184.828103661537));
#12751=CARTESIAN_POINT('',(160.070258080959,23.,184.190654635429));
#12752=CARTESIAN_POINT('Ctrl Pts',(159.215551316738,23.,184.828103661537));
#12753=CARTESIAN_POINT('Ctrl Pts',(159.383935076608,23.,184.75818393115));
#12754=CARTESIAN_POINT('Ctrl Pts',(159.722396865513,23.,184.617640941465));
#12755=CARTESIAN_POINT('Ctrl Pts',(159.953918026919,23.,184.333457591646));
#12756=CARTESIAN_POINT('Ctrl Pts',(160.070258080959,23.,184.190654635429));
#12757=CARTESIAN_POINT('',(160.394950807095,23.,183.056616663933));
#12758=CARTESIAN_POINT('Ctrl Pts',(160.070258080959,23.,184.190654635429));
#12759=CARTESIAN_POINT('Ctrl Pts',(160.164910517752,23.,184.022518566856));
#12760=CARTESIAN_POINT('Ctrl Pts',(160.362875372722,23.,183.670863252333));
#12761=CARTESIAN_POINT('Ctrl Pts',(160.383951667815,23.,183.267250873882));
#12762=CARTESIAN_POINT('Ctrl Pts',(160.394950807095,23.,183.056616663933));
#12763=CARTESIAN_POINT('',(160.146506726742,23.,182.051500558853));
#12764=CARTESIAN_POINT('Ctrl Pts',(160.394950807095,23.,183.056616663933));
#12765=CARTESIAN_POINT('Ctrl Pts',(160.386611637216,23.,182.872630518883));
#12766=CARTESIAN_POINT('Ctrl Pts',(160.370657180594,23.,182.520629179072));
#12767=CARTESIAN_POINT('Ctrl Pts',(160.218928812687,23.,182.203074078643));
#12768=CARTESIAN_POINT('Ctrl Pts',(160.146506726742,23.,182.051500558853));
#12769=CARTESIAN_POINT('',(159.463323652744,23.,181.366302847862));
#12770=CARTESIAN_POINT('Ctrl Pts',(160.146506726742,23.,182.051500558853));
#12771=CARTESIAN_POINT('Ctrl Pts',(160.055268055447,23.,181.916907908481));
#12772=CARTESIAN_POINT('Ctrl Pts',(159.871079986691,23.,181.64519899395));
#12773=CARTESIAN_POINT('Ctrl Pts',(159.600081436052,23.,181.459842090632));
#12774=CARTESIAN_POINT('Ctrl Pts',(159.463323652744,23.,181.366302847862));
#12775=CARTESIAN_POINT('',(158.703667223454,23.,181.08935880661));
#12776=CARTESIAN_POINT('Ctrl Pts',(159.463323652744,23.,181.366302847862));
#12777=CARTESIAN_POINT('Ctrl Pts',(159.355300319938,23.,181.311456747958));
#12778=CARTESIAN_POINT('Ctrl Pts',(159.113475061706,23.,181.188676123367));
#12779=CARTESIAN_POINT('Ctrl Pts',(158.84964461859,23.,181.12473656623));
#12780=CARTESIAN_POINT('Ctrl Pts',(158.703667223454,23.,181.08935880661));
#12781=CARTESIAN_POINT('',(159.266732037067,23.,180.831290364265));
#12782=CARTESIAN_POINT('Ctrl Pts',(158.703667223454,23.,181.08935880661));
#12783=CARTESIAN_POINT('Ctrl Pts',(158.817116683593,23.,181.050826205651));
#12784=CARTESIAN_POINT('Ctrl Pts',(159.013862853338,23.,180.984002250388));
#12785=CARTESIAN_POINT('Ctrl Pts',(159.191517944804,23.,180.876713399699));
#12786=CARTESIAN_POINT('Ctrl Pts',(159.266732037067,23.,180.831290364265));
#12787=CARTESIAN_POINT('',(159.61268812418,23.,180.463287711143));
#12788=CARTESIAN_POINT('Ctrl Pts',(159.266732037067,23.,180.831290364265));
#12789=CARTESIAN_POINT('Ctrl Pts',(159.316533813779,23.,180.787335851696));
#12790=CARTESIAN_POINT('Ctrl Pts',(159.443166149441,23.,180.675571514012));
#12791=CARTESIAN_POINT('Ctrl Pts',(159.548674152009,23.,180.54344917381));
#12792=CARTESIAN_POINT('Ctrl Pts',(159.61268812418,23.,180.463287711143));
#12793=CARTESIAN_POINT('',(159.915670454502,23.,180.028361558914));
#12794=CARTESIAN_POINT('Ctrl Pts',(159.61268812418,23.,180.463287711143));
#12795=CARTESIAN_POINT('Ctrl Pts',(159.67817072505,23.,180.381727629517));
#12796=CARTESIAN_POINT('Ctrl Pts',(159.789108999321,23.,180.243551463866));
#12797=CARTESIAN_POINT('Ctrl Pts',(159.878885551649,23.,180.090906191775));
#12798=CARTESIAN_POINT('Ctrl Pts',(159.915670454502,23.,180.028361558914));
#12799=CARTESIAN_POINT('',(160.963163673878,23.,178.));
#12800=CARTESIAN_POINT('',(159.915670454502,23.,180.028361558914));
#12801=CARTESIAN_POINT('',(158.519087731838,23.,178.));
#12802=CARTESIAN_POINT('',(160.963163673878,23.,178.));
#12803=CARTESIAN_POINT('',(157.362890839577,23.,180.139154076576));
#12804=CARTESIAN_POINT('',(158.519087731838,23.,178.));
#12805=CARTESIAN_POINT('',(156.971349418163,23.,180.678717374802));
#12806=CARTESIAN_POINT('Ctrl Pts',(157.362890839577,23.,180.139154076576));
#12807=CARTESIAN_POINT('Ctrl Pts',(157.300197936692,23.,180.258307043196));
#12808=CARTESIAN_POINT('Ctrl Pts',(157.195345572988,23.,180.457587497884));
#12809=CARTESIAN_POINT('Ctrl Pts',(157.035586136153,23.,180.615302636483));
#12810=CARTESIAN_POINT('Ctrl Pts',(156.971349418163,23.,180.678717374802));
#12811=CARTESIAN_POINT('',(156.441335678101,23.,180.841063737869));
#12812=CARTESIAN_POINT('Ctrl Pts',(156.971349418163,23.,180.678717374802));
#12813=CARTESIAN_POINT('Ctrl Pts',(156.89027021009,23.,180.726066950837));
#12814=CARTESIAN_POINT('Ctrl Pts',(156.72640863593,23.,180.821760732873));
#12815=CARTESIAN_POINT('Ctrl Pts',(156.537016171742,23.,180.834584971658));
#12816=CARTESIAN_POINT('Ctrl Pts',(156.441335678101,23.,180.841063737869));
#12817=CARTESIAN_POINT('',(156.250340044498,23.,180.841063737869));
#12818=CARTESIAN_POINT('',(156.441335678101,23.,180.841063737869));
#12819=CARTESIAN_POINT('',(156.250340044498,23.,180.841063737869));
#12820=CARTESIAN_POINT('',(156.250340044498,23.,183.586630105972));
#12821=CARTESIAN_POINT('',(156.250340044498,23.,182.163711071014));
#12822=CARTESIAN_POINT('',(156.250340044498,23.,183.586630105972));
#12823=CARTESIAN_POINT('',(157.162345349789,23.,182.163711071014));
#12824=CARTESIAN_POINT('',(156.250340044498,23.,182.163711071014));
#12825=CARTESIAN_POINT('',(157.735332846642,23.,182.259208440781));
#12826=CARTESIAN_POINT('Ctrl Pts',(157.162345349789,23.,182.163711071014));
#12827=CARTESIAN_POINT('Ctrl Pts',(157.234952052719,23.,182.170462007062));
#12828=CARTESIAN_POINT('Ctrl Pts',(157.428102400785,23.,182.188421032808));
#12829=CARTESIAN_POINT('Ctrl Pts',(157.617272958206,23.,182.232006860988));
#12830=CARTESIAN_POINT('Ctrl Pts',(157.735332846642,23.,182.259208440781));
#12831=CARTESIAN_POINT('',(158.086287975311,23.,182.478853940964));
#12832=CARTESIAN_POINT('Ctrl Pts',(157.735332846642,23.,182.259208440781));
#12833=CARTESIAN_POINT('Ctrl Pts',(157.803782105458,23.,182.279245274803));
#12834=CARTESIAN_POINT('Ctrl Pts',(157.941345480073,23.,182.319513563347));
#12835=CARTESIAN_POINT('Ctrl Pts',(158.037818389291,23.,182.425569622057));
#12836=CARTESIAN_POINT('Ctrl Pts',(158.086287975311,23.,182.478853940964));
#12837=CARTESIAN_POINT('',(158.222372531891,23.,182.884719848633));
#12838=CARTESIAN_POINT('Ctrl Pts',(158.086287975311,23.,182.478853940964));
#12839=CARTESIAN_POINT('Ctrl Pts',(158.125978684385,23.,182.540212346036));
#12840=CARTESIAN_POINT('Ctrl Pts',(158.205953596602,23.,182.663846646705));
#12841=CARTESIAN_POINT('Ctrl Pts',(158.216872543615,23.,182.810732102185));
#12842=CARTESIAN_POINT('Ctrl Pts',(158.222372531891,23.,182.884719848633));
#12843=CARTESIAN_POINT('',(158.007502257824,23.,183.405184030533));
#12844=CARTESIAN_POINT('Ctrl Pts',(158.222372531891,23.,182.884719848633));
#12845=CARTESIAN_POINT('Ctrl Pts',(158.215505502589,23.,182.989312981811));
#12846=CARTESIAN_POINT('Ctrl Pts',(158.202471150366,23.,183.187841876606));
#12847=CARTESIAN_POINT('Ctrl Pts',(158.070123675527,23.,183.33537661855));
#12848=CARTESIAN_POINT('Ctrl Pts',(158.007502257824,23.,183.405184030533));
#12849=CARTESIAN_POINT('',(157.200544476509,23.,183.586630105972));
#12850=CARTESIAN_POINT('Ctrl Pts',(158.007502257824,23.,183.405184030533));
#12851=CARTESIAN_POINT('Ctrl Pts',(157.906274234304,23.,183.457631645179));
#12852=CARTESIAN_POINT('Ctrl Pts',(157.655257630872,23.,183.587686758663));
#12853=CARTESIAN_POINT('Ctrl Pts',(157.370479498534,23.,183.587024997337));
#12854=CARTESIAN_POINT('Ctrl Pts',(157.200544476509,23.,183.586630105972));
#12855=CARTESIAN_POINT('',(157.200544476509,23.,183.586630105972));
#12856=CARTESIAN_POINT('Origin',(157.162345349789,20.,182.163711071014));
#12857=CARTESIAN_POINT('',(156.250340044498,17.,182.163711071014));
#12858=CARTESIAN_POINT('',(156.250340044498,20.,182.163711071014));
#12859=CARTESIAN_POINT('',(157.162345349789,17.,182.163711071014));
#12860=CARTESIAN_POINT('',(156.250340044498,17.,182.163711071014));
#12861=CARTESIAN_POINT('',(157.162345349789,20.,182.163711071014));
#12862=CARTESIAN_POINT('Ctrl Pts',(157.735332846642,23.,182.259208440781));
#12863=CARTESIAN_POINT('Ctrl Pts',(157.735332846642,17.,182.259208440781));
#12864=CARTESIAN_POINT('Ctrl Pts',(157.617272958206,23.,182.232006860988));
#12865=CARTESIAN_POINT('Ctrl Pts',(157.617272958206,17.,182.232006860988));
#12866=CARTESIAN_POINT('Ctrl Pts',(157.428102400785,23.,182.188421032808));
#12867=CARTESIAN_POINT('Ctrl Pts',(157.428102400785,17.,182.188421032808));
#12868=CARTESIAN_POINT('Ctrl Pts',(157.234952052719,23.,182.170462007062));
#12869=CARTESIAN_POINT('Ctrl Pts',(157.234952052719,17.,182.170462007062));
#12870=CARTESIAN_POINT('Ctrl Pts',(157.162345349789,23.,182.163711071014));
#12871=CARTESIAN_POINT('Ctrl Pts',(157.162345349789,17.,182.163711071014));
#12872=CARTESIAN_POINT('',(157.735332846642,17.,182.259208440781));
#12873=CARTESIAN_POINT('Ctrl Pts',(157.735332846642,17.,182.259208440781));
#12874=CARTESIAN_POINT('Ctrl Pts',(157.617272958206,17.,182.232006860988));
#12875=CARTESIAN_POINT('Ctrl Pts',(157.428102400785,17.,182.188421032808));
#12876=CARTESIAN_POINT('Ctrl Pts',(157.234952052719,17.,182.170462007062));
#12877=CARTESIAN_POINT('Ctrl Pts',(157.162345349789,17.,182.163711071014));
#12878=CARTESIAN_POINT('',(157.735332846642,20.,182.259208440781));
#12879=CARTESIAN_POINT('Ctrl Pts',(158.086287975311,23.,182.478853940964));
#12880=CARTESIAN_POINT('Ctrl Pts',(158.086287975311,17.,182.478853940964));
#12881=CARTESIAN_POINT('Ctrl Pts',(158.037818389291,23.,182.425569622057));
#12882=CARTESIAN_POINT('Ctrl Pts',(158.037818389291,17.,182.425569622057));
#12883=CARTESIAN_POINT('Ctrl Pts',(157.941345480073,23.,182.319513563347));
#12884=CARTESIAN_POINT('Ctrl Pts',(157.941345480073,17.,182.319513563347));
#12885=CARTESIAN_POINT('Ctrl Pts',(157.803782105458,23.,182.279245274803));
#12886=CARTESIAN_POINT('Ctrl Pts',(157.803782105458,17.,182.279245274803));
#12887=CARTESIAN_POINT('Ctrl Pts',(157.735332846642,23.,182.259208440781));
#12888=CARTESIAN_POINT('Ctrl Pts',(157.735332846642,17.,182.259208440781));
#12889=CARTESIAN_POINT('',(158.086287975311,17.,182.478853940964));
#12890=CARTESIAN_POINT('Ctrl Pts',(158.086287975311,17.,182.478853940964));
#12891=CARTESIAN_POINT('Ctrl Pts',(158.037818389291,17.,182.425569622057));
#12892=CARTESIAN_POINT('Ctrl Pts',(157.941345480073,17.,182.319513563347));
#12893=CARTESIAN_POINT('Ctrl Pts',(157.803782105458,17.,182.279245274803));
#12894=CARTESIAN_POINT('Ctrl Pts',(157.735332846642,17.,182.259208440781));
#12895=CARTESIAN_POINT('',(158.086287975311,20.,182.478853940964));
#12896=CARTESIAN_POINT('Ctrl Pts',(158.222372531891,23.,182.884719848633));
#12897=CARTESIAN_POINT('Ctrl Pts',(158.222372531891,17.,182.884719848633));
#12898=CARTESIAN_POINT('Ctrl Pts',(158.216872543615,23.,182.810732102185));
#12899=CARTESIAN_POINT('Ctrl Pts',(158.216872543615,17.,182.810732102185));
#12900=CARTESIAN_POINT('Ctrl Pts',(158.205953596602,23.,182.663846646705));
#12901=CARTESIAN_POINT('Ctrl Pts',(158.205953596602,17.,182.663846646705));
#12902=CARTESIAN_POINT('Ctrl Pts',(158.125978684385,23.,182.540212346036));
#12903=CARTESIAN_POINT('Ctrl Pts',(158.125978684385,17.,182.540212346036));
#12904=CARTESIAN_POINT('Ctrl Pts',(158.086287975311,23.,182.478853940964));
#12905=CARTESIAN_POINT('Ctrl Pts',(158.086287975311,17.,182.478853940964));
#12906=CARTESIAN_POINT('',(158.222372531891,17.,182.884719848633));
#12907=CARTESIAN_POINT('Ctrl Pts',(158.222372531891,17.,182.884719848633));
#12908=CARTESIAN_POINT('Ctrl Pts',(158.216872543615,17.,182.810732102185));
#12909=CARTESIAN_POINT('Ctrl Pts',(158.205953596602,17.,182.663846646705));
#12910=CARTESIAN_POINT('Ctrl Pts',(158.125978684385,17.,182.540212346036));
#12911=CARTESIAN_POINT('Ctrl Pts',(158.086287975311,17.,182.478853940964));
#12912=CARTESIAN_POINT('',(158.222372531891,20.,182.884719848633));
#12913=CARTESIAN_POINT('Ctrl Pts',(158.007502257824,23.,183.405184030533));
#12914=CARTESIAN_POINT('Ctrl Pts',(158.007502257824,17.,183.405184030533));
#12915=CARTESIAN_POINT('Ctrl Pts',(158.070123675527,23.,183.33537661855));
#12916=CARTESIAN_POINT('Ctrl Pts',(158.070123675527,17.,183.33537661855));
#12917=CARTESIAN_POINT('Ctrl Pts',(158.202471150366,23.,183.187841876606));
#12918=CARTESIAN_POINT('Ctrl Pts',(158.202471150366,17.,183.187841876606));
#12919=CARTESIAN_POINT('Ctrl Pts',(158.215505502589,23.,182.989312981811));
#12920=CARTESIAN_POINT('Ctrl Pts',(158.215505502589,17.,182.989312981811));
#12921=CARTESIAN_POINT('Ctrl Pts',(158.222372531891,23.,182.884719848633));
#12922=CARTESIAN_POINT('Ctrl Pts',(158.222372531891,17.,182.884719848633));
#12923=CARTESIAN_POINT('',(158.007502257824,17.,183.405184030533));
#12924=CARTESIAN_POINT('Ctrl Pts',(158.007502257824,17.,183.405184030533));
#12925=CARTESIAN_POINT('Ctrl Pts',(158.070123675527,17.,183.33537661855));
#12926=CARTESIAN_POINT('Ctrl Pts',(158.202471150366,17.,183.187841876606));
#12927=CARTESIAN_POINT('Ctrl Pts',(158.215505502589,17.,182.989312981811));
#12928=CARTESIAN_POINT('Ctrl Pts',(158.222372531891,17.,182.884719848633));
#12929=CARTESIAN_POINT('',(158.007502257824,20.,183.405184030533));
#12930=CARTESIAN_POINT('Ctrl Pts',(157.200544476509,23.,183.586630105972));
#12931=CARTESIAN_POINT('Ctrl Pts',(157.200544476509,17.,183.586630105972));
#12932=CARTESIAN_POINT('Ctrl Pts',(157.370479498534,23.,183.587024997337));
#12933=CARTESIAN_POINT('Ctrl Pts',(157.370479498534,17.,183.587024997337));
#12934=CARTESIAN_POINT('Ctrl Pts',(157.655257630872,23.,183.587686758663));
#12935=CARTESIAN_POINT('Ctrl Pts',(157.655257630872,17.,183.587686758663));
#12936=CARTESIAN_POINT('Ctrl Pts',(157.906274234304,23.,183.457631645179));
#12937=CARTESIAN_POINT('Ctrl Pts',(157.906274234304,17.,183.457631645179));
#12938=CARTESIAN_POINT('Ctrl Pts',(158.007502257824,23.,183.405184030533));
#12939=CARTESIAN_POINT('Ctrl Pts',(158.007502257824,17.,183.405184030533));
#12940=CARTESIAN_POINT('',(157.200544476509,17.,183.586630105972));
#12941=CARTESIAN_POINT('Ctrl Pts',(157.200544476509,17.,183.586630105972));
#12942=CARTESIAN_POINT('Ctrl Pts',(157.370479498534,17.,183.587024997337));
#12943=CARTESIAN_POINT('Ctrl Pts',(157.655257630872,17.,183.587686758663));
#12944=CARTESIAN_POINT('Ctrl Pts',(157.906274234304,17.,183.457631645179));
#12945=CARTESIAN_POINT('Ctrl Pts',(158.007502257824,17.,183.405184030533));
#12946=CARTESIAN_POINT('',(157.200544476509,20.,183.586630105972));
#12947=CARTESIAN_POINT('Origin',(156.250340044498,20.,183.586630105972));
#12948=CARTESIAN_POINT('',(156.250340044498,17.,183.586630105972));
#12949=CARTESIAN_POINT('',(157.200544476509,17.,183.586630105972));
#12950=CARTESIAN_POINT('',(156.250340044498,20.,183.586630105972));
#12951=CARTESIAN_POINT('Origin',(156.250340044498,20.,182.163711071014));
#12952=CARTESIAN_POINT('',(156.250340044498,17.,183.586630105972));
#12953=CARTESIAN_POINT('Origin',(154.077761471272,20.,184.999999880791));
#12954=CARTESIAN_POINT('',(154.077761471272,17.,178.));
#12955=CARTESIAN_POINT('',(154.077761471272,20.,178.));
#12956=CARTESIAN_POINT('',(154.077761471272,17.,184.999999880791));
#12957=CARTESIAN_POINT('',(154.077761471272,17.,178.));
#12958=CARTESIAN_POINT('',(154.077761471272,20.,184.999999880791));
#12959=CARTESIAN_POINT('Origin',(157.682809233665,20.,184.999999880791));
#12960=CARTESIAN_POINT('',(157.682809233665,17.,184.999999880791));
#12961=CARTESIAN_POINT('',(154.077761471272,17.,184.999999880791));
#12962=CARTESIAN_POINT('',(157.682809233665,20.,184.999999880791));
#12963=CARTESIAN_POINT('Ctrl Pts',(159.215551316738,23.,184.828103661537));
#12964=CARTESIAN_POINT('Ctrl Pts',(159.215551316738,17.,184.828103661537));
#12965=CARTESIAN_POINT('Ctrl Pts',(159.00033612972,23.,184.877976137546));
#12966=CARTESIAN_POINT('Ctrl Pts',(159.00033612972,17.,184.877976137546));
#12967=CARTESIAN_POINT('Ctrl Pts',(158.496731903262,23.,184.994677891033));
#12968=CARTESIAN_POINT('Ctrl Pts',(158.496731903262,17.,184.994677891033));
#12969=CARTESIAN_POINT('Ctrl Pts',(157.979183441592,23.,184.998061981088));
#12970=CARTESIAN_POINT('Ctrl Pts',(157.979183441592,17.,184.998061981088));
#12971=CARTESIAN_POINT('Ctrl Pts',(157.682809233665,23.,184.999999880791));
#12972=CARTESIAN_POINT('Ctrl Pts',(157.682809233665,17.,184.999999880791));
#12973=CARTESIAN_POINT('',(159.215551316738,17.,184.828103661537));
#12974=CARTESIAN_POINT('Ctrl Pts',(159.215551316738,17.,184.828103661537));
#12975=CARTESIAN_POINT('Ctrl Pts',(159.00033612972,17.,184.877976137546));
#12976=CARTESIAN_POINT('Ctrl Pts',(158.496731903262,17.,184.994677891033));
#12977=CARTESIAN_POINT('Ctrl Pts',(157.979183441592,17.,184.998061981088));
#12978=CARTESIAN_POINT('Ctrl Pts',(157.682809233665,17.,184.999999880791));
#12979=CARTESIAN_POINT('',(159.215551316738,20.,184.828103661537));
#12980=CARTESIAN_POINT('Ctrl Pts',(160.070258080959,23.,184.190654635429));
#12981=CARTESIAN_POINT('Ctrl Pts',(160.070258080959,17.,184.190654635429));
#12982=CARTESIAN_POINT('Ctrl Pts',(159.953918026919,23.,184.333457591646));
#12983=CARTESIAN_POINT('Ctrl Pts',(159.953918026919,17.,184.333457591646));
#12984=CARTESIAN_POINT('Ctrl Pts',(159.722396865513,23.,184.617640941465));
#12985=CARTESIAN_POINT('Ctrl Pts',(159.722396865513,17.,184.617640941465));
#12986=CARTESIAN_POINT('Ctrl Pts',(159.383935076608,23.,184.75818393115));
#12987=CARTESIAN_POINT('Ctrl Pts',(159.383935076608,17.,184.75818393115));
#12988=CARTESIAN_POINT('Ctrl Pts',(159.215551316738,23.,184.828103661537));
#12989=CARTESIAN_POINT('Ctrl Pts',(159.215551316738,17.,184.828103661537));
#12990=CARTESIAN_POINT('',(160.070258080959,17.,184.190654635429));
#12991=CARTESIAN_POINT('Ctrl Pts',(160.070258080959,17.,184.190654635429));
#12992=CARTESIAN_POINT('Ctrl Pts',(159.953918026919,17.,184.333457591646));
#12993=CARTESIAN_POINT('Ctrl Pts',(159.722396865513,17.,184.617640941465));
#12994=CARTESIAN_POINT('Ctrl Pts',(159.383935076608,17.,184.75818393115));
#12995=CARTESIAN_POINT('Ctrl Pts',(159.215551316738,17.,184.828103661537));
#12996=CARTESIAN_POINT('',(160.070258080959,20.,184.190654635429));
#12997=CARTESIAN_POINT('Ctrl Pts',(160.394950807095,23.,183.056616663933));
#12998=CARTESIAN_POINT('Ctrl Pts',(160.394950807095,17.,183.056616663933));
#12999=CARTESIAN_POINT('Ctrl Pts',(160.383951667815,23.,183.267250873882));
#13000=CARTESIAN_POINT('Ctrl Pts',(160.383951667815,17.,183.267250873882));
#13001=CARTESIAN_POINT('Ctrl Pts',(160.362875372722,23.,183.670863252333));
#13002=CARTESIAN_POINT('Ctrl Pts',(160.362875372722,17.,183.670863252333));
#13003=CARTESIAN_POINT('Ctrl Pts',(160.164910517752,23.,184.022518566856));
#13004=CARTESIAN_POINT('Ctrl Pts',(160.164910517752,17.,184.022518566856));
#13005=CARTESIAN_POINT('Ctrl Pts',(160.070258080959,23.,184.190654635429));
#13006=CARTESIAN_POINT('Ctrl Pts',(160.070258080959,17.,184.190654635429));
#13007=CARTESIAN_POINT('',(160.394950807095,17.,183.056616663933));
#13008=CARTESIAN_POINT('Ctrl Pts',(160.394950807095,17.,183.056616663933));
#13009=CARTESIAN_POINT('Ctrl Pts',(160.383951667815,17.,183.267250873882));
#13010=CARTESIAN_POINT('Ctrl Pts',(160.362875372722,17.,183.670863252333));
#13011=CARTESIAN_POINT('Ctrl Pts',(160.164910517752,17.,184.022518566856));
#13012=CARTESIAN_POINT('Ctrl Pts',(160.070258080959,17.,184.190654635429));
#13013=CARTESIAN_POINT('',(160.394950807095,20.,183.056616663933));
#13014=CARTESIAN_POINT('Ctrl Pts',(160.146506726742,23.,182.051500558853));
#13015=CARTESIAN_POINT('Ctrl Pts',(160.146506726742,17.,182.051500558853));
#13016=CARTESIAN_POINT('Ctrl Pts',(160.218928812687,23.,182.203074078643));
#13017=CARTESIAN_POINT('Ctrl Pts',(160.218928812687,17.,182.203074078643));
#13018=CARTESIAN_POINT('Ctrl Pts',(160.370657180594,23.,182.520629179072));
#13019=CARTESIAN_POINT('Ctrl Pts',(160.370657180594,17.,182.520629179072));
#13020=CARTESIAN_POINT('Ctrl Pts',(160.386611637216,23.,182.872630518883));
#13021=CARTESIAN_POINT('Ctrl Pts',(160.386611637216,17.,182.872630518883));
#13022=CARTESIAN_POINT('Ctrl Pts',(160.394950807095,23.,183.056616663933));
#13023=CARTESIAN_POINT('Ctrl Pts',(160.394950807095,17.,183.056616663933));
#13024=CARTESIAN_POINT('',(160.146506726742,17.,182.051500558853));
#13025=CARTESIAN_POINT('Ctrl Pts',(160.146506726742,17.,182.051500558853));
#13026=CARTESIAN_POINT('Ctrl Pts',(160.218928812687,17.,182.203074078643));
#13027=CARTESIAN_POINT('Ctrl Pts',(160.370657180594,17.,182.520629179072));
#13028=CARTESIAN_POINT('Ctrl Pts',(160.386611637216,17.,182.872630518883));
#13029=CARTESIAN_POINT('Ctrl Pts',(160.394950807095,17.,183.056616663933));
#13030=CARTESIAN_POINT('',(160.146506726742,20.,182.051500558853));
#13031=CARTESIAN_POINT('Ctrl Pts',(159.463323652744,23.,181.366302847862));
#13032=CARTESIAN_POINT('Ctrl Pts',(159.463323652744,17.,181.366302847862));
#13033=CARTESIAN_POINT('Ctrl Pts',(159.600081436052,23.,181.459842090632));
#13034=CARTESIAN_POINT('Ctrl Pts',(159.600081436052,17.,181.459842090632));
#13035=CARTESIAN_POINT('Ctrl Pts',(159.871079986691,23.,181.64519899395));
#13036=CARTESIAN_POINT('Ctrl Pts',(159.871079986691,17.,181.64519899395));
#13037=CARTESIAN_POINT('Ctrl Pts',(160.055268055447,23.,181.916907908481));
#13038=CARTESIAN_POINT('Ctrl Pts',(160.055268055447,17.,181.916907908481));
#13039=CARTESIAN_POINT('Ctrl Pts',(160.146506726742,23.,182.051500558853));
#13040=CARTESIAN_POINT('Ctrl Pts',(160.146506726742,17.,182.051500558853));
#13041=CARTESIAN_POINT('',(159.463323652744,17.,181.366302847862));
#13042=CARTESIAN_POINT('Ctrl Pts',(159.463323652744,17.,181.366302847862));
#13043=CARTESIAN_POINT('Ctrl Pts',(159.600081436052,17.,181.459842090632));
#13044=CARTESIAN_POINT('Ctrl Pts',(159.871079986691,17.,181.64519899395));
#13045=CARTESIAN_POINT('Ctrl Pts',(160.055268055447,17.,181.916907908481));
#13046=CARTESIAN_POINT('Ctrl Pts',(160.146506726742,17.,182.051500558853));
#13047=CARTESIAN_POINT('',(159.463323652744,20.,181.366302847862));
#13048=CARTESIAN_POINT('Ctrl Pts',(158.703667223454,23.,181.08935880661));
#13049=CARTESIAN_POINT('Ctrl Pts',(158.703667223454,17.,181.08935880661));
#13050=CARTESIAN_POINT('Ctrl Pts',(158.84964461859,23.,181.12473656623));
#13051=CARTESIAN_POINT('Ctrl Pts',(158.84964461859,17.,181.12473656623));
#13052=CARTESIAN_POINT('Ctrl Pts',(159.113475061706,23.,181.188676123367));
#13053=CARTESIAN_POINT('Ctrl Pts',(159.113475061706,17.,181.188676123367));
#13054=CARTESIAN_POINT('Ctrl Pts',(159.355300319938,23.,181.311456747958));
#13055=CARTESIAN_POINT('Ctrl Pts',(159.355300319938,17.,181.311456747958));
#13056=CARTESIAN_POINT('Ctrl Pts',(159.463323652744,23.,181.366302847862));
#13057=CARTESIAN_POINT('Ctrl Pts',(159.463323652744,17.,181.366302847862));
#13058=CARTESIAN_POINT('',(158.703667223454,17.,181.08935880661));
#13059=CARTESIAN_POINT('Ctrl Pts',(158.703667223454,17.,181.08935880661));
#13060=CARTESIAN_POINT('Ctrl Pts',(158.84964461859,17.,181.12473656623));
#13061=CARTESIAN_POINT('Ctrl Pts',(159.113475061706,17.,181.188676123367));
#13062=CARTESIAN_POINT('Ctrl Pts',(159.355300319938,17.,181.311456747958));
#13063=CARTESIAN_POINT('Ctrl Pts',(159.463323652744,17.,181.366302847862));
#13064=CARTESIAN_POINT('',(158.703667223454,20.,181.08935880661));
#13065=CARTESIAN_POINT('Ctrl Pts',(159.266732037067,23.,180.831290364265));
#13066=CARTESIAN_POINT('Ctrl Pts',(159.266732037067,17.,180.831290364265));
#13067=CARTESIAN_POINT('Ctrl Pts',(159.191517944804,23.,180.876713399699));
#13068=CARTESIAN_POINT('Ctrl Pts',(159.191517944804,17.,180.876713399699));
#13069=CARTESIAN_POINT('Ctrl Pts',(159.013862853338,23.,180.984002250388));
#13070=CARTESIAN_POINT('Ctrl Pts',(159.013862853338,17.,180.984002250388));
#13071=CARTESIAN_POINT('Ctrl Pts',(158.817116683593,23.,181.050826205651));
#13072=CARTESIAN_POINT('Ctrl Pts',(158.817116683593,17.,181.050826205651));
#13073=CARTESIAN_POINT('Ctrl Pts',(158.703667223454,23.,181.08935880661));
#13074=CARTESIAN_POINT('Ctrl Pts',(158.703667223454,17.,181.08935880661));
#13075=CARTESIAN_POINT('',(159.266732037067,17.,180.831290364265));
#13076=CARTESIAN_POINT('Ctrl Pts',(159.266732037067,17.,180.831290364265));
#13077=CARTESIAN_POINT('Ctrl Pts',(159.191517944804,17.,180.876713399699));
#13078=CARTESIAN_POINT('Ctrl Pts',(159.013862853338,17.,180.984002250388));
#13079=CARTESIAN_POINT('Ctrl Pts',(158.817116683593,17.,181.050826205651));
#13080=CARTESIAN_POINT('Ctrl Pts',(158.703667223454,17.,181.08935880661));
#13081=CARTESIAN_POINT('',(159.266732037067,20.,180.831290364265));
#13082=CARTESIAN_POINT('Ctrl Pts',(159.61268812418,23.,180.463287711143));
#13083=CARTESIAN_POINT('Ctrl Pts',(159.61268812418,17.,180.463287711143));
#13084=CARTESIAN_POINT('Ctrl Pts',(159.548674152009,23.,180.54344917381));
#13085=CARTESIAN_POINT('Ctrl Pts',(159.548674152009,17.,180.54344917381));
#13086=CARTESIAN_POINT('Ctrl Pts',(159.443166149441,23.,180.675571514012));
#13087=CARTESIAN_POINT('Ctrl Pts',(159.443166149441,17.,180.675571514012));
#13088=CARTESIAN_POINT('Ctrl Pts',(159.316533813779,23.,180.787335851696));
#13089=CARTESIAN_POINT('Ctrl Pts',(159.316533813779,17.,180.787335851696));
#13090=CARTESIAN_POINT('Ctrl Pts',(159.266732037067,23.,180.831290364265));
#13091=CARTESIAN_POINT('Ctrl Pts',(159.266732037067,17.,180.831290364265));
#13092=CARTESIAN_POINT('',(159.61268812418,17.,180.463287711143));
#13093=CARTESIAN_POINT('Ctrl Pts',(159.61268812418,17.,180.463287711143));
#13094=CARTESIAN_POINT('Ctrl Pts',(159.548674152009,17.,180.54344917381));
#13095=CARTESIAN_POINT('Ctrl Pts',(159.443166149441,17.,180.675571514012));
#13096=CARTESIAN_POINT('Ctrl Pts',(159.316533813779,17.,180.787335851696));
#13097=CARTESIAN_POINT('Ctrl Pts',(159.266732037067,17.,180.831290364265));
#13098=CARTESIAN_POINT('',(159.61268812418,20.,180.463287711143));
#13099=CARTESIAN_POINT('Ctrl Pts',(159.915670454502,23.,180.028361558914));
#13100=CARTESIAN_POINT('Ctrl Pts',(159.915670454502,17.,180.028361558914));
#13101=CARTESIAN_POINT('Ctrl Pts',(159.878885551649,23.,180.090906191775));
#13102=CARTESIAN_POINT('Ctrl Pts',(159.878885551649,17.,180.090906191775));
#13103=CARTESIAN_POINT('Ctrl Pts',(159.789108999321,23.,180.243551463866));
#13104=CARTESIAN_POINT('Ctrl Pts',(159.789108999321,17.,180.243551463866));
#13105=CARTESIAN_POINT('Ctrl Pts',(159.67817072505,23.,180.381727629517));
#13106=CARTESIAN_POINT('Ctrl Pts',(159.67817072505,17.,180.381727629517));
#13107=CARTESIAN_POINT('Ctrl Pts',(159.61268812418,23.,180.463287711143));
#13108=CARTESIAN_POINT('Ctrl Pts',(159.61268812418,17.,180.463287711143));
#13109=CARTESIAN_POINT('',(159.915670454502,17.,180.028361558914));
#13110=CARTESIAN_POINT('Ctrl Pts',(159.915670454502,17.,180.028361558914));
#13111=CARTESIAN_POINT('Ctrl Pts',(159.878885551649,17.,180.090906191775));
#13112=CARTESIAN_POINT('Ctrl Pts',(159.789108999321,17.,180.243551463866));
#13113=CARTESIAN_POINT('Ctrl Pts',(159.67817072505,17.,180.381727629517));
#13114=CARTESIAN_POINT('Ctrl Pts',(159.61268812418,17.,180.463287711143));
#13115=CARTESIAN_POINT('',(159.915670454502,20.,180.028361558914));
#13116=CARTESIAN_POINT('Origin',(160.963163673878,20.,178.));
#13117=CARTESIAN_POINT('',(160.963163673878,17.,178.));
#13118=CARTESIAN_POINT('',(159.915670454502,17.,180.028361558914));
#13119=CARTESIAN_POINT('',(160.963163673878,20.,178.));
#13120=CARTESIAN_POINT('Origin',(158.519087731838,20.,178.));
#13121=CARTESIAN_POINT('',(158.519087731838,17.,178.));
#13122=CARTESIAN_POINT('',(160.963163673878,17.,178.));
#13123=CARTESIAN_POINT('',(158.519087731838,20.,178.));
#13124=CARTESIAN_POINT('Origin',(157.362890839577,20.,180.139154076576));
#13125=CARTESIAN_POINT('',(157.362890839577,17.,180.139154076576));
#13126=CARTESIAN_POINT('',(158.519087731838,17.,178.));
#13127=CARTESIAN_POINT('',(157.362890839577,20.,180.139154076576));
#13128=CARTESIAN_POINT('Ctrl Pts',(156.971349418163,23.,180.678717374802));
#13129=CARTESIAN_POINT('Ctrl Pts',(156.971349418163,17.,180.678717374802));
#13130=CARTESIAN_POINT('Ctrl Pts',(157.035586136153,23.,180.615302636483));
#13131=CARTESIAN_POINT('Ctrl Pts',(157.035586136153,17.,180.615302636483));
#13132=CARTESIAN_POINT('Ctrl Pts',(157.195345572988,23.,180.457587497884));
#13133=CARTESIAN_POINT('Ctrl Pts',(157.195345572988,17.,180.457587497884));
#13134=CARTESIAN_POINT('Ctrl Pts',(157.300197936692,23.,180.258307043196));
#13135=CARTESIAN_POINT('Ctrl Pts',(157.300197936692,17.,180.258307043196));
#13136=CARTESIAN_POINT('Ctrl Pts',(157.362890839577,23.,180.139154076576));
#13137=CARTESIAN_POINT('Ctrl Pts',(157.362890839577,17.,180.139154076576));
#13138=CARTESIAN_POINT('',(156.971349418163,17.,180.678717374802));
#13139=CARTESIAN_POINT('Ctrl Pts',(156.971349418163,17.,180.678717374802));
#13140=CARTESIAN_POINT('Ctrl Pts',(157.035586136153,17.,180.615302636483));
#13141=CARTESIAN_POINT('Ctrl Pts',(157.195345572988,17.,180.457587497884));
#13142=CARTESIAN_POINT('Ctrl Pts',(157.300197936692,17.,180.258307043196));
#13143=CARTESIAN_POINT('Ctrl Pts',(157.362890839577,17.,180.139154076576));
#13144=CARTESIAN_POINT('',(156.971349418163,20.,180.678717374802));
#13145=CARTESIAN_POINT('Ctrl Pts',(156.441335678101,23.,180.841063737869));
#13146=CARTESIAN_POINT('Ctrl Pts',(156.441335678101,17.,180.841063737869));
#13147=CARTESIAN_POINT('Ctrl Pts',(156.537016171742,23.,180.834584971658));
#13148=CARTESIAN_POINT('Ctrl Pts',(156.537016171742,17.,180.834584971658));
#13149=CARTESIAN_POINT('Ctrl Pts',(156.72640863593,23.,180.821760732873));
#13150=CARTESIAN_POINT('Ctrl Pts',(156.72640863593,17.,180.821760732873));
#13151=CARTESIAN_POINT('Ctrl Pts',(156.89027021009,23.,180.726066950837));
#13152=CARTESIAN_POINT('Ctrl Pts',(156.89027021009,17.,180.726066950837));
#13153=CARTESIAN_POINT('Ctrl Pts',(156.971349418163,23.,180.678717374802));
#13154=CARTESIAN_POINT('Ctrl Pts',(156.971349418163,17.,180.678717374802));
#13155=CARTESIAN_POINT('',(156.441335678101,17.,180.841063737869));
#13156=CARTESIAN_POINT('Ctrl Pts',(156.441335678101,17.,180.841063737869));
#13157=CARTESIAN_POINT('Ctrl Pts',(156.537016171742,17.,180.834584971658));
#13158=CARTESIAN_POINT('Ctrl Pts',(156.72640863593,17.,180.821760732873));
#13159=CARTESIAN_POINT('Ctrl Pts',(156.89027021009,17.,180.726066950837));
#13160=CARTESIAN_POINT('Ctrl Pts',(156.971349418163,17.,180.678717374802));
#13161=CARTESIAN_POINT('',(156.441335678101,20.,180.841063737869));
#13162=CARTESIAN_POINT('Origin',(156.250340044498,20.,180.841063737869));
#13163=CARTESIAN_POINT('',(156.250340044498,17.,180.841063737869));
#13164=CARTESIAN_POINT('',(156.441335678101,17.,180.841063737869));
#13165=CARTESIAN_POINT('',(156.250340044498,20.,180.841063737869));
#13166=CARTESIAN_POINT('Origin',(156.250340044498,20.,178.));
#13167=CARTESIAN_POINT('',(156.250340044498,17.,178.));
#13168=CARTESIAN_POINT('',(156.250340044498,17.,180.841063737869));
#13169=CARTESIAN_POINT('',(156.250340044498,20.,178.));
#13170=CARTESIAN_POINT('Origin',(154.077761471272,20.,178.));
#13171=CARTESIAN_POINT('',(156.250340044498,17.,178.));
#13172=CARTESIAN_POINT('Origin',(157.520462572575,17.,181.499999940395));
#13173=CARTESIAN_POINT('Origin',(142.720667896792,23.,181.499999940395));
#13174=CARTESIAN_POINT('',(139.433150943369,23.,183.271486639977));
#13175=CARTESIAN_POINT('',(139.433150943369,23.,184.999999880791));
#13176=CARTESIAN_POINT('',(139.433150943369,23.,183.271486639977));
#13177=CARTESIAN_POINT('',(146.008184850216,23.,184.999999880791));
#13178=CARTESIAN_POINT('',(139.433150943369,23.,184.999999880791));
#13179=CARTESIAN_POINT('',(146.008184850216,23.,183.271486639977));
#13180=CARTESIAN_POINT('',(146.008184850216,23.,184.999999880791));
#13181=CARTESIAN_POINT('',(143.802181780338,23.,183.271486639977));
#13182=CARTESIAN_POINT('',(146.008184850216,23.,183.271486639977));
#13183=CARTESIAN_POINT('',(143.802181780338,23.,178.));
#13184=CARTESIAN_POINT('',(143.802181780338,23.,183.271486639977));
#13185=CARTESIAN_POINT('',(141.63915336132,23.,178.));
#13186=CARTESIAN_POINT('',(143.802181780338,23.,178.));
#13187=CARTESIAN_POINT('',(141.63915336132,23.,183.271486639977));
#13188=CARTESIAN_POINT('',(141.63915336132,23.,178.));
#13189=CARTESIAN_POINT('',(141.63915336132,23.,183.271486639977));
#13190=CARTESIAN_POINT('Origin',(146.008184850216,20.,184.999999880791));
#13191=CARTESIAN_POINT('',(139.433150943369,17.,184.999999880791));
#13192=CARTESIAN_POINT('',(139.433150943369,20.,184.999999880791));
#13193=CARTESIAN_POINT('',(146.008184850216,17.,184.999999880791));
#13194=CARTESIAN_POINT('',(139.433150943369,17.,184.999999880791));
#13195=CARTESIAN_POINT('',(146.008184850216,20.,184.999999880791));
#13196=CARTESIAN_POINT('Origin',(146.008184850216,20.,183.271486639977));
#13197=CARTESIAN_POINT('',(146.008184850216,17.,183.271486639977));
#13198=CARTESIAN_POINT('',(146.008184850216,17.,184.999999880791));
#13199=CARTESIAN_POINT('',(146.008184850216,20.,183.271486639977));
#13200=CARTESIAN_POINT('Origin',(143.802181780338,20.,183.271486639977));
#13201=CARTESIAN_POINT('',(143.802181780338,17.,183.271486639977));
#13202=CARTESIAN_POINT('',(146.008184850216,17.,183.271486639977));
#13203=CARTESIAN_POINT('',(143.802181780338,20.,183.271486639977));
#13204=CARTESIAN_POINT('Origin',(143.802181780338,20.,178.));
#13205=CARTESIAN_POINT('',(143.802181780338,17.,178.));
#13206=CARTESIAN_POINT('',(143.802181780338,17.,183.271486639977));
#13207=CARTESIAN_POINT('',(143.802181780338,20.,178.));
#13208=CARTESIAN_POINT('Origin',(141.63915336132,20.,178.));
#13209=CARTESIAN_POINT('',(141.63915336132,17.,178.));
#13210=CARTESIAN_POINT('',(143.802181780338,17.,178.));
#13211=CARTESIAN_POINT('',(141.63915336132,20.,178.));
#13212=CARTESIAN_POINT('Origin',(141.63915336132,20.,183.271486639977));
#13213=CARTESIAN_POINT('',(141.63915336132,17.,183.271486639977));
#13214=CARTESIAN_POINT('',(141.63915336132,17.,178.));
#13215=CARTESIAN_POINT('',(141.63915336132,20.,183.271486639977));
#13216=CARTESIAN_POINT('Origin',(139.433150943369,20.,183.271486639977));
#13217=CARTESIAN_POINT('',(139.433150943369,17.,183.271486639977));
#13218=CARTESIAN_POINT('',(141.63915336132,17.,183.271486639977));
#13219=CARTESIAN_POINT('',(139.433150943369,20.,183.271486639977));
#13220=CARTESIAN_POINT('Origin',(139.433150943369,20.,184.999999880791));
#13221=CARTESIAN_POINT('',(139.433150943369,17.,183.271486639977));
#13222=CARTESIAN_POINT('Origin',(142.720667896792,17.,181.499999940395));
#13223=CARTESIAN_POINT('Origin',(108.210096015246,23.,181.499999940395));
#13224=CARTESIAN_POINT('',(109.755372107029,23.,178.));
#13225=CARTESIAN_POINT('',(109.405163228512,23.,179.155525445938));
#13226=CARTESIAN_POINT('',(109.755372107029,23.,178.));
#13227=CARTESIAN_POINT('',(106.94944858551,23.,179.155525445938));
#13228=CARTESIAN_POINT('',(109.405163228512,23.,179.155525445938));
#13229=CARTESIAN_POINT('',(106.608267128468,23.,178.));
#13230=CARTESIAN_POINT('',(106.94944858551,23.,179.155525445938));
#13231=CARTESIAN_POINT('',(104.399727788987,23.,178.));
#13232=CARTESIAN_POINT('',(106.608267128468,23.,178.));
#13233=CARTESIAN_POINT('',(107.030696570873,23.,184.999999880791));
#13234=CARTESIAN_POINT('',(104.399727788987,23.,178.));
#13235=CARTESIAN_POINT('',(109.390092790127,23.,184.999999880791));
#13236=CARTESIAN_POINT('',(107.030696570873,23.,184.999999880791));
#13237=CARTESIAN_POINT('',(112.020464241505,23.,178.));
#13238=CARTESIAN_POINT('',(109.390092790127,23.,184.999999880791));
#13239=CARTESIAN_POINT('',(112.020464241505,23.,178.));
#13240=CARTESIAN_POINT('',(107.419253587723,23.,180.669167518616));
#13241=CARTESIAN_POINT('',(108.956472277641,23.,180.669167518616));
#13242=CARTESIAN_POINT('',(107.419253587723,23.,180.669167518616));
#13243=CARTESIAN_POINT('',(108.183834254742,23.,183.18553853035));
#13244=CARTESIAN_POINT('',(108.956472277641,23.,180.669167518616));
#13245=CARTESIAN_POINT('',(108.183834254742,23.,183.18553853035));
#13246=CARTESIAN_POINT('Origin',(108.183834254742,20.,183.18553853035));
#13247=CARTESIAN_POINT('',(108.956472277641,17.,180.669167518616));
#13248=CARTESIAN_POINT('',(108.956472277641,20.,180.669167518616));
#13249=CARTESIAN_POINT('',(108.183834254742,17.,183.18553853035));
#13250=CARTESIAN_POINT('',(108.956472277641,17.,180.669167518616));
#13251=CARTESIAN_POINT('',(108.183834254742,20.,183.18553853035));
#13252=CARTESIAN_POINT('Origin',(107.419253587723,20.,180.669167518616));
#13253=CARTESIAN_POINT('',(107.419253587723,17.,180.669167518616));
#13254=CARTESIAN_POINT('',(108.183834254742,17.,183.18553853035));
#13255=CARTESIAN_POINT('',(107.419253587723,20.,180.669167518616));
#13256=CARTESIAN_POINT('Origin',(108.956472277641,20.,180.669167518616));
#13257=CARTESIAN_POINT('',(107.419253587723,17.,180.669167518616));
#13258=CARTESIAN_POINT('Origin',(106.94944858551,20.,179.155525445938));
#13259=CARTESIAN_POINT('',(109.405163228512,17.,179.155525445938));
#13260=CARTESIAN_POINT('',(109.405163228512,20.,179.155525445938));
#13261=CARTESIAN_POINT('',(106.94944858551,17.,179.155525445938));
#13262=CARTESIAN_POINT('',(109.405163228512,17.,179.155525445938));
#13263=CARTESIAN_POINT('',(106.94944858551,20.,179.155525445938));
#13264=CARTESIAN_POINT('Origin',(106.608267128468,20.,178.));
#13265=CARTESIAN_POINT('',(106.608267128468,17.,178.));
#13266=CARTESIAN_POINT('',(106.94944858551,17.,179.155525445938));
#13267=CARTESIAN_POINT('',(106.608267128468,20.,178.));
#13268=CARTESIAN_POINT('Origin',(104.399727788987,20.,178.));
#13269=CARTESIAN_POINT('',(104.399727788987,17.,178.));
#13270=CARTESIAN_POINT('',(106.608267128468,17.,178.));
#13271=CARTESIAN_POINT('',(104.399727788987,20.,178.));
#13272=CARTESIAN_POINT('Origin',(107.030696570873,20.,184.999999880791));
#13273=CARTESIAN_POINT('',(107.030696570873,17.,184.999999880791));
#13274=CARTESIAN_POINT('',(104.399727788987,17.,178.));
#13275=CARTESIAN_POINT('',(107.030696570873,20.,184.999999880791));
#13276=CARTESIAN_POINT('Origin',(109.390092790127,20.,184.999999880791));
#13277=CARTESIAN_POINT('',(109.390092790127,17.,184.999999880791));
#13278=CARTESIAN_POINT('',(107.030696570873,17.,184.999999880791));
#13279=CARTESIAN_POINT('',(109.390092790127,20.,184.999999880791));
#13280=CARTESIAN_POINT('Origin',(112.020464241505,20.,178.));
#13281=CARTESIAN_POINT('',(112.020464241505,17.,178.));
#13282=CARTESIAN_POINT('',(109.390092790127,17.,184.999999880791));
#13283=CARTESIAN_POINT('',(112.020464241505,20.,178.));
#13284=CARTESIAN_POINT('Origin',(109.755372107029,20.,178.));
#13285=CARTESIAN_POINT('',(109.755372107029,17.,178.));
#13286=CARTESIAN_POINT('',(112.020464241505,17.,178.));
#13287=CARTESIAN_POINT('',(109.755372107029,20.,178.));
#13288=CARTESIAN_POINT('Origin',(109.405163228512,20.,179.155525445938));
#13289=CARTESIAN_POINT('',(109.755372107029,17.,178.));
#13290=CARTESIAN_POINT('Origin',(108.210096015246,17.,181.499999940395));
#13291=CARTESIAN_POINT('Origin',(77.748637405457,23.,181.499999940395));
#13292=CARTESIAN_POINT('',(76.5986329317093,23.,178.));
#13293=CARTESIAN_POINT('',(73.954981083516,23.,184.999999880791));
#13294=CARTESIAN_POINT('',(76.5986329317093,23.,178.));
#13295=CARTESIAN_POINT('',(76.2161190807819,23.,184.999999880791));
#13296=CARTESIAN_POINT('',(73.954981083516,23.,184.999999880791));
#13297=CARTESIAN_POINT('',(77.7916112542152,23.,179.96248292923));
#13298=CARTESIAN_POINT('',(76.2161190807819,23.,184.999999880791));
#13299=CARTESIAN_POINT('',(79.3469598889351,23.,184.999999880791));
#13300=CARTESIAN_POINT('',(77.7916112542152,23.,179.96248292923));
#13301=CARTESIAN_POINT('',(81.5422937273979,23.,184.999999880791));
#13302=CARTESIAN_POINT('',(79.3469598889351,23.,184.999999880791));
#13303=CARTESIAN_POINT('',(78.943108022213,23.,178.));
#13304=CARTESIAN_POINT('',(81.5422937273979,23.,184.999999880791));
#13305=CARTESIAN_POINT('',(78.943108022213,23.,178.));
#13306=CARTESIAN_POINT('Origin',(76.2161190807819,20.,184.999999880791));
#13307=CARTESIAN_POINT('',(73.954981083516,17.,184.999999880791));
#13308=CARTESIAN_POINT('',(73.954981083516,20.,184.999999880791));
#13309=CARTESIAN_POINT('',(76.2161190807819,17.,184.999999880791));
#13310=CARTESIAN_POINT('',(73.954981083516,17.,184.999999880791));
#13311=CARTESIAN_POINT('',(76.2161190807819,20.,184.999999880791));
#13312=CARTESIAN_POINT('Origin',(77.7916112542152,20.,179.96248292923));
#13313=CARTESIAN_POINT('',(77.7916112542152,17.,179.96248292923));
#13314=CARTESIAN_POINT('',(76.2161190807819,17.,184.999999880791));
#13315=CARTESIAN_POINT('',(77.7916112542152,20.,179.96248292923));
#13316=CARTESIAN_POINT('Origin',(79.3469598889351,20.,184.999999880791));
#13317=CARTESIAN_POINT('',(79.3469598889351,17.,184.999999880791));
#13318=CARTESIAN_POINT('',(77.7916112542152,17.,179.96248292923));
#13319=CARTESIAN_POINT('',(79.3469598889351,20.,184.999999880791));
#13320=CARTESIAN_POINT('Origin',(81.5422937273979,20.,184.999999880791));
#13321=CARTESIAN_POINT('',(81.5422937273979,17.,184.999999880791));
#13322=CARTESIAN_POINT('',(79.3469598889351,17.,184.999999880791));
#13323=CARTESIAN_POINT('',(81.5422937273979,20.,184.999999880791));
#13324=CARTESIAN_POINT('Origin',(78.943108022213,20.,178.));
#13325=CARTESIAN_POINT('',(78.943108022213,17.,178.));
#13326=CARTESIAN_POINT('',(81.5422937273979,17.,184.999999880791));
#13327=CARTESIAN_POINT('',(78.943108022213,20.,178.));
#13328=CARTESIAN_POINT('Origin',(76.5986329317093,20.,178.));
#13329=CARTESIAN_POINT('',(76.5986329317093,17.,178.));
#13330=CARTESIAN_POINT('',(78.943108022213,17.,178.));
#13331=CARTESIAN_POINT('',(76.5986329317093,20.,178.));
#13332=CARTESIAN_POINT('Origin',(73.954981083516,20.,184.999999880791));
#13333=CARTESIAN_POINT('',(76.5986329317093,17.,178.));
#13334=CARTESIAN_POINT('Origin',(77.748637405457,17.,181.499999940395));
#13335=CARTESIAN_POINT('Origin',(72.0068229362369,23.,181.499999940395));
#13336=CARTESIAN_POINT('',(70.9229212254286,23.,178.));
#13337=CARTESIAN_POINT('',(70.9229212254286,23.,184.999999880791));
#13338=CARTESIAN_POINT('',(70.9229212254286,23.,178.));
#13339=CARTESIAN_POINT('',(73.0907246470451,23.,184.999999880791));
#13340=CARTESIAN_POINT('',(70.9229212254286,23.,184.999999880791));
#13341=CARTESIAN_POINT('',(73.0907246470451,23.,178.));
#13342=CARTESIAN_POINT('',(73.0907246470451,23.,184.999999880791));
#13343=CARTESIAN_POINT('',(73.0907246470451,23.,178.));
#13344=CARTESIAN_POINT('Origin',(73.0907246470451,20.,184.999999880791));
#13345=CARTESIAN_POINT('',(70.9229212254286,17.,184.999999880791));
#13346=CARTESIAN_POINT('',(70.9229212254286,20.,184.999999880791));
#13347=CARTESIAN_POINT('',(73.0907246470451,17.,184.999999880791));
#13348=CARTESIAN_POINT('',(70.9229212254286,17.,184.999999880791));
#13349=CARTESIAN_POINT('',(73.0907246470451,20.,184.999999880791));
#13350=CARTESIAN_POINT('Origin',(73.0907246470451,20.,178.));
#13351=CARTESIAN_POINT('',(73.0907246470451,17.,178.));
#13352=CARTESIAN_POINT('',(73.0907246470451,17.,184.999999880791));
#13353=CARTESIAN_POINT('',(73.0907246470451,20.,178.));
#13354=CARTESIAN_POINT('Origin',(70.9229212254286,20.,178.));
#13355=CARTESIAN_POINT('',(70.9229212254286,17.,178.));
#13356=CARTESIAN_POINT('',(73.0907246470451,17.,178.));
#13357=CARTESIAN_POINT('',(70.9229212254286,20.,178.));
#13358=CARTESIAN_POINT('Origin',(70.9229212254286,20.,184.999999880791));
#13359=CARTESIAN_POINT('',(70.9229212254286,17.,178.));
#13360=CARTESIAN_POINT('Origin',(72.0068229362369,17.,181.499999940395));
#13361=CARTESIAN_POINT('Origin',(100.835266886279,23.,181.499999940395));
#13362=CARTESIAN_POINT('',(97.5477499328554,23.,183.271486639977));
#13363=CARTESIAN_POINT('',(97.5477499328554,23.,184.999999880791));
#13364=CARTESIAN_POINT('',(97.5477499328554,23.,183.271486639977));
#13365=CARTESIAN_POINT('',(104.122783839703,23.,184.999999880791));
#13366=CARTESIAN_POINT('',(97.5477499328554,23.,184.999999880791));
#13367=CARTESIAN_POINT('',(104.122783839703,23.,183.271486639977));
#13368=CARTESIAN_POINT('',(104.122783839703,23.,184.999999880791));
#13369=CARTESIAN_POINT('',(101.916780769825,23.,183.271486639977));
#13370=CARTESIAN_POINT('',(104.122783839703,23.,183.271486639977));
#13371=CARTESIAN_POINT('',(101.916780769825,23.,178.));
#13372=CARTESIAN_POINT('',(101.916780769825,23.,183.271486639977));
#13373=CARTESIAN_POINT('',(99.7537523508072,23.,178.));
#13374=CARTESIAN_POINT('',(101.916780769825,23.,178.));
#13375=CARTESIAN_POINT('',(99.7537523508072,23.,183.271486639977));
#13376=CARTESIAN_POINT('',(99.7537523508072,23.,178.));
#13377=CARTESIAN_POINT('',(99.7537523508072,23.,183.271486639977));
#13378=CARTESIAN_POINT('Origin',(104.122783839703,20.,184.999999880791));
#13379=CARTESIAN_POINT('',(97.5477499328554,17.,184.999999880791));
#13380=CARTESIAN_POINT('',(97.5477499328554,20.,184.999999880791));
#13381=CARTESIAN_POINT('',(104.122783839703,17.,184.999999880791));
#13382=CARTESIAN_POINT('',(97.5477499328554,17.,184.999999880791));
#13383=CARTESIAN_POINT('',(104.122783839703,20.,184.999999880791));
#13384=CARTESIAN_POINT('Origin',(104.122783839703,20.,183.271486639977));
#13385=CARTESIAN_POINT('',(104.122783839703,17.,183.271486639977));
#13386=CARTESIAN_POINT('',(104.122783839703,17.,184.999999880791));
#13387=CARTESIAN_POINT('',(104.122783839703,20.,183.271486639977));
#13388=CARTESIAN_POINT('Origin',(101.916780769825,20.,183.271486639977));
#13389=CARTESIAN_POINT('',(101.916780769825,17.,183.271486639977));
#13390=CARTESIAN_POINT('',(104.122783839703,17.,183.271486639977));
#13391=CARTESIAN_POINT('',(101.916780769825,20.,183.271486639977));
#13392=CARTESIAN_POINT('Origin',(101.916780769825,20.,178.));
#13393=CARTESIAN_POINT('',(101.916780769825,17.,178.));
#13394=CARTESIAN_POINT('',(101.916780769825,17.,183.271486639977));
#13395=CARTESIAN_POINT('',(101.916780769825,20.,178.));
#13396=CARTESIAN_POINT('Origin',(99.7537523508072,20.,178.));
#13397=CARTESIAN_POINT('',(99.7537523508072,17.,178.));
#13398=CARTESIAN_POINT('',(101.916780769825,17.,178.));
#13399=CARTESIAN_POINT('',(99.7537523508072,20.,178.));
#13400=CARTESIAN_POINT('Origin',(99.7537523508072,20.,183.271486639977));
#13401=CARTESIAN_POINT('',(99.7537523508072,17.,183.271486639977));
#13402=CARTESIAN_POINT('',(99.7537523508072,17.,178.));
#13403=CARTESIAN_POINT('',(99.7537523508072,20.,183.271486639977));
#13404=CARTESIAN_POINT('Origin',(97.5477499328554,20.,183.271486639977));
#13405=CARTESIAN_POINT('',(97.5477499328554,17.,183.271486639977));
#13406=CARTESIAN_POINT('',(99.7537523508072,17.,183.271486639977));
#13407=CARTESIAN_POINT('',(97.5477499328554,20.,183.271486639977));
#13408=CARTESIAN_POINT('Origin',(97.5477499328554,20.,184.999999880791));
#13409=CARTESIAN_POINT('',(97.5477499328554,17.,183.271486639977));
#13410=CARTESIAN_POINT('Origin',(100.835266886279,17.,181.499999940395));
#13411=CARTESIAN_POINT('Origin',(135.660981945693,23.,181.499999642372));
#13412=CARTESIAN_POINT('',(133.263983428478,23.,178.568212270737));
#13413=CARTESIAN_POINT('',(132.485675141215,23.,180.315825223923));
#13414=CARTESIAN_POINT('Ctrl Pts',(133.263983428478,23.,178.568212270737));
#13415=CARTESIAN_POINT('Ctrl Pts',(133.059332424629,23.,178.817088071851));
#13416=CARTESIAN_POINT('Ctrl Pts',(132.639690769047,23.,179.327413705489));
#13417=CARTESIAN_POINT('Ctrl Pts',(132.537850109024,23.,179.980986870944));
#13418=CARTESIAN_POINT('Ctrl Pts',(132.485675141215,23.,180.315825223923));
#13419=CARTESIAN_POINT('',(134.543656110764,23.,180.444747686386));
#13420=CARTESIAN_POINT('',(132.485675141215,23.,180.315825223923));
#13421=CARTESIAN_POINT('',(134.815825223923,23.,179.680763959885));
#13422=CARTESIAN_POINT('Ctrl Pts',(134.543656110764,23.,180.444747686386));
#13423=CARTESIAN_POINT('Ctrl Pts',(134.567260985006,23.,180.293717281849));
#13424=CARTESIAN_POINT('Ctrl Pts',(134.609862934991,23.,180.021138420628));
#13425=CARTESIAN_POINT('Ctrl Pts',(134.752306667311,23.,179.785735091086));
#13426=CARTESIAN_POINT('Ctrl Pts',(134.815825223923,23.,179.680763959885));
#13427=CARTESIAN_POINT('',(135.770804584026,23.,179.255798339844));
#13428=CARTESIAN_POINT('Ctrl Pts',(134.815825223923,23.,179.680763959885));
#13429=CARTESIAN_POINT('Ctrl Pts',(134.943052350949,23.,179.556870849567));
#13430=CARTESIAN_POINT('Ctrl Pts',(135.208167387033,23.,179.298703215196));
#13431=CARTESIAN_POINT('Ctrl Pts',(135.578297636902,23.,179.270478291001));
#13432=CARTESIAN_POINT('Ctrl Pts',(135.770804584026,23.,179.255798339844));
#13433=CARTESIAN_POINT('',(136.484651863575,23.,179.473056077957));
#13434=CARTESIAN_POINT('Ctrl Pts',(135.770804584026,23.,179.255798339844));
#13435=CARTESIAN_POINT('Ctrl Pts',(135.911625635722,23.,179.261068937666));
#13436=CARTESIAN_POINT('Ctrl Pts',(136.16981538329,23.,179.270732367281));
#13437=CARTESIAN_POINT('Ctrl Pts',(136.386259861613,23.,179.409826318433));
#13438=CARTESIAN_POINT('Ctrl Pts',(136.484651863575,23.,179.473056077957));
#13439=CARTESIAN_POINT('',(136.735334098339,23.,179.976807713509));
#13440=CARTESIAN_POINT('Ctrl Pts',(136.484651863575,23.,179.473056077957));
#13441=CARTESIAN_POINT('Ctrl Pts',(136.557729131347,23.,179.546189716537));
#13442=CARTESIAN_POINT('Ctrl Pts',(136.697992970573,23.,179.686561753376));
#13443=CARTESIAN_POINT('Ctrl Pts',(136.723240498039,23.,179.882806304325));
#13444=CARTESIAN_POINT('Ctrl Pts',(136.735334098339,23.,179.976807713509));
#13445=CARTESIAN_POINT('',(136.496589183807,23.,180.463847398758));
#13446=CARTESIAN_POINT('Ctrl Pts',(136.735334098339,23.,179.976807713509));
#13447=CARTESIAN_POINT('Ctrl Pts',(136.723637355164,23.,180.066669215386));
#13448=CARTESIAN_POINT('Ctrl Pts',(136.699086598983,23.,180.255283070509));
#13449=CARTESIAN_POINT('Ctrl Pts',(136.566176684677,23.,180.392175025257));
#13450=CARTESIAN_POINT('Ctrl Pts',(136.496589183807,23.,180.463847398758));
#13451=CARTESIAN_POINT('',(135.388813018799,23.,180.869713306427));
#13452=CARTESIAN_POINT('Ctrl Pts',(136.496589183807,23.,180.463847398758));
#13453=CARTESIAN_POINT('Ctrl Pts',(136.366714775578,23.,180.539106505172));
#13454=CARTESIAN_POINT('Ctrl Pts',(136.022832877407,23.,180.73837782214));
#13455=CARTESIAN_POINT('Ctrl Pts',(135.63202431015,23.,180.819332750834));
#13456=CARTESIAN_POINT('Ctrl Pts',(135.388813018799,23.,180.869713306427));
#13457=CARTESIAN_POINT('',(133.359481394291,23.,181.719645738602));
#13458=CARTESIAN_POINT('Ctrl Pts',(135.388813018799,23.,180.869713306427));
#13459=CARTESIAN_POINT('Ctrl Pts',(134.970971910422,23.,180.967547038084));
#13460=CARTESIAN_POINT('Ctrl Pts',(134.244698523504,23.,181.137597409434));
#13461=CARTESIAN_POINT('Ctrl Pts',(133.623353087741,23.,181.546144714707));
#13462=CARTESIAN_POINT('Ctrl Pts',(133.359481394291,23.,181.719645738602));
#13463=CARTESIAN_POINT('',(132.748294509947,23.,183.070940852165));
#13464=CARTESIAN_POINT('Ctrl Pts',(133.359481394291,23.,181.719645738602));
#13465=CARTESIAN_POINT('Ctrl Pts',(133.181219490105,23.,181.909040936245));
#13466=CARTESIAN_POINT('Ctrl Pts',(132.823145052521,23.,182.289478804823));
#13467=CARTESIAN_POINT('Ctrl Pts',(132.773316617588,23.,182.809702565931));
#13468=CARTESIAN_POINT('Ctrl Pts',(132.748294509947,23.,183.070940852165));
#13469=CARTESIAN_POINT('',(133.061050325632,23.,184.090381741524));
#13470=CARTESIAN_POINT('Ctrl Pts',(132.748294509947,23.,183.070940852165));
#13471=CARTESIAN_POINT('Ctrl Pts',(132.762135662558,23.,183.249539479406));
#13472=CARTESIAN_POINT('Ctrl Pts',(132.790265406369,23.,183.612510235564));
#13473=CARTESIAN_POINT('Ctrl Pts',(132.969836584841,23.,183.929411005802));
#13474=CARTESIAN_POINT('Ctrl Pts',(133.061050325632,23.,184.090381741524));
#13475=CARTESIAN_POINT('',(134.001705050468,23.,184.844815611839));
#13476=CARTESIAN_POINT('Ctrl Pts',(133.061050325632,23.,184.090381741524));
#13477=CARTESIAN_POINT('Ctrl Pts',(133.183020880962,23.,184.243729699814));
#13478=CARTESIAN_POINT('Ctrl Pts',(133.439160642867,23.,184.565762418441));
#13479=CARTESIAN_POINT('Ctrl Pts',(133.808329691646,23.,184.748890720089));
#13480=CARTESIAN_POINT('Ctrl Pts',(134.001705050468,23.,184.844815611839));
#13481=CARTESIAN_POINT('',(135.72305560112,23.,185.119371891022));
#13482=CARTESIAN_POINT('Ctrl Pts',(134.001705050468,23.,184.844815611839));
#13483=CARTESIAN_POINT('Ctrl Pts',(134.247885893831,23.,184.924608140344));
#13484=CARTESIAN_POINT('Ctrl Pts',(134.806307749271,23.,185.105604724845));
#13485=CARTESIAN_POINT('Ctrl Pts',(135.39428738582,23.,185.114434648306));
#13486=CARTESIAN_POINT('Ctrl Pts',(135.72305560112,23.,185.119371891022));
#13487=CARTESIAN_POINT('',(137.76909917593,23.,184.620395183563));
#13488=CARTESIAN_POINT('Ctrl Pts',(135.72305560112,23.,185.119371891022));
#13489=CARTESIAN_POINT('Ctrl Pts',(136.125690682239,23.,185.110159612426));
#13490=CARTESIAN_POINT('Ctrl Pts',(136.847079872264,23.,185.093654249367));
#13491=CARTESIAN_POINT('Ctrl Pts',(137.486544414642,23.,184.765426422968));
#13492=CARTESIAN_POINT('Ctrl Pts',(137.76909917593,23.,184.620395183563));
#13493=CARTESIAN_POINT('',(138.607093393803,23.,183.032742023468));
#13494=CARTESIAN_POINT('Ctrl Pts',(137.76909917593,23.,184.620395183563));
#13495=CARTESIAN_POINT('Ctrl Pts',(137.981204795424,23.,184.418540293919));
#13496=CARTESIAN_POINT('Ctrl Pts',(138.436293809972,23.,183.985445013233));
#13497=CARTESIAN_POINT('Ctrl Pts',(138.547641878198,23.,183.36435662927));
#13498=CARTESIAN_POINT('Ctrl Pts',(138.607093393803,23.,183.032742023468));
#13499=CARTESIAN_POINT('',(136.568212509155,23.,182.913369417191));
#13500=CARTESIAN_POINT('',(138.607093393803,23.,183.032742023468));
#13501=CARTESIAN_POINT('',(136.226807534695,23.,183.600954890251));
#13502=CARTESIAN_POINT('Ctrl Pts',(136.568212509155,23.,182.913369417191));
#13503=CARTESIAN_POINT('Ctrl Pts',(136.538557787884,23.,183.055840944289));
#13504=CARTESIAN_POINT('Ctrl Pts',(136.48441656862,23.,183.315954068168));
#13505=CARTESIAN_POINT('Ctrl Pts',(136.307032973156,23.,183.512199012535));
#13506=CARTESIAN_POINT('Ctrl Pts',(136.226807534695,23.,183.600954890251));
#13507=CARTESIAN_POINT('',(135.508185327053,23.,183.815824866295));
#13508=CARTESIAN_POINT('Ctrl Pts',(136.226807534695,23.,183.600954890251));
#13509=CARTESIAN_POINT('Ctrl Pts',(136.12633473741,23.,183.663511492946));
#13510=CARTESIAN_POINT('Ctrl Pts',(135.907209433477,23.,183.799943790533));
#13511=CARTESIAN_POINT('Ctrl Pts',(135.648352054876,23.,183.81024625992));
#13512=CARTESIAN_POINT('Ctrl Pts',(135.508185327053,23.,183.815824866295));
#13513=CARTESIAN_POINT('',(134.93997246027,23.,183.65586566925));
#13514=CARTESIAN_POINT('Ctrl Pts',(135.508185327053,23.,183.815824866295));
#13515=CARTESIAN_POINT('Ctrl Pts',(135.394874785017,23.,183.812700450524));
#13516=CARTESIAN_POINT('Ctrl Pts',(135.191028140972,23.,183.80707959956));
#13517=CARTESIAN_POINT('Ctrl Pts',(135.017183516362,23.,183.702370839826));
#13518=CARTESIAN_POINT('Ctrl Pts',(134.93997246027,23.,183.65586566925));
#13519=CARTESIAN_POINT('',(134.748976528645,23.,183.266711711884));
#13520=CARTESIAN_POINT('Ctrl Pts',(134.93997246027,23.,183.65586566925));
#13521=CARTESIAN_POINT('Ctrl Pts',(134.884274758346,23.,183.600622445488));
#13522=CARTESIAN_POINT('Ctrl Pts',(134.775497086392,23.,183.492732369872));
#13523=CARTESIAN_POINT('Ctrl Pts',(134.757673741783,23.,183.340833450006));
#13524=CARTESIAN_POINT('Ctrl Pts',(134.748976528645,23.,183.266711711884));
#13525=CARTESIAN_POINT('',(134.906548261642,23.,182.965893030167));
#13526=CARTESIAN_POINT('Ctrl Pts',(134.748976528645,23.,183.266711711884));
#13527=CARTESIAN_POINT('Ctrl Pts',(134.757003054465,23.,183.211206279988));
#13528=CARTESIAN_POINT('Ctrl Pts',(134.774096604775,23.,183.093000107884));
#13529=CARTESIAN_POINT('Ctrl Pts',(134.860641685596,23.,183.009947222219));
#13530=CARTESIAN_POINT('Ctrl Pts',(134.906548261642,23.,182.965893030167));
#13531=CARTESIAN_POINT('',(135.6323325634,23.,182.708049297333));
#13532=CARTESIAN_POINT('Ctrl Pts',(134.906548261642,23.,182.965893030167));
#13533=CARTESIAN_POINT('Ctrl Pts',(134.991065900496,23.,182.917626637539));
#13534=CARTESIAN_POINT('Ctrl Pts',(135.2164616073,23.,182.788907498805));
#13535=CARTESIAN_POINT('Ctrl Pts',(135.472378177228,23.,182.739149386901));
#13536=CARTESIAN_POINT('Ctrl Pts',(135.6323325634,23.,182.708049297333));
#13537=CARTESIAN_POINT('',(137.664051353931,23.,182.089699983597));
#13538=CARTESIAN_POINT('Ctrl Pts',(135.6323325634,23.,182.708049297333));
#13539=CARTESIAN_POINT('Ctrl Pts',(136.042356494556,23.,182.619377561963));
#13540=CARTESIAN_POINT('Ctrl Pts',(136.737238238947,23.,182.46910250368));
#13541=CARTESIAN_POINT('Ctrl Pts',(137.394581824854,23.,182.200010699711));
#13542=CARTESIAN_POINT('Ctrl Pts',(137.664051353931,23.,182.089699983597));
#13543=CARTESIAN_POINT('',(138.55695694685,23.,181.31377863884));
#13544=CARTESIAN_POINT('Ctrl Pts',(137.664051353931,23.,182.089699983597));
#13545=CARTESIAN_POINT('Ctrl Pts',(137.851161150506,23.,181.984710326736));
#13546=CARTESIAN_POINT('Ctrl Pts',(138.20297919,23.,181.787300806123));
#13547=CARTESIAN_POINT('Ctrl Pts',(138.444081655992,23.,181.464773867567));
#13548=CARTESIAN_POINT('Ctrl Pts',(138.55695694685,23.,181.31377863884));
#13549=CARTESIAN_POINT('',(138.836288750172,23.,180.277625799179));
#13550=CARTESIAN_POINT('Ctrl Pts',(138.55695694685,23.,181.31377863884));
#13551=CARTESIAN_POINT('Ctrl Pts',(138.638423475279,23.,181.153401067993));
#13552=CARTESIAN_POINT('Ctrl Pts',(138.803877101937,23.,180.827683853295));
#13553=CARTESIAN_POINT('Ctrl Pts',(138.825375695436,23.,180.462831241648));
#13554=CARTESIAN_POINT('Ctrl Pts',(138.836288750172,23.,180.277625799179));
#13555=CARTESIAN_POINT('',(138.463846743107,23.,179.036152839661));
#13556=CARTESIAN_POINT('Ctrl Pts',(138.836288750172,23.,180.277625799179));
#13557=CARTESIAN_POINT('Ctrl Pts',(138.82062079429,23.,180.05735484924));
#13558=CARTESIAN_POINT('Ctrl Pts',(138.789209010848,23.,179.6157462929));
#13559=CARTESIAN_POINT('Ctrl Pts',(138.572475331071,23.,179.229661505727));
#13560=CARTESIAN_POINT('Ctrl Pts',(138.463846743107,23.,179.036152839661));
#13561=CARTESIAN_POINT('',(137.422918975353,23.,178.174283981323));
#13562=CARTESIAN_POINT('Ctrl Pts',(138.463846743107,23.,179.036152839661));
#13563=CARTESIAN_POINT('Ctrl Pts',(138.325300934417,23.,178.857293939344));
#13564=CARTESIAN_POINT('Ctrl Pts',(138.042795932265,23.,178.492587605054));
#13565=CARTESIAN_POINT('Ctrl Pts',(137.632167460174,23.,178.281732000218));
#13566=CARTESIAN_POINT('Ctrl Pts',(137.422918975353,23.,178.174283981323));
#13567=CARTESIAN_POINT('',(135.737380385399,23.,177.880627393723));
#13568=CARTESIAN_POINT('Ctrl Pts',(137.422918975353,23.,178.174283981323));
#13569=CARTESIAN_POINT('Ctrl Pts',(137.173255162988,23.,178.088795982997));
#13570=CARTESIAN_POINT('Ctrl Pts',(136.627699702796,23.,177.901990999825));
#13571=CARTESIAN_POINT('Ctrl Pts',(136.050457758185,23.,177.88813982386));
#13572=CARTESIAN_POINT('Ctrl Pts',(135.737380385399,23.,177.880627393723));
#13573=CARTESIAN_POINT('Ctrl Pts',(135.737380385399,23.,177.880627393723));
#13574=CARTESIAN_POINT('Ctrl Pts',(135.217068509105,23.,177.884887395346));
#13575=CARTESIAN_POINT('Ctrl Pts',(134.323326635153,23.,177.892204817853));
#13576=CARTESIAN_POINT('Ctrl Pts',(133.576167229311,23.,178.368995836721));
#13577=CARTESIAN_POINT('Ctrl Pts',(133.263983428478,23.,178.568212270737));
#13578=CARTESIAN_POINT('Origin',(134.543656110764,20.,180.444747686386));
#13579=CARTESIAN_POINT('',(132.485675141215,17.,180.315825223923));
#13580=CARTESIAN_POINT('',(132.485675141215,20.,180.315825223923));
#13581=CARTESIAN_POINT('',(134.543656110764,17.,180.444747686386));
#13582=CARTESIAN_POINT('',(132.485675141215,17.,180.315825223923));
#13583=CARTESIAN_POINT('',(134.543656110764,20.,180.444747686386));
#13584=CARTESIAN_POINT('Ctrl Pts',(134.815825223923,23.,179.680763959885));
#13585=CARTESIAN_POINT('Ctrl Pts',(134.815825223923,17.,179.680763959885));
#13586=CARTESIAN_POINT('Ctrl Pts',(134.752306667311,23.,179.785735091086));
#13587=CARTESIAN_POINT('Ctrl Pts',(134.752306667311,17.,179.785735091086));
#13588=CARTESIAN_POINT('Ctrl Pts',(134.609862934991,23.,180.021138420628));
#13589=CARTESIAN_POINT('Ctrl Pts',(134.609862934991,17.,180.021138420628));
#13590=CARTESIAN_POINT('Ctrl Pts',(134.567260985006,23.,180.293717281849));
#13591=CARTESIAN_POINT('Ctrl Pts',(134.567260985006,17.,180.293717281849));
#13592=CARTESIAN_POINT('Ctrl Pts',(134.543656110764,23.,180.444747686386));
#13593=CARTESIAN_POINT('Ctrl Pts',(134.543656110764,17.,180.444747686386));
#13594=CARTESIAN_POINT('',(134.815825223923,17.,179.680763959885));
#13595=CARTESIAN_POINT('Ctrl Pts',(134.815825223923,17.,179.680763959885));
#13596=CARTESIAN_POINT('Ctrl Pts',(134.752306667311,17.,179.785735091086));
#13597=CARTESIAN_POINT('Ctrl Pts',(134.609862934991,17.,180.021138420628));
#13598=CARTESIAN_POINT('Ctrl Pts',(134.567260985006,17.,180.293717281849));
#13599=CARTESIAN_POINT('Ctrl Pts',(134.543656110764,17.,180.444747686386));
#13600=CARTESIAN_POINT('',(134.815825223923,20.,179.680763959885));
#13601=CARTESIAN_POINT('Ctrl Pts',(135.770804584026,23.,179.255798339844));
#13602=CARTESIAN_POINT('Ctrl Pts',(135.770804584026,17.,179.255798339844));
#13603=CARTESIAN_POINT('Ctrl Pts',(135.578297636902,23.,179.270478291001));
#13604=CARTESIAN_POINT('Ctrl Pts',(135.578297636902,17.,179.270478291001));
#13605=CARTESIAN_POINT('Ctrl Pts',(135.208167387033,23.,179.298703215196));
#13606=CARTESIAN_POINT('Ctrl Pts',(135.208167387033,17.,179.298703215196));
#13607=CARTESIAN_POINT('Ctrl Pts',(134.943052350949,23.,179.556870849567));
#13608=CARTESIAN_POINT('Ctrl Pts',(134.943052350949,17.,179.556870849567));
#13609=CARTESIAN_POINT('Ctrl Pts',(134.815825223923,23.,179.680763959885));
#13610=CARTESIAN_POINT('Ctrl Pts',(134.815825223923,17.,179.680763959885));
#13611=CARTESIAN_POINT('',(135.770804584026,17.,179.255798339844));
#13612=CARTESIAN_POINT('Ctrl Pts',(135.770804584026,17.,179.255798339844));
#13613=CARTESIAN_POINT('Ctrl Pts',(135.578297636902,17.,179.270478291001));
#13614=CARTESIAN_POINT('Ctrl Pts',(135.208167387033,17.,179.298703215196));
#13615=CARTESIAN_POINT('Ctrl Pts',(134.943052350949,17.,179.556870849567));
#13616=CARTESIAN_POINT('Ctrl Pts',(134.815825223923,17.,179.680763959885));
#13617=CARTESIAN_POINT('',(135.770804584026,20.,179.255798339844));
#13618=CARTESIAN_POINT('Ctrl Pts',(136.484651863575,23.,179.473056077957));
#13619=CARTESIAN_POINT('Ctrl Pts',(136.484651863575,17.,179.473056077957));
#13620=CARTESIAN_POINT('Ctrl Pts',(136.386259861613,23.,179.409826318433));
#13621=CARTESIAN_POINT('Ctrl Pts',(136.386259861613,17.,179.409826318433));
#13622=CARTESIAN_POINT('Ctrl Pts',(136.16981538329,23.,179.270732367281));
#13623=CARTESIAN_POINT('Ctrl Pts',(136.16981538329,17.,179.270732367281));
#13624=CARTESIAN_POINT('Ctrl Pts',(135.911625635722,23.,179.261068937666));
#13625=CARTESIAN_POINT('Ctrl Pts',(135.911625635722,17.,179.261068937666));
#13626=CARTESIAN_POINT('Ctrl Pts',(135.770804584026,23.,179.255798339844));
#13627=CARTESIAN_POINT('Ctrl Pts',(135.770804584026,17.,179.255798339844));
#13628=CARTESIAN_POINT('',(136.484651863575,17.,179.473056077957));
#13629=CARTESIAN_POINT('Ctrl Pts',(136.484651863575,17.,179.473056077957));
#13630=CARTESIAN_POINT('Ctrl Pts',(136.386259861613,17.,179.409826318433));
#13631=CARTESIAN_POINT('Ctrl Pts',(136.16981538329,17.,179.270732367281));
#13632=CARTESIAN_POINT('Ctrl Pts',(135.911625635722,17.,179.261068937666));
#13633=CARTESIAN_POINT('Ctrl Pts',(135.770804584026,17.,179.255798339844));
#13634=CARTESIAN_POINT('',(136.484651863575,20.,179.473056077957));
#13635=CARTESIAN_POINT('Ctrl Pts',(136.735334098339,23.,179.976807713509));
#13636=CARTESIAN_POINT('Ctrl Pts',(136.735334098339,17.,179.976807713509));
#13637=CARTESIAN_POINT('Ctrl Pts',(136.723240498039,23.,179.882806304325));
#13638=CARTESIAN_POINT('Ctrl Pts',(136.723240498039,17.,179.882806304325));
#13639=CARTESIAN_POINT('Ctrl Pts',(136.697992970573,23.,179.686561753376));
#13640=CARTESIAN_POINT('Ctrl Pts',(136.697992970573,17.,179.686561753376));
#13641=CARTESIAN_POINT('Ctrl Pts',(136.557729131347,23.,179.546189716537));
#13642=CARTESIAN_POINT('Ctrl Pts',(136.557729131347,17.,179.546189716537));
#13643=CARTESIAN_POINT('Ctrl Pts',(136.484651863575,23.,179.473056077957));
#13644=CARTESIAN_POINT('Ctrl Pts',(136.484651863575,17.,179.473056077957));
#13645=CARTESIAN_POINT('',(136.735334098339,17.,179.976807713509));
#13646=CARTESIAN_POINT('Ctrl Pts',(136.735334098339,17.,179.976807713509));
#13647=CARTESIAN_POINT('Ctrl Pts',(136.723240498039,17.,179.882806304325));
#13648=CARTESIAN_POINT('Ctrl Pts',(136.697992970573,17.,179.686561753376));
#13649=CARTESIAN_POINT('Ctrl Pts',(136.557729131347,17.,179.546189716537));
#13650=CARTESIAN_POINT('Ctrl Pts',(136.484651863575,17.,179.473056077957));
#13651=CARTESIAN_POINT('',(136.735334098339,20.,179.976807713509));
#13652=CARTESIAN_POINT('Ctrl Pts',(136.496589183807,23.,180.463847398758));
#13653=CARTESIAN_POINT('Ctrl Pts',(136.496589183807,17.,180.463847398758));
#13654=CARTESIAN_POINT('Ctrl Pts',(136.566176684677,23.,180.392175025257));
#13655=CARTESIAN_POINT('Ctrl Pts',(136.566176684677,17.,180.392175025257));
#13656=CARTESIAN_POINT('Ctrl Pts',(136.699086598983,23.,180.255283070509));
#13657=CARTESIAN_POINT('Ctrl Pts',(136.699086598983,17.,180.255283070509));
#13658=CARTESIAN_POINT('Ctrl Pts',(136.723637355164,23.,180.066669215386));
#13659=CARTESIAN_POINT('Ctrl Pts',(136.723637355164,17.,180.066669215386));
#13660=CARTESIAN_POINT('Ctrl Pts',(136.735334098339,23.,179.976807713509));
#13661=CARTESIAN_POINT('Ctrl Pts',(136.735334098339,17.,179.976807713509));
#13662=CARTESIAN_POINT('',(136.496589183807,17.,180.463847398758));
#13663=CARTESIAN_POINT('Ctrl Pts',(136.496589183807,17.,180.463847398758));
#13664=CARTESIAN_POINT('Ctrl Pts',(136.566176684677,17.,180.392175025257));
#13665=CARTESIAN_POINT('Ctrl Pts',(136.699086598983,17.,180.255283070509));
#13666=CARTESIAN_POINT('Ctrl Pts',(136.723637355164,17.,180.066669215386));
#13667=CARTESIAN_POINT('Ctrl Pts',(136.735334098339,17.,179.976807713509));
#13668=CARTESIAN_POINT('',(136.496589183807,20.,180.463847398758));
#13669=CARTESIAN_POINT('Ctrl Pts',(135.388813018799,23.,180.869713306427));
#13670=CARTESIAN_POINT('Ctrl Pts',(135.388813018799,17.,180.869713306427));
#13671=CARTESIAN_POINT('Ctrl Pts',(135.63202431015,23.,180.819332750834));
#13672=CARTESIAN_POINT('Ctrl Pts',(135.63202431015,17.,180.819332750834));
#13673=CARTESIAN_POINT('Ctrl Pts',(136.022832877407,23.,180.73837782214));
#13674=CARTESIAN_POINT('Ctrl Pts',(136.022832877407,17.,180.73837782214));
#13675=CARTESIAN_POINT('Ctrl Pts',(136.366714775578,23.,180.539106505172));
#13676=CARTESIAN_POINT('Ctrl Pts',(136.366714775578,17.,180.539106505172));
#13677=CARTESIAN_POINT('Ctrl Pts',(136.496589183807,23.,180.463847398758));
#13678=CARTESIAN_POINT('Ctrl Pts',(136.496589183807,17.,180.463847398758));
#13679=CARTESIAN_POINT('',(135.388813018799,17.,180.869713306427));
#13680=CARTESIAN_POINT('Ctrl Pts',(135.388813018799,17.,180.869713306427));
#13681=CARTESIAN_POINT('Ctrl Pts',(135.63202431015,17.,180.819332750834));
#13682=CARTESIAN_POINT('Ctrl Pts',(136.022832877407,17.,180.73837782214));
#13683=CARTESIAN_POINT('Ctrl Pts',(136.366714775578,17.,180.539106505172));
#13684=CARTESIAN_POINT('Ctrl Pts',(136.496589183807,17.,180.463847398758));
#13685=CARTESIAN_POINT('',(135.388813018799,20.,180.869713306427));
#13686=CARTESIAN_POINT('Ctrl Pts',(133.359481394291,23.,181.719645738602));
#13687=CARTESIAN_POINT('Ctrl Pts',(133.359481394291,17.,181.719645738602));
#13688=CARTESIAN_POINT('Ctrl Pts',(133.623353087741,23.,181.546144714707));
#13689=CARTESIAN_POINT('Ctrl Pts',(133.623353087741,17.,181.546144714707));
#13690=CARTESIAN_POINT('Ctrl Pts',(134.244698523504,23.,181.137597409434));
#13691=CARTESIAN_POINT('Ctrl Pts',(134.244698523504,17.,181.137597409434));
#13692=CARTESIAN_POINT('Ctrl Pts',(134.970971910422,23.,180.967547038084));
#13693=CARTESIAN_POINT('Ctrl Pts',(134.970971910422,17.,180.967547038084));
#13694=CARTESIAN_POINT('Ctrl Pts',(135.388813018799,23.,180.869713306427));
#13695=CARTESIAN_POINT('Ctrl Pts',(135.388813018799,17.,180.869713306427));
#13696=CARTESIAN_POINT('',(133.359481394291,17.,181.719645738602));
#13697=CARTESIAN_POINT('Ctrl Pts',(133.359481394291,17.,181.719645738602));
#13698=CARTESIAN_POINT('Ctrl Pts',(133.623353087741,17.,181.546144714707));
#13699=CARTESIAN_POINT('Ctrl Pts',(134.244698523504,17.,181.137597409434));
#13700=CARTESIAN_POINT('Ctrl Pts',(134.970971910422,17.,180.967547038084));
#13701=CARTESIAN_POINT('Ctrl Pts',(135.388813018799,17.,180.869713306427));
#13702=CARTESIAN_POINT('',(133.359481394291,20.,181.719645738602));
#13703=CARTESIAN_POINT('Ctrl Pts',(132.748294509947,23.,183.070940852165));
#13704=CARTESIAN_POINT('Ctrl Pts',(132.748294509947,17.,183.070940852165));
#13705=CARTESIAN_POINT('Ctrl Pts',(132.773316617588,23.,182.809702565931));
#13706=CARTESIAN_POINT('Ctrl Pts',(132.773316617588,17.,182.809702565931));
#13707=CARTESIAN_POINT('Ctrl Pts',(132.823145052521,23.,182.289478804823));
#13708=CARTESIAN_POINT('Ctrl Pts',(132.823145052521,17.,182.289478804823));
#13709=CARTESIAN_POINT('Ctrl Pts',(133.181219490105,23.,181.909040936245));
#13710=CARTESIAN_POINT('Ctrl Pts',(133.181219490105,17.,181.909040936245));
#13711=CARTESIAN_POINT('Ctrl Pts',(133.359481394291,23.,181.719645738602));
#13712=CARTESIAN_POINT('Ctrl Pts',(133.359481394291,17.,181.719645738602));
#13713=CARTESIAN_POINT('',(132.748294509947,17.,183.070940852165));
#13714=CARTESIAN_POINT('Ctrl Pts',(132.748294509947,17.,183.070940852165));
#13715=CARTESIAN_POINT('Ctrl Pts',(132.773316617588,17.,182.809702565931));
#13716=CARTESIAN_POINT('Ctrl Pts',(132.823145052521,17.,182.289478804823));
#13717=CARTESIAN_POINT('Ctrl Pts',(133.181219490105,17.,181.909040936245));
#13718=CARTESIAN_POINT('Ctrl Pts',(133.359481394291,17.,181.719645738602));
#13719=CARTESIAN_POINT('',(132.748294509947,20.,183.070940852165));
#13720=CARTESIAN_POINT('Ctrl Pts',(133.061050325632,23.,184.090381741524));
#13721=CARTESIAN_POINT('Ctrl Pts',(133.061050325632,17.,184.090381741524));
#13722=CARTESIAN_POINT('Ctrl Pts',(132.969836584841,23.,183.929411005802));
#13723=CARTESIAN_POINT('Ctrl Pts',(132.969836584841,17.,183.929411005802));
#13724=CARTESIAN_POINT('Ctrl Pts',(132.790265406369,23.,183.612510235564));
#13725=CARTESIAN_POINT('Ctrl Pts',(132.790265406369,17.,183.612510235564));
#13726=CARTESIAN_POINT('Ctrl Pts',(132.762135662558,23.,183.249539479406));
#13727=CARTESIAN_POINT('Ctrl Pts',(132.762135662558,17.,183.249539479406));
#13728=CARTESIAN_POINT('Ctrl Pts',(132.748294509947,23.,183.070940852165));
#13729=CARTESIAN_POINT('Ctrl Pts',(132.748294509947,17.,183.070940852165));
#13730=CARTESIAN_POINT('',(133.061050325632,17.,184.090381741524));
#13731=CARTESIAN_POINT('Ctrl Pts',(133.061050325632,17.,184.090381741524));
#13732=CARTESIAN_POINT('Ctrl Pts',(132.969836584841,17.,183.929411005802));
#13733=CARTESIAN_POINT('Ctrl Pts',(132.790265406369,17.,183.612510235564));
#13734=CARTESIAN_POINT('Ctrl Pts',(132.762135662558,17.,183.249539479406));
#13735=CARTESIAN_POINT('Ctrl Pts',(132.748294509947,17.,183.070940852165));
#13736=CARTESIAN_POINT('',(133.061050325632,20.,184.090381741524));
#13737=CARTESIAN_POINT('Ctrl Pts',(134.001705050468,23.,184.844815611839));
#13738=CARTESIAN_POINT('Ctrl Pts',(134.001705050468,17.,184.844815611839));
#13739=CARTESIAN_POINT('Ctrl Pts',(133.808329691646,23.,184.748890720089));
#13740=CARTESIAN_POINT('Ctrl Pts',(133.808329691646,17.,184.748890720089));
#13741=CARTESIAN_POINT('Ctrl Pts',(133.439160642867,23.,184.565762418441));
#13742=CARTESIAN_POINT('Ctrl Pts',(133.439160642867,17.,184.565762418441));
#13743=CARTESIAN_POINT('Ctrl Pts',(133.183020880962,23.,184.243729699814));
#13744=CARTESIAN_POINT('Ctrl Pts',(133.183020880962,17.,184.243729699814));
#13745=CARTESIAN_POINT('Ctrl Pts',(133.061050325632,23.,184.090381741524));
#13746=CARTESIAN_POINT('Ctrl Pts',(133.061050325632,17.,184.090381741524));
#13747=CARTESIAN_POINT('',(134.001705050468,17.,184.844815611839));
#13748=CARTESIAN_POINT('Ctrl Pts',(134.001705050468,17.,184.844815611839));
#13749=CARTESIAN_POINT('Ctrl Pts',(133.808329691646,17.,184.748890720089));
#13750=CARTESIAN_POINT('Ctrl Pts',(133.439160642867,17.,184.565762418441));
#13751=CARTESIAN_POINT('Ctrl Pts',(133.183020880962,17.,184.243729699814));
#13752=CARTESIAN_POINT('Ctrl Pts',(133.061050325632,17.,184.090381741524));
#13753=CARTESIAN_POINT('',(134.001705050468,20.,184.844815611839));
#13754=CARTESIAN_POINT('Ctrl Pts',(135.72305560112,23.,185.119371891022));
#13755=CARTESIAN_POINT('Ctrl Pts',(135.72305560112,17.,185.119371891022));
#13756=CARTESIAN_POINT('Ctrl Pts',(135.39428738582,23.,185.114434648306));
#13757=CARTESIAN_POINT('Ctrl Pts',(135.39428738582,17.,185.114434648306));
#13758=CARTESIAN_POINT('Ctrl Pts',(134.806307749271,23.,185.105604724845));
#13759=CARTESIAN_POINT('Ctrl Pts',(134.806307749271,17.,185.105604724845));
#13760=CARTESIAN_POINT('Ctrl Pts',(134.247885893831,23.,184.924608140344));
#13761=CARTESIAN_POINT('Ctrl Pts',(134.247885893831,17.,184.924608140344));
#13762=CARTESIAN_POINT('Ctrl Pts',(134.001705050468,23.,184.844815611839));
#13763=CARTESIAN_POINT('Ctrl Pts',(134.001705050468,17.,184.844815611839));
#13764=CARTESIAN_POINT('',(135.72305560112,17.,185.119371891022));
#13765=CARTESIAN_POINT('Ctrl Pts',(135.72305560112,17.,185.119371891022));
#13766=CARTESIAN_POINT('Ctrl Pts',(135.39428738582,17.,185.114434648306));
#13767=CARTESIAN_POINT('Ctrl Pts',(134.806307749271,17.,185.105604724845));
#13768=CARTESIAN_POINT('Ctrl Pts',(134.247885893831,17.,184.924608140344));
#13769=CARTESIAN_POINT('Ctrl Pts',(134.001705050468,17.,184.844815611839));
#13770=CARTESIAN_POINT('',(135.72305560112,20.,185.119371891022));
#13771=CARTESIAN_POINT('Ctrl Pts',(137.76909917593,23.,184.620395183563));
#13772=CARTESIAN_POINT('Ctrl Pts',(137.76909917593,17.,184.620395183563));
#13773=CARTESIAN_POINT('Ctrl Pts',(137.486544414642,23.,184.765426422968));
#13774=CARTESIAN_POINT('Ctrl Pts',(137.486544414642,17.,184.765426422968));
#13775=CARTESIAN_POINT('Ctrl Pts',(136.847079872264,23.,185.093654249367));
#13776=CARTESIAN_POINT('Ctrl Pts',(136.847079872264,17.,185.093654249367));
#13777=CARTESIAN_POINT('Ctrl Pts',(136.125690682239,23.,185.110159612426));
#13778=CARTESIAN_POINT('Ctrl Pts',(136.125690682239,17.,185.110159612426));
#13779=CARTESIAN_POINT('Ctrl Pts',(135.72305560112,23.,185.119371891022));
#13780=CARTESIAN_POINT('Ctrl Pts',(135.72305560112,17.,185.119371891022));
#13781=CARTESIAN_POINT('',(137.76909917593,17.,184.620395183563));
#13782=CARTESIAN_POINT('Ctrl Pts',(137.76909917593,17.,184.620395183563));
#13783=CARTESIAN_POINT('Ctrl Pts',(137.486544414642,17.,184.765426422968));
#13784=CARTESIAN_POINT('Ctrl Pts',(136.847079872264,17.,185.093654249367));
#13785=CARTESIAN_POINT('Ctrl Pts',(136.125690682239,17.,185.110159612426));
#13786=CARTESIAN_POINT('Ctrl Pts',(135.72305560112,17.,185.119371891022));
#13787=CARTESIAN_POINT('',(137.76909917593,20.,184.620395183563));
#13788=CARTESIAN_POINT('Ctrl Pts',(138.607093393803,23.,183.032742023468));
#13789=CARTESIAN_POINT('Ctrl Pts',(138.607093393803,17.,183.032742023468));
#13790=CARTESIAN_POINT('Ctrl Pts',(138.547641878198,23.,183.36435662927));
#13791=CARTESIAN_POINT('Ctrl Pts',(138.547641878198,17.,183.36435662927));
#13792=CARTESIAN_POINT('Ctrl Pts',(138.436293809972,23.,183.985445013233));
#13793=CARTESIAN_POINT('Ctrl Pts',(138.436293809972,17.,183.985445013233));
#13794=CARTESIAN_POINT('Ctrl Pts',(137.981204795424,23.,184.418540293919));
#13795=CARTESIAN_POINT('Ctrl Pts',(137.981204795424,17.,184.418540293919));
#13796=CARTESIAN_POINT('Ctrl Pts',(137.76909917593,23.,184.620395183563));
#13797=CARTESIAN_POINT('Ctrl Pts',(137.76909917593,17.,184.620395183563));
#13798=CARTESIAN_POINT('',(138.607093393803,17.,183.032742023468));
#13799=CARTESIAN_POINT('Ctrl Pts',(138.607093393803,17.,183.032742023468));
#13800=CARTESIAN_POINT('Ctrl Pts',(138.547641878198,17.,183.36435662927));
#13801=CARTESIAN_POINT('Ctrl Pts',(138.436293809972,17.,183.985445013233));
#13802=CARTESIAN_POINT('Ctrl Pts',(137.981204795424,17.,184.418540293919));
#13803=CARTESIAN_POINT('Ctrl Pts',(137.76909917593,17.,184.620395183563));
#13804=CARTESIAN_POINT('',(138.607093393803,20.,183.032742023468));
#13805=CARTESIAN_POINT('Origin',(136.568212509155,20.,182.913369417191));
#13806=CARTESIAN_POINT('',(136.568212509155,17.,182.913369417191));
#13807=CARTESIAN_POINT('',(138.607093393803,17.,183.032742023468));
#13808=CARTESIAN_POINT('',(136.568212509155,20.,182.913369417191));
#13809=CARTESIAN_POINT('Ctrl Pts',(136.226807534695,23.,183.600954890251));
#13810=CARTESIAN_POINT('Ctrl Pts',(136.226807534695,17.,183.600954890251));
#13811=CARTESIAN_POINT('Ctrl Pts',(136.307032973156,23.,183.512199012535));
#13812=CARTESIAN_POINT('Ctrl Pts',(136.307032973156,17.,183.512199012535));
#13813=CARTESIAN_POINT('Ctrl Pts',(136.48441656862,23.,183.315954068168));
#13814=CARTESIAN_POINT('Ctrl Pts',(136.48441656862,17.,183.315954068168));
#13815=CARTESIAN_POINT('Ctrl Pts',(136.538557787884,23.,183.055840944289));
#13816=CARTESIAN_POINT('Ctrl Pts',(136.538557787884,17.,183.055840944289));
#13817=CARTESIAN_POINT('Ctrl Pts',(136.568212509155,23.,182.913369417191));
#13818=CARTESIAN_POINT('Ctrl Pts',(136.568212509155,17.,182.913369417191));
#13819=CARTESIAN_POINT('',(136.226807534695,17.,183.600954890251));
#13820=CARTESIAN_POINT('Ctrl Pts',(136.226807534695,17.,183.600954890251));
#13821=CARTESIAN_POINT('Ctrl Pts',(136.307032973156,17.,183.512199012535));
#13822=CARTESIAN_POINT('Ctrl Pts',(136.48441656862,17.,183.315954068168));
#13823=CARTESIAN_POINT('Ctrl Pts',(136.538557787884,17.,183.055840944289));
#13824=CARTESIAN_POINT('Ctrl Pts',(136.568212509155,17.,182.913369417191));
#13825=CARTESIAN_POINT('',(136.226807534695,20.,183.600954890251));
#13826=CARTESIAN_POINT('Ctrl Pts',(135.508185327053,23.,183.815824866295));
#13827=CARTESIAN_POINT('Ctrl Pts',(135.508185327053,17.,183.815824866295));
#13828=CARTESIAN_POINT('Ctrl Pts',(135.648352054876,23.,183.81024625992));
#13829=CARTESIAN_POINT('Ctrl Pts',(135.648352054876,17.,183.81024625992));
#13830=CARTESIAN_POINT('Ctrl Pts',(135.907209433477,23.,183.799943790533));
#13831=CARTESIAN_POINT('Ctrl Pts',(135.907209433477,17.,183.799943790533));
#13832=CARTESIAN_POINT('Ctrl Pts',(136.12633473741,23.,183.663511492946));
#13833=CARTESIAN_POINT('Ctrl Pts',(136.12633473741,17.,183.663511492946));
#13834=CARTESIAN_POINT('Ctrl Pts',(136.226807534695,23.,183.600954890251));
#13835=CARTESIAN_POINT('Ctrl Pts',(136.226807534695,17.,183.600954890251));
#13836=CARTESIAN_POINT('',(135.508185327053,17.,183.815824866295));
#13837=CARTESIAN_POINT('Ctrl Pts',(135.508185327053,17.,183.815824866295));
#13838=CARTESIAN_POINT('Ctrl Pts',(135.648352054876,17.,183.81024625992));
#13839=CARTESIAN_POINT('Ctrl Pts',(135.907209433477,17.,183.799943790533));
#13840=CARTESIAN_POINT('Ctrl Pts',(136.12633473741,17.,183.663511492946));
#13841=CARTESIAN_POINT('Ctrl Pts',(136.226807534695,17.,183.600954890251));
#13842=CARTESIAN_POINT('',(135.508185327053,20.,183.815824866295));
#13843=CARTESIAN_POINT('Ctrl Pts',(134.93997246027,23.,183.65586566925));
#13844=CARTESIAN_POINT('Ctrl Pts',(134.93997246027,17.,183.65586566925));
#13845=CARTESIAN_POINT('Ctrl Pts',(135.017183516362,23.,183.702370839826));
#13846=CARTESIAN_POINT('Ctrl Pts',(135.017183516362,17.,183.702370839826));
#13847=CARTESIAN_POINT('Ctrl Pts',(135.191028140972,23.,183.80707959956));
#13848=CARTESIAN_POINT('Ctrl Pts',(135.191028140972,17.,183.80707959956));
#13849=CARTESIAN_POINT('Ctrl Pts',(135.394874785017,23.,183.812700450524));
#13850=CARTESIAN_POINT('Ctrl Pts',(135.394874785017,17.,183.812700450524));
#13851=CARTESIAN_POINT('Ctrl Pts',(135.508185327053,23.,183.815824866295));
#13852=CARTESIAN_POINT('Ctrl Pts',(135.508185327053,17.,183.815824866295));
#13853=CARTESIAN_POINT('',(134.93997246027,17.,183.65586566925));
#13854=CARTESIAN_POINT('Ctrl Pts',(134.93997246027,17.,183.65586566925));
#13855=CARTESIAN_POINT('Ctrl Pts',(135.017183516362,17.,183.702370839826));
#13856=CARTESIAN_POINT('Ctrl Pts',(135.191028140972,17.,183.80707959956));
#13857=CARTESIAN_POINT('Ctrl Pts',(135.394874785017,17.,183.812700450524));
#13858=CARTESIAN_POINT('Ctrl Pts',(135.508185327053,17.,183.815824866295));
#13859=CARTESIAN_POINT('',(134.93997246027,20.,183.65586566925));
#13860=CARTESIAN_POINT('Ctrl Pts',(134.748976528645,23.,183.266711711884));
#13861=CARTESIAN_POINT('Ctrl Pts',(134.748976528645,17.,183.266711711884));
#13862=CARTESIAN_POINT('Ctrl Pts',(134.757673741783,23.,183.340833450006));
#13863=CARTESIAN_POINT('Ctrl Pts',(134.757673741783,17.,183.340833450006));
#13864=CARTESIAN_POINT('Ctrl Pts',(134.775497086392,23.,183.492732369872));
#13865=CARTESIAN_POINT('Ctrl Pts',(134.775497086392,17.,183.492732369872));
#13866=CARTESIAN_POINT('Ctrl Pts',(134.884274758346,23.,183.600622445488));
#13867=CARTESIAN_POINT('Ctrl Pts',(134.884274758346,17.,183.600622445488));
#13868=CARTESIAN_POINT('Ctrl Pts',(134.93997246027,23.,183.65586566925));
#13869=CARTESIAN_POINT('Ctrl Pts',(134.93997246027,17.,183.65586566925));
#13870=CARTESIAN_POINT('',(134.748976528645,17.,183.266711711884));
#13871=CARTESIAN_POINT('Ctrl Pts',(134.748976528645,17.,183.266711711884));
#13872=CARTESIAN_POINT('Ctrl Pts',(134.757673741783,17.,183.340833450006));
#13873=CARTESIAN_POINT('Ctrl Pts',(134.775497086392,17.,183.492732369872));
#13874=CARTESIAN_POINT('Ctrl Pts',(134.884274758346,17.,183.600622445488));
#13875=CARTESIAN_POINT('Ctrl Pts',(134.93997246027,17.,183.65586566925));
#13876=CARTESIAN_POINT('',(134.748976528645,20.,183.266711711884));
#13877=CARTESIAN_POINT('Ctrl Pts',(134.906548261642,23.,182.965893030167));
#13878=CARTESIAN_POINT('Ctrl Pts',(134.906548261642,17.,182.965893030167));
#13879=CARTESIAN_POINT('Ctrl Pts',(134.860641685596,23.,183.009947222219));
#13880=CARTESIAN_POINT('Ctrl Pts',(134.860641685596,17.,183.009947222219));
#13881=CARTESIAN_POINT('Ctrl Pts',(134.774096604775,23.,183.093000107884));
#13882=CARTESIAN_POINT('Ctrl Pts',(134.774096604775,17.,183.093000107884));
#13883=CARTESIAN_POINT('Ctrl Pts',(134.757003054465,23.,183.211206279988));
#13884=CARTESIAN_POINT('Ctrl Pts',(134.757003054465,17.,183.211206279988));
#13885=CARTESIAN_POINT('Ctrl Pts',(134.748976528645,23.,183.266711711884));
#13886=CARTESIAN_POINT('Ctrl Pts',(134.748976528645,17.,183.266711711884));
#13887=CARTESIAN_POINT('',(134.906548261642,17.,182.965893030167));
#13888=CARTESIAN_POINT('Ctrl Pts',(134.906548261642,17.,182.965893030167));
#13889=CARTESIAN_POINT('Ctrl Pts',(134.860641685596,17.,183.009947222219));
#13890=CARTESIAN_POINT('Ctrl Pts',(134.774096604775,17.,183.093000107884));
#13891=CARTESIAN_POINT('Ctrl Pts',(134.757003054465,17.,183.211206279988));
#13892=CARTESIAN_POINT('Ctrl Pts',(134.748976528645,17.,183.266711711884));
#13893=CARTESIAN_POINT('',(134.906548261642,20.,182.965893030167));
#13894=CARTESIAN_POINT('Ctrl Pts',(135.6323325634,23.,182.708049297333));
#13895=CARTESIAN_POINT('Ctrl Pts',(135.6323325634,17.,182.708049297333));
#13896=CARTESIAN_POINT('Ctrl Pts',(135.472378177228,23.,182.739149386901));
#13897=CARTESIAN_POINT('Ctrl Pts',(135.472378177228,17.,182.739149386901));
#13898=CARTESIAN_POINT('Ctrl Pts',(135.2164616073,23.,182.788907498805));
#13899=CARTESIAN_POINT('Ctrl Pts',(135.2164616073,17.,182.788907498805));
#13900=CARTESIAN_POINT('Ctrl Pts',(134.991065900496,23.,182.917626637539));
#13901=CARTESIAN_POINT('Ctrl Pts',(134.991065900496,17.,182.917626637539));
#13902=CARTESIAN_POINT('Ctrl Pts',(134.906548261642,23.,182.965893030167));
#13903=CARTESIAN_POINT('Ctrl Pts',(134.906548261642,17.,182.965893030167));
#13904=CARTESIAN_POINT('',(135.6323325634,17.,182.708049297333));
#13905=CARTESIAN_POINT('Ctrl Pts',(135.6323325634,17.,182.708049297333));
#13906=CARTESIAN_POINT('Ctrl Pts',(135.472378177228,17.,182.739149386901));
#13907=CARTESIAN_POINT('Ctrl Pts',(135.2164616073,17.,182.788907498805));
#13908=CARTESIAN_POINT('Ctrl Pts',(134.991065900496,17.,182.917626637539));
#13909=CARTESIAN_POINT('Ctrl Pts',(134.906548261642,17.,182.965893030167));
#13910=CARTESIAN_POINT('',(135.6323325634,20.,182.708049297333));
#13911=CARTESIAN_POINT('Ctrl Pts',(137.664051353931,23.,182.089699983597));
#13912=CARTESIAN_POINT('Ctrl Pts',(137.664051353931,17.,182.089699983597));
#13913=CARTESIAN_POINT('Ctrl Pts',(137.394581824854,23.,182.200010699711));
#13914=CARTESIAN_POINT('Ctrl Pts',(137.394581824854,17.,182.200010699711));
#13915=CARTESIAN_POINT('Ctrl Pts',(136.737238238947,23.,182.46910250368));
#13916=CARTESIAN_POINT('Ctrl Pts',(136.737238238947,17.,182.46910250368));
#13917=CARTESIAN_POINT('Ctrl Pts',(136.042356494556,23.,182.619377561963));
#13918=CARTESIAN_POINT('Ctrl Pts',(136.042356494556,17.,182.619377561963));
#13919=CARTESIAN_POINT('Ctrl Pts',(135.6323325634,23.,182.708049297333));
#13920=CARTESIAN_POINT('Ctrl Pts',(135.6323325634,17.,182.708049297333));
#13921=CARTESIAN_POINT('',(137.664051353931,17.,182.089699983597));
#13922=CARTESIAN_POINT('Ctrl Pts',(137.664051353931,17.,182.089699983597));
#13923=CARTESIAN_POINT('Ctrl Pts',(137.394581824854,17.,182.200010699711));
#13924=CARTESIAN_POINT('Ctrl Pts',(136.737238238947,17.,182.46910250368));
#13925=CARTESIAN_POINT('Ctrl Pts',(136.042356494556,17.,182.619377561963));
#13926=CARTESIAN_POINT('Ctrl Pts',(135.6323325634,17.,182.708049297333));
#13927=CARTESIAN_POINT('',(137.664051353931,20.,182.089699983597));
#13928=CARTESIAN_POINT('Ctrl Pts',(138.55695694685,23.,181.31377863884));
#13929=CARTESIAN_POINT('Ctrl Pts',(138.55695694685,17.,181.31377863884));
#13930=CARTESIAN_POINT('Ctrl Pts',(138.444081655992,23.,181.464773867567));
#13931=CARTESIAN_POINT('Ctrl Pts',(138.444081655992,17.,181.464773867567));
#13932=CARTESIAN_POINT('Ctrl Pts',(138.20297919,23.,181.787300806123));
#13933=CARTESIAN_POINT('Ctrl Pts',(138.20297919,17.,181.787300806123));
#13934=CARTESIAN_POINT('Ctrl Pts',(137.851161150506,23.,181.984710326736));
#13935=CARTESIAN_POINT('Ctrl Pts',(137.851161150506,17.,181.984710326736));
#13936=CARTESIAN_POINT('Ctrl Pts',(137.664051353931,23.,182.089699983597));
#13937=CARTESIAN_POINT('Ctrl Pts',(137.664051353931,17.,182.089699983597));
#13938=CARTESIAN_POINT('',(138.55695694685,17.,181.31377863884));
#13939=CARTESIAN_POINT('Ctrl Pts',(138.55695694685,17.,181.31377863884));
#13940=CARTESIAN_POINT('Ctrl Pts',(138.444081655992,17.,181.464773867567));
#13941=CARTESIAN_POINT('Ctrl Pts',(138.20297919,17.,181.787300806123));
#13942=CARTESIAN_POINT('Ctrl Pts',(137.851161150506,17.,181.984710326736));
#13943=CARTESIAN_POINT('Ctrl Pts',(137.664051353931,17.,182.089699983597));
#13944=CARTESIAN_POINT('',(138.55695694685,20.,181.31377863884));
#13945=CARTESIAN_POINT('Ctrl Pts',(138.836288750172,23.,180.277625799179));
#13946=CARTESIAN_POINT('Ctrl Pts',(138.836288750172,17.,180.277625799179));
#13947=CARTESIAN_POINT('Ctrl Pts',(138.825375695436,23.,180.462831241648));
#13948=CARTESIAN_POINT('Ctrl Pts',(138.825375695436,17.,180.462831241648));
#13949=CARTESIAN_POINT('Ctrl Pts',(138.803877101937,23.,180.827683853295));
#13950=CARTESIAN_POINT('Ctrl Pts',(138.803877101937,17.,180.827683853295));
#13951=CARTESIAN_POINT('Ctrl Pts',(138.638423475279,23.,181.153401067993));
#13952=CARTESIAN_POINT('Ctrl Pts',(138.638423475279,17.,181.153401067993));
#13953=CARTESIAN_POINT('Ctrl Pts',(138.55695694685,23.,181.31377863884));
#13954=CARTESIAN_POINT('Ctrl Pts',(138.55695694685,17.,181.31377863884));
#13955=CARTESIAN_POINT('',(138.836288750172,17.,180.277625799179));
#13956=CARTESIAN_POINT('Ctrl Pts',(138.836288750172,17.,180.277625799179));
#13957=CARTESIAN_POINT('Ctrl Pts',(138.825375695436,17.,180.462831241648));
#13958=CARTESIAN_POINT('Ctrl Pts',(138.803877101937,17.,180.827683853295));
#13959=CARTESIAN_POINT('Ctrl Pts',(138.638423475279,17.,181.153401067993));
#13960=CARTESIAN_POINT('Ctrl Pts',(138.55695694685,17.,181.31377863884));
#13961=CARTESIAN_POINT('',(138.836288750172,20.,180.277625799179));
#13962=CARTESIAN_POINT('Ctrl Pts',(138.463846743107,23.,179.036152839661));
#13963=CARTESIAN_POINT('Ctrl Pts',(138.463846743107,17.,179.036152839661));
#13964=CARTESIAN_POINT('Ctrl Pts',(138.572475331071,23.,179.229661505727));
#13965=CARTESIAN_POINT('Ctrl Pts',(138.572475331071,17.,179.229661505727));
#13966=CARTESIAN_POINT('Ctrl Pts',(138.789209010848,23.,179.6157462929));
#13967=CARTESIAN_POINT('Ctrl Pts',(138.789209010848,17.,179.6157462929));
#13968=CARTESIAN_POINT('Ctrl Pts',(138.82062079429,23.,180.05735484924));
#13969=CARTESIAN_POINT('Ctrl Pts',(138.82062079429,17.,180.05735484924));
#13970=CARTESIAN_POINT('Ctrl Pts',(138.836288750172,23.,180.277625799179));
#13971=CARTESIAN_POINT('Ctrl Pts',(138.836288750172,17.,180.277625799179));
#13972=CARTESIAN_POINT('',(138.463846743107,17.,179.036152839661));
#13973=CARTESIAN_POINT('Ctrl Pts',(138.463846743107,17.,179.036152839661));
#13974=CARTESIAN_POINT('Ctrl Pts',(138.572475331071,17.,179.229661505727));
#13975=CARTESIAN_POINT('Ctrl Pts',(138.789209010848,17.,179.6157462929));
#13976=CARTESIAN_POINT('Ctrl Pts',(138.82062079429,17.,180.05735484924));
#13977=CARTESIAN_POINT('Ctrl Pts',(138.836288750172,17.,180.277625799179));
#13978=CARTESIAN_POINT('',(138.463846743107,20.,179.036152839661));
#13979=CARTESIAN_POINT('Ctrl Pts',(137.422918975353,23.,178.174283981323));
#13980=CARTESIAN_POINT('Ctrl Pts',(137.422918975353,17.,178.174283981323));
#13981=CARTESIAN_POINT('Ctrl Pts',(137.632167460174,23.,178.281732000218));
#13982=CARTESIAN_POINT('Ctrl Pts',(137.632167460174,17.,178.281732000218));
#13983=CARTESIAN_POINT('Ctrl Pts',(138.042795932265,23.,178.492587605054));
#13984=CARTESIAN_POINT('Ctrl Pts',(138.042795932265,17.,178.492587605054));
#13985=CARTESIAN_POINT('Ctrl Pts',(138.325300934417,23.,178.857293939344));
#13986=CARTESIAN_POINT('Ctrl Pts',(138.325300934417,17.,178.857293939344));
#13987=CARTESIAN_POINT('Ctrl Pts',(138.463846743107,23.,179.036152839661));
#13988=CARTESIAN_POINT('Ctrl Pts',(138.463846743107,17.,179.036152839661));
#13989=CARTESIAN_POINT('',(137.422918975353,17.,178.174283981323));
#13990=CARTESIAN_POINT('Ctrl Pts',(137.422918975353,17.,178.174283981323));
#13991=CARTESIAN_POINT('Ctrl Pts',(137.632167460174,17.,178.281732000218));
#13992=CARTESIAN_POINT('Ctrl Pts',(138.042795932265,17.,178.492587605054));
#13993=CARTESIAN_POINT('Ctrl Pts',(138.325300934417,17.,178.857293939344));
#13994=CARTESIAN_POINT('Ctrl Pts',(138.463846743107,17.,179.036152839661));
#13995=CARTESIAN_POINT('',(137.422918975353,20.,178.174283981323));
#13996=CARTESIAN_POINT('Ctrl Pts',(135.737380385399,23.,177.880627393723));
#13997=CARTESIAN_POINT('Ctrl Pts',(135.737380385399,17.,177.880627393723));
#13998=CARTESIAN_POINT('Ctrl Pts',(136.050457758185,23.,177.88813982386));
#13999=CARTESIAN_POINT('Ctrl Pts',(136.050457758185,17.,177.88813982386));
#14000=CARTESIAN_POINT('Ctrl Pts',(136.627699702796,23.,177.901990999825));
#14001=CARTESIAN_POINT('Ctrl Pts',(136.627699702796,17.,177.901990999825));
#14002=CARTESIAN_POINT('Ctrl Pts',(137.173255162988,23.,178.088795982997));
#14003=CARTESIAN_POINT('Ctrl Pts',(137.173255162988,17.,178.088795982997));
#14004=CARTESIAN_POINT('Ctrl Pts',(137.422918975353,23.,178.174283981323));
#14005=CARTESIAN_POINT('Ctrl Pts',(137.422918975353,17.,178.174283981323));
#14006=CARTESIAN_POINT('',(135.737380385399,17.,177.880627393723));
#14007=CARTESIAN_POINT('Ctrl Pts',(135.737380385399,17.,177.880627393723));
#14008=CARTESIAN_POINT('Ctrl Pts',(136.050457758185,17.,177.88813982386));
#14009=CARTESIAN_POINT('Ctrl Pts',(136.627699702796,17.,177.901990999825));
#14010=CARTESIAN_POINT('Ctrl Pts',(137.173255162988,17.,178.088795982997));
#14011=CARTESIAN_POINT('Ctrl Pts',(137.422918975353,17.,178.174283981323));
#14012=CARTESIAN_POINT('',(135.737380385399,20.,177.880627393723));
#14013=CARTESIAN_POINT('Ctrl Pts',(133.263983428478,23.,178.568212270737));
#14014=CARTESIAN_POINT('Ctrl Pts',(133.263983428478,17.,178.568212270737));
#14015=CARTESIAN_POINT('Ctrl Pts',(133.576167229311,23.,178.368995836721));
#14016=CARTESIAN_POINT('Ctrl Pts',(133.576167229311,17.,178.368995836721));
#14017=CARTESIAN_POINT('Ctrl Pts',(134.323326635153,23.,177.892204817853));
#14018=CARTESIAN_POINT('Ctrl Pts',(134.323326635153,17.,177.892204817853));
#14019=CARTESIAN_POINT('Ctrl Pts',(135.217068509105,23.,177.884887395346));
#14020=CARTESIAN_POINT('Ctrl Pts',(135.217068509105,17.,177.884887395346));
#14021=CARTESIAN_POINT('Ctrl Pts',(135.737380385399,23.,177.880627393723));
#14022=CARTESIAN_POINT('Ctrl Pts',(135.737380385399,17.,177.880627393723));
#14023=CARTESIAN_POINT('',(133.263983428478,17.,178.568212270737));
#14024=CARTESIAN_POINT('Ctrl Pts',(133.263983428478,17.,178.568212270737));
#14025=CARTESIAN_POINT('Ctrl Pts',(133.576167229311,17.,178.368995836721));
#14026=CARTESIAN_POINT('Ctrl Pts',(134.323326635153,17.,177.892204817853));
#14027=CARTESIAN_POINT('Ctrl Pts',(135.217068509105,17.,177.884887395346));
#14028=CARTESIAN_POINT('Ctrl Pts',(135.737380385399,17.,177.880627393723));
#14029=CARTESIAN_POINT('',(133.263983428478,20.,178.568212270737));
#14030=CARTESIAN_POINT('Ctrl Pts',(132.485675141215,23.,180.315825223923));
#14031=CARTESIAN_POINT('Ctrl Pts',(132.485675141215,17.,180.315825223923));
#14032=CARTESIAN_POINT('Ctrl Pts',(132.537850109024,23.,179.980986870944));
#14033=CARTESIAN_POINT('Ctrl Pts',(132.537850109024,17.,179.980986870944));
#14034=CARTESIAN_POINT('Ctrl Pts',(132.639690769047,23.,179.327413705489));
#14035=CARTESIAN_POINT('Ctrl Pts',(132.639690769047,17.,179.327413705489));
#14036=CARTESIAN_POINT('Ctrl Pts',(133.059332424629,23.,178.817088071851));
#14037=CARTESIAN_POINT('Ctrl Pts',(133.059332424629,17.,178.817088071851));
#14038=CARTESIAN_POINT('Ctrl Pts',(133.263983428478,23.,178.568212270737));
#14039=CARTESIAN_POINT('Ctrl Pts',(133.263983428478,17.,178.568212270737));
#14040=CARTESIAN_POINT('Ctrl Pts',(132.485675141215,17.,180.315825223923));
#14041=CARTESIAN_POINT('Ctrl Pts',(132.537850109024,17.,179.980986870944));
#14042=CARTESIAN_POINT('Ctrl Pts',(132.639690769047,17.,179.327413705489));
#14043=CARTESIAN_POINT('Ctrl Pts',(133.059332424629,17.,178.817088071851));
#14044=CARTESIAN_POINT('Ctrl Pts',(133.263983428478,17.,178.568212270737));
#14045=CARTESIAN_POINT('Origin',(135.660981945693,17.,181.499999642372));
#14046=CARTESIAN_POINT('Origin',(164.477488212287,23.,181.499999642372));
#14047=CARTESIAN_POINT('',(162.080489695072,23.,178.568212270737));
#14048=CARTESIAN_POINT('',(161.302181407809,23.,180.315825223923));
#14049=CARTESIAN_POINT('Ctrl Pts',(162.080489695072,23.,178.568212270737));
#14050=CARTESIAN_POINT('Ctrl Pts',(161.875838691223,23.,178.817088071851));
#14051=CARTESIAN_POINT('Ctrl Pts',(161.456197035641,23.,179.327413705489));
#14052=CARTESIAN_POINT('Ctrl Pts',(161.354356375618,23.,179.980986870944));
#14053=CARTESIAN_POINT('Ctrl Pts',(161.302181407809,23.,180.315825223923));
#14054=CARTESIAN_POINT('',(163.360162377357,23.,180.444747686386));
#14055=CARTESIAN_POINT('',(161.302181407809,23.,180.315825223923));
#14056=CARTESIAN_POINT('',(163.632331490517,23.,179.680763959885));
#14057=CARTESIAN_POINT('Ctrl Pts',(163.360162377357,23.,180.444747686386));
#14058=CARTESIAN_POINT('Ctrl Pts',(163.3837672516,23.,180.293717281849));
#14059=CARTESIAN_POINT('Ctrl Pts',(163.426369201585,23.,180.021138420628));
#14060=CARTESIAN_POINT('Ctrl Pts',(163.568812933904,23.,179.785735091086));
#14061=CARTESIAN_POINT('Ctrl Pts',(163.632331490517,23.,179.680763959885));
#14062=CARTESIAN_POINT('',(164.58731085062,23.,179.255798339844));
#14063=CARTESIAN_POINT('Ctrl Pts',(163.632331490517,23.,179.680763959885));
#14064=CARTESIAN_POINT('Ctrl Pts',(163.759558617543,23.,179.556870849567));
#14065=CARTESIAN_POINT('Ctrl Pts',(164.024673653627,23.,179.298703215196));
#14066=CARTESIAN_POINT('Ctrl Pts',(164.394803903496,23.,179.270478291001));
#14067=CARTESIAN_POINT('Ctrl Pts',(164.58731085062,23.,179.255798339844));
#14068=CARTESIAN_POINT('',(165.301158130169,23.,179.473056077957));
#14069=CARTESIAN_POINT('Ctrl Pts',(164.58731085062,23.,179.255798339844));
#14070=CARTESIAN_POINT('Ctrl Pts',(164.728131902316,23.,179.261068937666));
#14071=CARTESIAN_POINT('Ctrl Pts',(164.986321649884,23.,179.270732367281));
#14072=CARTESIAN_POINT('Ctrl Pts',(165.202766128207,23.,179.409826318433));
#14073=CARTESIAN_POINT('Ctrl Pts',(165.301158130169,23.,179.473056077957));
#14074=CARTESIAN_POINT('',(165.551840364933,23.,179.976807713509));
#14075=CARTESIAN_POINT('Ctrl Pts',(165.301158130169,23.,179.473056077957));
#14076=CARTESIAN_POINT('Ctrl Pts',(165.374235397941,23.,179.546189716537));
#14077=CARTESIAN_POINT('Ctrl Pts',(165.514499237166,23.,179.686561753376));
#14078=CARTESIAN_POINT('Ctrl Pts',(165.539746764633,23.,179.882806304325));
#14079=CARTESIAN_POINT('Ctrl Pts',(165.551840364933,23.,179.976807713509));
#14080=CARTESIAN_POINT('',(165.313095450401,23.,180.463847398758));
#14081=CARTESIAN_POINT('Ctrl Pts',(165.551840364933,23.,179.976807713509));
#14082=CARTESIAN_POINT('Ctrl Pts',(165.540143621758,23.,180.066669215386));
#14083=CARTESIAN_POINT('Ctrl Pts',(165.515592865577,23.,180.255283070509));
#14084=CARTESIAN_POINT('Ctrl Pts',(165.382682951271,23.,180.392175025257));
#14085=CARTESIAN_POINT('Ctrl Pts',(165.313095450401,23.,180.463847398758));
#14086=CARTESIAN_POINT('',(164.205319285393,23.,180.869713306427));
#14087=CARTESIAN_POINT('Ctrl Pts',(165.313095450401,23.,180.463847398758));
#14088=CARTESIAN_POINT('Ctrl Pts',(165.183221042172,23.,180.539106505172));
#14089=CARTESIAN_POINT('Ctrl Pts',(164.839339144001,23.,180.73837782214));
#14090=CARTESIAN_POINT('Ctrl Pts',(164.448530576744,23.,180.819332750834));
#14091=CARTESIAN_POINT('Ctrl Pts',(164.205319285393,23.,180.869713306427));
#14092=CARTESIAN_POINT('',(162.175987660885,23.,181.719645738602));
#14093=CARTESIAN_POINT('Ctrl Pts',(164.205319285393,23.,180.869713306427));
#14094=CARTESIAN_POINT('Ctrl Pts',(163.787478177016,23.,180.967547038084));
#14095=CARTESIAN_POINT('Ctrl Pts',(163.061204790098,23.,181.137597409434));
#14096=CARTESIAN_POINT('Ctrl Pts',(162.439859354335,23.,181.546144714707));
#14097=CARTESIAN_POINT('Ctrl Pts',(162.175987660885,23.,181.719645738602));
#14098=CARTESIAN_POINT('',(161.564800776541,23.,183.070940852165));
#14099=CARTESIAN_POINT('Ctrl Pts',(162.175987660885,23.,181.719645738602));
#14100=CARTESIAN_POINT('Ctrl Pts',(161.997725756699,23.,181.909040936245));
#14101=CARTESIAN_POINT('Ctrl Pts',(161.639651319115,23.,182.289478804823));
#14102=CARTESIAN_POINT('Ctrl Pts',(161.589822884182,23.,182.809702565931));
#14103=CARTESIAN_POINT('Ctrl Pts',(161.564800776541,23.,183.070940852165));
#14104=CARTESIAN_POINT('',(161.877556592226,23.,184.090381741524));
#14105=CARTESIAN_POINT('Ctrl Pts',(161.564800776541,23.,183.070940852165));
#14106=CARTESIAN_POINT('Ctrl Pts',(161.578641929152,23.,183.249539479406));
#14107=CARTESIAN_POINT('Ctrl Pts',(161.606771672963,23.,183.612510235564));
#14108=CARTESIAN_POINT('Ctrl Pts',(161.786342851435,23.,183.929411005802));
#14109=CARTESIAN_POINT('Ctrl Pts',(161.877556592226,23.,184.090381741524));
#14110=CARTESIAN_POINT('',(162.818211317062,23.,184.844815611839));
#14111=CARTESIAN_POINT('Ctrl Pts',(161.877556592226,23.,184.090381741524));
#14112=CARTESIAN_POINT('Ctrl Pts',(161.999527147555,23.,184.243729699814));
#14113=CARTESIAN_POINT('Ctrl Pts',(162.255666909461,23.,184.565762418441));
#14114=CARTESIAN_POINT('Ctrl Pts',(162.62483595824,23.,184.748890720089));
#14115=CARTESIAN_POINT('Ctrl Pts',(162.818211317062,23.,184.844815611839));
#14116=CARTESIAN_POINT('',(164.539561867714,23.,185.119371891022));
#14117=CARTESIAN_POINT('Ctrl Pts',(162.818211317062,23.,184.844815611839));
#14118=CARTESIAN_POINT('Ctrl Pts',(163.064392160425,23.,184.924608140344));
#14119=CARTESIAN_POINT('Ctrl Pts',(163.622814015865,23.,185.105604724845));
#14120=CARTESIAN_POINT('Ctrl Pts',(164.210793652414,23.,185.114434648306));
#14121=CARTESIAN_POINT('Ctrl Pts',(164.539561867714,23.,185.119371891022));
#14122=CARTESIAN_POINT('',(166.585605442524,23.,184.620395183563));
#14123=CARTESIAN_POINT('Ctrl Pts',(164.539561867714,23.,185.119371891022));
#14124=CARTESIAN_POINT('Ctrl Pts',(164.942196948833,23.,185.110159612426));
#14125=CARTESIAN_POINT('Ctrl Pts',(165.663586138858,23.,185.093654249367));
#14126=CARTESIAN_POINT('Ctrl Pts',(166.303050681236,23.,184.765426422968));
#14127=CARTESIAN_POINT('Ctrl Pts',(166.585605442524,23.,184.620395183563));
#14128=CARTESIAN_POINT('',(167.423599660397,23.,183.032742023468));
#14129=CARTESIAN_POINT('Ctrl Pts',(166.585605442524,23.,184.620395183563));
#14130=CARTESIAN_POINT('Ctrl Pts',(166.797711062018,23.,184.418540293919));
#14131=CARTESIAN_POINT('Ctrl Pts',(167.252800076566,23.,183.985445013233));
#14132=CARTESIAN_POINT('Ctrl Pts',(167.364148144792,23.,183.36435662927));
#14133=CARTESIAN_POINT('Ctrl Pts',(167.423599660397,23.,183.032742023468));
#14134=CARTESIAN_POINT('',(165.384718775749,23.,182.913369417191));
#14135=CARTESIAN_POINT('',(167.423599660397,23.,183.032742023468));
#14136=CARTESIAN_POINT('',(165.043313801289,23.,183.600954890251));
#14137=CARTESIAN_POINT('Ctrl Pts',(165.384718775749,23.,182.913369417191));
#14138=CARTESIAN_POINT('Ctrl Pts',(165.355064054478,23.,183.055840944289));
#14139=CARTESIAN_POINT('Ctrl Pts',(165.300922835214,23.,183.315954068168));
#14140=CARTESIAN_POINT('Ctrl Pts',(165.12353923975,23.,183.512199012535));
#14141=CARTESIAN_POINT('Ctrl Pts',(165.043313801289,23.,183.600954890251));
#14142=CARTESIAN_POINT('',(164.324691593647,23.,183.815824866295));
#14143=CARTESIAN_POINT('Ctrl Pts',(165.043313801289,23.,183.600954890251));
#14144=CARTESIAN_POINT('Ctrl Pts',(164.942841004004,23.,183.663511492946));
#14145=CARTESIAN_POINT('Ctrl Pts',(164.723715700071,23.,183.799943790533));
#14146=CARTESIAN_POINT('Ctrl Pts',(164.46485832147,23.,183.81024625992));
#14147=CARTESIAN_POINT('Ctrl Pts',(164.324691593647,23.,183.815824866295));
#14148=CARTESIAN_POINT('',(163.756478726864,23.,183.65586566925));
#14149=CARTESIAN_POINT('Ctrl Pts',(164.324691593647,23.,183.815824866295));
#14150=CARTESIAN_POINT('Ctrl Pts',(164.211381051611,23.,183.812700450524));
#14151=CARTESIAN_POINT('Ctrl Pts',(164.007534407566,23.,183.80707959956));
#14152=CARTESIAN_POINT('Ctrl Pts',(163.833689782956,23.,183.702370839826));
#14153=CARTESIAN_POINT('Ctrl Pts',(163.756478726864,23.,183.65586566925));
#14154=CARTESIAN_POINT('',(163.565482795238,23.,183.266711711884));
#14155=CARTESIAN_POINT('Ctrl Pts',(163.756478726864,23.,183.65586566925));
#14156=CARTESIAN_POINT('Ctrl Pts',(163.70078102494,23.,183.600622445488));
#14157=CARTESIAN_POINT('Ctrl Pts',(163.592003352986,23.,183.492732369872));
#14158=CARTESIAN_POINT('Ctrl Pts',(163.574180008377,23.,183.340833450006));
#14159=CARTESIAN_POINT('Ctrl Pts',(163.565482795238,23.,183.266711711884));
#14160=CARTESIAN_POINT('',(163.723054528236,23.,182.965893030167));
#14161=CARTESIAN_POINT('Ctrl Pts',(163.565482795238,23.,183.266711711884));
#14162=CARTESIAN_POINT('Ctrl Pts',(163.573509321059,23.,183.211206279988));
#14163=CARTESIAN_POINT('Ctrl Pts',(163.590602871369,23.,183.093000107884));
#14164=CARTESIAN_POINT('Ctrl Pts',(163.67714795219,23.,183.009947222219));
#14165=CARTESIAN_POINT('Ctrl Pts',(163.723054528236,23.,182.965893030167));
#14166=CARTESIAN_POINT('',(164.448838829994,23.,182.708049297333));
#14167=CARTESIAN_POINT('Ctrl Pts',(163.723054528236,23.,182.965893030167));
#14168=CARTESIAN_POINT('Ctrl Pts',(163.80757216709,23.,182.917626637539));
#14169=CARTESIAN_POINT('Ctrl Pts',(164.032967873894,23.,182.788907498805));
#14170=CARTESIAN_POINT('Ctrl Pts',(164.288884443822,23.,182.739149386901));
#14171=CARTESIAN_POINT('Ctrl Pts',(164.448838829994,23.,182.708049297333));
#14172=CARTESIAN_POINT('',(166.480557620525,23.,182.089699983597));
#14173=CARTESIAN_POINT('Ctrl Pts',(164.448838829994,23.,182.708049297333));
#14174=CARTESIAN_POINT('Ctrl Pts',(164.85886276115,23.,182.619377561963));
#14175=CARTESIAN_POINT('Ctrl Pts',(165.553744505541,23.,182.46910250368));
#14176=CARTESIAN_POINT('Ctrl Pts',(166.211088091448,23.,182.200010699711));
#14177=CARTESIAN_POINT('Ctrl Pts',(166.480557620525,23.,182.089699983597));
#14178=CARTESIAN_POINT('',(167.373463213444,23.,181.31377863884));
#14179=CARTESIAN_POINT('Ctrl Pts',(166.480557620525,23.,182.089699983597));
#14180=CARTESIAN_POINT('Ctrl Pts',(166.6676674171,23.,181.984710326736));
#14181=CARTESIAN_POINT('Ctrl Pts',(167.019485456594,23.,181.787300806123));
#14182=CARTESIAN_POINT('Ctrl Pts',(167.260587922586,23.,181.464773867567));
#14183=CARTESIAN_POINT('Ctrl Pts',(167.373463213444,23.,181.31377863884));
#14184=CARTESIAN_POINT('',(167.652795016766,23.,180.277625799179));
#14185=CARTESIAN_POINT('Ctrl Pts',(167.373463213444,23.,181.31377863884));
#14186=CARTESIAN_POINT('Ctrl Pts',(167.454929741873,23.,181.153401067993));
#14187=CARTESIAN_POINT('Ctrl Pts',(167.620383368531,23.,180.827683853295));
#14188=CARTESIAN_POINT('Ctrl Pts',(167.64188196203,23.,180.462831241648));
#14189=CARTESIAN_POINT('Ctrl Pts',(167.652795016766,23.,180.277625799179));
#14190=CARTESIAN_POINT('',(167.280353009701,23.,179.036152839661));
#14191=CARTESIAN_POINT('Ctrl Pts',(167.652795016766,23.,180.277625799179));
#14192=CARTESIAN_POINT('Ctrl Pts',(167.637127060883,23.,180.05735484924));
#14193=CARTESIAN_POINT('Ctrl Pts',(167.605715277442,23.,179.6157462929));
#14194=CARTESIAN_POINT('Ctrl Pts',(167.388981597665,23.,179.229661505727));
#14195=CARTESIAN_POINT('Ctrl Pts',(167.280353009701,23.,179.036152839661));
#14196=CARTESIAN_POINT('',(166.239425241947,23.,178.174283981323));
#14197=CARTESIAN_POINT('Ctrl Pts',(167.280353009701,23.,179.036152839661));
#14198=CARTESIAN_POINT('Ctrl Pts',(167.14180720101,23.,178.857293939344));
#14199=CARTESIAN_POINT('Ctrl Pts',(166.859302198859,23.,178.492587605054));
#14200=CARTESIAN_POINT('Ctrl Pts',(166.448673726768,23.,178.281732000218));
#14201=CARTESIAN_POINT('Ctrl Pts',(166.239425241947,23.,178.174283981323));
#14202=CARTESIAN_POINT('',(164.553886651993,23.,177.880627393723));
#14203=CARTESIAN_POINT('Ctrl Pts',(166.239425241947,23.,178.174283981323));
#14204=CARTESIAN_POINT('Ctrl Pts',(165.989761429582,23.,178.088795982997));
#14205=CARTESIAN_POINT('Ctrl Pts',(165.44420596939,23.,177.901990999825));
#14206=CARTESIAN_POINT('Ctrl Pts',(164.866964024778,23.,177.88813982386));
#14207=CARTESIAN_POINT('Ctrl Pts',(164.553886651993,23.,177.880627393723));
#14208=CARTESIAN_POINT('Ctrl Pts',(164.553886651993,23.,177.880627393723));
#14209=CARTESIAN_POINT('Ctrl Pts',(164.033574775698,23.,177.884887395346));
#14210=CARTESIAN_POINT('Ctrl Pts',(163.139832901747,23.,177.892204817853));
#14211=CARTESIAN_POINT('Ctrl Pts',(162.392673495905,23.,178.368995836721));
#14212=CARTESIAN_POINT('Ctrl Pts',(162.080489695072,23.,178.568212270737));
#14213=CARTESIAN_POINT('Origin',(163.360162377357,20.,180.444747686386));
#14214=CARTESIAN_POINT('',(161.302181407809,17.,180.315825223923));
#14215=CARTESIAN_POINT('',(161.302181407809,20.,180.315825223923));
#14216=CARTESIAN_POINT('',(163.360162377357,17.,180.444747686386));
#14217=CARTESIAN_POINT('',(161.302181407809,17.,180.315825223923));
#14218=CARTESIAN_POINT('',(163.360162377357,20.,180.444747686386));
#14219=CARTESIAN_POINT('Ctrl Pts',(163.632331490517,23.,179.680763959885));
#14220=CARTESIAN_POINT('Ctrl Pts',(163.632331490517,17.,179.680763959885));
#14221=CARTESIAN_POINT('Ctrl Pts',(163.568812933904,23.,179.785735091086));
#14222=CARTESIAN_POINT('Ctrl Pts',(163.568812933904,17.,179.785735091086));
#14223=CARTESIAN_POINT('Ctrl Pts',(163.426369201585,23.,180.021138420628));
#14224=CARTESIAN_POINT('Ctrl Pts',(163.426369201585,17.,180.021138420628));
#14225=CARTESIAN_POINT('Ctrl Pts',(163.3837672516,23.,180.293717281849));
#14226=CARTESIAN_POINT('Ctrl Pts',(163.3837672516,17.,180.293717281849));
#14227=CARTESIAN_POINT('Ctrl Pts',(163.360162377357,23.,180.444747686386));
#14228=CARTESIAN_POINT('Ctrl Pts',(163.360162377357,17.,180.444747686386));
#14229=CARTESIAN_POINT('',(163.632331490517,17.,179.680763959885));
#14230=CARTESIAN_POINT('Ctrl Pts',(163.632331490517,17.,179.680763959885));
#14231=CARTESIAN_POINT('Ctrl Pts',(163.568812933904,17.,179.785735091086));
#14232=CARTESIAN_POINT('Ctrl Pts',(163.426369201585,17.,180.021138420628));
#14233=CARTESIAN_POINT('Ctrl Pts',(163.3837672516,17.,180.293717281849));
#14234=CARTESIAN_POINT('Ctrl Pts',(163.360162377357,17.,180.444747686386));
#14235=CARTESIAN_POINT('',(163.632331490517,20.,179.680763959885));
#14236=CARTESIAN_POINT('Ctrl Pts',(164.58731085062,23.,179.255798339844));
#14237=CARTESIAN_POINT('Ctrl Pts',(164.58731085062,17.,179.255798339844));
#14238=CARTESIAN_POINT('Ctrl Pts',(164.394803903496,23.,179.270478291001));
#14239=CARTESIAN_POINT('Ctrl Pts',(164.394803903496,17.,179.270478291001));
#14240=CARTESIAN_POINT('Ctrl Pts',(164.024673653627,23.,179.298703215196));
#14241=CARTESIAN_POINT('Ctrl Pts',(164.024673653627,17.,179.298703215196));
#14242=CARTESIAN_POINT('Ctrl Pts',(163.759558617543,23.,179.556870849567));
#14243=CARTESIAN_POINT('Ctrl Pts',(163.759558617543,17.,179.556870849567));
#14244=CARTESIAN_POINT('Ctrl Pts',(163.632331490517,23.,179.680763959885));
#14245=CARTESIAN_POINT('Ctrl Pts',(163.632331490517,17.,179.680763959885));
#14246=CARTESIAN_POINT('',(164.58731085062,17.,179.255798339844));
#14247=CARTESIAN_POINT('Ctrl Pts',(164.58731085062,17.,179.255798339844));
#14248=CARTESIAN_POINT('Ctrl Pts',(164.394803903496,17.,179.270478291001));
#14249=CARTESIAN_POINT('Ctrl Pts',(164.024673653627,17.,179.298703215196));
#14250=CARTESIAN_POINT('Ctrl Pts',(163.759558617543,17.,179.556870849567));
#14251=CARTESIAN_POINT('Ctrl Pts',(163.632331490517,17.,179.680763959885));
#14252=CARTESIAN_POINT('',(164.58731085062,20.,179.255798339844));
#14253=CARTESIAN_POINT('Ctrl Pts',(165.301158130169,23.,179.473056077957));
#14254=CARTESIAN_POINT('Ctrl Pts',(165.301158130169,17.,179.473056077957));
#14255=CARTESIAN_POINT('Ctrl Pts',(165.202766128207,23.,179.409826318433));
#14256=CARTESIAN_POINT('Ctrl Pts',(165.202766128207,17.,179.409826318433));
#14257=CARTESIAN_POINT('Ctrl Pts',(164.986321649884,23.,179.270732367281));
#14258=CARTESIAN_POINT('Ctrl Pts',(164.986321649884,17.,179.270732367281));
#14259=CARTESIAN_POINT('Ctrl Pts',(164.728131902316,23.,179.261068937666));
#14260=CARTESIAN_POINT('Ctrl Pts',(164.728131902316,17.,179.261068937666));
#14261=CARTESIAN_POINT('Ctrl Pts',(164.58731085062,23.,179.255798339844));
#14262=CARTESIAN_POINT('Ctrl Pts',(164.58731085062,17.,179.255798339844));
#14263=CARTESIAN_POINT('',(165.301158130169,17.,179.473056077957));
#14264=CARTESIAN_POINT('Ctrl Pts',(165.301158130169,17.,179.473056077957));
#14265=CARTESIAN_POINT('Ctrl Pts',(165.202766128207,17.,179.409826318433));
#14266=CARTESIAN_POINT('Ctrl Pts',(164.986321649884,17.,179.270732367281));
#14267=CARTESIAN_POINT('Ctrl Pts',(164.728131902316,17.,179.261068937666));
#14268=CARTESIAN_POINT('Ctrl Pts',(164.58731085062,17.,179.255798339844));
#14269=CARTESIAN_POINT('',(165.301158130169,20.,179.473056077957));
#14270=CARTESIAN_POINT('Ctrl Pts',(165.551840364933,23.,179.976807713509));
#14271=CARTESIAN_POINT('Ctrl Pts',(165.551840364933,17.,179.976807713509));
#14272=CARTESIAN_POINT('Ctrl Pts',(165.539746764633,23.,179.882806304325));
#14273=CARTESIAN_POINT('Ctrl Pts',(165.539746764633,17.,179.882806304325));
#14274=CARTESIAN_POINT('Ctrl Pts',(165.514499237166,23.,179.686561753376));
#14275=CARTESIAN_POINT('Ctrl Pts',(165.514499237166,17.,179.686561753376));
#14276=CARTESIAN_POINT('Ctrl Pts',(165.374235397941,23.,179.546189716537));
#14277=CARTESIAN_POINT('Ctrl Pts',(165.374235397941,17.,179.546189716537));
#14278=CARTESIAN_POINT('Ctrl Pts',(165.301158130169,23.,179.473056077957));
#14279=CARTESIAN_POINT('Ctrl Pts',(165.301158130169,17.,179.473056077957));
#14280=CARTESIAN_POINT('',(165.551840364933,17.,179.976807713509));
#14281=CARTESIAN_POINT('Ctrl Pts',(165.551840364933,17.,179.976807713509));
#14282=CARTESIAN_POINT('Ctrl Pts',(165.539746764633,17.,179.882806304325));
#14283=CARTESIAN_POINT('Ctrl Pts',(165.514499237166,17.,179.686561753376));
#14284=CARTESIAN_POINT('Ctrl Pts',(165.374235397941,17.,179.546189716537));
#14285=CARTESIAN_POINT('Ctrl Pts',(165.301158130169,17.,179.473056077957));
#14286=CARTESIAN_POINT('',(165.551840364933,20.,179.976807713509));
#14287=CARTESIAN_POINT('Ctrl Pts',(165.313095450401,23.,180.463847398758));
#14288=CARTESIAN_POINT('Ctrl Pts',(165.313095450401,17.,180.463847398758));
#14289=CARTESIAN_POINT('Ctrl Pts',(165.382682951271,23.,180.392175025257));
#14290=CARTESIAN_POINT('Ctrl Pts',(165.382682951271,17.,180.392175025257));
#14291=CARTESIAN_POINT('Ctrl Pts',(165.515592865577,23.,180.255283070509));
#14292=CARTESIAN_POINT('Ctrl Pts',(165.515592865577,17.,180.255283070509));
#14293=CARTESIAN_POINT('Ctrl Pts',(165.540143621758,23.,180.066669215386));
#14294=CARTESIAN_POINT('Ctrl Pts',(165.540143621758,17.,180.066669215386));
#14295=CARTESIAN_POINT('Ctrl Pts',(165.551840364933,23.,179.976807713509));
#14296=CARTESIAN_POINT('Ctrl Pts',(165.551840364933,17.,179.976807713509));
#14297=CARTESIAN_POINT('',(165.313095450401,17.,180.463847398758));
#14298=CARTESIAN_POINT('Ctrl Pts',(165.313095450401,17.,180.463847398758));
#14299=CARTESIAN_POINT('Ctrl Pts',(165.382682951271,17.,180.392175025257));
#14300=CARTESIAN_POINT('Ctrl Pts',(165.515592865577,17.,180.255283070509));
#14301=CARTESIAN_POINT('Ctrl Pts',(165.540143621758,17.,180.066669215386));
#14302=CARTESIAN_POINT('Ctrl Pts',(165.551840364933,17.,179.976807713509));
#14303=CARTESIAN_POINT('',(165.313095450401,20.,180.463847398758));
#14304=CARTESIAN_POINT('Ctrl Pts',(164.205319285393,23.,180.869713306427));
#14305=CARTESIAN_POINT('Ctrl Pts',(164.205319285393,17.,180.869713306427));
#14306=CARTESIAN_POINT('Ctrl Pts',(164.448530576744,23.,180.819332750834));
#14307=CARTESIAN_POINT('Ctrl Pts',(164.448530576744,17.,180.819332750834));
#14308=CARTESIAN_POINT('Ctrl Pts',(164.839339144001,23.,180.73837782214));
#14309=CARTESIAN_POINT('Ctrl Pts',(164.839339144001,17.,180.73837782214));
#14310=CARTESIAN_POINT('Ctrl Pts',(165.183221042172,23.,180.539106505172));
#14311=CARTESIAN_POINT('Ctrl Pts',(165.183221042172,17.,180.539106505172));
#14312=CARTESIAN_POINT('Ctrl Pts',(165.313095450401,23.,180.463847398758));
#14313=CARTESIAN_POINT('Ctrl Pts',(165.313095450401,17.,180.463847398758));
#14314=CARTESIAN_POINT('',(164.205319285393,17.,180.869713306427));
#14315=CARTESIAN_POINT('Ctrl Pts',(164.205319285393,17.,180.869713306427));
#14316=CARTESIAN_POINT('Ctrl Pts',(164.448530576744,17.,180.819332750834));
#14317=CARTESIAN_POINT('Ctrl Pts',(164.839339144001,17.,180.73837782214));
#14318=CARTESIAN_POINT('Ctrl Pts',(165.183221042172,17.,180.539106505172));
#14319=CARTESIAN_POINT('Ctrl Pts',(165.313095450401,17.,180.463847398758));
#14320=CARTESIAN_POINT('',(164.205319285393,20.,180.869713306427));
#14321=CARTESIAN_POINT('Ctrl Pts',(162.175987660885,23.,181.719645738602));
#14322=CARTESIAN_POINT('Ctrl Pts',(162.175987660885,17.,181.719645738602));
#14323=CARTESIAN_POINT('Ctrl Pts',(162.439859354335,23.,181.546144714707));
#14324=CARTESIAN_POINT('Ctrl Pts',(162.439859354335,17.,181.546144714707));
#14325=CARTESIAN_POINT('Ctrl Pts',(163.061204790098,23.,181.137597409434));
#14326=CARTESIAN_POINT('Ctrl Pts',(163.061204790098,17.,181.137597409434));
#14327=CARTESIAN_POINT('Ctrl Pts',(163.787478177016,23.,180.967547038084));
#14328=CARTESIAN_POINT('Ctrl Pts',(163.787478177016,17.,180.967547038084));
#14329=CARTESIAN_POINT('Ctrl Pts',(164.205319285393,23.,180.869713306427));
#14330=CARTESIAN_POINT('Ctrl Pts',(164.205319285393,17.,180.869713306427));
#14331=CARTESIAN_POINT('',(162.175987660885,17.,181.719645738602));
#14332=CARTESIAN_POINT('Ctrl Pts',(162.175987660885,17.,181.719645738602));
#14333=CARTESIAN_POINT('Ctrl Pts',(162.439859354335,17.,181.546144714707));
#14334=CARTESIAN_POINT('Ctrl Pts',(163.061204790098,17.,181.137597409434));
#14335=CARTESIAN_POINT('Ctrl Pts',(163.787478177016,17.,180.967547038084));
#14336=CARTESIAN_POINT('Ctrl Pts',(164.205319285393,17.,180.869713306427));
#14337=CARTESIAN_POINT('',(162.175987660885,20.,181.719645738602));
#14338=CARTESIAN_POINT('Ctrl Pts',(161.564800776541,23.,183.070940852165));
#14339=CARTESIAN_POINT('Ctrl Pts',(161.564800776541,17.,183.070940852165));
#14340=CARTESIAN_POINT('Ctrl Pts',(161.589822884182,23.,182.809702565931));
#14341=CARTESIAN_POINT('Ctrl Pts',(161.589822884182,17.,182.809702565931));
#14342=CARTESIAN_POINT('Ctrl Pts',(161.639651319115,23.,182.289478804823));
#14343=CARTESIAN_POINT('Ctrl Pts',(161.639651319115,17.,182.289478804823));
#14344=CARTESIAN_POINT('Ctrl Pts',(161.997725756699,23.,181.909040936245));
#14345=CARTESIAN_POINT('Ctrl Pts',(161.997725756699,17.,181.909040936245));
#14346=CARTESIAN_POINT('Ctrl Pts',(162.175987660885,23.,181.719645738602));
#14347=CARTESIAN_POINT('Ctrl Pts',(162.175987660885,17.,181.719645738602));
#14348=CARTESIAN_POINT('',(161.564800776541,17.,183.070940852165));
#14349=CARTESIAN_POINT('Ctrl Pts',(161.564800776541,17.,183.070940852165));
#14350=CARTESIAN_POINT('Ctrl Pts',(161.589822884182,17.,182.809702565931));
#14351=CARTESIAN_POINT('Ctrl Pts',(161.639651319115,17.,182.289478804823));
#14352=CARTESIAN_POINT('Ctrl Pts',(161.997725756699,17.,181.909040936245));
#14353=CARTESIAN_POINT('Ctrl Pts',(162.175987660885,17.,181.719645738602));
#14354=CARTESIAN_POINT('',(161.564800776541,20.,183.070940852165));
#14355=CARTESIAN_POINT('Ctrl Pts',(161.877556592226,23.,184.090381741524));
#14356=CARTESIAN_POINT('Ctrl Pts',(161.877556592226,17.,184.090381741524));
#14357=CARTESIAN_POINT('Ctrl Pts',(161.786342851435,23.,183.929411005802));
#14358=CARTESIAN_POINT('Ctrl Pts',(161.786342851435,17.,183.929411005802));
#14359=CARTESIAN_POINT('Ctrl Pts',(161.606771672963,23.,183.612510235564));
#14360=CARTESIAN_POINT('Ctrl Pts',(161.606771672963,17.,183.612510235564));
#14361=CARTESIAN_POINT('Ctrl Pts',(161.578641929152,23.,183.249539479406));
#14362=CARTESIAN_POINT('Ctrl Pts',(161.578641929152,17.,183.249539479406));
#14363=CARTESIAN_POINT('Ctrl Pts',(161.564800776541,23.,183.070940852165));
#14364=CARTESIAN_POINT('Ctrl Pts',(161.564800776541,17.,183.070940852165));
#14365=CARTESIAN_POINT('',(161.877556592226,17.,184.090381741524));
#14366=CARTESIAN_POINT('Ctrl Pts',(161.877556592226,17.,184.090381741524));
#14367=CARTESIAN_POINT('Ctrl Pts',(161.786342851435,17.,183.929411005802));
#14368=CARTESIAN_POINT('Ctrl Pts',(161.606771672963,17.,183.612510235564));
#14369=CARTESIAN_POINT('Ctrl Pts',(161.578641929152,17.,183.249539479406));
#14370=CARTESIAN_POINT('Ctrl Pts',(161.564800776541,17.,183.070940852165));
#14371=CARTESIAN_POINT('',(161.877556592226,20.,184.090381741524));
#14372=CARTESIAN_POINT('Ctrl Pts',(162.818211317062,23.,184.844815611839));
#14373=CARTESIAN_POINT('Ctrl Pts',(162.818211317062,17.,184.844815611839));
#14374=CARTESIAN_POINT('Ctrl Pts',(162.62483595824,23.,184.748890720089));
#14375=CARTESIAN_POINT('Ctrl Pts',(162.62483595824,17.,184.748890720089));
#14376=CARTESIAN_POINT('Ctrl Pts',(162.255666909461,23.,184.565762418441));
#14377=CARTESIAN_POINT('Ctrl Pts',(162.255666909461,17.,184.565762418441));
#14378=CARTESIAN_POINT('Ctrl Pts',(161.999527147555,23.,184.243729699814));
#14379=CARTESIAN_POINT('Ctrl Pts',(161.999527147555,17.,184.243729699814));
#14380=CARTESIAN_POINT('Ctrl Pts',(161.877556592226,23.,184.090381741524));
#14381=CARTESIAN_POINT('Ctrl Pts',(161.877556592226,17.,184.090381741524));
#14382=CARTESIAN_POINT('',(162.818211317062,17.,184.844815611839));
#14383=CARTESIAN_POINT('Ctrl Pts',(162.818211317062,17.,184.844815611839));
#14384=CARTESIAN_POINT('Ctrl Pts',(162.62483595824,17.,184.748890720089));
#14385=CARTESIAN_POINT('Ctrl Pts',(162.255666909461,17.,184.565762418441));
#14386=CARTESIAN_POINT('Ctrl Pts',(161.999527147555,17.,184.243729699814));
#14387=CARTESIAN_POINT('Ctrl Pts',(161.877556592226,17.,184.090381741524));
#14388=CARTESIAN_POINT('',(162.818211317062,20.,184.844815611839));
#14389=CARTESIAN_POINT('Ctrl Pts',(164.539561867714,23.,185.119371891022));
#14390=CARTESIAN_POINT('Ctrl Pts',(164.539561867714,17.,185.119371891022));
#14391=CARTESIAN_POINT('Ctrl Pts',(164.210793652414,23.,185.114434648306));
#14392=CARTESIAN_POINT('Ctrl Pts',(164.210793652414,17.,185.114434648306));
#14393=CARTESIAN_POINT('Ctrl Pts',(163.622814015865,23.,185.105604724845));
#14394=CARTESIAN_POINT('Ctrl Pts',(163.622814015865,17.,185.105604724845));
#14395=CARTESIAN_POINT('Ctrl Pts',(163.064392160425,23.,184.924608140344));
#14396=CARTESIAN_POINT('Ctrl Pts',(163.064392160425,17.,184.924608140344));
#14397=CARTESIAN_POINT('Ctrl Pts',(162.818211317062,23.,184.844815611839));
#14398=CARTESIAN_POINT('Ctrl Pts',(162.818211317062,17.,184.844815611839));
#14399=CARTESIAN_POINT('',(164.539561867714,17.,185.119371891022));
#14400=CARTESIAN_POINT('Ctrl Pts',(164.539561867714,17.,185.119371891022));
#14401=CARTESIAN_POINT('Ctrl Pts',(164.210793652414,17.,185.114434648306));
#14402=CARTESIAN_POINT('Ctrl Pts',(163.622814015865,17.,185.105604724845));
#14403=CARTESIAN_POINT('Ctrl Pts',(163.064392160425,17.,184.924608140344));
#14404=CARTESIAN_POINT('Ctrl Pts',(162.818211317062,17.,184.844815611839));
#14405=CARTESIAN_POINT('',(164.539561867714,20.,185.119371891022));
#14406=CARTESIAN_POINT('Ctrl Pts',(166.585605442524,23.,184.620395183563));
#14407=CARTESIAN_POINT('Ctrl Pts',(166.585605442524,17.,184.620395183563));
#14408=CARTESIAN_POINT('Ctrl Pts',(166.303050681236,23.,184.765426422968));
#14409=CARTESIAN_POINT('Ctrl Pts',(166.303050681236,17.,184.765426422968));
#14410=CARTESIAN_POINT('Ctrl Pts',(165.663586138858,23.,185.093654249367));
#14411=CARTESIAN_POINT('Ctrl Pts',(165.663586138858,17.,185.093654249367));
#14412=CARTESIAN_POINT('Ctrl Pts',(164.942196948833,23.,185.110159612426));
#14413=CARTESIAN_POINT('Ctrl Pts',(164.942196948833,17.,185.110159612426));
#14414=CARTESIAN_POINT('Ctrl Pts',(164.539561867714,23.,185.119371891022));
#14415=CARTESIAN_POINT('Ctrl Pts',(164.539561867714,17.,185.119371891022));
#14416=CARTESIAN_POINT('',(166.585605442524,17.,184.620395183563));
#14417=CARTESIAN_POINT('Ctrl Pts',(166.585605442524,17.,184.620395183563));
#14418=CARTESIAN_POINT('Ctrl Pts',(166.303050681236,17.,184.765426422968));
#14419=CARTESIAN_POINT('Ctrl Pts',(165.663586138858,17.,185.093654249367));
#14420=CARTESIAN_POINT('Ctrl Pts',(164.942196948833,17.,185.110159612426));
#14421=CARTESIAN_POINT('Ctrl Pts',(164.539561867714,17.,185.119371891022));
#14422=CARTESIAN_POINT('',(166.585605442524,20.,184.620395183563));
#14423=CARTESIAN_POINT('Ctrl Pts',(167.423599660397,23.,183.032742023468));
#14424=CARTESIAN_POINT('Ctrl Pts',(167.423599660397,17.,183.032742023468));
#14425=CARTESIAN_POINT('Ctrl Pts',(167.364148144792,23.,183.36435662927));
#14426=CARTESIAN_POINT('Ctrl Pts',(167.364148144792,17.,183.36435662927));
#14427=CARTESIAN_POINT('Ctrl Pts',(167.252800076566,23.,183.985445013233));
#14428=CARTESIAN_POINT('Ctrl Pts',(167.252800076566,17.,183.985445013233));
#14429=CARTESIAN_POINT('Ctrl Pts',(166.797711062018,23.,184.418540293919));
#14430=CARTESIAN_POINT('Ctrl Pts',(166.797711062018,17.,184.418540293919));
#14431=CARTESIAN_POINT('Ctrl Pts',(166.585605442524,23.,184.620395183563));
#14432=CARTESIAN_POINT('Ctrl Pts',(166.585605442524,17.,184.620395183563));
#14433=CARTESIAN_POINT('',(167.423599660397,17.,183.032742023468));
#14434=CARTESIAN_POINT('Ctrl Pts',(167.423599660397,17.,183.032742023468));
#14435=CARTESIAN_POINT('Ctrl Pts',(167.364148144792,17.,183.36435662927));
#14436=CARTESIAN_POINT('Ctrl Pts',(167.252800076566,17.,183.985445013233));
#14437=CARTESIAN_POINT('Ctrl Pts',(166.797711062018,17.,184.418540293919));
#14438=CARTESIAN_POINT('Ctrl Pts',(166.585605442524,17.,184.620395183563));
#14439=CARTESIAN_POINT('',(167.423599660397,20.,183.032742023468));
#14440=CARTESIAN_POINT('Origin',(165.384718775749,20.,182.913369417191));
#14441=CARTESIAN_POINT('',(165.384718775749,17.,182.913369417191));
#14442=CARTESIAN_POINT('',(167.423599660397,17.,183.032742023468));
#14443=CARTESIAN_POINT('',(165.384718775749,20.,182.913369417191));
#14444=CARTESIAN_POINT('Ctrl Pts',(165.043313801289,23.,183.600954890251));
#14445=CARTESIAN_POINT('Ctrl Pts',(165.043313801289,17.,183.600954890251));
#14446=CARTESIAN_POINT('Ctrl Pts',(165.12353923975,23.,183.512199012535));
#14447=CARTESIAN_POINT('Ctrl Pts',(165.12353923975,17.,183.512199012535));
#14448=CARTESIAN_POINT('Ctrl Pts',(165.300922835214,23.,183.315954068168));
#14449=CARTESIAN_POINT('Ctrl Pts',(165.300922835214,17.,183.315954068168));
#14450=CARTESIAN_POINT('Ctrl Pts',(165.355064054478,23.,183.055840944289));
#14451=CARTESIAN_POINT('Ctrl Pts',(165.355064054478,17.,183.055840944289));
#14452=CARTESIAN_POINT('Ctrl Pts',(165.384718775749,23.,182.913369417191));
#14453=CARTESIAN_POINT('Ctrl Pts',(165.384718775749,17.,182.913369417191));
#14454=CARTESIAN_POINT('',(165.043313801289,17.,183.600954890251));
#14455=CARTESIAN_POINT('Ctrl Pts',(165.043313801289,17.,183.600954890251));
#14456=CARTESIAN_POINT('Ctrl Pts',(165.12353923975,17.,183.512199012535));
#14457=CARTESIAN_POINT('Ctrl Pts',(165.300922835214,17.,183.315954068168));
#14458=CARTESIAN_POINT('Ctrl Pts',(165.355064054478,17.,183.055840944289));
#14459=CARTESIAN_POINT('Ctrl Pts',(165.384718775749,17.,182.913369417191));
#14460=CARTESIAN_POINT('',(165.043313801289,20.,183.600954890251));
#14461=CARTESIAN_POINT('Ctrl Pts',(164.324691593647,23.,183.815824866295));
#14462=CARTESIAN_POINT('Ctrl Pts',(164.324691593647,17.,183.815824866295));
#14463=CARTESIAN_POINT('Ctrl Pts',(164.46485832147,23.,183.81024625992));
#14464=CARTESIAN_POINT('Ctrl Pts',(164.46485832147,17.,183.81024625992));
#14465=CARTESIAN_POINT('Ctrl Pts',(164.723715700071,23.,183.799943790533));
#14466=CARTESIAN_POINT('Ctrl Pts',(164.723715700071,17.,183.799943790533));
#14467=CARTESIAN_POINT('Ctrl Pts',(164.942841004004,23.,183.663511492946));
#14468=CARTESIAN_POINT('Ctrl Pts',(164.942841004004,17.,183.663511492946));
#14469=CARTESIAN_POINT('Ctrl Pts',(165.043313801289,23.,183.600954890251));
#14470=CARTESIAN_POINT('Ctrl Pts',(165.043313801289,17.,183.600954890251));
#14471=CARTESIAN_POINT('',(164.324691593647,17.,183.815824866295));
#14472=CARTESIAN_POINT('Ctrl Pts',(164.324691593647,17.,183.815824866295));
#14473=CARTESIAN_POINT('Ctrl Pts',(164.46485832147,17.,183.81024625992));
#14474=CARTESIAN_POINT('Ctrl Pts',(164.723715700071,17.,183.799943790533));
#14475=CARTESIAN_POINT('Ctrl Pts',(164.942841004004,17.,183.663511492946));
#14476=CARTESIAN_POINT('Ctrl Pts',(165.043313801289,17.,183.600954890251));
#14477=CARTESIAN_POINT('',(164.324691593647,20.,183.815824866295));
#14478=CARTESIAN_POINT('Ctrl Pts',(163.756478726864,23.,183.65586566925));
#14479=CARTESIAN_POINT('Ctrl Pts',(163.756478726864,17.,183.65586566925));
#14480=CARTESIAN_POINT('Ctrl Pts',(163.833689782956,23.,183.702370839826));
#14481=CARTESIAN_POINT('Ctrl Pts',(163.833689782956,17.,183.702370839826));
#14482=CARTESIAN_POINT('Ctrl Pts',(164.007534407566,23.,183.80707959956));
#14483=CARTESIAN_POINT('Ctrl Pts',(164.007534407566,17.,183.80707959956));
#14484=CARTESIAN_POINT('Ctrl Pts',(164.211381051611,23.,183.812700450524));
#14485=CARTESIAN_POINT('Ctrl Pts',(164.211381051611,17.,183.812700450524));
#14486=CARTESIAN_POINT('Ctrl Pts',(164.324691593647,23.,183.815824866295));
#14487=CARTESIAN_POINT('Ctrl Pts',(164.324691593647,17.,183.815824866295));
#14488=CARTESIAN_POINT('',(163.756478726864,17.,183.65586566925));
#14489=CARTESIAN_POINT('Ctrl Pts',(163.756478726864,17.,183.65586566925));
#14490=CARTESIAN_POINT('Ctrl Pts',(163.833689782956,17.,183.702370839826));
#14491=CARTESIAN_POINT('Ctrl Pts',(164.007534407566,17.,183.80707959956));
#14492=CARTESIAN_POINT('Ctrl Pts',(164.211381051611,17.,183.812700450524));
#14493=CARTESIAN_POINT('Ctrl Pts',(164.324691593647,17.,183.815824866295));
#14494=CARTESIAN_POINT('',(163.756478726864,20.,183.65586566925));
#14495=CARTESIAN_POINT('Ctrl Pts',(163.565482795238,23.,183.266711711884));
#14496=CARTESIAN_POINT('Ctrl Pts',(163.565482795238,17.,183.266711711884));
#14497=CARTESIAN_POINT('Ctrl Pts',(163.574180008377,23.,183.340833450006));
#14498=CARTESIAN_POINT('Ctrl Pts',(163.574180008377,17.,183.340833450006));
#14499=CARTESIAN_POINT('Ctrl Pts',(163.592003352986,23.,183.492732369872));
#14500=CARTESIAN_POINT('Ctrl Pts',(163.592003352986,17.,183.492732369872));
#14501=CARTESIAN_POINT('Ctrl Pts',(163.70078102494,23.,183.600622445488));
#14502=CARTESIAN_POINT('Ctrl Pts',(163.70078102494,17.,183.600622445488));
#14503=CARTESIAN_POINT('Ctrl Pts',(163.756478726864,23.,183.65586566925));
#14504=CARTESIAN_POINT('Ctrl Pts',(163.756478726864,17.,183.65586566925));
#14505=CARTESIAN_POINT('',(163.565482795238,17.,183.266711711884));
#14506=CARTESIAN_POINT('Ctrl Pts',(163.565482795238,17.,183.266711711884));
#14507=CARTESIAN_POINT('Ctrl Pts',(163.574180008377,17.,183.340833450006));
#14508=CARTESIAN_POINT('Ctrl Pts',(163.592003352986,17.,183.492732369872));
#14509=CARTESIAN_POINT('Ctrl Pts',(163.70078102494,17.,183.600622445488));
#14510=CARTESIAN_POINT('Ctrl Pts',(163.756478726864,17.,183.65586566925));
#14511=CARTESIAN_POINT('',(163.565482795238,20.,183.266711711884));
#14512=CARTESIAN_POINT('Ctrl Pts',(163.723054528236,23.,182.965893030167));
#14513=CARTESIAN_POINT('Ctrl Pts',(163.723054528236,17.,182.965893030167));
#14514=CARTESIAN_POINT('Ctrl Pts',(163.67714795219,23.,183.009947222219));
#14515=CARTESIAN_POINT('Ctrl Pts',(163.67714795219,17.,183.009947222219));
#14516=CARTESIAN_POINT('Ctrl Pts',(163.590602871369,23.,183.093000107884));
#14517=CARTESIAN_POINT('Ctrl Pts',(163.590602871369,17.,183.093000107884));
#14518=CARTESIAN_POINT('Ctrl Pts',(163.573509321059,23.,183.211206279988));
#14519=CARTESIAN_POINT('Ctrl Pts',(163.573509321059,17.,183.211206279988));
#14520=CARTESIAN_POINT('Ctrl Pts',(163.565482795238,23.,183.266711711884));
#14521=CARTESIAN_POINT('Ctrl Pts',(163.565482795238,17.,183.266711711884));
#14522=CARTESIAN_POINT('',(163.723054528236,17.,182.965893030167));
#14523=CARTESIAN_POINT('Ctrl Pts',(163.723054528236,17.,182.965893030167));
#14524=CARTESIAN_POINT('Ctrl Pts',(163.67714795219,17.,183.009947222219));
#14525=CARTESIAN_POINT('Ctrl Pts',(163.590602871369,17.,183.093000107884));
#14526=CARTESIAN_POINT('Ctrl Pts',(163.573509321059,17.,183.211206279988));
#14527=CARTESIAN_POINT('Ctrl Pts',(163.565482795238,17.,183.266711711884));
#14528=CARTESIAN_POINT('',(163.723054528236,20.,182.965893030167));
#14529=CARTESIAN_POINT('Ctrl Pts',(164.448838829994,23.,182.708049297333));
#14530=CARTESIAN_POINT('Ctrl Pts',(164.448838829994,17.,182.708049297333));
#14531=CARTESIAN_POINT('Ctrl Pts',(164.288884443822,23.,182.739149386901));
#14532=CARTESIAN_POINT('Ctrl Pts',(164.288884443822,17.,182.739149386901));
#14533=CARTESIAN_POINT('Ctrl Pts',(164.032967873894,23.,182.788907498805));
#14534=CARTESIAN_POINT('Ctrl Pts',(164.032967873894,17.,182.788907498805));
#14535=CARTESIAN_POINT('Ctrl Pts',(163.80757216709,23.,182.917626637539));
#14536=CARTESIAN_POINT('Ctrl Pts',(163.80757216709,17.,182.917626637539));
#14537=CARTESIAN_POINT('Ctrl Pts',(163.723054528236,23.,182.965893030167));
#14538=CARTESIAN_POINT('Ctrl Pts',(163.723054528236,17.,182.965893030167));
#14539=CARTESIAN_POINT('',(164.448838829994,17.,182.708049297333));
#14540=CARTESIAN_POINT('Ctrl Pts',(164.448838829994,17.,182.708049297333));
#14541=CARTESIAN_POINT('Ctrl Pts',(164.288884443822,17.,182.739149386901));
#14542=CARTESIAN_POINT('Ctrl Pts',(164.032967873894,17.,182.788907498805));
#14543=CARTESIAN_POINT('Ctrl Pts',(163.80757216709,17.,182.917626637539));
#14544=CARTESIAN_POINT('Ctrl Pts',(163.723054528236,17.,182.965893030167));
#14545=CARTESIAN_POINT('',(164.448838829994,20.,182.708049297333));
#14546=CARTESIAN_POINT('Ctrl Pts',(166.480557620525,23.,182.089699983597));
#14547=CARTESIAN_POINT('Ctrl Pts',(166.480557620525,17.,182.089699983597));
#14548=CARTESIAN_POINT('Ctrl Pts',(166.211088091448,23.,182.200010699711));
#14549=CARTESIAN_POINT('Ctrl Pts',(166.211088091448,17.,182.200010699711));
#14550=CARTESIAN_POINT('Ctrl Pts',(165.553744505541,23.,182.46910250368));
#14551=CARTESIAN_POINT('Ctrl Pts',(165.553744505541,17.,182.46910250368));
#14552=CARTESIAN_POINT('Ctrl Pts',(164.85886276115,23.,182.619377561963));
#14553=CARTESIAN_POINT('Ctrl Pts',(164.85886276115,17.,182.619377561963));
#14554=CARTESIAN_POINT('Ctrl Pts',(164.448838829994,23.,182.708049297333));
#14555=CARTESIAN_POINT('Ctrl Pts',(164.448838829994,17.,182.708049297333));
#14556=CARTESIAN_POINT('',(166.480557620525,17.,182.089699983597));
#14557=CARTESIAN_POINT('Ctrl Pts',(166.480557620525,17.,182.089699983597));
#14558=CARTESIAN_POINT('Ctrl Pts',(166.211088091448,17.,182.200010699711));
#14559=CARTESIAN_POINT('Ctrl Pts',(165.553744505541,17.,182.46910250368));
#14560=CARTESIAN_POINT('Ctrl Pts',(164.85886276115,17.,182.619377561963));
#14561=CARTESIAN_POINT('Ctrl Pts',(164.448838829994,17.,182.708049297333));
#14562=CARTESIAN_POINT('',(166.480557620525,20.,182.089699983597));
#14563=CARTESIAN_POINT('Ctrl Pts',(167.373463213444,23.,181.31377863884));
#14564=CARTESIAN_POINT('Ctrl Pts',(167.373463213444,17.,181.31377863884));
#14565=CARTESIAN_POINT('Ctrl Pts',(167.260587922586,23.,181.464773867567));
#14566=CARTESIAN_POINT('Ctrl Pts',(167.260587922586,17.,181.464773867567));
#14567=CARTESIAN_POINT('Ctrl Pts',(167.019485456594,23.,181.787300806123));
#14568=CARTESIAN_POINT('Ctrl Pts',(167.019485456594,17.,181.787300806123));
#14569=CARTESIAN_POINT('Ctrl Pts',(166.6676674171,23.,181.984710326736));
#14570=CARTESIAN_POINT('Ctrl Pts',(166.6676674171,17.,181.984710326736));
#14571=CARTESIAN_POINT('Ctrl Pts',(166.480557620525,23.,182.089699983597));
#14572=CARTESIAN_POINT('Ctrl Pts',(166.480557620525,17.,182.089699983597));
#14573=CARTESIAN_POINT('',(167.373463213444,17.,181.31377863884));
#14574=CARTESIAN_POINT('Ctrl Pts',(167.373463213444,17.,181.31377863884));
#14575=CARTESIAN_POINT('Ctrl Pts',(167.260587922586,17.,181.464773867567));
#14576=CARTESIAN_POINT('Ctrl Pts',(167.019485456594,17.,181.787300806123));
#14577=CARTESIAN_POINT('Ctrl Pts',(166.6676674171,17.,181.984710326736));
#14578=CARTESIAN_POINT('Ctrl Pts',(166.480557620525,17.,182.089699983597));
#14579=CARTESIAN_POINT('',(167.373463213444,20.,181.31377863884));
#14580=CARTESIAN_POINT('Ctrl Pts',(167.652795016766,23.,180.277625799179));
#14581=CARTESIAN_POINT('Ctrl Pts',(167.652795016766,17.,180.277625799179));
#14582=CARTESIAN_POINT('Ctrl Pts',(167.64188196203,23.,180.462831241648));
#14583=CARTESIAN_POINT('Ctrl Pts',(167.64188196203,17.,180.462831241648));
#14584=CARTESIAN_POINT('Ctrl Pts',(167.620383368531,23.,180.827683853295));
#14585=CARTESIAN_POINT('Ctrl Pts',(167.620383368531,17.,180.827683853295));
#14586=CARTESIAN_POINT('Ctrl Pts',(167.454929741873,23.,181.153401067993));
#14587=CARTESIAN_POINT('Ctrl Pts',(167.454929741873,17.,181.153401067993));
#14588=CARTESIAN_POINT('Ctrl Pts',(167.373463213444,23.,181.31377863884));
#14589=CARTESIAN_POINT('Ctrl Pts',(167.373463213444,17.,181.31377863884));
#14590=CARTESIAN_POINT('',(167.652795016766,17.,180.277625799179));
#14591=CARTESIAN_POINT('Ctrl Pts',(167.652795016766,17.,180.277625799179));
#14592=CARTESIAN_POINT('Ctrl Pts',(167.64188196203,17.,180.462831241648));
#14593=CARTESIAN_POINT('Ctrl Pts',(167.620383368531,17.,180.827683853295));
#14594=CARTESIAN_POINT('Ctrl Pts',(167.454929741873,17.,181.153401067993));
#14595=CARTESIAN_POINT('Ctrl Pts',(167.373463213444,17.,181.31377863884));
#14596=CARTESIAN_POINT('',(167.652795016766,20.,180.277625799179));
#14597=CARTESIAN_POINT('Ctrl Pts',(167.280353009701,23.,179.036152839661));
#14598=CARTESIAN_POINT('Ctrl Pts',(167.280353009701,17.,179.036152839661));
#14599=CARTESIAN_POINT('Ctrl Pts',(167.388981597665,23.,179.229661505727));
#14600=CARTESIAN_POINT('Ctrl Pts',(167.388981597665,17.,179.229661505727));
#14601=CARTESIAN_POINT('Ctrl Pts',(167.605715277442,23.,179.6157462929));
#14602=CARTESIAN_POINT('Ctrl Pts',(167.605715277442,17.,179.6157462929));
#14603=CARTESIAN_POINT('Ctrl Pts',(167.637127060883,23.,180.05735484924));
#14604=CARTESIAN_POINT('Ctrl Pts',(167.637127060883,17.,180.05735484924));
#14605=CARTESIAN_POINT('Ctrl Pts',(167.652795016766,23.,180.277625799179));
#14606=CARTESIAN_POINT('Ctrl Pts',(167.652795016766,17.,180.277625799179));
#14607=CARTESIAN_POINT('',(167.280353009701,17.,179.036152839661));
#14608=CARTESIAN_POINT('Ctrl Pts',(167.280353009701,17.,179.036152839661));
#14609=CARTESIAN_POINT('Ctrl Pts',(167.388981597665,17.,179.229661505727));
#14610=CARTESIAN_POINT('Ctrl Pts',(167.605715277442,17.,179.6157462929));
#14611=CARTESIAN_POINT('Ctrl Pts',(167.637127060883,17.,180.05735484924));
#14612=CARTESIAN_POINT('Ctrl Pts',(167.652795016766,17.,180.277625799179));
#14613=CARTESIAN_POINT('',(167.280353009701,20.,179.036152839661));
#14614=CARTESIAN_POINT('Ctrl Pts',(166.239425241947,23.,178.174283981323));
#14615=CARTESIAN_POINT('Ctrl Pts',(166.239425241947,17.,178.174283981323));
#14616=CARTESIAN_POINT('Ctrl Pts',(166.448673726768,23.,178.281732000218));
#14617=CARTESIAN_POINT('Ctrl Pts',(166.448673726768,17.,178.281732000218));
#14618=CARTESIAN_POINT('Ctrl Pts',(166.859302198859,23.,178.492587605054));
#14619=CARTESIAN_POINT('Ctrl Pts',(166.859302198859,17.,178.492587605054));
#14620=CARTESIAN_POINT('Ctrl Pts',(167.14180720101,23.,178.857293939344));
#14621=CARTESIAN_POINT('Ctrl Pts',(167.14180720101,17.,178.857293939344));
#14622=CARTESIAN_POINT('Ctrl Pts',(167.280353009701,23.,179.036152839661));
#14623=CARTESIAN_POINT('Ctrl Pts',(167.280353009701,17.,179.036152839661));
#14624=CARTESIAN_POINT('',(166.239425241947,17.,178.174283981323));
#14625=CARTESIAN_POINT('Ctrl Pts',(166.239425241947,17.,178.174283981323));
#14626=CARTESIAN_POINT('Ctrl Pts',(166.448673726768,17.,178.281732000218));
#14627=CARTESIAN_POINT('Ctrl Pts',(166.859302198859,17.,178.492587605054));
#14628=CARTESIAN_POINT('Ctrl Pts',(167.14180720101,17.,178.857293939344));
#14629=CARTESIAN_POINT('Ctrl Pts',(167.280353009701,17.,179.036152839661));
#14630=CARTESIAN_POINT('',(166.239425241947,20.,178.174283981323));
#14631=CARTESIAN_POINT('Ctrl Pts',(164.553886651993,23.,177.880627393723));
#14632=CARTESIAN_POINT('Ctrl Pts',(164.553886651993,17.,177.880627393723));
#14633=CARTESIAN_POINT('Ctrl Pts',(164.866964024778,23.,177.88813982386));
#14634=CARTESIAN_POINT('Ctrl Pts',(164.866964024778,17.,177.88813982386));
#14635=CARTESIAN_POINT('Ctrl Pts',(165.44420596939,23.,177.901990999825));
#14636=CARTESIAN_POINT('Ctrl Pts',(165.44420596939,17.,177.901990999825));
#14637=CARTESIAN_POINT('Ctrl Pts',(165.989761429582,23.,178.088795982997));
#14638=CARTESIAN_POINT('Ctrl Pts',(165.989761429582,17.,178.088795982997));
#14639=CARTESIAN_POINT('Ctrl Pts',(166.239425241947,23.,178.174283981323));
#14640=CARTESIAN_POINT('Ctrl Pts',(166.239425241947,17.,178.174283981323));
#14641=CARTESIAN_POINT('',(164.553886651993,17.,177.880627393723));
#14642=CARTESIAN_POINT('Ctrl Pts',(164.553886651993,17.,177.880627393723));
#14643=CARTESIAN_POINT('Ctrl Pts',(164.866964024778,17.,177.88813982386));
#14644=CARTESIAN_POINT('Ctrl Pts',(165.44420596939,17.,177.901990999825));
#14645=CARTESIAN_POINT('Ctrl Pts',(165.989761429582,17.,178.088795982997));
#14646=CARTESIAN_POINT('Ctrl Pts',(166.239425241947,17.,178.174283981323));
#14647=CARTESIAN_POINT('',(164.553886651993,20.,177.880627393723));
#14648=CARTESIAN_POINT('Ctrl Pts',(162.080489695072,23.,178.568212270737));
#14649=CARTESIAN_POINT('Ctrl Pts',(162.080489695072,17.,178.568212270737));
#14650=CARTESIAN_POINT('Ctrl Pts',(162.392673495905,23.,178.368995836721));
#14651=CARTESIAN_POINT('Ctrl Pts',(162.392673495905,17.,178.368995836721));
#14652=CARTESIAN_POINT('Ctrl Pts',(163.139832901747,23.,177.892204817853));
#14653=CARTESIAN_POINT('Ctrl Pts',(163.139832901747,17.,177.892204817853));
#14654=CARTESIAN_POINT('Ctrl Pts',(164.033574775698,23.,177.884887395346));
#14655=CARTESIAN_POINT('Ctrl Pts',(164.033574775698,17.,177.884887395346));
#14656=CARTESIAN_POINT('Ctrl Pts',(164.553886651993,23.,177.880627393723));
#14657=CARTESIAN_POINT('Ctrl Pts',(164.553886651993,17.,177.880627393723));
#14658=CARTESIAN_POINT('',(162.080489695072,17.,178.568212270737));
#14659=CARTESIAN_POINT('Ctrl Pts',(162.080489695072,17.,178.568212270737));
#14660=CARTESIAN_POINT('Ctrl Pts',(162.392673495905,17.,178.368995836721));
#14661=CARTESIAN_POINT('Ctrl Pts',(163.139832901747,17.,177.892204817853));
#14662=CARTESIAN_POINT('Ctrl Pts',(164.033574775698,17.,177.884887395346));
#14663=CARTESIAN_POINT('Ctrl Pts',(164.553886651993,17.,177.880627393723));
#14664=CARTESIAN_POINT('',(162.080489695072,20.,178.568212270737));
#14665=CARTESIAN_POINT('Ctrl Pts',(161.302181407809,23.,180.315825223923));
#14666=CARTESIAN_POINT('Ctrl Pts',(161.302181407809,17.,180.315825223923));
#14667=CARTESIAN_POINT('Ctrl Pts',(161.354356375618,23.,179.980986870944));
#14668=CARTESIAN_POINT('Ctrl Pts',(161.354356375618,17.,179.980986870944));
#14669=CARTESIAN_POINT('Ctrl Pts',(161.456197035641,23.,179.327413705489));
#14670=CARTESIAN_POINT('Ctrl Pts',(161.456197035641,17.,179.327413705489));
#14671=CARTESIAN_POINT('Ctrl Pts',(161.875838691223,23.,178.817088071851));
#14672=CARTESIAN_POINT('Ctrl Pts',(161.875838691223,17.,178.817088071851));
#14673=CARTESIAN_POINT('Ctrl Pts',(162.080489695072,23.,178.568212270737));
#14674=CARTESIAN_POINT('Ctrl Pts',(162.080489695072,17.,178.568212270737));
#14675=CARTESIAN_POINT('Ctrl Pts',(161.302181407809,17.,180.315825223923));
#14676=CARTESIAN_POINT('Ctrl Pts',(161.354356375618,17.,179.980986870944));
#14677=CARTESIAN_POINT('Ctrl Pts',(161.456197035641,17.,179.327413705489));
#14678=CARTESIAN_POINT('Ctrl Pts',(161.875838691223,17.,178.817088071851));
#14679=CARTESIAN_POINT('Ctrl Pts',(162.080489695072,17.,178.568212270737));
#14680=CARTESIAN_POINT('Origin',(164.477488212287,17.,181.499999642372));
#14681=CARTESIAN_POINT('Origin',(499.,58.5,22.5));
#14682=CARTESIAN_POINT('',(499.,113.,2.4));
#14683=CARTESIAN_POINT('',(499.,113.,44.4188034188034));
#14684=CARTESIAN_POINT('',(499.,113.,33.75));
#14685=CARTESIAN_POINT('',(499.,4.,2.4));
#14686=CARTESIAN_POINT('',(499.,87.75,2.4));
#14687=CARTESIAN_POINT('',(499.,4.,28.));
#14688=CARTESIAN_POINT('',(499.,4.,11.25));
#14689=CARTESIAN_POINT('',(499.,0.,28.));
#14690=CARTESIAN_POINT('',(499.,31.25,28.));
#14691=CARTESIAN_POINT('',(499.,117.,45.));
#14692=CARTESIAN_POINT('Origin',(499.,117.,45.));
#14693=CARTESIAN_POINT('',(501.,113.,44.4188034188034));
#14694=CARTESIAN_POINT('',(399.5,113.,44.4188034188034));
#14695=CARTESIAN_POINT('',(501.,0.,28.));
#14696=CARTESIAN_POINT('',(300.,0.,28.));
#14697=CARTESIAN_POINT('',(501.,117.,45.));
#14698=CARTESIAN_POINT('Origin',(300.,113.,45.));
#14699=CARTESIAN_POINT('',(501.,113.,45.));
#14700=CARTESIAN_POINT('',(501.,113.,45.));
#14701=CARTESIAN_POINT('',(300.,113.,45.));
#14702=CARTESIAN_POINT('',(300.,113.,45.));
#14703=CARTESIAN_POINT('',(300.,113.,44.4188034188034));
#14704=CARTESIAN_POINT('',(300.,113.,45.));
#14705=CARTESIAN_POINT('',(302.,113.,44.4188034188034));
#14706=CARTESIAN_POINT('',(300.,113.,44.4188034188034));
#14707=CARTESIAN_POINT('',(302.,113.,2.4));
#14708=CARTESIAN_POINT('',(302.,113.,33.75));
#14709=CARTESIAN_POINT('',(300.,113.,2.4));
#14710=CARTESIAN_POINT('Origin',(501.,58.5,1.2));
#14711=CARTESIAN_POINT('',(501.,117.,45.));
#14712=CARTESIAN_POINT('',(501.,117.,45.));
#14713=CARTESIAN_POINT('',(501.,0.,0.));
#14714=CARTESIAN_POINT('',(501.,0.,28.));
#14715=CARTESIAN_POINT('',(501.,117.,0.));
#14716=CARTESIAN_POINT('',(501.,0.,0.));
#14717=CARTESIAN_POINT('',(501.,117.,0.));
#14718=CARTESIAN_POINT('Origin',(300.,117.,0.));
#14719=CARTESIAN_POINT('',(300.,117.,0.));
#14720=CARTESIAN_POINT('',(300.,117.,0.));
#14721=CARTESIAN_POINT('',(300.,117.,45.));
#14722=CARTESIAN_POINT('',(300.,117.,0.));
#14723=CARTESIAN_POINT('',(300.,117.,45.));
#14724=CARTESIAN_POINT('Origin',(300.,0.,0.));
#14725=CARTESIAN_POINT('',(300.,0.,0.));
#14726=CARTESIAN_POINT('',(300.,0.,0.));
#14727=CARTESIAN_POINT('',(300.,0.,0.));
#14728=CARTESIAN_POINT('Origin',(300.,117.,45.));
#14729=CARTESIAN_POINT('',(300.,0.,28.));
#14730=CARTESIAN_POINT('',(300.,117.,45.));
#14731=CARTESIAN_POINT('',(302.,0.,28.));
#14732=CARTESIAN_POINT('',(300.,0.,28.));
#14733=CARTESIAN_POINT('',(302.,117.,45.));
#14734=CARTESIAN_POINT('Origin',(302.,58.5,22.5));
#14735=CARTESIAN_POINT('',(302.,4.,28.));
#14736=CARTESIAN_POINT('',(302.,31.25,28.));
#14737=CARTESIAN_POINT('',(302.,4.,2.4));
#14738=CARTESIAN_POINT('',(302.,4.,11.25));
#14739=CARTESIAN_POINT('',(302.,87.75,2.4));
#14740=CARTESIAN_POINT('Origin',(300.,117.,2.4));
#14741=CARTESIAN_POINT('',(300.,4.,2.4));
#14742=CARTESIAN_POINT('Origin',(300.,4.,0.));
#14743=CARTESIAN_POINT('',(300.,4.,28.));
#14744=CARTESIAN_POINT('Origin',(300.,4.,28.));
#14745=CARTESIAN_POINT('',(300.,0.,28.));
#14746=CARTESIAN_POINT('Origin',(300.,117.,45.));
#14747=CARTESIAN_POINT('',(300.,117.,45.));
#14748=CARTESIAN_POINT('Origin',(300.,58.5,1.2));
#14749=CARTESIAN_POINT('',(300.,0.,2.4));
#14750=CARTESIAN_POINT('Origin',(300.,0.,2.4));
#14751=CARTESIAN_POINT('Origin',(303.,229.,8.));
#14752=CARTESIAN_POINT('',(303.,229.,8.));
#14753=CARTESIAN_POINT('',(303.,224.,8.));
#14754=CARTESIAN_POINT('',(303.,229.,8.));
#14755=CARTESIAN_POINT('',(309.,224.,8.));
#14756=CARTESIAN_POINT('',(301.5,224.,8.));
#14757=CARTESIAN_POINT('',(309.,229.,8.));
#14758=CARTESIAN_POINT('',(309.,229.,8.));
#14759=CARTESIAN_POINT('',(303.,229.,8.));
#14760=CARTESIAN_POINT('Origin',(303.,229.,2.));
#14761=CARTESIAN_POINT('',(303.,229.,2.));
#14762=CARTESIAN_POINT('',(303.,229.,2.));
#14763=CARTESIAN_POINT('',(309.,229.,2.));
#14764=CARTESIAN_POINT('',(309.,229.,2.));
#14765=CARTESIAN_POINT('',(303.,229.,2.));
#14766=CARTESIAN_POINT('Origin',(303.,224.,2.));
#14767=CARTESIAN_POINT('',(303.,224.,2.));
#14768=CARTESIAN_POINT('',(303.,224.,2.));
#14769=CARTESIAN_POINT('',(309.,224.,2.));
#14770=CARTESIAN_POINT('',(309.,224.,2.));
#14771=CARTESIAN_POINT('',(301.5,224.,2.));
#14772=CARTESIAN_POINT('Origin',(309.,226.5,5.));
#14773=CARTESIAN_POINT('',(309.,224.,2.5));
#14774=CARTESIAN_POINT('Origin',(303.,226.5,5.));
#14775=CARTESIAN_POINT('',(303.,224.,2.5));
#14776=CARTESIAN_POINT('Origin',(303.,0.,8.));
#14777=CARTESIAN_POINT('',(303.,0.,8.));
#14778=CARTESIAN_POINT('',(303.,-5.,8.));
#14779=CARTESIAN_POINT('',(303.,0.,8.));
#14780=CARTESIAN_POINT('',(309.,-5.,8.));
#14781=CARTESIAN_POINT('',(303.,-5.,8.));
#14782=CARTESIAN_POINT('',(309.,0.,8.));
#14783=CARTESIAN_POINT('',(309.,0.,8.));
#14784=CARTESIAN_POINT('',(301.5,0.,8.));
#14785=CARTESIAN_POINT('Origin',(303.,-5.,2.));
#14786=CARTESIAN_POINT('',(303.,-5.,2.));
#14787=CARTESIAN_POINT('',(303.,0.,2.));
#14788=CARTESIAN_POINT('',(303.,-5.,2.));
#14789=CARTESIAN_POINT('',(309.,0.,2.));
#14790=CARTESIAN_POINT('',(301.5,0.,2.));
#14791=CARTESIAN_POINT('',(309.,-5.,2.));
#14792=CARTESIAN_POINT('',(309.,-5.,2.));
#14793=CARTESIAN_POINT('',(303.,-5.,2.));
#14794=CARTESIAN_POINT('Origin',(303.,-5.,8.));
#14795=CARTESIAN_POINT('',(303.,-5.,8.));
#14796=CARTESIAN_POINT('',(309.,-5.,8.));
#14797=CARTESIAN_POINT('Origin',(309.,-2.5,5.));
#14798=CARTESIAN_POINT('',(309.,0.,7.5));
#14799=CARTESIAN_POINT('Origin',(303.,-2.5,5.));
#14800=CARTESIAN_POINT('',(303.,0.,7.5));
#14801=CARTESIAN_POINT('Origin',(300.,224.,10.));
#14802=CARTESIAN_POINT('',(300.,224.,10.));
#14803=CARTESIAN_POINT('',(300.,0.,10.));
#14804=CARTESIAN_POINT('',(300.,224.,10.));
#14805=CARTESIAN_POINT('',(312.,0.,10.));
#14806=CARTESIAN_POINT('',(300.,0.,10.));
#14807=CARTESIAN_POINT('',(312.,224.,10.));
#14808=CARTESIAN_POINT('',(312.,224.,10.));
#14809=CARTESIAN_POINT('',(300.,224.,10.));
#14810=CARTESIAN_POINT('Origin',(300.,224.,0.));
#14811=CARTESIAN_POINT('',(300.,224.,0.));
#14812=CARTESIAN_POINT('',(300.,224.,0.));
#14813=CARTESIAN_POINT('',(312.,224.,0.));
#14814=CARTESIAN_POINT('',(312.,224.,0.));
#14815=CARTESIAN_POINT('',(300.,224.,0.));
#14816=CARTESIAN_POINT('Origin',(300.,0.,0.));
#14817=CARTESIAN_POINT('',(300.,0.,0.));
#14818=CARTESIAN_POINT('',(300.,0.,0.));
#14819=CARTESIAN_POINT('',(312.,0.,0.));
#14820=CARTESIAN_POINT('',(312.,0.,0.));
#14821=CARTESIAN_POINT('',(300.,0.,0.));
#14822=CARTESIAN_POINT('Origin',(300.,0.,10.));
#14823=CARTESIAN_POINT('',(300.,0.,10.));
#14824=CARTESIAN_POINT('',(312.,0.,10.));
#14825=CARTESIAN_POINT('Origin',(312.,112.,5.));
#14826=CARTESIAN_POINT('Origin',(300.,112.,5.));
#14827=CARTESIAN_POINT('Origin',(540.,110.,40.));
#14828=CARTESIAN_POINT('',(540.,110.,40.));
#14829=CARTESIAN_POINT('',(540.,0.,40.));
#14830=CARTESIAN_POINT('',(540.,110.,40.));
#14831=CARTESIAN_POINT('',(542.,0.,40.));
#14832=CARTESIAN_POINT('',(540.,0.,40.));
#14833=CARTESIAN_POINT('',(542.,110.,40.));
#14834=CARTESIAN_POINT('',(542.,110.,40.));
#14835=CARTESIAN_POINT('',(540.,110.,40.));
#14836=CARTESIAN_POINT('Origin',(540.,110.,0.));
#14837=CARTESIAN_POINT('',(540.,110.,0.));
#14838=CARTESIAN_POINT('',(540.,110.,0.));
#14839=CARTESIAN_POINT('',(542.,110.,0.));
#14840=CARTESIAN_POINT('',(542.,110.,0.));
#14841=CARTESIAN_POINT('',(540.,110.,0.));
#14842=CARTESIAN_POINT('Origin',(540.,0.,0.));
#14843=CARTESIAN_POINT('',(540.,0.,0.));
#14844=CARTESIAN_POINT('',(540.,0.,0.));
#14845=CARTESIAN_POINT('',(542.,0.,0.));
#14846=CARTESIAN_POINT('',(542.,0.,0.));
#14847=CARTESIAN_POINT('',(540.,0.,0.));
#14848=CARTESIAN_POINT('Origin',(540.,0.,40.));
#14849=CARTESIAN_POINT('',(540.,0.,40.));
#14850=CARTESIAN_POINT('',(542.,0.,40.));
#14851=CARTESIAN_POINT('Origin',(542.,55.,20.));
#14852=CARTESIAN_POINT('Origin',(540.,55.,20.));
#14853=CARTESIAN_POINT('Origin',(303.,379.,8.));
#14854=CARTESIAN_POINT('',(303.,379.,8.));
#14855=CARTESIAN_POINT('',(303.,374.,8.));
#14856=CARTESIAN_POINT('',(303.,379.,8.));
#14857=CARTESIAN_POINT('',(309.,374.,8.));
#14858=CARTESIAN_POINT('',(301.5,374.,8.));
#14859=CARTESIAN_POINT('',(309.,379.,8.));
#14860=CARTESIAN_POINT('',(309.,379.,8.));
#14861=CARTESIAN_POINT('',(303.,379.,8.));
#14862=CARTESIAN_POINT('Origin',(303.,379.,2.));
#14863=CARTESIAN_POINT('',(303.,379.,2.));
#14864=CARTESIAN_POINT('',(303.,379.,2.));
#14865=CARTESIAN_POINT('',(309.,379.,2.));
#14866=CARTESIAN_POINT('',(309.,379.,2.));
#14867=CARTESIAN_POINT('',(303.,379.,2.));
#14868=CARTESIAN_POINT('Origin',(303.,374.,2.));
#14869=CARTESIAN_POINT('',(303.,374.,2.));
#14870=CARTESIAN_POINT('',(303.,374.,2.));
#14871=CARTESIAN_POINT('',(309.,374.,2.));
#14872=CARTESIAN_POINT('',(309.,374.,2.));
#14873=CARTESIAN_POINT('',(301.5,374.,2.));
#14874=CARTESIAN_POINT('Origin',(309.,376.5,5.));
#14875=CARTESIAN_POINT('',(309.,374.,2.5));
#14876=CARTESIAN_POINT('Origin',(303.,376.5,5.));
#14877=CARTESIAN_POINT('',(303.,374.,2.5));
#14878=CARTESIAN_POINT('Origin',(303.,150.,8.));
#14879=CARTESIAN_POINT('',(303.,150.,8.));
#14880=CARTESIAN_POINT('',(303.,145.,8.));
#14881=CARTESIAN_POINT('',(303.,150.,8.));
#14882=CARTESIAN_POINT('',(309.,145.,8.));
#14883=CARTESIAN_POINT('',(303.,145.,8.));
#14884=CARTESIAN_POINT('',(309.,150.,8.));
#14885=CARTESIAN_POINT('',(309.,150.,8.));
#14886=CARTESIAN_POINT('',(301.5,150.,8.));
#14887=CARTESIAN_POINT('Origin',(303.,145.,2.));
#14888=CARTESIAN_POINT('',(303.,145.,2.));
#14889=CARTESIAN_POINT('',(303.,150.,2.));
#14890=CARTESIAN_POINT('',(303.,145.,2.));
#14891=CARTESIAN_POINT('',(309.,150.,2.));
#14892=CARTESIAN_POINT('',(301.5,150.,2.));
#14893=CARTESIAN_POINT('',(309.,145.,2.));
#14894=CARTESIAN_POINT('',(309.,145.,2.));
#14895=CARTESIAN_POINT('',(303.,145.,2.));
#14896=CARTESIAN_POINT('Origin',(303.,145.,8.));
#14897=CARTESIAN_POINT('',(303.,145.,8.));
#14898=CARTESIAN_POINT('',(309.,145.,8.));
#14899=CARTESIAN_POINT('Origin',(309.,147.5,5.));
#14900=CARTESIAN_POINT('',(309.,150.,7.5));
#14901=CARTESIAN_POINT('Origin',(303.,147.5,5.));
#14902=CARTESIAN_POINT('',(303.,150.,7.5));
#14903=CARTESIAN_POINT('Origin',(300.,374.,10.));
#14904=CARTESIAN_POINT('',(300.,374.,10.));
#14905=CARTESIAN_POINT('',(300.,150.,10.));
#14906=CARTESIAN_POINT('',(300.,374.,10.));
#14907=CARTESIAN_POINT('',(312.,150.,10.));
#14908=CARTESIAN_POINT('',(300.,150.,10.));
#14909=CARTESIAN_POINT('',(312.,374.,10.));
#14910=CARTESIAN_POINT('',(312.,374.,10.));
#14911=CARTESIAN_POINT('',(300.,374.,10.));
#14912=CARTESIAN_POINT('Origin',(300.,374.,0.));
#14913=CARTESIAN_POINT('',(300.,374.,0.));
#14914=CARTESIAN_POINT('',(300.,374.,0.));
#14915=CARTESIAN_POINT('',(312.,374.,0.));
#14916=CARTESIAN_POINT('',(312.,374.,0.));
#14917=CARTESIAN_POINT('',(300.,374.,0.));
#14918=CARTESIAN_POINT('Origin',(300.,150.,0.));
#14919=CARTESIAN_POINT('',(300.,150.,0.));
#14920=CARTESIAN_POINT('',(300.,150.,0.));
#14921=CARTESIAN_POINT('',(312.,150.,0.));
#14922=CARTESIAN_POINT('',(312.,150.,0.));
#14923=CARTESIAN_POINT('',(300.,150.,0.));
#14924=CARTESIAN_POINT('Origin',(300.,150.,10.));
#14925=CARTESIAN_POINT('',(300.,150.,10.));
#14926=CARTESIAN_POINT('',(312.,150.,10.));
#14927=CARTESIAN_POINT('Origin',(312.,262.,5.));
#14928=CARTESIAN_POINT('Origin',(300.,262.,5.));
#14929=UNCERTAINTY_MEASURE_WITH_UNIT(LENGTH_MEASURE(0.01),#14933,
'DISTANCE_ACCURACY_VALUE',
'Maximum model space distance between geometric entities at asserted c
onnectivities');
#14930=UNCERTAINTY_MEASURE_WITH_UNIT(LENGTH_MEASURE(0.01),#14933,
'DISTANCE_ACCURACY_VALUE',
'Maximum model space distance between geometric entities at asserted c
onnectivities');
#14931=(
GEOMETRIC_REPRESENTATION_CONTEXT(3)
GLOBAL_UNCERTAINTY_ASSIGNED_CONTEXT((#14929))
GLOBAL_UNIT_ASSIGNED_CONTEXT((#14933,#14935,#14936))
REPRESENTATION_CONTEXT('','3D')
);
#14932=(
GEOMETRIC_REPRESENTATION_CONTEXT(3)
GLOBAL_UNCERTAINTY_ASSIGNED_CONTEXT((#14930))
GLOBAL_UNIT_ASSIGNED_CONTEXT((#14933,#14935,#14936))
REPRESENTATION_CONTEXT('','3D')
);
#14933=(
LENGTH_UNIT()
NAMED_UNIT(*)
SI_UNIT(.MILLI.,.METRE.)
);
#14934=(
LENGTH_UNIT()
NAMED_UNIT(*)
SI_UNIT($,.METRE.)
);
#14935=(
NAMED_UNIT(*)
PLANE_ANGLE_UNIT()
SI_UNIT($,.RADIAN.)
);
#14936=(
NAMED_UNIT(*)
SI_UNIT($,.STERADIAN.)
SOLID_ANGLE_UNIT()
);
#14937=SHAPE_DEFINITION_REPRESENTATION(#14938,#14939);
#14938=PRODUCT_DEFINITION_SHAPE('',$,#14941);
#14939=SHAPE_REPRESENTATION('',(#8715),#14931);
#14940=PRODUCT_DEFINITION_CONTEXT('part definition',#14945,'design');
#14941=PRODUCT_DEFINITION('2026-08-18-16-55-13-191','(Unsaved)',#14942,
#14940);
#14942=PRODUCT_DEFINITION_FORMATION('',$,#14947);
#14943=PRODUCT_RELATED_PRODUCT_CATEGORY('(Unsaved)','(Unsaved)',(#14947));
#14944=APPLICATION_PROTOCOL_DEFINITION('international standard',
'automotive_design',2009,#14945);
#14945=APPLICATION_CONTEXT(
'Core Data for Automotive Mechanical Design Process');
#14946=PRODUCT_CONTEXT('part definition',#14945,'mechanical');
#14947=PRODUCT('2026-08-18-16-55-13-191','(Unsaved)',$,(#14946));
#14948=PRESENTATION_STYLE_ASSIGNMENT((#14952));
#14949=PRESENTATION_STYLE_ASSIGNMENT((#14953));
#14950=PRESENTATION_STYLE_ASSIGNMENT((#14954));
#14951=PRESENTATION_STYLE_ASSIGNMENT((#14955));
#14952=SURFACE_STYLE_USAGE(.BOTH.,#14956);
#14953=SURFACE_STYLE_USAGE(.BOTH.,#14957);
#14954=SURFACE_STYLE_USAGE(.BOTH.,#14958);
#14955=SURFACE_STYLE_USAGE(.BOTH.,#14959);
#14956=SURFACE_SIDE_STYLE('',(#14960));
#14957=SURFACE_SIDE_STYLE('',(#14961));
#14958=SURFACE_SIDE_STYLE('',(#14962));
#14959=SURFACE_SIDE_STYLE('',(#14963));
#14960=SURFACE_STYLE_FILL_AREA(#14964);
#14961=SURFACE_STYLE_FILL_AREA(#14965);
#14962=SURFACE_STYLE_FILL_AREA(#14966);
#14963=SURFACE_STYLE_FILL_AREA(#14967);
#14964=FILL_AREA_STYLE('Steel - Satin',(#14968));
#14965=FILL_AREA_STYLE('gv_orange',(#14969));
#14966=FILL_AREA_STYLE('gv_graphite',(#14970));
#14967=FILL_AREA_STYLE('gv_white',(#14971));
#14968=FILL_AREA_STYLE_COLOUR('Steel - Satin',#14972);
#14969=FILL_AREA_STYLE_COLOUR('gv_orange',#14973);
#14970=FILL_AREA_STYLE_COLOUR('gv_graphite',#14974);
#14971=FILL_AREA_STYLE_COLOUR('gv_white',#14975);
#14972=COLOUR_RGB('Steel - Satin',0.627450980392157,0.627450980392157,0.627450980392157);
#14973=COLOUR_RGB('gv_orange',0.909803921568627,0.447058823529412,0.109803921568627);
#14974=COLOUR_RGB('gv_graphite',0.243137254901961,0.254901960784314,0.266666666666667);
#14975=COLOUR_RGB('gv_white',0.933333333333333,0.925490196078431,0.901960784313726);
ENDSEC;
END-ISO-10303-21;
